/*******************************************************************************
 * Size: 20 px
 * Bpp: 4
 * Opts: --font D:/lvgl_with_vscode/my_lvgl/lvgl/tests/src/test_files/fonts/noto/NotoSansSC-Regular.ttf -r 0x20-0x7f --symbols 设置网络连接移动蜂窝显示亮度与休眠音量声音提醒存储空间使用情况关于设备信息当前点击选择允许无线添加扫描附近接入点拖动调节屏幕自动根据环境光锁屏无操作后关闭分钟从不媒体静音所有提示首选模式运营商已缓存清理释放可回收系统版本序列号恢复出厂清除本地开关开启选项更新操作触发模拟返回值数据 --font D:/lvgl_with_vscode/my_lvgl/lvgl/scripts/built_in_font/FontAwesome5-Solid+Brands+Regular.woff -r 61441,61457,61459,61468,61473,61479,61480,61502,61523,61524,61543,61553,61560,61641,61787,61931,62189 --size 20 --bpp 4 --format lvgl --lv-include lvgl.h --lv-font-name settings_demo_cn_20 -o demo/settings_demo_cn_20.c --force-fast-kern-format
 ******************************************************************************/

#ifdef LV_LVGL_H_INCLUDE_SIMPLE
#include "lvgl.h"
#else
#include "lvgl.h"
#endif

#ifndef SETTINGS_DEMO_CN_20
#define SETTINGS_DEMO_CN_20 1
#endif

#if SETTINGS_DEMO_CN_20

/*-----------------
 *    BITMAPS
 *----------------*/

/*Store the image of the glyphs*/
static LV_ATTRIBUTE_LARGE_CONST const uint8_t glyph_bitmap[] = {
    /* U+0020 " " */

    /* U+0021 "!" */
    0xb, 0xf2, 0x1, 0x3, 0x0, 0xe3, 0x1, 0x0,
    0xe1, 0x0, 0xfb, 0xc0, 0x30, 0x80, 0x79, 0x60,
    0x0, 0xb8, 0x22, 0x85, 0x91, 0x41, 0xb0,

    /* U+0022 "\"" */
    0x3f, 0xb0, 0x4f, 0xa1, 0x0, 0x9c, 0x0, 0x60,
    0x20, 0x20, 0x62, 0x4, 0x6, 0x1c, 0x3, 0xe0,
    0x20, 0x40, 0xe6, 0x0, 0x66, 0x0,

    /* U+0023 "#" */
    0x0, 0x93, 0x80, 0x5, 0xe2, 0x1, 0x8d, 0x40,
    0xc, 0x22, 0x0, 0xda, 0x60, 0x3, 0x50, 0xb,
    0x3d, 0x5f, 0xfd, 0x9, 0xee, 0x1d, 0x83, 0x19,
    0x83, 0x6c, 0x60, 0x23, 0x15, 0x33, 0xe, 0x18,
    0x80, 0x4, 0xc, 0x0, 0x4c, 0x1, 0x94, 0x4,
    0x4, 0x4, 0x0, 0x7f, 0x61, 0xfe, 0xe0, 0xdf,
    0x3, 0xc6, 0x3c, 0xc4, 0xe, 0x60, 0x0, 0x60,
    0xa6, 0x61, 0x23, 0x30, 0x4, 0x42, 0x0, 0xe6,
    0x0, 0xe6, 0xe0, 0x1, 0x10, 0x3, 0x8c, 0x80,
    0xd, 0xc0, 0x10,

    /* U+0024 "$" */
    0x0, 0xde, 0x80, 0x1f, 0xfc, 0xb7, 0xd0, 0xbb,
    0x10, 0x2, 0x60, 0x1d, 0x97, 0x4c, 0x58, 0xf6,
    0x27, 0xa0, 0xd4, 0x10, 0x3, 0x38, 0x30, 0x20,
    0x7, 0x89, 0x8e, 0xc8, 0x3, 0xa6, 0x13, 0x68,
    0x80, 0x33, 0xf3, 0xae, 0xb8, 0x6, 0x18, 0xe2,
    0x84, 0x0, 0xe1, 0xf0, 0xf0, 0xf, 0x10, 0x3a,
    0x40, 0x6, 0x50, 0x53, 0x7e, 0x98, 0xaa, 0xc,
    0x3e, 0x23, 0xb9, 0x17, 0x4, 0xe, 0xb8, 0x2a,
    0x84, 0x1, 0xfe,

    /* U+0025 "%" */
    0x0, 0x4f, 0xfa, 0xc4, 0x3, 0xaa, 0x40, 0x3a,
    0x5e, 0xf5, 0xf0, 0x3, 0x1a, 0x40, 0x7, 0x34,
    0x21, 0x71, 0x18, 0x5, 0xd0, 0x20, 0x18, 0xc1,
    0x40, 0x4, 0xa, 0x0, 0x60, 0x60, 0xf, 0x84,
    0x3, 0xc3, 0x12, 0x1, 0xe2, 0x7, 0x0, 0x10,
    0x10, 0x42, 0x21, 0x77, 0xac, 0x80, 0x56, 0x4,
    0x24, 0x90, 0x9a, 0x12, 0xaf, 0x43, 0xc0, 0x16,
    0xdd, 0xed, 0xe1, 0x2e, 0x5e, 0xac, 0x74, 0x4a,
    0x3, 0x7d, 0xcd, 0x24, 0x58, 0x5, 0xc0, 0x0,
    0x9e, 0x0, 0x42, 0x20, 0x4, 0xd8, 0x0, 0x4c,
    0x2, 0x73, 0x0, 0xf3, 0x8a, 0x80, 0x46, 0x1,
    0x39, 0x80, 0x70, 0xc7, 0x80, 0x49, 0x80, 0x11,
    0xe0, 0x7, 0x42, 0x98, 0x5, 0xea, 0xc5, 0x42,
    0xa0, 0x18, 0xda, 0xc0, 0x32, 0x4c, 0x6b, 0x60,
    0x0,

    /* U+0026 "&" */
    0x0, 0x86, 0xbf, 0xd4, 0x20, 0x1f, 0xb1, 0x2a,
    0x56, 0xc0, 0x3e, 0x42, 0xb5, 0x65, 0x40, 0xf,
    0x84, 0x18, 0x0, 0xca, 0x1, 0xf3, 0x82, 0x4,
    0x1c, 0x0, 0x7c, 0x47, 0x58, 0xd8, 0x60, 0x1f,
    0x98, 0x87, 0xcc, 0x2, 0x58, 0x0, 0xe, 0x29,
    0x91, 0x0, 0x35, 0x18, 0x2, 0x8f, 0x30, 0x5a,
    0x40, 0x6, 0xf, 0x2, 0x46, 0x30, 0xc0, 0xc3,
    0x18, 0x34, 0x6, 0x1, 0x0, 0xe, 0x1e, 0x60,
    0x78, 0x0, 0xa0, 0xc2, 0x0, 0x2e, 0x2, 0x30,
    0x8, 0x60, 0x7e, 0x1e, 0x70, 0x18, 0xf6, 0x84,
    0x1e, 0x89, 0xe1, 0x1b, 0xa7, 0x9d, 0xc2,

    /* U+0027 "'" */
    0x3f, 0xb1, 0x0, 0x18, 0x8, 0x80, 0x80, 0x7c,
    0x1c, 0xc0,

    /* U+0028 "(" */
    0x0, 0xfd, 0x34, 0x0, 0x26, 0xe0, 0x5, 0x92,
    0x0, 0x1a, 0xc0, 0xa, 0xe, 0x0, 0xf2, 0x10,
    0x3, 0xb8, 0x2, 0x22, 0x0, 0x4, 0x38, 0x0,
    0x60, 0x60, 0x18, 0xc0, 0x6, 0x2, 0x0, 0x10,
    0xf0, 0x8, 0xcc, 0x1, 0x2a, 0x80, 0x2d, 0x13,
    0x0, 0x20, 0xd8, 0x5, 0x2c, 0x1, 0x30, 0x30,
    0x0, 0x60, 0x40,

    /* U+0029 ")" */
    0x0, 0xf6, 0xa8, 0x4, 0xb6, 0x1, 0x48, 0xb0,
    0x0, 0x56, 0x80, 0x2f, 0x32, 0x0, 0x20, 0x20,
    0x0, 0x45, 0xe0, 0x12, 0xa8, 0x2, 0x11, 0x0,
    0x46, 0x60, 0xf, 0xc6, 0x60, 0x9, 0x98, 0x1,
    0x11, 0x0, 0x4, 0x38, 0x0, 0x40, 0x40, 0x5,
    0x28, 0x81, 0x1f, 0x0, 0x20, 0xd0, 0x2, 0xf0,
    0x0,

    /* U+002A "*" */
    0x0, 0xb8, 0xc0, 0x3c, 0x2c, 0x2, 0x11, 0xf6,
    0x11, 0xd8, 0x11, 0x4c, 0x5, 0x38, 0x0, 0x43,
    0x20, 0x21, 0x0, 0x41, 0xeb, 0xd8, 0x5, 0x18,
    0x11, 0xa0, 0x0,

    /* U+002B "+" */
    0x0, 0xc5, 0xe8, 0x1, 0xf8, 0x40, 0x3f, 0xf8,
    0xc2, 0x33, 0x80, 0x8e, 0x3, 0xee, 0xac, 0x2b,
    0xba, 0x52, 0xbb, 0xa4, 0x22, 0xee, 0x41, 0x44,
    0x94, 0xd, 0x12, 0x10, 0xf, 0xfe, 0xa8,

    /* U+002C "," */
    0x7, 0x50, 0x78, 0xa3, 0x41, 0x5, 0x3e, 0x3,
    0x7, 0x15, 0x98, 0xa0, 0xfd, 0x40,

    /* U+002D "-" */
    0x1, 0x1e, 0x1, 0xee, 0xe1, 0x15, 0xdf, 0x8,

    /* U+002E "." */
    0x1a, 0x70, 0x95, 0x81, 0xb1, 0x41,

    /* U+002F "/" */
    0x0, 0xf7, 0x30, 0x7, 0x20, 0xb8, 0x7, 0x69,
    0x88, 0x7, 0x3d, 0x80, 0x71, 0x8a, 0x80, 0x75,
    0x91, 0x0, 0x39, 0x68, 0x3, 0x88, 0x8a, 0x1,
    0xca, 0x44, 0x0, 0xeb, 0x50, 0xe, 0x13, 0xb0,
    0xe, 0x71, 0x30, 0xe, 0xd7, 0x0, 0xe1, 0x4d,
    0x0, 0xe4, 0x4, 0x0, 0xef, 0x50, 0xf, 0x2f,
    0x80, 0x72, 0x2, 0x80, 0x76, 0xa0, 0x7, 0x80,

    /* U+0030 "0" */
    0x0, 0x3e, 0xff, 0x40, 0x6, 0x98, 0x68, 0x47,
    0xb0, 0x1, 0xb2, 0x5b, 0xd3, 0x22, 0x2, 0x82,
    0x0, 0x28, 0xf, 0x5, 0x3, 0x0, 0x84, 0x94,
    0x8, 0x80, 0x1c, 0xc2, 0x2, 0x20, 0xe, 0x10,
    0x10, 0xf, 0xf0, 0x88, 0x3, 0x84, 0x4, 0x88,
    0x1, 0xcc, 0x20, 0x80, 0x60, 0x10, 0x92, 0x5,
    0x4, 0x0, 0x50, 0x1c, 0x4, 0xe9, 0x8f, 0x6c,
    0xa8, 0x0, 0x89, 0x18, 0x57, 0xa0, 0x0,

    /* U+0031 "1" */
    0x0, 0x24, 0xfe, 0x80, 0x69, 0xb6, 0x0, 0xf4,
    0xf7, 0x0, 0x3e, 0x11, 0x0, 0x7f, 0xff, 0xc0,
    0x3, 0x11, 0x1, 0xc4, 0x18, 0x9d, 0xe0, 0x17,
    0x75, 0x0,

    /* U+0032 "2" */
    0x0, 0x26, 0x7f, 0xb5, 0x80, 0x34, 0xd8, 0x3b,
    0x82, 0x64, 0x1, 0x14, 0x64, 0x43, 0x49, 0x88,
    0x1, 0x6e, 0x1, 0xa8, 0x1c, 0x3, 0xff, 0x8f,
    0xa0, 0xe0, 0x1f, 0xa, 0x99, 0x0, 0x7d, 0x61,
    0xe0, 0x1f, 0x32, 0xb9, 0x80, 0x79, 0x65, 0x20,
    0x3, 0xcb, 0x47, 0x60, 0x1e, 0x6a, 0x3c, 0x0,
    0xf4, 0xc8, 0x2d, 0xdf, 0x80, 0x98, 0x1, 0x11,
    0xe1,

    /* U+0033 "3" */
    0x0, 0x25, 0xff, 0xb6, 0x4, 0x1, 0x16, 0xce,
    0xe1, 0x7c, 0x0, 0x54, 0xec, 0x43, 0x14, 0x94,
    0x9, 0x80, 0x36, 0x1, 0x0, 0x7d, 0x80, 0x80,
    0x18, 0x92, 0x95, 0xcc, 0x2, 0x7d, 0xb5, 0x88,
    0x0, 0x65, 0xa8, 0x48, 0xb0, 0xc, 0x4a, 0xf7,
    0x29, 0x20, 0x1f, 0x30, 0x38, 0x7, 0xf0, 0x8b,
    0x10, 0x3, 0x30, 0x20, 0x2, 0xf2, 0x21, 0x72,
    0x32, 0x39, 0x20, 0xee, 0x56, 0xf2,

    /* U+0034 "4" */
    0x0, 0xf6, 0xfc, 0x0, 0x7d, 0x4, 0x1, 0xf8,
    0xdd, 0x40, 0x3f, 0x70, 0xc8, 0x7, 0xd0, 0x56,
    0x1, 0xf1, 0xba, 0xa8, 0x3, 0xee, 0x1a, 0x0,
    0xfa, 0xa, 0x80, 0x3e, 0x37, 0x56, 0x22, 0x38,
    0x9, 0xd, 0x2, 0xee, 0xd6, 0xd, 0xad, 0x55,
    0xe8, 0x5, 0xa5, 0x35, 0x5e, 0x40, 0x25, 0x20,
    0xf, 0xfe, 0x50,

    /* U+0035 "5" */
    0x0, 0x6f, 0xff, 0x94, 0x2, 0x31, 0x77, 0xf0,
    0x4, 0x2b, 0x11, 0xc4, 0x1, 0x88, 0x3, 0xf1,
    0x0, 0x80, 0x80, 0x78, 0x41, 0x7f, 0xbf, 0xc,
    0x2, 0x11, 0x3d, 0x51, 0x8f, 0xc, 0x0, 0x5d,
    0x4a, 0xa9, 0xa0, 0xf0, 0xf, 0xca, 0x26, 0x1,
    0xfc, 0x60, 0x1f, 0xe2, 0x10, 0x1b, 0x30, 0xd,
    0x20, 0xc0, 0x6d, 0x98, 0x88, 0x6b, 0x1c, 0x1,
    0x6c, 0x83, 0xb8, 0x23, 0x0, 0x0,

    /* U+0036 "6" */
    0x0, 0xc, 0xf7, 0xf4, 0x88, 0x0, 0xbd, 0x91,
    0xdc, 0xd4, 0x0, 0xe1, 0xca, 0x89, 0xea, 0x4,
    0x37, 0x30, 0x8, 0x44, 0x1a, 0x14, 0x1, 0xf2,
    0x81, 0xd7, 0xfb, 0x9c, 0x0, 0x21, 0xe1, 0x54,
    0x28, 0x70, 0xa, 0xe9, 0x55, 0x83, 0x0, 0x1,
    0x50, 0xc, 0xe0, 0x4e, 0x20, 0x1c, 0x20, 0x38,
    0xa, 0x1, 0x88, 0x9, 0xc6, 0x0, 0x22, 0x53,
    0x11, 0x59, 0x6b, 0xc6, 0x7, 0x80, 0x16, 0xda,
    0x1d, 0x74, 0xc0,

    /* U+0037 "7" */
    0xf, 0xff, 0xe2, 0x7, 0x7f, 0x30, 0x19, 0x4,
    0x47, 0x80, 0x1c, 0x1, 0xf1, 0xb4, 0x90, 0x7,
    0xde, 0x4c, 0x1, 0xf2, 0x1d, 0x80, 0x7e, 0xf0,
    0x60, 0xf, 0xc8, 0x80, 0xf, 0xca, 0x18, 0x1,
    0xfb, 0x40, 0xc0, 0x3f, 0x18, 0x30, 0x7, 0xe6,
    0x2, 0x0, 0xfc, 0x40, 0x1f, 0xf0, 0x80, 0x70,

    /* U+0038 "8" */
    0x0, 0xa3, 0x7f, 0xa8, 0x80, 0x35, 0xba, 0x53,
    0x2e, 0x8, 0x0, 0xd1, 0xa5, 0x62, 0xc5, 0x80,
    0xc, 0x1a, 0x1, 0x20, 0x68, 0x1, 0xc0, 0xc0,
    0x3b, 0x40, 0x4, 0xd0, 0x60, 0x5, 0x16, 0x0,
    0xa5, 0x32, 0x96, 0x34, 0x40, 0x29, 0x5b, 0x2b,
    0x2b, 0x0, 0xa1, 0xb1, 0x23, 0x99, 0xe4, 0x0,
    0xea, 0x40, 0x14, 0x9b, 0x8, 0x80, 0xc0, 0x39,
    0x40, 0xc4, 0x9c, 0x40, 0x32, 0x1, 0x4, 0x8f,
    0xc2, 0xbe, 0x94, 0x80, 0x13, 0x51, 0xaa, 0x1a,
    0xd8, 0x0,

    /* U+0039 "9" */
    0x0, 0x15, 0xff, 0xb1, 0x40, 0x31, 0xea, 0xbc,
    0x5, 0x38, 0x5, 0xe1, 0x90, 0xf8, 0xb0, 0x60,
    0x26, 0xa4, 0x1, 0x40, 0x50, 0x4, 0x60, 0x18,
    0x88, 0x80, 0x20, 0x80, 0x18, 0x4c, 0x80, 0xc,
    0x54, 0x42, 0xde, 0x1, 0xa5, 0x97, 0x7a, 0x29,
    0x40, 0x34, 0xf6, 0x63, 0x91, 0x88, 0x3, 0x9,
    0x98, 0x4, 0x98, 0x3, 0xf3, 0x87, 0x0, 0x5,
    0x0, 0x22, 0x81, 0x50, 0x4, 0x5d, 0xa2, 0xb4,
    0x74, 0x2, 0x98, 0x67, 0x45, 0xd3, 0x0, 0x0,

    /* U+003A ":" */
    0x3e, 0xb0, 0xb1, 0x41, 0xa4, 0x81, 0x2b, 0x70,
    0xf, 0xfe, 0x28, 0xd3, 0x84, 0xac, 0xd, 0x8a,
    0x8,

    /* U+003B ";" */
    0x3e, 0xb0, 0xb1, 0x41, 0xa4, 0x81, 0x2b, 0x70,
    0xf, 0xfe, 0x33, 0xa8, 0x3c, 0x51, 0xa0, 0x82,
    0x9f, 0x1, 0x83, 0x8a, 0xcc, 0x50, 0x7e, 0xa0,
    0x0,

    /* U+003C "<" */
    0x0, 0xfc, 0x2c, 0x80, 0x1e, 0x4a, 0xe9, 0x10,
    0x8, 0x5f, 0x6d, 0xe3, 0x94, 0x16, 0xfa, 0x53,
    0x35, 0xc4, 0xe, 0x96, 0xba, 0x4c, 0x3, 0x12,
    0x8d, 0xc9, 0x80, 0x70, 0xd7, 0x4a, 0x66, 0xc1,
    0x0, 0x61, 0x7d, 0xc4, 0x7d, 0xc3, 0x0, 0xe3,
    0x9f, 0x90, 0x60, 0xf, 0xcd, 0x8a,

    /* U+003D "=" */
    0x3f, 0xff, 0xe5, 0x2a, 0xaf, 0xe7, 0x15, 0x5f,
    0xe2, 0x0, 0xff, 0xe0, 0x8, 0xff, 0x1, 0xf7,
    0x7f, 0x29, 0x5d, 0xff, 0x20,

    /* U+003E ">" */
    0x27, 0x10, 0xf, 0xc3, 0x1d, 0x6a, 0x1, 0xe3,
    0xe8, 0x7a, 0xe8, 0x20, 0xc, 0x2f, 0x9a, 0xcc,
    0xdc, 0x50, 0xe, 0x28, 0xeb, 0x2a, 0x50, 0xe,
    0x38, 0xa1, 0x47, 0x0, 0xb, 0xee, 0x33, 0x3a,
    0xc8, 0x6f, 0xa1, 0xef, 0xa0, 0x40, 0x4, 0xd1,
    0xd4, 0x80, 0x1c, 0x7a, 0xe2, 0x1, 0xf0,

    /* U+003F "?" */
    0x0, 0x3e, 0xff, 0x51, 0x0, 0x32, 0x1d, 0xca,
    0xac, 0x0, 0x46, 0xd4, 0x5b, 0xa, 0x82, 0x10,
    0x5, 0xe0, 0x60, 0x1e, 0xd0, 0x70, 0xe, 0x74,
    0x91, 0x0, 0xcd, 0xe, 0xc0, 0x18, 0x65, 0x20,
    0x3, 0x9c, 0x3c, 0x3, 0xc4, 0xca, 0x1, 0xe4,
    0x91, 0x0, 0xf2, 0xd9, 0x80, 0x7a, 0x12, 0x0,
    0x3c, 0xa1, 0xa0, 0x10,

    /* U+0040 "@" */
    0x0, 0xe2, 0x8c, 0xff, 0x76, 0x38, 0x80, 0x7d,
    0x3a, 0x97, 0x6c, 0xa4, 0x9f, 0x40, 0xc, 0x3a,
    0x97, 0x8e, 0x86, 0x91, 0xcf, 0x66, 0x1, 0x60,
    0xe2, 0x0, 0x7d, 0x2b, 0xc0, 0x9, 0x3d, 0x10,
    0xf, 0xeb, 0x25, 0x16, 0x81, 0x0, 0x1e, 0x7f,
    0x37, 0x80, 0x5, 0x31, 0x85, 0x80, 0x7, 0x8f,
    0x71, 0x24, 0x1, 0x19, 0x62, 0x0, 0x5e, 0x76,
    0x8c, 0x6e, 0x1, 0x9d, 0x88, 0x0, 0x66, 0x80,
    0x8, 0xf4, 0x2, 0x17, 0xf, 0x0, 0x28, 0x28,
    0x0, 0x41, 0x0, 0x24, 0xc0, 0xf0, 0xf, 0x90,
    0x8, 0x0, 0xa4, 0xae, 0x60, 0x5, 0x9, 0x4,
    0x80, 0x60, 0x5a, 0x82, 0xf4, 0x10, 0x38, 0x7f,
    0x9f, 0x78, 0xfa, 0x97, 0x5, 0x1b, 0x0, 0x3f,
    0x6e, 0x8a, 0x3b, 0x7d, 0x80, 0x2a, 0x59, 0x0,
    0x9, 0x0, 0x42, 0x40, 0x1c, 0x96, 0xfc, 0xe4,
    0x0, 0x25, 0xa0, 0xf, 0x93, 0xda, 0xb7, 0xfd,
    0xb1, 0xa0, 0x1f, 0x86, 0x37, 0xb7, 0x5f, 0xae,
    0x1, 0xc0,

    /* U+0041 "A" */
    0x0, 0xc5, 0xfe, 0x40, 0xf, 0xe5, 0x1, 0xe0,
    0xf, 0xea, 0x57, 0x50, 0xf, 0xc6, 0x5f, 0xa0,
    0xa0, 0x1f, 0x58, 0x22, 0x3, 0x80, 0x3e, 0x64,
    0x10, 0x54, 0x10, 0xe, 0x41, 0xd0, 0x7, 0x83,
    0x80, 0x76, 0x82, 0x91, 0x1c, 0x28, 0x3, 0x98,
    0x33, 0x76, 0x3, 0x10, 0x9, 0x41, 0xaa, 0xb3,
    0x83, 0x0, 0x5e, 0x10, 0xab, 0xa0, 0x28, 0x0,
    0x2a, 0x62, 0x1, 0xc8, 0x46, 0xe, 0x14, 0x1,
    0xee, 0xb, 0xd, 0x7, 0x0, 0xf2, 0x3, 0x0,

    /* U+0042 "B" */
    0xff, 0xee, 0xc7, 0x0, 0xc3, 0x11, 0x30, 0xc6,
    0x0, 0x46, 0xef, 0x46, 0xa1, 0xa0, 0x7, 0xec,
    0x2, 0x0, 0xfd, 0xa0, 0xa0, 0x3, 0x11, 0x8e,
    0x55, 0x46, 0x0, 0x1e, 0xeb, 0x19, 0x2c, 0x2,
    0x1b, 0xba, 0x9d, 0x79, 0x0, 0x6, 0x89, 0x2c,
    0x78, 0xd0, 0x7, 0xe1, 0x71, 0x30, 0xf, 0xc6,
    0x2, 0x1, 0xf2, 0x28, 0x90, 0x1b, 0xbd, 0x19,
    0x61, 0xa0, 0x1, 0x88, 0x9c, 0x5f, 0x8c, 0x0,

    /* U+0043 "C" */
    0x0, 0x8e, 0xbb, 0xfa, 0x8c, 0x3, 0x46, 0x29,
    0x2a, 0xd8, 0xa0, 0x7, 0x71, 0x6e, 0x55, 0xf3,
    0x20, 0xc, 0xe, 0x10, 0x4, 0x32, 0x20, 0xc1,
    0x22, 0x1, 0xfb, 0x1, 0x0, 0x3f, 0x98, 0x8,
    0x3, 0xff, 0x92, 0xc0, 0x40, 0x1f, 0xc6, 0x8,
    0x1, 0xfd, 0x41, 0x22, 0x1, 0xf8, 0x9c, 0x74,
    0x80, 0x21, 0xa9, 0x0, 0x43, 0x1e, 0xdc, 0xdf,
    0x2f, 0x0, 0x53, 0x68, 0xac, 0xa9, 0x8e, 0x0,

    /* U+0044 "D" */
    0xff, 0xed, 0x92, 0x0, 0xc3, 0x10, 0x71, 0x6d,
    0x70, 0x8, 0xdd, 0xd1, 0x98, 0x18, 0x60, 0xf,
    0x8f, 0x2, 0x0, 0x3f, 0x12, 0x8a, 0x0, 0x7e,
    0xd0, 0x30, 0xf, 0xc4, 0x1e, 0x1, 0xff, 0xc7,
    0x20, 0xf0, 0xf, 0xd8, 0x8, 0x1, 0xf1, 0xa0,
    0x98, 0x7, 0x8f, 0x42, 0xc0, 0x7, 0x10, 0x9c,
    0xc0, 0xc2, 0x80, 0x5, 0xdc, 0xc2, 0xda, 0xe0,
    0x0,

    /* U+0045 "E" */
    0xff, 0xfc, 0xe0, 0x2e, 0xfe, 0x40, 0x38, 0x8f,
    0x18, 0x7, 0xff, 0x1c, 0xa6, 0x78, 0xc0, 0x26,
    0x6e, 0x50, 0x1, 0x7f, 0xf3, 0x0, 0x7f, 0xf6,
    0x8a, 0x67, 0xcc, 0x0, 0x66, 0xf6, 0x80,

    /* U+0046 "F" */
    0xff, 0xfc, 0xe0, 0x2e, 0xfe, 0x40, 0x38, 0x8f,
    0x18, 0x7, 0xff, 0x40, 0xbf, 0xf9, 0xc0, 0x2,
    0xef, 0xc8, 0x0, 0x38, 0x8e, 0x30, 0xf, 0xff,
    0x10,

    /* U+0047 "G" */
    0x0, 0x8a, 0x77, 0xfd, 0x8c, 0x1, 0x9f, 0x58,
    0x55, 0x43, 0x36, 0x0, 0x78, 0x2c, 0xc5, 0x53,
    0x6b, 0x40, 0x60, 0x30, 0xc0, 0x32, 0xb0, 0x30,
    0x38, 0x80, 0x7e, 0xc0, 0xb0, 0xf, 0xe6, 0x2,
    0x0, 0x92, 0x23, 0x10, 0x7, 0xb1, 0xdf, 0x33,
    0x0, 0x80, 0x28, 0xff, 0x48, 0x0, 0xc1, 0x0,
    0x3f, 0xa8, 0x24, 0x40, 0x3f, 0x13, 0x8e, 0x10,
    0x6, 0xe0, 0xa, 0x18, 0xb7, 0x26, 0xb5, 0xc5,
    0x80, 0x13, 0x8a, 0x4c, 0xa3, 0x1c, 0x40,

    /* U+0048 "H" */
    0xfd, 0x0, 0xf2, 0x7c, 0x80, 0x7f, 0xf8, 0x4a,
    0x67, 0xde, 0x1, 0x99, 0xbc, 0x80, 0x11, 0x7f,
    0xfa, 0xc0, 0x3f, 0xff, 0x0,

    /* U+0049 "I" */
    0xfd, 0x0, 0xff, 0xe7, 0x0,

    /* U+004A "J" */
    0x0, 0xf0, 0xfe, 0x0, 0x7f, 0xff, 0xc0, 0x3f,
    0xf8, 0x6, 0xe, 0x39, 0x0, 0x15, 0x6, 0xb,
    0xbb, 0x27, 0x1c, 0x58, 0x2e, 0x5, 0x8d, 0x70,
    0x40,

    /* U+004B "K" */
    0xfd, 0x0, 0xe6, 0xfb, 0x0, 0xf9, 0x24, 0xec,
    0x3, 0xc7, 0x63, 0xa0, 0x1e, 0x1d, 0xc, 0x10,
    0xf, 0x60, 0xd9, 0x0, 0x7a, 0xc9, 0x10, 0x1,
    0xea, 0x41, 0x44, 0x0, 0x71, 0x2a, 0xb0, 0x24,
    0x3, 0xc7, 0x44, 0xe4, 0xe0, 0x18, 0x74, 0x1,
    0x3, 0x4, 0x1, 0x18, 0x80, 0x56, 0x12, 0x1,
    0xf9, 0x51, 0xa, 0x1, 0xfa, 0x42, 0xc0, 0x3f,
    0x13, 0x8c, 0x0,

    /* U+004C "L" */
    0xfd, 0x0, 0xff, 0xff, 0x80, 0x7f, 0xf5, 0xa,
    0x67, 0xc4, 0x0, 0x66, 0xf8,

    /* U+004D "M" */
    0xff, 0x30, 0x7, 0x8f, 0xfc, 0x60, 0xa, 0x0,
    0xf5, 0x0, 0x62, 0x32, 0x0, 0xe7, 0x20, 0x9,
    0x2, 0x80, 0x32, 0x8a, 0x80, 0x46, 0xcc, 0x0,
    0xde, 0x7c, 0x1, 0xa8, 0x50, 0x0, 0x2b, 0x42,
    0x1, 0x9, 0x97, 0x0, 0x1c, 0x1f, 0xc0, 0x3a,
    0x94, 0x42, 0x94, 0x40, 0x3c, 0xc0, 0xe4, 0x7c,
    0x1, 0xf0, 0xa5, 0x28, 0xa0, 0x7, 0xee, 0x39,
    0x60, 0xf, 0xe5, 0x11, 0x50, 0x7, 0xfa, 0xe0,
    0x80, 0x3f, 0xca, 0xe0, 0x1e,

    /* U+004E "N" */
    0xff, 0x18, 0x7, 0x2f, 0xb8, 0x3, 0xc0, 0x3f,
    0x88, 0xd8, 0x3, 0xf2, 0x22, 0x44, 0x3, 0xe3,
    0x90, 0xb0, 0xf, 0x84, 0x99, 0x50, 0x3, 0xce,
    0x10, 0x32, 0x1, 0xf8, 0x60, 0x9c, 0x4, 0x3,
    0xcc, 0x70, 0x20, 0x1f, 0xbc, 0x2d, 0xc0, 0x3e,
    0x36, 0x56, 0x0, 0xfd, 0x23, 0x0, 0x1f, 0xd6,
    0x40, 0x1f, 0xca, 0x60, 0x0,

    /* U+004F "O" */
    0x0, 0x96, 0xfb, 0xfa, 0x8c, 0x3, 0xaa, 0x88,
    0xaa, 0x25, 0xc8, 0x0, 0xa5, 0x4f, 0xae, 0xb3,
    0x49, 0xd8, 0x9, 0x87, 0x4, 0x2, 0x2f, 0x9,
    0xa, 0x9, 0x0, 0xf1, 0x30, 0x29, 0x82, 0x0,
    0x7d, 0x81, 0x8c, 0x4, 0x1, 0xf3, 0x1, 0x80,
    0x7f, 0xf0, 0x58, 0x8, 0x3, 0xe6, 0x3, 0x30,
    0x20, 0x7, 0xde, 0x19, 0x41, 0x22, 0x1, 0xc4,
    0xa2, 0xa4, 0xe3, 0xa2, 0x1, 0x17, 0x84, 0x0,
    0x21, 0x4f, 0xae, 0x6f, 0x49, 0xd8, 0x2, 0xab,
    0x45, 0x65, 0x56, 0x40, 0x0,

    /* U+0050 "P" */
    0xff, 0xee, 0xc7, 0x0, 0x86, 0x22, 0x71, 0x8c,
    0x0, 0x1b, 0xbd, 0x3a, 0xa6, 0xc0, 0x1f, 0x48,
    0x60, 0x7, 0xff, 0x16, 0xc3, 0x40, 0xc8, 0xa4,
    0x97, 0x16, 0x1, 0xdd, 0xad, 0x97, 0xc4, 0x6,
    0xaa, 0xce, 0xa1, 0x0, 0x1a, 0xac, 0x62, 0x1,
    0xff, 0xdf,

    /* U+0051 "Q" */
    0x0, 0x96, 0xfb, 0xfa, 0x8c, 0x3, 0xaa, 0x88,
    0xaa, 0x25, 0xc8, 0x0, 0xa5, 0x4f, 0xae, 0xb3,
    0x49, 0xd8, 0x9, 0x87, 0x4, 0x2, 0x2f, 0x9,
    0xa, 0x9, 0x0, 0xf1, 0x30, 0x29, 0x82, 0x0,
    0x7d, 0x81, 0x8c, 0x4, 0x1, 0xf3, 0x1, 0x80,
    0x7f, 0xf0, 0x58, 0x8, 0x3, 0xe6, 0x3, 0x30,
    0x20, 0x7, 0xd8, 0x19, 0x41, 0x20, 0x1e, 0x16,
    0x15, 0x27, 0x1b, 0x0, 0xc3, 0x81, 0x0, 0x8,
    0x54, 0xe9, 0x8a, 0xe2, 0x76, 0x0, 0xaa, 0xd5,
    0x9d, 0x17, 0x20, 0x3, 0x92, 0xf0, 0xe, 0x8c,
    0x3, 0xf1, 0xb1, 0x62, 0x0, 0x4, 0x3, 0xd2,
    0xe7, 0x7f, 0xec, 0x0, 0xfa, 0x3a, 0x5d, 0xd0,

    /* U+0052 "R" */
    0xff, 0xf6, 0x40, 0x80, 0x43, 0x11, 0x30, 0xbe,
    0x0, 0x46, 0xef, 0x4e, 0xb1, 0x38, 0x7, 0xea,
    0xd, 0x0, 0xfc, 0x20, 0x20, 0x1f, 0xa8, 0xc,
    0x0, 0x64, 0x52, 0x4b, 0x8c, 0x80, 0x7, 0x76,
    0xb6, 0x4c, 0x10, 0x0, 0xd5, 0x1c, 0x12, 0xc8,
    0x2, 0x35, 0x54, 0x22, 0x14, 0x3, 0xf4, 0x85,
    0x80, 0x7e, 0x27, 0x19, 0x0, 0xfd, 0x4, 0xc6,
    0x1, 0xfa, 0x43, 0x80,

    /* U+0053 "S" */
    0x0, 0x97, 0x3f, 0xdd, 0x22, 0x1, 0xa2, 0x8d,
    0x54, 0x4d, 0xc8, 0x0, 0x27, 0x2e, 0xaa, 0x66,
    0xaa, 0x80, 0xe, 0xa, 0x20, 0x11, 0x50, 0x80,
    0x18, 0x10, 0x3, 0xf8, 0xd4, 0xf5, 0x80, 0x3f,
    0x54, 0x9c, 0xfc, 0x90, 0x7, 0x9b, 0xa9, 0x1b,
    0x64, 0x3, 0xe5, 0xbd, 0x36, 0x90, 0xf, 0xc5,
    0x82, 0xc0, 0x1f, 0xe3, 0x0, 0xab, 0x4c, 0x3,
    0x29, 0x18, 0x3, 0xb, 0x36, 0xa7, 0x28, 0x3c,
    0x0, 0xdc, 0xe0, 0xac, 0x2d, 0xc6, 0x0,

    /* U+0054 "T" */
    0x6f, 0xff, 0xf2, 0xa9, 0xdf, 0x0, 0x1d, 0xf3,
    0x1c, 0x46, 0x1, 0x88, 0xc6, 0x1, 0xff, 0xff,
    0x0, 0xff, 0xf6, 0x80,

    /* U+0055 "U" */
    0xf, 0xc0, 0xf, 0x27, 0xb8, 0x7, 0xff, 0xfc,
    0x3, 0xfe, 0x10, 0xf, 0x8, 0x6, 0x30, 0xf,
    0x18, 0x8, 0x20, 0x98, 0x7, 0x68, 0x28, 0x70,
    0x78, 0x80, 0x4c, 0x84, 0x60, 0xa8, 0x7d, 0x53,
    0x92, 0x1c, 0x1, 0x5c, 0x9a, 0xb1, 0x36, 0x98,
    0x0,

    /* U+0056 "V" */
    0xdf, 0x10, 0xf, 0x47, 0xad, 0x3, 0x80, 0x79,
    0x41, 0x54, 0x1a, 0x1, 0xc4, 0x45, 0x2, 0x22,
    0x8, 0x6, 0x50, 0xf0, 0x5, 0x2, 0x0, 0x6b,
    0x5, 0x0, 0x28, 0x78, 0x4, 0x26, 0xa0, 0x11,
    0x1a, 0x80, 0x4e, 0x1e, 0x1, 0xac, 0x14, 0x1,
    0xa0, 0xa0, 0x19, 0x43, 0x0, 0x8, 0xa0, 0x1c,
    0x46, 0xe0, 0xa1, 0xe0, 0x1e, 0xb1, 0x3c, 0x5,
    0x0, 0xf2, 0x85, 0xba, 0x80, 0x7c, 0x46, 0xe3,
    0xe0, 0x1f, 0xac, 0x0, 0xa0, 0x18,

    /* U+0057 "W" */
    0x6f, 0x80, 0xc, 0x5f, 0xa0, 0x1d, 0xbc, 0x8,
    0x6, 0x1, 0x90, 0x8, 0x40, 0x31, 0x28, 0x10,
    0xa8, 0x6, 0xc2, 0x4, 0x0, 0x90, 0x30, 0x0,
    0xa2, 0x40, 0x12, 0xd0, 0xe0, 0x4, 0x60, 0x60,
    0xc, 0x7, 0x0, 0x18, 0x1a, 0xb8, 0x5, 0xa0,
    0x80, 0x3, 0xd, 0x0, 0x20, 0x26, 0x9, 0x0,
    0x10, 0x80, 0x24, 0x3, 0x0, 0x61, 0x82, 0x2,
    0x0, 0x89, 0x0, 0x31, 0x28, 0x1, 0x10, 0x6,
    0x38, 0xa, 0x1e, 0x1, 0x90, 0x48, 0xc2, 0xc0,
    0x8, 0x80, 0x30, 0x50, 0xd, 0xe0, 0xe8, 0x6,
    0x0, 0xc1, 0x2d, 0x3, 0x0, 0xc8, 0x1b, 0x88,
    0x1, 0x20, 0x23, 0x98, 0x7, 0x10, 0x9a, 0xe0,
    0x4, 0x43, 0x84, 0x80, 0x1e, 0x54, 0x14, 0x0,
    0xc8, 0xa1, 0xa0, 0x1e, 0xc0, 0x13, 0x0, 0xde,
    0x0, 0x40, 0x8,

    /* U+0058 "X" */
    0x1f, 0xe0, 0xe, 0x5f, 0x80, 0x18, 0x17, 0x0,
    0xd6, 0x30, 0x0, 0x72, 0x81, 0x0, 0x38, 0xc0,
    0x6, 0x90, 0x80, 0x18, 0x36, 0x0, 0xc8, 0x86,
    0x29, 0xf, 0x0, 0xf4, 0x87, 0x3a, 0x98, 0x7,
    0x89, 0x8c, 0x2c, 0x3, 0xf2, 0x80, 0x8, 0x3,
    0xe6, 0x39, 0xe, 0x0, 0xf0, 0xc1, 0xb4, 0x13,
    0x0, 0x74, 0xc, 0x3, 0x8c, 0x88, 0x4, 0x6c,
    0x88, 0x0, 0x58, 0x58, 0x5, 0xe1, 0x20, 0x12,
    0x9a, 0x98, 0x29, 0xb1, 0x0, 0x6f, 0xe, 0x0,

    /* U+0059 "Y" */
    0xc, 0xf3, 0x0, 0xe8, 0xf6, 0x8, 0x9, 0x0,
    0xe7, 0x26, 0x4, 0x42, 0x90, 0x4, 0xe1, 0x0,
    0x14, 0x4, 0x0, 0x52, 0x4a, 0x1, 0x1a, 0x28,
    0x83, 0xc, 0x0, 0x74, 0x4, 0x85, 0x9a, 0x80,
    0x71, 0xa3, 0xb8, 0xa0, 0x3, 0xe8, 0x8, 0x34,
    0x0, 0xf8, 0xd0, 0x20, 0x3, 0xf8, 0x41, 0xc0,
    0x3f, 0xfd, 0x0,

    /* U+005A "Z" */
    0x4f, 0xff, 0xe0, 0x67, 0x7f, 0x20, 0x20, 0x14,
    0x47, 0x94, 0x28, 0x3, 0xe9, 0x1a, 0x10, 0xf,
    0x23, 0x2a, 0x80, 0x3c, 0x34, 0x36, 0x1, 0xf5,
    0x8d, 0x88, 0x7, 0x95, 0x70, 0x7, 0x86, 0xc6,
    0xc0, 0x3e, 0xa1, 0xa1, 0x0, 0xf3, 0x23, 0x20,
    0x7, 0x86, 0x4a, 0x40, 0x3e, 0xa0, 0x19, 0x9f,
    0x85, 0x0, 0xd9, 0xbe, 0x30,

    /* U+005B "[" */
    0xef, 0xf8, 0x41, 0xff, 0xc2, 0x1e, 0x1, 0xff,
    0xff, 0x0, 0xd1, 0xdc, 0x1f, 0xef, 0xf0, 0x80,

    /* U+005C "\\" */
    0x8c, 0x0, 0xf5, 0x98, 0x80, 0x71, 0x8b, 0x80,
    0x79, 0xf4, 0x3, 0xda, 0x82, 0x1, 0xc8, 0x8,
    0x1, 0xe5, 0xf0, 0xf, 0x7a, 0x80, 0x79, 0x41,
    0x0, 0x3c, 0x9a, 0x1, 0xed, 0x70, 0xf, 0x38,
    0x98, 0x7, 0x9, 0xd8, 0x7, 0xad, 0x40, 0x3c,
    0xa4, 0x40, 0xe, 0x22, 0x28, 0x7, 0x96, 0xc0,
    0x3d, 0x66, 0x20, 0x1c, 0x62, 0xe0,

    /* U+005D "]" */
    0x5f, 0xfa, 0x97, 0xfc, 0x80, 0x1f, 0xff, 0xf0,
    0xf, 0x27, 0x71, 0x1, 0x3f, 0xdd, 0x60,

    /* U+005E "^" */
    0x0, 0x8a, 0xc, 0x3, 0xd0, 0xfe, 0x1, 0xc2,
    0xaa, 0x32, 0x0, 0xcc, 0x16, 0x34, 0x1, 0xa9,
    0x45, 0x98, 0x1, 0x21, 0x70, 0x50, 0xa8, 0x3,
    0x85, 0x0, 0x8e, 0x40, 0x55, 0x80, 0x2a, 0x32,
    0x60, 0xa0, 0x9, 0xc2, 0xc0,

    /* U+005F "_" */
    0xbf, 0xff, 0xee, 0x9c, 0xcf, 0xf0,

    /* U+0060 "`" */
    0x0, 0xfa, 0x70, 0x3, 0x8e, 0x80, 0x29, 0x75,
    0x70, 0xa, 0x1e, 0x4, 0x2, 0x8d, 0x10,

    /* U+0061 "a" */
    0x1, 0x8d, 0xff, 0x59, 0x1, 0x73, 0xbc, 0xa9,
    0x80, 0x53, 0xd5, 0x14, 0xe2, 0xc0, 0xc2, 0x1,
    0x58, 0x78, 0x4, 0x91, 0x7c, 0x6, 0xd, 0xd6,
    0x79, 0x40, 0x6, 0x94, 0xeb, 0x75, 0x0, 0x68,
    0x50, 0x80, 0x73, 0x80, 0x80, 0x56, 0x0, 0xb0,
    0xc7, 0x8d, 0x50, 0x3, 0xb8, 0xe1, 0x6f, 0x4,
    0x0,

    /* U+0062 "b" */
    0x2f, 0xb0, 0xf, 0xfe, 0xf8, 0x80, 0x7f, 0xc5,
    0x5f, 0xec, 0x30, 0xc, 0xfa, 0x2e, 0xa7, 0x86,
    0x1, 0x15, 0xda, 0x2a, 0x81, 0xc0, 0x12, 0x20,
    0x2, 0x52, 0x28, 0x3, 0xf2, 0x3, 0x0, 0x7f,
    0x84, 0x3, 0xf1, 0x80, 0x80, 0x7e, 0x40, 0x40,
    0x3, 0x8, 0x5, 0x2, 0xc0, 0x11, 0xf5, 0x46,
    0x39, 0x40, 0x5, 0x74, 0xee, 0x27, 0xd1, 0x0,

    /* U+0063 "c" */
    0x0, 0x1d, 0xf7, 0xeb, 0x0, 0x1b, 0x11, 0xe,
    0x32, 0x47, 0x23, 0xb5, 0x19, 0xa5, 0x21, 0x64,
    0x1, 0x10, 0x20, 0x28, 0x7, 0x84, 0x40, 0x1f,
    0x8, 0x80, 0x3e, 0x40, 0x50, 0xf, 0x70, 0x40,
    0x80, 0x48, 0x8, 0xe5, 0xf3, 0x17, 0x66, 0x8,
    0xa2, 0x67, 0x74, 0xb0,

    /* U+0064 "d" */
    0x0, 0xf9, 0x3e, 0x40, 0x3f, 0xfb, 0xcb, 0x9f,
    0xd2, 0x20, 0x13, 0xd1, 0xb3, 0x12, 0x80, 0x7,
    0x3, 0xb3, 0x1a, 0xe0, 0x9, 0xb, 0x20, 0xb,
    0x0, 0xe, 0xa, 0x1, 0xf1, 0x80, 0x7f, 0xf1,
    0xd4, 0x10, 0x3, 0xed, 0x8, 0x0, 0xde, 0x0,
    0x63, 0x36, 0xc4, 0xf3, 0x80, 0x58, 0xe6, 0xe9,
    0x38, 0x0,

    /* U+0065 "e" */
    0x0, 0x26, 0x7f, 0xac, 0xc0, 0x27, 0xb1, 0x77,
    0x2e, 0x18, 0x1c, 0x1e, 0xc4, 0x3c, 0x60, 0x24,
    0x38, 0x2, 0x16, 0x41, 0x71, 0x20, 0xd, 0xc0,
    0x44, 0x1f, 0xfe, 0x90, 0x0, 0x8b, 0x33, 0xe3,
    0x41, 0x11, 0x9f, 0x82, 0x43, 0x80, 0x3e, 0x38,
    0x3e, 0x87, 0x8d, 0x80, 0x3, 0xda, 0xbc, 0x32,
    0x48, 0x0,

    /* U+0066 "f" */
    0x0, 0xa3, 0xbf, 0x40, 0x26, 0x72, 0x8a, 0x0,
    0xa8, 0x35, 0xdc, 0x1, 0x8, 0x8, 0x7, 0xfc,
    0xbe, 0x41, 0xfe, 0x40, 0x79, 0x10, 0x99, 0x28,
    0x13, 0x18, 0x33, 0x4, 0x3, 0xff, 0xea,

    /* U+0067 "g" */
    0x1, 0x8e, 0xff, 0xec, 0xc, 0x76, 0xa7, 0x1,
    0x98, 0x62, 0x88, 0x2c, 0x40, 0x49, 0x3c, 0x10,
    0x2, 0x40, 0x30, 0xf0, 0x60, 0x9, 0x80, 0x81,
    0x86, 0xd0, 0x12, 0xc9, 0x40, 0x10, 0x37, 0xf6,
    0xb8, 0x0, 0x29, 0x97, 0x67, 0x58, 0x80, 0x1c,
    0x8, 0x4c, 0x40, 0x33, 0x85, 0x43, 0xbc, 0xc2,
    0x4, 0xa2, 0xf1, 0x14, 0xf3, 0x3a, 0xef, 0xfe,
    0xb0, 0x89, 0x52, 0x0, 0xc8, 0x42, 0xe, 0x1,
    0xc6, 0x4b, 0x25, 0x8c, 0x88, 0x9c, 0x3b, 0x7a,
    0x79, 0xba, 0x59, 0xc1,

    /* U+0068 "h" */
    0x2f, 0xb0, 0xf, 0xfe, 0xd8, 0x80, 0x7f, 0x86,
    0x7b, 0xf0, 0xc0, 0x26, 0xf4, 0x73, 0x36, 0x80,
    0x47, 0x3b, 0x38, 0xa2, 0xa0, 0x4, 0x70, 0xb,
    0xc0, 0x80, 0x3e, 0x10, 0xf0, 0xf, 0xff, 0x80,

    /* U+0069 "i" */
    0x3f, 0xb6, 0x5, 0x55, 0xe0, 0x21, 0x0, 0x45,
    0xf6, 0x1, 0xff, 0xd2,

    /* U+006A "j" */
    0x0, 0x1f, 0xd8, 0x1, 0x41, 0x40, 0xd, 0x78,
    0x1, 0x21, 0x0, 0x7c, 0x5f, 0x60, 0x1f, 0xfe,
    0xf1, 0x0, 0x30, 0x1a, 0xbc, 0x86, 0xfc, 0x1c,
    0x20,

    /* U+006B "k" */
    0x2f, 0xa0, 0xf, 0xff, 0x49, 0x7e, 0x88, 0x7,
    0xbc, 0x3c, 0x40, 0x3a, 0x8a, 0x88, 0x3, 0x9d,
    0x5d, 0x40, 0x39, 0x20, 0x60, 0x3, 0x9a, 0x84,
    0x4c, 0x1, 0xc6, 0x1e, 0x50, 0x20, 0x1d, 0xa3,
    0xc3, 0x60, 0x19, 0x4c, 0xd, 0x54, 0x80, 0x1f,
    0x58, 0x48, 0x7, 0xc3, 0x25, 0x0,

    /* U+006C "l" */
    0x2f, 0xb0, 0xf, 0xff, 0x49, 0x82, 0xa8, 0x5c,
    0x78,

    /* U+006D "m" */
    0x2f, 0x61, 0xaf, 0xf5, 0x8, 0x26, 0x7f, 0x30,
    0x5, 0x9e, 0xcc, 0x25, 0xb7, 0xb6, 0x51, 0x93,
    0x0, 0x2c, 0xe4, 0xe8, 0xad, 0x6d, 0x52, 0x42,
    0x80, 0x8, 0xe0, 0x12, 0x4, 0x90, 0x1, 0xc1,
    0x40, 0x3e, 0x30, 0x70, 0x8, 0x40, 0x40, 0x3f,
    0xff, 0xe0, 0x1f, 0xfc, 0x90,

    /* U+006E "n" */
    0x2f, 0x61, 0x9e, 0xfc, 0x30, 0xb, 0x3d, 0x1c,
    0xcd, 0xa0, 0x12, 0xce, 0xce, 0x28, 0xa8, 0x1,
    0x1c, 0x2, 0xf0, 0x20, 0xf, 0x84, 0x3c, 0x3,
    0xff, 0xe0,

    /* U+006F "o" */
    0x0, 0x25, 0xff, 0xb1, 0x40, 0x33, 0xda, 0xb3,
    0xa, 0xa4, 0x0, 0x70, 0x5f, 0x32, 0xe3, 0x65,
    0x9, 0x9, 0x10, 0xb, 0x82, 0x41, 0x1, 0x0,
    0x31, 0x9, 0x80, 0x88, 0x3, 0xc4, 0x2, 0x30,
    0x7, 0x84, 0x5, 0x1, 0x0, 0x31, 0x10, 0xc2,
    0x42, 0x44, 0x2, 0x90, 0x90, 0x38, 0x2f, 0x98,
    0xd4, 0x65, 0x0, 0x3d, 0xab, 0x38, 0xd4, 0x80,
    0x0,

    /* U+0070 "p" */
    0x2f, 0x62, 0xaf, 0xf6, 0x18, 0x6, 0xad, 0x17,
    0x53, 0xc4, 0x0, 0x8e, 0xed, 0x15, 0x40, 0x90,
    0x9, 0x10, 0x1, 0x29, 0x14, 0x1, 0xf9, 0x1,
    0x80, 0x3f, 0xc2, 0x1, 0xf8, 0xc0, 0x40, 0x3f,
    0x20, 0x20, 0x1, 0x84, 0x2, 0x81, 0x60, 0x8,
    0xba, 0xa3, 0x1c, 0xa0, 0x2, 0x5a, 0x77, 0x13,
    0xe8, 0x80, 0x65, 0xdf, 0xe8, 0x0, 0xe1, 0x0,
    0xff, 0xee, 0x80,

    /* U+0071 "q" */
    0x0, 0x2e, 0x7f, 0x51, 0x7c, 0x83, 0xd1, 0xb3,
    0x1f, 0x40, 0x7, 0x3, 0xb3, 0x1a, 0xe0, 0x9,
    0xb, 0x20, 0xb, 0x0, 0xe, 0xa, 0x1, 0xf1,
    0x80, 0x7f, 0xf1, 0xd4, 0x10, 0x3, 0xed, 0x8,
    0x0, 0xde, 0x0, 0x63, 0x36, 0xc4, 0xf3, 0x0,
    0x58, 0xe6, 0xe9, 0x32, 0x0, 0xd1, 0xdf, 0xae,
    0x1, 0xff, 0xdf,

    /* U+0072 "r" */
    0x2f, 0x61, 0xbf, 0xb0, 0x7, 0x7b, 0x2e, 0x80,
    0x1d, 0x36, 0x98, 0x0, 0x34, 0x1, 0xca, 0x1,
    0xff, 0xe2,

    /* U+0073 "s" */
    0x0, 0x2e, 0x7f, 0xb1, 0x0, 0xb, 0x43, 0x10,
    0xb, 0x10, 0xe0, 0xc7, 0x76, 0x68, 0x80, 0x44,
    0x1, 0x10, 0x2, 0x3, 0x24, 0xc0, 0x31, 0xeb,
    0x33, 0x30, 0x80, 0x11, 0x4f, 0x41, 0x59, 0x80,
    0x61, 0x7a, 0xa, 0x6, 0x10, 0xe, 0x12, 0x9e,
    0x96, 0x7a, 0xa, 0x2d, 0x64, 0x98, 0x5c, 0x20,

    /* U+0074 "t" */
    0x0, 0x4f, 0x80, 0x78, 0xc0, 0x3e, 0x10, 0xe,
    0x7f, 0x40, 0xff, 0x81, 0x64, 0x42, 0x65, 0x40,
    0x4c, 0x60, 0xcc, 0x50, 0xf, 0xfe, 0xfb, 0x1,
    0x0, 0x76, 0x7, 0xbc, 0x80, 0x4e, 0xc7, 0x8,
    0x20,

    /* U+0075 "u" */
    0x5f, 0x80, 0xd, 0x1e, 0xa0, 0x1f, 0xff, 0x1,
    0x1, 0x0, 0xc2, 0x0, 0x60, 0x40, 0x9, 0x58,
    0x0, 0x46, 0x5b, 0x37, 0x4e, 0x1, 0x6a, 0x13,
    0x6, 0xd8, 0x0,

    /* U+0076 "v" */
    0x8f, 0x50, 0xe, 0xcf, 0xb, 0xf, 0x0, 0xc4,
    0x6a, 0x6, 0x4a, 0x1, 0x94, 0x38, 0x1, 0x40,
    0x80, 0x15, 0x8a, 0x0, 0x14, 0x38, 0x0, 0x46,
    0xe0, 0x11, 0x1a, 0x0, 0x14, 0x28, 0x3, 0x50,
    0xa0, 0x58, 0x98, 0x6, 0x70, 0xd1, 0x36, 0x0,
    0xe1, 0x47, 0x70, 0x50, 0x7, 0xb8, 0x60, 0x88,
    0x1, 0xe5, 0x1, 0xa0, 0xc,

    /* U+0077 "w" */
    0x5f, 0x80, 0xd, 0xde, 0x20, 0x12, 0xfb, 0x28,
    0x20, 0x4, 0x62, 0x8, 0x1, 0x60, 0x38, 0x19,
    0x80, 0x24, 0x23, 0xc0, 0x9, 0x8, 0x42, 0xc1,
    0x0, 0x18, 0x8a, 0xe0, 0x1, 0x24, 0x0, 0x20,
    0x60, 0x1, 0x33, 0x2, 0x40, 0x81, 0x80, 0x3,
    0x14, 0x4, 0x4, 0x40, 0x20, 0x60, 0x28, 0x4,
    0x86, 0x18, 0x42, 0x22, 0xd0, 0x43, 0x0, 0xd8,
    0x8, 0x90, 0x1, 0x14, 0x49, 0x0, 0x33, 0x86,
    0x1e, 0x0, 0x34, 0x58, 0x2c, 0x3, 0x9, 0x30,
    0x20, 0x1, 0x2, 0x40, 0xc0, 0x39, 0x4, 0x84,
    0x2, 0x31, 0x40, 0x8,

    /* U+0078 "x" */
    0x2f, 0xd0, 0xd, 0x9e, 0x25, 0x4, 0xe0, 0x5,
    0x38, 0x10, 0x72, 0x81, 0xb, 0x27, 0x0, 0xb8,
    0x2d, 0x86, 0x40, 0x31, 0xb2, 0xca, 0xa0, 0x7,
    0x68, 0x2, 0x40, 0x3d, 0x24, 0x1e, 0x1, 0xd0,
    0x5d, 0x6, 0xc0, 0x11, 0x3a, 0x9b, 0x94, 0x88,
    0x3, 0x82, 0xc0, 0x12, 0x14, 0xc, 0x6e, 0x20,
    0x4, 0x54, 0x50,

    /* U+0079 "y" */
    0x8f, 0x50, 0xe, 0xcf, 0xa, 0xf, 0x0, 0xc2,
    0x6a, 0x4, 0x6a, 0x20, 0x13, 0x87, 0x80, 0x28,
    0x1c, 0x2, 0xd0, 0x50, 0x3, 0x5, 0x0, 0x5,
    0x14, 0x3, 0x31, 0x88, 0x20, 0x70, 0x6, 0xa0,
    0x60, 0xf0, 0x40, 0xc, 0x65, 0x60, 0x8a, 0x1,
    0xea, 0x35, 0x1e, 0x0, 0xf3, 0x5, 0x8a, 0x0,
    0x78, 0x54, 0x50, 0x3, 0xf6, 0x87, 0x0, 0x7e,
    0xb1, 0x40, 0xf, 0x94, 0xe4, 0x3, 0xd1, 0x34,
    0x4e, 0x1, 0xc4, 0xec, 0xb8, 0x1, 0xe0,

    /* U+007A "z" */
    0xb, 0xff, 0xf5, 0x87, 0x44, 0x62, 0xd, 0x5,
    0x77, 0x8c, 0x91, 0x80, 0x3a, 0x82, 0x80, 0x3a,
    0x46, 0x44, 0x3, 0x23, 0x23, 0x0, 0x75, 0xd,
    0x0, 0x74, 0x8d, 0x88, 0x6, 0x46, 0x45, 0x0,
    0xea, 0x2, 0x77, 0xcc, 0x82, 0xd, 0x11, 0xc0,

    /* U+007B "{" */
    0x0, 0xa7, 0xfc, 0x20, 0x5, 0x69, 0xf1, 0x0,
    0x10, 0x30, 0x6, 0xf0, 0xf, 0x78, 0x7, 0x84,
    0x3, 0xc6, 0x2, 0x1, 0xfe, 0x19, 0x11, 0x0,
    0xf, 0x8e, 0x80, 0x23, 0xb2, 0x80, 0xc, 0x96,
    0x60, 0x1c, 0x60, 0x20, 0x18, 0xc0, 0x3c, 0x20,
    0x20, 0x1b, 0xc0, 0x3f, 0xf8, 0x3a, 0x8, 0x1,
    0x95, 0x2f, 0x84, 0x2, 0xbe, 0xf1,

    /* U+007C "|" */
    0xf5, 0x0, 0xff, 0xef, 0x0,

    /* U+007D "}" */
    0x5f, 0xe7, 0x0, 0x2f, 0x3c, 0x8, 0x0, 0x74,
    0x14, 0x2, 0x70, 0xe, 0x70, 0x70, 0xe, 0x10,
    0xe, 0x30, 0xe, 0x30, 0x9, 0x42, 0xc0, 0x21,
    0x96, 0xf0, 0x0, 0xca, 0x60, 0x1, 0x42, 0x4c,
    0x3, 0x18, 0x7, 0x18, 0x7, 0x8, 0x4, 0xe0,
    0xe0, 0x1f, 0xd6, 0xc, 0x9, 0xee, 0xe2, 0x4,
    0xef, 0x80, 0x0,

    /* U+007E "~" */
    0x0, 0xff, 0xe0, 0xe, 0x7f, 0x20, 0x4, 0x80,
    0xc, 0x7b, 0x4b, 0x82, 0x8b, 0x10, 0xab, 0x4a,
    0x97, 0xd7, 0xb1, 0x7, 0x0, 0x9b, 0xb3, 0x90,
    0x0,

    /* U+4E0D "不" */
    0x6, 0x88, 0xff, 0xe2, 0x18, 0x5b, 0xbf, 0xff,
    0x11, 0x43, 0x7f, 0xfe, 0xb0, 0x4f, 0xff, 0x30,
    0x7, 0xf4, 0x84, 0x80, 0x7f, 0xf0, 0xe4, 0x94,
    0x80, 0x3f, 0xf8, 0x4c, 0xc0, 0x31, 0x30, 0xf,
    0xfe, 0x2, 0x48, 0x80, 0x2b, 0x20, 0x3, 0xfc,
    0xb6, 0x38, 0x0, 0xb6, 0x7c, 0x10, 0xf, 0x9e,
    0x87, 0x8, 0x2, 0x99, 0x1f, 0xa0, 0x6, 0x1a,
    0x82, 0xf2, 0x0, 0xe6, 0xc0, 0xb6, 0x0, 0x2f,
    0xaa, 0xb4, 0x40, 0x3e, 0x3f, 0x29, 0x71, 0xb0,
    0xaa, 0x0, 0x7f, 0x87, 0x8, 0x7, 0x7d, 0x40,
    0x3f, 0xf8, 0x3, 0xae, 0x6, 0x20, 0x1f, 0xff,
    0xf0, 0xf, 0xfe, 0x28,

    /* U+4E0E "与" */
    0x0, 0xc8, 0x40, 0x1f, 0xfc, 0x3b, 0xa0, 0xf,
    0xfe, 0x11, 0x86, 0x80, 0x7f, 0xf0, 0x94, 0x2b,
    0xff, 0xfd, 0x0, 0x17, 0x8c, 0xcf, 0xfd, 0x60,
    0x12, 0x2b, 0x37, 0xfc, 0x60, 0x11, 0x18, 0x7,
    0xff, 0x9, 0x3, 0x0, 0x3f, 0xf8, 0x58, 0x17,
    0xff, 0xff, 0x60, 0x3, 0x22, 0x67, 0xfe, 0x6,
    0x0, 0x23, 0xb3, 0x7f, 0xc0, 0x60, 0x1f, 0xfc,
    0x22, 0xe, 0xe7, 0xff, 0xfd, 0x0, 0xc0, 0x72,
    0xef, 0xff, 0x60, 0x18, 0x33, 0xc4, 0x7f, 0xc8,
    0x18, 0x24, 0x1, 0xff, 0xc1, 0x14, 0x40, 0x7,
    0xf0, 0xc3, 0xb3, 0x34, 0x38, 0x3, 0xf8, 0x5a,
    0x26, 0x45, 0x8, 0x1, 0xfe, 0xef, 0xfb, 0x9c,
    0x0,

    /* U+4E8E "于" */
    0x3, 0x77, 0xff, 0xe1, 0x18, 0x2, 0xe2, 0x3f,
    0xf8, 0x56, 0x0, 0x8f, 0xff, 0x30, 0x7f, 0xfa,
    0x0, 0x3f, 0xff, 0xbb, 0xff, 0xf3, 0x7, 0xff,
    0xdd, 0x4e, 0xff, 0x10, 0x3b, 0xfc, 0xcf, 0x11,
    0xf2, 0x4, 0x47, 0xe0, 0xf, 0xff, 0xf8, 0x7,
    0xff, 0x1d, 0x62, 0x24, 0x0, 0xff, 0xe1, 0x3b,
    0xc1, 0x20, 0x1f, 0xfc, 0x5, 0xff, 0xb5, 0x80,
    0x3f, 0x0,

    /* U+4EAE "亮" */
    0x0, 0xf8, 0x71, 0xc0, 0x3f, 0xf8, 0x62, 0xf0,
    0x20, 0x1f, 0x77, 0xff, 0xc8, 0x1d, 0xff, 0xe9,
    0xaa, 0xff, 0xe3, 0x22, 0xa8, 0x47, 0xff, 0x80,
    0xaa, 0x30, 0xa, 0xea, 0x23, 0xf5, 0x58, 0x7,
    0xcd, 0x99, 0xfa, 0x40, 0x3f, 0x3f, 0x77, 0xe8,
    0x0, 0xfb, 0x75, 0x99, 0xfb, 0x74, 0x1, 0x12,
    0x21, 0x9b, 0xff, 0x80, 0x88, 0x1a, 0xbb, 0xff,
    0xe2, 0x20, 0xf, 0xff, 0xff, 0x7, 0x40, 0x3e,
    0xff, 0xfb, 0x40, 0x3a, 0x38, 0x0, 0x20, 0xb5,
    0x58, 0xcc, 0x0, 0x2e, 0x50, 0xc, 0x81, 0xca,
    0xb9, 0xc0, 0x31, 0x80, 0x61, 0xb2, 0x40, 0xf,
    0xe9, 0x80, 0x38, 0xe0, 0xe0, 0xe, 0x11, 0x2a,
    0xef, 0x9c, 0x67, 0xf3, 0x0, 0xef, 0x1a, 0xa8,
    0xda, 0x77, 0xa0, 0x40, 0x3c, 0xbd, 0xff, 0x68,
    0x80,

    /* U+4ECE "从" */
    0x0, 0xe4, 0x40, 0x7, 0x94, 0x80, 0x3f, 0xd3,
    0x0, 0x1c, 0x54, 0xa0, 0x1f, 0xfc, 0x51, 0x1,
    0x0, 0xff, 0x13, 0x0, 0x73, 0x81, 0x80, 0x7f,
    0xc6, 0x1, 0xc4, 0xc, 0x1, 0xfc, 0x21, 0xc0,
    0x1d, 0xc0, 0x40, 0x1f, 0xc4, 0x2, 0x1, 0xc4,
    0x2, 0x1, 0xfc, 0xc1, 0x40, 0x1c, 0xc0, 0x1f,
    0xf1, 0x1, 0xc0, 0x6, 0x30, 0x20, 0xf, 0xed,
    0x7, 0x72, 0x0, 0xc, 0x0, 0xa0, 0x1f, 0xce,
    0x70, 0x74, 0x20, 0x80, 0x56, 0x1, 0xf8, 0x49,
    0x3, 0xc6, 0x2, 0xc6, 0xc, 0x80, 0x3e, 0x70,
    0xc0, 0x36, 0x61, 0x99, 0xd4, 0x6c, 0x3, 0xed,
    0x4, 0x0, 0x45, 0x50, 0x28, 0x19, 0x84, 0x1,
    0xc4, 0x8a, 0x1, 0xb, 0xb1, 0x98, 0x24, 0x24,
    0x3, 0xa4, 0x24, 0x3, 0x48, 0x78, 0x0, 0x65,
    0x20, 0x2, 0x54, 0x53, 0x0, 0xa5, 0x18, 0xc0,
    0x26, 0x47, 0x80, 0x4, 0x5, 0x80, 0x48, 0xc7,
    0x20, 0x1d, 0x46, 0x60, 0x6, 0x60, 0x40, 0x24,
    0xcd, 0x0, 0xf0, 0xe5, 0x0,

    /* U+4F11 "休" */
    0x0, 0xe1, 0x40, 0xc, 0x2a, 0x20, 0x1f, 0xf4,
    0xd9, 0x0, 0x45, 0x44, 0x1, 0xfe, 0x17, 0x52,
    0x0, 0xff, 0xe2, 0x48, 0x48, 0x7, 0xff, 0x10,
    0x9d, 0x4c, 0x3, 0xff, 0x89, 0xc1, 0x2f, 0x11,
    0xa4, 0x26, 0x23, 0x80, 0x29, 0x30, 0x1a, 0x77,
    0xca, 0xa, 0xef, 0xc0, 0x7, 0x61, 0x0, 0x6f,
    0xfd, 0x60, 0x15, 0x7f, 0xe0, 0x58, 0x2b, 0x0,
    0xf7, 0x80, 0xa, 0x40, 0x39, 0xb, 0x0, 0x3c,
    0x68, 0xc1, 0x66, 0x80, 0x18, 0x74, 0x40, 0x3d,
    0x5, 0xa0, 0xa9, 0x20, 0x1f, 0xfc, 0x5, 0x48,
    0x70, 0x4, 0x93, 0x80, 0x7f, 0x86, 0xcd, 0x40,
    0x22, 0x68, 0x20, 0xf, 0xed, 0x1e, 0x0, 0xe8,
    0x1f, 0x10, 0xf, 0xa8, 0xe4, 0x80, 0x38, 0x74,
    0xb4, 0x40, 0x39, 0x15, 0xd8, 0x3, 0xe3, 0x93,
    0x20, 0xe, 0x4c, 0x80, 0xf, 0xe6, 0xd3, 0x0,
    0xf1, 0x80, 0x7f, 0xc4, 0x1, 0x84, 0x3, 0xff,
    0x88,

    /* U+4F53 "体" */
    0x0, 0xc9, 0x62, 0x1, 0x9f, 0x80, 0x3f, 0xee,
    0x51, 0x0, 0xde, 0x20, 0x1f, 0xe1, 0x56, 0x0,
    0xff, 0xe2, 0xc8, 0x50, 0x7, 0xff, 0x10, 0x5d,
    0x43, 0xff, 0x9c, 0x3f, 0xfb, 0x80, 0x28, 0x2,
    0x37, 0x7c, 0x80, 0x13, 0xbe, 0x90, 0x1, 0xb0,
    0x0, 0x62, 0x33, 0x80, 0x59, 0x11, 0x38, 0xf,
    0x8, 0x7, 0x8c, 0xca, 0xb, 0xe0, 0x1c, 0xa5,
    0x42, 0x1, 0xd2, 0x84, 0x1c, 0x84, 0x1, 0x92,
    0x90, 0x3, 0x8d, 0x7c, 0x0, 0x87, 0x20, 0x1c,
    0xa0, 0x1e, 0xf4, 0x40, 0x5, 0x28, 0x80, 0xf,
    0xf3, 0x9c, 0x0, 0x65, 0x3a, 0x0, 0xfe, 0x38,
    0x73, 0x0, 0xee, 0x1a, 0x0, 0xf8, 0xb4, 0xb9,
    0x98, 0x60, 0xcc, 0x47, 0x59, 0x0, 0xf4, 0x7,
    0xd4, 0xc9, 0x2, 0x66, 0xa5, 0x71, 0x0, 0xea,
    0xc2, 0xcf, 0xf3, 0x87, 0xfc, 0x55, 0x82, 0x1,
    0xe2, 0x0, 0xff, 0x88, 0x3, 0xff, 0xa9, 0xe2,
    0x1, 0xf0,

    /* U+4F5C "作" */
    0x0, 0xe4, 0x70, 0x9, 0x50, 0x3, 0xff, 0x83,
    0x14, 0x1, 0x5f, 0x0, 0x7f, 0xf0, 0x10, 0xec,
    0x0, 0xa3, 0xc0, 0x1f, 0xfc, 0x8, 0x16, 0x0,
    0x48, 0x1b, 0xbf, 0xc2, 0x1, 0x29, 0xc0, 0x1,
    0xc, 0x22, 0x3f, 0x10, 0x0, 0x6c, 0x1c, 0x1,
    0x27, 0xee, 0x1f, 0xfe, 0x30, 0x5, 0x8, 0x5,
    0x5, 0xe0, 0x1f, 0xf4, 0x20, 0x80, 0x15, 0xdc,
    0x60, 0x11, 0x17, 0x8, 0xb, 0xa4, 0x80, 0x8,
    0xe0, 0x3, 0x6e, 0xf8, 0x6, 0x68, 0x40, 0xf,
    0x80, 0x1d, 0x77, 0xde, 0x0, 0x61, 0x0, 0xff,
    0x22, 0x71, 0x80, 0x7f, 0xf5, 0x9d, 0xfc, 0x1,
    0xff, 0xc2, 0x88, 0xf0, 0x7, 0xff, 0xb, 0xff,
    0xc0, 0x1f, 0xff, 0xf0, 0xf, 0x0,

    /* U+4F7F "使" */
    0x0, 0xe5, 0x60, 0xe, 0x84, 0x0, 0xff, 0xaf,
    0x0, 0x39, 0xcc, 0x3, 0xfc, 0xc3, 0x8c, 0xdc,
    0x18, 0xcd, 0xc2, 0x1, 0xa1, 0x3a, 0x67, 0x81,
    0x26, 0x79, 0x40, 0x29, 0x19, 0x8f, 0xfe, 0x8,
    0xff, 0xe4, 0x0, 0x23, 0x1, 0x1, 0x9f, 0x7,
    0x19, 0xe1, 0x0, 0x15, 0x0, 0x6c, 0xce, 0x6,
    0xcc, 0xd2, 0x3, 0xe2, 0xa0, 0x1a, 0x3f, 0xe0,
    0x8f, 0xf8, 0x40, 0xa, 0x56, 0x40, 0x1f, 0xfc,
    0x44, 0xc4, 0x0, 0xff, 0xe3, 0x18, 0x7, 0xa3,
    0xfe, 0x8, 0xff, 0x84, 0x3, 0xfa, 0xa6, 0xed,
    0x20, 0xd7, 0x7a, 0x80, 0x3f, 0x75, 0x22, 0x8,
    0x29, 0x13, 0x10, 0x7, 0xe9, 0x2a, 0xd, 0x3,
    0x0, 0xff, 0xe0, 0x95, 0x2e, 0x33, 0x0, 0x3f,
    0xf8, 0x69, 0x46, 0x1, 0xff, 0xc5, 0x5b, 0x5,
    0x6f, 0x94, 0x0, 0xff, 0x47, 0x51, 0x6d, 0x6b,
    0x32, 0xff, 0x24, 0x80, 0x3c, 0x4b, 0x78, 0x40,
    0x53, 0xf6, 0xe0, 0x44,

    /* U+4FE1 "信" */
    0x0, 0xe6, 0x20, 0xc, 0xc6, 0x1, 0xff, 0x14,
    0xb8, 0x6, 0xbe, 0x0, 0xff, 0xa8, 0x54, 0x3,
    0x49, 0x28, 0x7, 0xf0, 0xbc, 0x9a, 0xae, 0x14,
    0x35, 0x5e, 0x0, 0xd0, 0xd, 0x35, 0x5c, 0x93,
    0x55, 0xc2, 0x0, 0x26, 0x1, 0xaf, 0xff, 0xfe,
    0x0, 0x80, 0x38, 0x3, 0x13, 0x37, 0xf1, 0x0,
    0x52, 0x6a, 0x1, 0x35, 0xdf, 0xf3, 0x80, 0x49,
    0x1a, 0x1, 0x26, 0xef, 0xf2, 0x80, 0x5e, 0xe0,
    0x19, 0x7f, 0xff, 0x94, 0x2, 0x20, 0xe, 0x4b,
    0xbf, 0xe4, 0x0, 0xfe, 0x14, 0x4f, 0xe1, 0x0,
    0xfe, 0x9f, 0xff, 0xe8, 0x0, 0xfe, 0x33, 0x5d,
    0xfc, 0x42, 0x1, 0xfe, 0x64, 0x4f, 0x84, 0x3,
    0xff, 0xa6, 0xc8, 0x9f, 0x8, 0x7, 0xfc, 0x77,
    0x7f, 0x10, 0x7, 0xfc, 0xbf, 0xff, 0x18, 0x7,
    0x9f, 0x80, 0x15, 0x40, 0xf, 0xb2, 0x40, 0x0,

    /* U+503C "值" */
    0x0, 0xc5, 0xa4, 0x1, 0x87, 0xdc, 0x3, 0xfd,
    0x44, 0x40, 0xc, 0x40, 0x40, 0x1f, 0xe6, 0x7b,
    0xff, 0xd8, 0x15, 0xff, 0x8c, 0x3, 0x38, 0xd7,
    0xcc, 0xe4, 0x9, 0x9e, 0x20, 0xd, 0x2a, 0x48,
    0xcd, 0x85, 0x19, 0xb8, 0x40, 0x29, 0x1d, 0x0,
    0x12, 0xac, 0x80, 0xab, 0x88, 0x2, 0x46, 0x0,
    0xcf, 0x51, 0x3, 0x68, 0x8a, 0x90, 0x0, 0x54,
    0x40, 0x1e, 0xdd, 0xf8, 0x3, 0x87, 0x84, 0x3,
    0xbb, 0xbe, 0x0, 0xc5, 0xa6, 0x1, 0xed, 0xdf,
    0x80, 0x38, 0x80, 0x3e, 0x33, 0xf8, 0x3, 0xff,
    0x83, 0xff, 0xf0, 0x7, 0xff, 0x7, 0x77, 0xe0,
    0xf, 0xfe, 0x9, 0x17, 0x8c, 0x3, 0xff, 0x83,
    0xff, 0xee, 0x0, 0xff, 0xe0, 0xf7, 0x7c, 0x1,
    0xfc, 0x2b, 0x80, 0x89, 0xe7, 0xf, 0x50, 0xf,
    0x2d, 0x30, 0x55, 0x7a, 0x41, 0xa8, 0x80, 0x39,
    0x3f, 0xff, 0xf8, 0x24,

    /* U+50A8 "储" */
    0x0, 0xcc, 0x60, 0x1e, 0x29, 0x0, 0xff, 0x4a,
    0xa0, 0x7, 0x33, 0x4, 0x1, 0x14, 0x1, 0x98,
    0x1e, 0x30, 0x0, 0xaa, 0xc0, 0x75, 0x37, 0xd0,
    0xd, 0x48, 0x3a, 0x54, 0x15, 0x47, 0x9, 0xae,
    0x17, 0x0, 0x8c, 0xde, 0x3, 0xa2, 0x1f, 0xeb,
    0xe, 0xc2, 0x80, 0xd, 0x0, 0xa0, 0x3, 0xb0,
    0xf, 0x72, 0x30, 0x4, 0x68, 0x0, 0x66, 0x39,
    0x35, 0xda, 0x3, 0x9, 0xee, 0xc4, 0x1c, 0x20,
    0x9, 0x94, 0x31, 0x88, 0x98, 0x9, 0x58, 0x44,
    0x6a, 0x50, 0x0, 0xff, 0x0, 0x16, 0xa8, 0x61,
    0x55, 0xc2, 0xb4, 0xa0, 0x1f, 0xad, 0x9a, 0x33,
    0x84, 0x0, 0xa0, 0x1f, 0x27, 0x20, 0x36, 0x66,
    0x40, 0xf, 0xe1, 0x82, 0x35, 0xff, 0xc0, 0x1f,
    0xf0, 0xe6, 0x18, 0x3, 0xff, 0x90, 0xbf, 0xf8,
    0x3, 0xfe, 0x16, 0x30, 0x4c, 0xcc, 0x1, 0xfc,
    0x21, 0x50, 0x0, 0x13, 0x3c, 0x1, 0xfd, 0x0,
    0xfc, 0x60, 0xbf, 0xf8, 0x3, 0xfa, 0x32, 0x0,
    0x23, 0xbb, 0xc0, 0x1c, 0x7c, 0x20, 0x26, 0x1,
    0x56, 0x22, 0x6f, 0x50,

    /* U+5141 "允" */
    0x0, 0xff, 0xe8, 0x6e, 0x0, 0x7f, 0xf1, 0x5c,
    0xa8, 0x3, 0xff, 0x88, 0x50, 0x8c, 0x0, 0x32,
    0x0, 0xff, 0xe0, 0x70, 0xd0, 0x5, 0xd8, 0x20,
    0x1f, 0xe8, 0x3a, 0x10, 0xb, 0xc7, 0x40, 0x3f,
    0x95, 0xdc, 0x80, 0x18, 0xa8, 0xe4, 0x3, 0xe3,
    0xa5, 0x80, 0x0, 0x91, 0xa0, 0x13, 0x28, 0x7,
    0x26, 0x3, 0xef, 0x7f, 0x6e, 0x5d, 0x10, 0x51,
    0x0, 0x78, 0x99, 0x82, 0xb5, 0x68, 0x1f, 0xed,
    0x9, 0x0, 0xc9, 0xfb, 0x7e, 0x1c, 0xa8, 0x40,
    0x11, 0x5d, 0x0, 0x7e, 0x20, 0x60, 0xf, 0x90,
    0x40, 0x3f, 0x70, 0x10, 0x7, 0xff, 0x15, 0x8,
    0x3, 0xff, 0x8a, 0x46, 0xa0, 0x1f, 0xc5, 0xa4,
    0x1, 0xdc, 0x12, 0x1, 0xfc, 0x24, 0x20, 0x1a,
    0x8e, 0x44, 0x3, 0xf9, 0xc0, 0x80, 0x5f, 0x96,
    0x18, 0x3, 0x8, 0x43, 0xbd, 0x2, 0x37, 0xc2,
    0xe3, 0x80, 0x75, 0x13, 0xc4, 0x45, 0x60, 0x3b,
    0xab, 0x30, 0xf, 0x16, 0xff, 0xee, 0x50,

    /* U+5149 "光" */
    0x0, 0xfe, 0xa6, 0x0, 0xff, 0xe0, 0x3a, 0x0,
    0x64, 0xf0, 0xc, 0xb6, 0x40, 0x1d, 0x72, 0x1,
    0xfe, 0x94, 0x30, 0xe, 0xf2, 0x60, 0xf, 0xc8,
    0x70, 0x20, 0x1c, 0x69, 0x0, 0x1f, 0xa0, 0x5c,
    0x3, 0xee, 0x15, 0x0, 0xf2, 0x9d, 0x80, 0x7e,
    0x56, 0x70, 0xf, 0xb, 0xa8, 0x7, 0x84, 0x68,
    0x31, 0x18, 0xc4, 0x4b, 0x22, 0x30, 0x5, 0xdd,
    0xf8, 0x17, 0xbb, 0xec, 0x0, 0x5d, 0x56, 0x40,
    0xaa, 0x94, 0x26, 0xab, 0x40, 0x1, 0x57, 0x84,
    0x4a, 0xb6, 0x3, 0xaa, 0xe4, 0x0, 0xf9, 0xc8,
    0x3, 0xff, 0x8c, 0x4a, 0x1, 0xff, 0xc5, 0x50,
    0xc0, 0xf, 0xfe, 0x2c, 0x8a, 0x80, 0x7f, 0x1c,
    0x0, 0x74, 0x1c, 0x0, 0x7f, 0x9d, 0xc4, 0x1,
    0x4b, 0xab, 0x0, 0x7f, 0x84, 0x8, 0x63, 0x99,
    0x94, 0x1, 0xc6, 0x12, 0xcd, 0x49, 0x0, 0x9a,
    0xe4, 0x80, 0x79, 0xd, 0xe6, 0x62, 0x80, 0x5,
    0xd8, 0xc0, 0x3e, 0x1c, 0xff, 0xdc, 0xa0,

    /* U+5165 "入" */
    0x0, 0xf0, 0x80, 0x7f, 0xf1, 0xf7, 0x42, 0x1,
    0xff, 0xc5, 0x92, 0xc1, 0x0, 0xff, 0xe2, 0x2d,
    0x96, 0x80, 0x7f, 0xf1, 0x52, 0x4e, 0x0, 0x3f,
    0xf8, 0xac, 0xe, 0x40, 0x1f, 0xfc, 0x43, 0x0,
    0x48, 0x7, 0xff, 0x12, 0xc1, 0x12, 0x0, 0xff,
    0xe1, 0xa8, 0xd0, 0xc0, 0x7, 0xff, 0x9, 0x9,
    0x86, 0x4d, 0x0, 0x3f, 0xf8, 0x3e, 0x14, 0xe,
    0x30, 0x1, 0xff, 0xc0, 0x34, 0x52, 0x0, 0x49,
    0xa8, 0x7, 0xfd, 0xc1, 0x0, 0x13, 0x8d, 0x88,
    0x7, 0xf4, 0x94, 0x10, 0x6, 0xb1, 0xb0, 0xf,
    0xce, 0xc6, 0xe0, 0x1c, 0xab, 0x40, 0x7, 0xa2,
    0x5, 0xa0, 0x1f, 0x59, 0x3c, 0x80, 0x45, 0x6e,
    0x78, 0x20, 0x1f, 0xf, 0x93, 0x60, 0x87, 0x23,
    0x60, 0x80, 0x7f, 0x16, 0x20, 0x88, 0x33, 0x12,
    0x1, 0xff, 0xc0, 0x1b, 0xf0,

    /* U+5173 "关" */
    0x0, 0x85, 0xc0, 0x3f, 0x4a, 0x0, 0x7c, 0x71,
    0x20, 0x1e, 0x56, 0x30, 0xf, 0x89, 0xd8, 0xc0,
    0x3a, 0x9, 0xc0, 0x3f, 0x40, 0xc8, 0x6, 0x62,
    0x90, 0xf, 0x1c, 0x44, 0x47, 0x11, 0xa4, 0x72,
    0x20, 0xa0, 0x12, 0xbb, 0xc6, 0xce, 0xf8, 0x5,
    0xde, 0xc0, 0x9, 0xbf, 0xfc, 0x63, 0xff, 0xe9,
    0x0, 0xff, 0xee, 0x1b, 0xbf, 0xc4, 0x2e, 0xff,
    0x81, 0x62, 0x3e, 0x10, 0x88, 0xfa, 0x41, 0xbf,
    0xfd, 0x60, 0x5, 0xff, 0xf7, 0x0, 0x7e, 0x80,
    0x65, 0x40, 0xf, 0xfe, 0xb, 0x9b, 0x49, 0xd9,
    0x80, 0x7f, 0xd1, 0x3, 0x90, 0xd1, 0xc4, 0x0,
    0xfc, 0x58, 0xe7, 0xa0, 0x1, 0xc1, 0xb9, 0x10,
    0xc, 0x75, 0xa6, 0xf8, 0x20, 0x11, 0x7a, 0x37,
    0x49, 0x83, 0xe2, 0xb6, 0xc0, 0x7, 0x86, 0xe8,
    0x9b, 0x45, 0xe7, 0xa4, 0x80, 0x3f, 0x97, 0x73,
    0x44,

    /* U+51B5 "况" */
    0x0, 0x40, 0x80, 0x4f, 0xff, 0xfe, 0x10, 0x1,
    0x37, 0x90, 0x3, 0xc2, 0x23, 0xe4, 0x0, 0xc5,
    0x81, 0x84, 0x0, 0x17, 0x7f, 0xb0, 0x3, 0x8b,
    0x3, 0xc0, 0x3f, 0xf8, 0xa5, 0x5c, 0x1, 0xff,
    0xc6, 0x43, 0x0, 0xff, 0xef, 0xf, 0xff, 0xd0,
    0x1, 0xf4, 0x50, 0x5c, 0x30, 0x34, 0x28, 0x3c,
    0x40, 0x40, 0x31, 0x39, 0x1, 0xbe, 0x5, 0x3f,
    0x84, 0xbb, 0x80, 0x3a, 0x46, 0x0, 0x22, 0x2,
    0x0, 0xff, 0x2a, 0x58, 0x6, 0xd1, 0x10, 0x7,
    0xf0, 0xda, 0x28, 0x6, 0x44, 0x0, 0x7c, 0x20,
    0xa, 0x19, 0x0, 0xcc, 0x3c, 0x1, 0xf6, 0x30,
    0x64, 0x10, 0x4, 0x72, 0x88, 0x0, 0xf8, 0xc0,
    0xe, 0xe0, 0x0, 0xc6, 0x15, 0x0, 0x73, 0x2b,
    0x89, 0x0, 0x74, 0x3b, 0xb4, 0x40, 0x24, 0x28,
    0xa8, 0x44, 0x0, 0x74, 0xf4, 0x0, 0x70, 0xef,
    0xfd, 0x60,

    /* U+51FA "出" */
    0x0, 0xfa, 0xe0, 0x3, 0xff, 0x84, 0xa6, 0x1,
    0xfb, 0xe0, 0x3, 0xfd, 0x1e, 0x20, 0x1f, 0xff,
    0x64, 0x88, 0xc2, 0xd1, 0x19, 0x0, 0x31, 0xbb,
    0xe0, 0x27, 0x7c, 0x60, 0x17, 0xff, 0x85, 0x3f,
    0xfc, 0x35, 0x0, 0x1f, 0xfc, 0x8, 0xa4, 0x30,
    0xf, 0xfe, 0x1, 0xa0, 0x7, 0xff, 0xd5, 0x3f,
    0xf8, 0x53, 0xff, 0x90, 0x25, 0xdf, 0xff, 0x82,
    0x40, 0xf1, 0x1f, 0xfc, 0x16, 0x0,

    /* U+51FB "击" */
    0x0, 0xfc, 0xd2, 0x1, 0xff, 0xc4, 0xc7, 0x0,
    0xff, 0xe7, 0x8c, 0x47, 0x9c, 0x62, 0x3c, 0x60,
    0x3, 0x77, 0xf1, 0x3, 0xbf, 0x94, 0x0, 0x5f,
    0xfe, 0x51, 0xff, 0xf3, 0x0, 0x7f, 0xf6, 0x6b,
    0xff, 0xe5, 0x1f, 0xff, 0xb7, 0xa2, 0x3e, 0x30,
    0x88, 0xfc, 0x8e, 0xff, 0x30, 0xbb, 0xfc, 0xa0,
    0xf, 0x80, 0xf, 0xf5, 0xe8, 0x7, 0xff, 0xfc,
    0x0, 0xff, 0xf9, 0x47, 0xff, 0x20, 0x7, 0x44,
    0x7f, 0xf0, 0x8, 0x3, 0x9d, 0xff, 0xf8, 0xc,
    0x1, 0x0,

    /* U+5206 "分" */
    0x0, 0xf3, 0x18, 0x6, 0x43, 0x0, 0xff, 0x8a,
    0x68, 0x3, 0x4f, 0x0, 0x7f, 0xd0, 0x16, 0x1,
    0xa0, 0x98, 0x3, 0xf8, 0xd5, 0x44, 0x1, 0x95,
    0x24, 0x80, 0x3f, 0x70, 0xd8, 0x7, 0xa4, 0x38,
    0x3, 0xea, 0x2b, 0x10, 0xf, 0x15, 0x1d, 0x0,
    0x74, 0x2b, 0x28, 0x7, 0xe5, 0x65, 0x90, 0xa,
    0x5c, 0x7d, 0x9b, 0xf9, 0xfd, 0x1a, 0x80, 0x4,
    0x8d, 0x33, 0xfe, 0x89, 0xb5, 0xe0, 0x5, 0xda,
    0x3b, 0xa4, 0x1e, 0xee, 0x50, 0x5, 0x20, 0x7,
    0x8, 0xca, 0xa1, 0x1e, 0x1, 0x0, 0xff, 0x10,
    0xe0, 0x7, 0x9, 0x80, 0x7f, 0xa8, 0x14, 0x3,
    0x9c, 0x40, 0x3f, 0x85, 0x90, 0x80, 0x38, 0x98,
    0x3, 0xfa, 0x86, 0x0, 0x3c, 0x26, 0x1, 0xf0,
    0xda, 0x49, 0x80, 0x71, 0x87, 0x80, 0x70, 0xc7,
    0x25, 0x30, 0x0, 0x9d, 0xcd, 0xe0, 0x80, 0x1d,
    0x2e, 0xba, 0xa0, 0x11, 0xc4, 0x24, 0xdc, 0x80,
    0x3a, 0x3a, 0x88, 0x3, 0xf, 0xfe, 0x80, 0xe,

    /* U+5217 "列" */
    0x0, 0xff, 0xe2, 0x98, 0x80, 0x7f, 0xf1, 0x7,
    0x18, 0x37, 0xbb, 0xf9, 0x0, 0x3f, 0x84, 0x7f,
    0x80, 0x50, 0x3, 0xdb, 0xfe, 0x25, 0xff, 0xe4,
    0x5b, 0x20, 0xf, 0x84, 0xb0, 0x3, 0xff, 0x88,
    0xe0, 0x80, 0x10, 0x80, 0x7f, 0xf0, 0x28, 0x37,
    0xfe, 0xe9, 0x0, 0xff, 0x19, 0x9a, 0xab, 0x7,
    0x80, 0x7f, 0xa4, 0x65, 0x56, 0x10, 0x50, 0xf,
    0xe3, 0x59, 0x0, 0xda, 0x26, 0x1, 0xfd, 0xc4,
    0xb6, 0x40, 0x7, 0x70, 0x7, 0xfb, 0xf8, 0x1b,
    0x59, 0xc6, 0xc0, 0x3f, 0xc4, 0x65, 0xa9, 0x30,
    0xa4, 0x1, 0xff, 0xc2, 0xb1, 0xb, 0x0, 0xff,
    0xe1, 0xd0, 0xd0, 0x80, 0x49, 0xe4, 0x1, 0xf0,
    0xda, 0xca, 0x80, 0x7f, 0xf0, 0x5f, 0xd2, 0x98,
    0x3, 0xe6, 0x68, 0x4, 0xe, 0x13, 0x94, 0x3,
    0xf6, 0xcc, 0x1b, 0x81, 0xf5, 0x8, 0x7, 0xf5,
    0xff, 0xb0, 0x40,

    /* U+524D "前" */
    0x0, 0x8d, 0x80, 0x3f, 0x3a, 0x80, 0x79, 0xa5,
    0xc0, 0x3c, 0x51, 0xe0, 0x1e, 0x55, 0x41, 0x0,
    0x74, 0x8d, 0x80, 0x4c, 0xd8, 0x82, 0xd9, 0xb4,
    0xa2, 0xbb, 0x35, 0x13, 0x33, 0x83, 0x4c, 0xe6,
    0x4, 0x99, 0xa3, 0xbf, 0xff, 0xf8, 0x57, 0x9c,
    0xd, 0x33, 0xe5, 0x0, 0x18, 0x80, 0x26, 0x40,
    0xd, 0x64, 0x4c, 0xde, 0x0, 0xd6, 0x0, 0xf9,
    0x37, 0x71, 0x0, 0x7f, 0xf0, 0x1c, 0x8b, 0x0,
    0x7f, 0xf0, 0x4f, 0x77, 0x10, 0x7, 0xff, 0x1,
    0x3f, 0xf1, 0x0, 0x7f, 0xf4, 0x93, 0xff, 0x10,
    0x7, 0xff, 0x0, 0xf3, 0x31, 0x0, 0x7f, 0xf0,
    0x1c, 0xcf, 0x0, 0x6e, 0x70, 0xf, 0xe1, 0x44,
    0x18, 0x6, 0x55, 0x31, 0x98, 0x3, 0xd7, 0x60,
    0xe0, 0xb, 0x6a, 0x4e, 0x80, 0x17, 0x60, 0x1f,
    0xf7, 0x20, 0x5, 0x1f, 0xed, 0x30,

    /* U+52A0 "加" */
    0x0, 0xd0, 0x60, 0x1f, 0xfc, 0x41, 0x76, 0x0,
    0xff, 0xe6, 0x12, 0xaf, 0x88, 0x2, 0x30, 0xf,
    0xae, 0xab, 0xca, 0x1f, 0xed, 0xa, 0xff, 0xb0,
    0x0, 0x3b, 0xb8, 0x2, 0x98, 0x70, 0x68, 0x81,
    0x0, 0x62, 0x2c, 0x1, 0x33, 0xd8, 0x6b, 0xbc,
    0x1, 0xff, 0xc3, 0x70, 0x0, 0xb8, 0x7, 0xff,
    0x1, 0xc0, 0x40, 0x3f, 0xf8, 0x84, 0x4, 0x0,
    0x70, 0xf, 0xfe, 0xf, 0x8, 0x6, 0x10, 0xf,
    0xfe, 0x1, 0xa8, 0x4, 0x20, 0x1f, 0xfc, 0x15,
    0x30, 0xc, 0x60, 0x1f, 0xf1, 0x8e, 0x0, 0x44,
    0x20, 0x1f, 0xf5, 0x82, 0x0, 0x6f, 0x0, 0xff,
    0xb, 0xb0, 0x4, 0x60, 0x40, 0x1, 0x77, 0xc0,
    0x14, 0x4, 0xc, 0x43, 0xc1, 0xc0, 0x28, 0x8c,
    0x0, 0x26, 0x91, 0x12, 0xb9, 0x41, 0x0, 0x7,
    0xff, 0x0, 0xb, 0x98, 0x1, 0xbf, 0xce, 0x0,
    0x9e, 0x0, 0xde, 0xe0,

    /* U+52A8 "动" */
    0x0, 0xff, 0xe0, 0x31, 0x80, 0x71, 0x17, 0xc2,
    0x1, 0x4d, 0x80, 0x63, 0xdd, 0xfa, 0x40, 0x3f,
    0x8f, 0x33, 0xe9, 0x0, 0xde, 0x1, 0xc6, 0x7f,
    0x9, 0x14, 0x1c, 0x44, 0x32, 0x0, 0xfe, 0xfd,
    0xd0, 0x36, 0xeb, 0x25, 0x9b, 0xf2, 0xf5, 0xd0,
    0x3d, 0xd8, 0x86, 0x26, 0x7e, 0x83, 0x47, 0xc,
    0x44, 0x0, 0x3b, 0xec, 0x2f, 0xfe, 0xd0, 0x3,
    0x3, 0x80, 0xc, 0xc0, 0xc, 0x4, 0x2, 0x10,
    0x8, 0x80, 0x80, 0x21, 0x0, 0x22, 0x0, 0x1f,
    0x0, 0x17, 0x80, 0x80, 0x4, 0x0, 0x47, 0xc0,
    0xb, 0x60, 0x9, 0x50, 0x3, 0x78, 0x28, 0x28,
    0x1, 0xc1, 0x40, 0x4c, 0xc0, 0x1, 0x1, 0xa,
    0x45, 0x8c, 0xe0, 0xe0, 0x70, 0xb0, 0x1, 0x81,
    0xb1, 0x25, 0x22, 0xd4, 0x20, 0xd9, 0x18, 0x1,
    0x81, 0x81, 0xaf, 0xf2, 0x55, 0xf1, 0x8a, 0xc0,
    0x23, 0x2, 0x69, 0x40, 0xf, 0x41, 0xb3, 0x1d,
    0xd2, 0x42, 0x1, 0xf9, 0x47, 0x43, 0xe2, 0x7,
    0x20, 0x1f, 0xcd, 0xc2, 0x13, 0xfe, 0xd4, 0x0,

    /* U+5382 "厂" */
    0x0, 0x14, 0x47, 0xff, 0xd, 0x0, 0xe, 0xff,
    0xfc, 0x43, 0x0, 0xd7, 0xff, 0xff, 0xc1, 0x70,
    0xf, 0xff, 0xf8, 0x7, 0x38, 0x7, 0xff, 0x5c,
    0xc0, 0x40, 0x3f, 0xf8, 0x9c, 0x4, 0x1, 0xff,
    0xc4, 0x21, 0x0, 0xff, 0xe2, 0xb9, 0x0, 0x7f,
    0xf1, 0x4, 0x90, 0x3, 0xff, 0x88, 0xe1, 0x80,
    0x1f, 0xfc, 0x4b, 0x14, 0x0, 0xff, 0xe1, 0x91,
    0x24, 0x3, 0xff, 0x88, 0x5a, 0xe0, 0x1f, 0xfc,
    0x40,

    /* U+53D1 "发" */
    0x0, 0xc2, 0x1, 0xb1, 0xc0, 0x25, 0x0, 0xfe,
    0xaf, 0x0, 0x9, 0xf0, 0x0, 0xea, 0x80, 0x1f,
    0xa, 0x30, 0x1, 0x43, 0x80, 0x7, 0x4b, 0x0,
    0x1e, 0x60, 0xa0, 0x1, 0x81, 0x80, 0x4b, 0xa,
    0x1, 0xc3, 0x24, 0x6, 0x6c, 0x0, 0x19, 0xe4,
    0x93, 0x20, 0x9, 0xc4, 0xb3, 0x24, 0xb, 0xcc,
    0xeb, 0xc8, 0x0, 0x9e, 0xb3, 0x29, 0x6, 0xcc,
    0xfd, 0x0, 0x10, 0xa9, 0x9d, 0xe1, 0x46, 0x7f,
    0x88, 0x3, 0xf3, 0x82, 0x3b, 0xf4, 0x20, 0x7,
    0xf3, 0x88, 0x44, 0x79, 0xfc, 0x3, 0xfa, 0x40,
    0xbf, 0xfa, 0x43, 0x80, 0x3f, 0x48, 0xc1, 0x40,
    0x6, 0x82, 0x50, 0xf, 0x95, 0x91, 0xe1, 0xd0,
    0x1, 0x43, 0xc0, 0x1f, 0x25, 0xd, 0x3, 0xa5,
    0x9c, 0xac, 0x18, 0x7, 0x96, 0xc7, 0x4, 0x1,
    0x67, 0x8c, 0xee, 0x0, 0xf4, 0xd0, 0xe1, 0x0,
    0x48, 0x20, 0x3, 0x20, 0xf, 0x2a, 0x79, 0x0,
    0x17, 0x2c, 0x72, 0x53, 0x69, 0x0, 0x36, 0x58,
    0x84, 0xf5, 0xd, 0x61, 0xb7, 0x3a, 0x5f, 0xd8,
    0x80, 0x77, 0xb6, 0x6a, 0x80, 0x43, 0x1d, 0x6d,
    0x82,

    /* U+53EF "可" */
    0x46, 0x6f, 0xfe, 0x28, 0x7c, 0xcf, 0xff, 0x14,
    0x6b, 0xbb, 0xff, 0x82, 0x9, 0xdc, 0x11, 0xff,
    0xe3, 0x80, 0x7f, 0xf2, 0xa7, 0xff, 0xe8, 0x0,
    0xff, 0x18, 0xc4, 0x70, 0x8, 0x7, 0xfc, 0x6e,
    0xfc, 0x20, 0x1f, 0xff, 0x92, 0xff, 0xe1, 0x0,
    0xff, 0xe0, 0xb, 0xbf, 0xb4, 0x3, 0xfe, 0x38,
    0x8f, 0x20, 0x7, 0xfa, 0xb0, 0x3, 0xff, 0x8c,
    0x20, 0x1f, 0xfc, 0xd9, 0x88, 0x48, 0x98, 0x7,
    0xff, 0x4, 0x9d, 0xcc, 0x76, 0x1, 0xff, 0xc1,
    0xbf, 0xfb, 0x8, 0x2,

    /* U+53F7 "号" */
    0x0, 0x3f, 0xff, 0xff, 0x0, 0x40, 0x3d, 0x55,
    0xfc, 0xa0, 0x1f, 0x95, 0x7f, 0xb4, 0x3, 0xff,
    0x9d, 0xff, 0xfd, 0x0, 0x1e, 0x59, 0x9f, 0xfe,
    0x0, 0x80, 0x62, 0x66, 0xff, 0xe0, 0x0, 0x5d,
    0xff, 0xff, 0xc4, 0x78, 0x99, 0x80, 0x66, 0x7f,
    0xe4, 0x66, 0x90, 0x19, 0xbf, 0xf8, 0x6, 0x1,
    0x28, 0x71, 0x9f, 0xf0, 0x7, 0xa8, 0x27, 0x33,
    0xf8, 0x3, 0xdd, 0x99, 0xfc, 0x64, 0x1, 0xe3,
    0x3f, 0xf1, 0x38, 0x7, 0xff, 0xd, 0x7, 0x0,
    0x3f, 0xc2, 0xca, 0xb4, 0x83, 0x80, 0x7f, 0x86,
    0x2a, 0xa3, 0xa1, 0x0, 0xff, 0xbb, 0xfe, 0xe5,
    0x0, 0xc0,

    /* U+540E "后" */
    0x0, 0xff, 0xe1, 0x1b, 0x40, 0x7, 0xc2, 0x46,
    0xad, 0x15, 0x9d, 0xf9, 0x2c, 0xe0, 0x1d, 0x9d,
    0xb9, 0x52, 0xac, 0xd4, 0xe7, 0x71, 0xc0, 0x3c,
    0x59, 0xbf, 0xed, 0xca, 0x86, 0x31, 0x0, 0xfc,
    0x26, 0x40, 0x1f, 0xfc, 0x51, 0x44, 0xff, 0xe1,
    0x8, 0x6, 0x2b, 0xbf, 0xfe, 0x12, 0x80, 0x62,
    0xcc, 0xff, 0xe1, 0x20, 0x6, 0x63, 0x3f, 0xfe,
    0x10, 0x6, 0x10, 0xf, 0xfe, 0x39, 0x88, 0x47,
    0xff, 0xfb, 0x0, 0x38, 0x48, 0x2, 0x88, 0xfc,
    0x42, 0x1, 0x8c, 0x38, 0x2, 0x77, 0xfc, 0xc0,
    0x1c, 0xa0, 0xa0, 0x1f, 0xfc, 0x5c, 0x3, 0x0,
    0xff, 0xe2, 0xa, 0x98, 0x7, 0xff, 0x16, 0x42,
    0x80, 0x37, 0xff, 0xe4, 0x0, 0xcc, 0xe, 0x1,
    0xa2, 0x3f, 0x10, 0x6, 0xa8, 0x10, 0xc, 0xef,
    0xf9, 0x80, 0x32, 0x38, 0x5, 0x1e, 0x1, 0xfa,
    0xf4, 0x0,

    /* U+542F "启" */
    0x0, 0xfe, 0xa6, 0x0, 0xff, 0xe2, 0xc, 0x88,
    0x7, 0xff, 0xe, 0x1, 0x80, 0x3f, 0xab, 0xff,
    0xb0, 0x23, 0xff, 0xa4, 0x2, 0x11, 0x44, 0x7f,
    0xc0, 0x1e, 0x37, 0x7f, 0xf8, 0x40, 0x3f, 0xf9,
    0x65, 0xff, 0xff, 0x8, 0x7, 0xc, 0x47, 0xff,
    0x3, 0x40, 0x31, 0x3b, 0xff, 0xf0, 0x10, 0x2,
    0x77, 0x9, 0x9f, 0xff, 0x0, 0x2, 0x22, 0x36,
    0x67, 0xff, 0x0, 0x0, 0x22, 0xf0, 0x6, 0x67,
    0xf2, 0x80, 0x4a, 0xa, 0x0, 0x33, 0xff, 0x0,
    0x5a, 0x6, 0x1, 0xff, 0xc3, 0x75, 0x0, 0x88,
    0xbf, 0x8c, 0x0, 0xc3, 0x20, 0x16, 0xef, 0xf2,
    0x80, 0x35, 0x4c, 0x2, 0xcc, 0xfe, 0x50, 0x5,
    0xd0, 0x1, 0xfc, 0xcf, 0xfa, 0xbc,

    /* U+5546 "商" */
    0x0, 0xfc, 0xe8, 0x1, 0xff, 0xc4, 0xa8, 0x0,
    0xfc, 0x8c, 0xdf, 0x8e, 0x19, 0xbe, 0xd8, 0x8f,
    0x94, 0x5a, 0x23, 0xd5, 0x3d, 0xd5, 0xe, 0xf7,
    0x6f, 0x9, 0xee, 0xb0, 0x3, 0x21, 0x78, 0x6,
    0x81, 0x60, 0xe, 0x25, 0x59, 0x19, 0x56, 0x66,
    0x2a, 0x2a, 0x8c, 0x1, 0x55, 0x99, 0x6a, 0xa9,
    0x5, 0xaa, 0xa0, 0x2, 0x2f, 0xfa, 0xe7, 0xfd,
    0x6f, 0xff, 0x28, 0x7, 0xcd, 0x60, 0x19, 0xb0,
    0x80, 0x3f, 0x54, 0xd3, 0x0, 0x13, 0xc3, 0x10,
    0x3, 0xc8, 0x87, 0x5, 0x5c, 0x9e, 0x9e, 0x1,
    0xe4, 0xf3, 0xb9, 0x9d, 0x73, 0x56, 0x1, 0xf0,
    0x83, 0xe6, 0x64, 0x0, 0xff, 0xe0, 0x88, 0xe0,
    0xf, 0xfe, 0xb, 0x77, 0x65, 0x0, 0xff, 0xe0,
    0x37, 0xff, 0x50, 0x7, 0xfa, 0xe4, 0x3, 0x8c,
    0xe6, 0x0, 0xff, 0xe1, 0x5e, 0xe8, 0x7c, 0x0,

    /* U+56DE "回" */
    0x8f, 0xff, 0xfe, 0x23, 0x0, 0x1d, 0xff, 0xf8,
    0x2c, 0x1, 0xa2, 0x3f, 0xf8, 0x34, 0x1, 0xff,
    0xcd, 0x55, 0xf8, 0xc0, 0x3f, 0x8a, 0xab, 0xf0,
    0x7, 0xfd, 0x7f, 0xf8, 0x40, 0x3f, 0xfe, 0xda,
    0xcd, 0x84, 0x3, 0xfc, 0x60, 0xd3, 0x38, 0x4,
    0x3, 0xf8, 0x7f, 0xfe, 0x80, 0xf, 0xfe, 0xff,
    0xff, 0xff, 0x7, 0x0, 0x34, 0x47, 0xff, 0x5,
    0x80, 0x33, 0xbf, 0xff, 0x6, 0x80, 0x0,

    /* U+5730 "地" */
    0x0, 0x92, 0x0, 0x3e, 0x2e, 0x30, 0xf, 0xc6,
    0xc0, 0x1f, 0x8, 0x80, 0x3f, 0xf8, 0x49, 0xe2,
    0x1, 0xff, 0xc5, 0x10, 0x30, 0xf, 0x20, 0x80,
    0x7f, 0xf0, 0xdd, 0x72, 0xd8, 0x1, 0xfe, 0x81,
    0xff, 0x20, 0x6, 0x70, 0xba, 0x0, 0xe8, 0x82,
    0x4, 0x41, 0x80, 0xf, 0x56, 0xb, 0x98, 0x0,
    0xce, 0xec, 0x17, 0x71, 0x68, 0x52, 0x30, 0x49,
    0x80, 0x7f, 0x8f, 0x9c, 0x27, 0xa8, 0x3, 0xff,
    0x82, 0x4f, 0x0, 0x80, 0x1f, 0x8, 0x7, 0xc3,
    0x24, 0x1, 0xff, 0xc5, 0x63, 0x0, 0xfc, 0x40,
    0x60, 0x1b, 0xc7, 0xe5, 0x80, 0x3e, 0xdd, 0xa,
    0x0, 0x1f, 0x5c, 0x5f, 0x94, 0x3, 0xee, 0xce,
    0x10, 0x4, 0x84, 0xf4, 0x8, 0x7, 0x1f, 0x99,
    0xc1, 0xa6, 0x19, 0xac, 0x1, 0x84, 0x3, 0xf1,
    0x11, 0xc0, 0x80, 0x3c, 0xc1, 0xa, 0xbe, 0x90,
    0x50, 0xf, 0xc4, 0xe9, 0x55, 0xe5, 0x91,

    /* U+5883 "境" */
    0x0, 0xa1, 0x0, 0x3c, 0x9a, 0x20, 0x1f, 0x9b,
    0x0, 0x2, 0xab, 0x11, 0x2d, 0x56, 0x30, 0xf,
    0xc9, 0x55, 0x48, 0x2d, 0x55, 0x0, 0x1f, 0x97,
    0xe5, 0xbf, 0xe9, 0x5f, 0xb0, 0x1, 0x10, 0x44,
    0x40, 0x11, 0x30, 0x80, 0x2c, 0x80, 0x22, 0xdd,
    0x3, 0x6b, 0xef, 0x50, 0x7f, 0x70, 0x9b, 0xb8,
    0x85, 0x76, 0x5, 0xb5, 0x88, 0xa6, 0x22, 0x98,
    0x89, 0x41, 0x10, 0x24, 0x84, 0xa8, 0x9f, 0xcc,
    0x20, 0x1f, 0xb7, 0x59, 0x9d, 0xba, 0x30, 0xf,
    0xf4, 0x77, 0x76, 0x0, 0x7f, 0xf0, 0x23, 0xff,
    0xb0, 0x3, 0xff, 0x81, 0x1f, 0xfd, 0x80, 0x1f,
    0xb, 0x38, 0x2, 0xae, 0xfb, 0xc0, 0x39, 0x45,
    0xa7, 0x82, 0xad, 0x3, 0x5d, 0xaa, 0x48, 0xf,
    0xe8, 0xa3, 0xa4, 0x15, 0x3, 0x99, 0x82, 0xcc,
    0x10, 0x36, 0xcd, 0x71, 0x0, 0xa0, 0x14, 0x3,
    0x9a, 0x42, 0x4c, 0x3, 0x25, 0xad, 0x0, 0x42,
    0x44, 0xc2, 0x0, 0xf6, 0x5b, 0xe2, 0x80, 0x38,
    0xf7, 0x49, 0xc0, 0x1e, 0xee, 0x61, 0x80, 0x49,
    0xdf, 0xee, 0x50,

    /* U+58F0 "声" */
    0x0, 0xfe, 0x8c, 0x0, 0xff, 0x11, 0x7e, 0x32,
    0x2f, 0x84, 0x1b, 0x77, 0xe5, 0xd, 0xdf, 0xc0,
    0xf9, 0x9f, 0x28, 0x66, 0x7d, 0xc0, 0x26, 0x7f,
    0x84, 0xcf, 0xe2, 0x0, 0x16, 0xef, 0x98, 0x77,
    0x7d, 0x80, 0x11, 0xd5, 0x7a, 0x21, 0x55, 0xf0,
    0x4, 0x2a, 0x89, 0xff, 0xc1, 0x70, 0xd, 0xf9,
    0x9f, 0xfc, 0x19, 0x0, 0xe5, 0xee, 0xcc, 0x3d,
    0xdc, 0x1, 0xf1, 0x88, 0xe0, 0x0, 0x8f, 0x0,
    0x78, 0xc0, 0x3f, 0xf8, 0xc2, 0xf9, 0x99, 0xc7,
    0x33, 0x80, 0x38, 0x81, 0x13, 0x99, 0xd1, 0x38,
    0x3, 0x90, 0x2e, 0x23, 0xfe, 0x7c, 0x0, 0xa8,
    0x84, 0x3, 0xfe, 0x84, 0x0, 0x31, 0xd8, 0x7,
    0xff, 0x12, 0xd, 0x80, 0x3f, 0xf8, 0x99, 0xa0,
    0x1f, 0xfc, 0x40,

    /* U+5907 "备" */
    0x0, 0xfa, 0xdc, 0x3, 0xff, 0x8b, 0x48, 0x62,
    0x3e, 0x0, 0xff, 0x4a, 0x85, 0xf7, 0x7b, 0x40,
    0x3e, 0x1b, 0x62, 0xcc, 0xeb, 0x20, 0x80, 0xf,
    0x2f, 0xa3, 0x94, 0x11, 0x98, 0x60, 0xa9, 0x40,
    0x38, 0xad, 0x7a, 0x2d, 0x7d, 0xa3, 0x4b, 0x14,
    0x3, 0xc5, 0xf6, 0x20, 0x9a, 0x32, 0xe3, 0xa6,
    0x1, 0xf8, 0x40, 0xdf, 0x30, 0x2c, 0xc1, 0xcd,
    0x95, 0x10, 0x8, 0xa7, 0x3f, 0x21, 0xeb, 0xa6,
    0x5f, 0x4e, 0xea, 0xef, 0xc2, 0x22, 0xba, 0x35,
    0x70, 0x2a, 0xe0, 0xfb, 0x87, 0x75, 0x90, 0x65,
    0x93, 0x55, 0x7f, 0xa0, 0x21, 0xc0, 0x3d, 0xff,
    0x85, 0xbf, 0xed, 0x0, 0xff, 0xe9, 0x7f, 0xe1,
    0x6f, 0xfb, 0x40, 0x3f, 0xd7, 0x78, 0x12, 0xee,
    0x90, 0xf, 0xf2, 0x26, 0x12, 0x44, 0xc0, 0x1f,
    0xe9, 0x9c, 0x29, 0x33, 0x40, 0x7, 0xf8, 0x8b,
    0x23, 0x11, 0x4c, 0x1, 0xfe, 0xbb, 0xfe, 0xe0,
    0xf, 0xd3, 0xe0, 0x1f, 0xc5, 0xf0, 0x1, 0x0,

    /* U+590D "复" */
    0x0, 0xe9, 0x70, 0xf, 0xfe, 0x2a, 0x31, 0x0,
    0x7f, 0xf1, 0x6, 0x82, 0xbf, 0xff, 0xe3, 0x0,
    0xda, 0x15, 0x5f, 0xfc, 0x12, 0x0, 0xe, 0x1d,
    0x3b, 0xff, 0xc8, 0xa2, 0x0, 0x82, 0xcd, 0xdf,
    0xfe, 0x8, 0x6, 0x9c, 0x30, 0x1f, 0xff, 0xe3,
    0x0, 0xf1, 0x0, 0x7, 0xff, 0xf8, 0xc0, 0x3f,
    0x87, 0xbb, 0xf8, 0xc0, 0x3f, 0x85, 0x57, 0xf8,
    0x40, 0x3f, 0x71, 0x55, 0xd4, 0xcf, 0x81, 0x80,
    0x3e, 0x7c, 0x32, 0xfc, 0xcf, 0x7d, 0x0, 0x7c,
    0x58, 0x44, 0xee, 0xfb, 0x50, 0x3, 0xcd, 0xa6,
    0x39, 0xdd, 0xd0, 0xc, 0x80, 0x1d, 0x32, 0x7e,
    0x6c, 0x91, 0x11, 0x54, 0x42, 0x40, 0x3d, 0x19,
    0x1, 0x16, 0xdd, 0x98, 0x7c, 0x70, 0xf, 0x84,
    0xcc, 0xb3, 0x2, 0x20, 0x1, 0x43, 0xa1, 0x0,
    0x6c, 0xef, 0xca, 0x55, 0x5f, 0xe7, 0x40, 0xcd,
    0xef, 0xf0, 0x85, 0x4d, 0x6f, 0xe4, 0xa0, 0x0,
    0x5a, 0xbb, 0xf2, 0xa8, 0x20,

    /* U+5A92 "媒" */
    0x0, 0x91, 0x80, 0x31, 0xc8, 0x7, 0x4a, 0x0,
    0x76, 0xe8, 0x3, 0x2b, 0x0, 0x73, 0x18, 0x7,
    0x11, 0x0, 0x2, 0xd8, 0xc, 0xdc, 0x1a, 0xc2,
    0x1, 0x2f, 0x0, 0xe, 0x14, 0x22, 0x38, 0x16,
    0x8, 0x19, 0xc7, 0x5d, 0xc1, 0xd2, 0x1d, 0xdc,
    0x11, 0xc6, 0x15, 0x0, 0xb1, 0x4, 0x0, 0x95,
    0x78, 0x3, 0xb2, 0x43, 0xfc, 0x6, 0x1, 0x44,
    0x70, 0x7, 0xbc, 0xc0, 0x81, 0x80, 0x2d, 0xde,
    0x0, 0xf2, 0xa0, 0x30, 0x10, 0x5, 0x11, 0xc0,
    0x1e, 0x3d, 0x3, 0x1, 0x2, 0x43, 0x47, 0x43,
    0x42, 0x0, 0x90, 0x10, 0x34, 0xc0, 0x9, 0x76,
    0xf0, 0xfb, 0xb2, 0x80, 0x58, 0x8, 0x8, 0x80,
    0x55, 0xc8, 0x16, 0xab, 0x84, 0x21, 0xaa, 0x83,
    0x85, 0x55, 0xa0, 0x1e, 0xab, 0x10, 0x2, 0x61,
    0x41, 0xb, 0xfe, 0x80, 0xa, 0x3f, 0xe3, 0x0,
    0x94, 0x1, 0x0, 0x12, 0x42, 0x83, 0x42, 0x80,
    0x7a, 0x45, 0x9d, 0x41, 0x6d, 0x64, 0x29, 0xe9,
    0x80, 0x34, 0xa5, 0xcb, 0x3c, 0x52, 0xd0, 0x5,
    0xd, 0x32, 0x10, 0xb6, 0x85, 0x9, 0xa7, 0x6a,
    0x0, 0xe9, 0x76, 0x70, 0x39, 0x70, 0xa, 0x2e,
    0x40, 0x3e, 0x8d, 0x60,

    /* U+5B58 "存" */
    0x0, 0xf9, 0x24, 0x40, 0x3f, 0xf8, 0xbc, 0xe2,
    0x1, 0xff, 0x9, 0x9f, 0x2a, 0x8c, 0xff, 0x88,
    0x1, 0x19, 0x9c, 0x9, 0x99, 0xfe, 0x0, 0x5d,
    0xf0, 0x9d, 0xdf, 0xfb, 0x40, 0x4, 0x89, 0x8,
    0xa5, 0x13, 0xfc, 0x60, 0x1e, 0xb3, 0x54, 0x66,
    0xf9, 0xc8, 0x3, 0xd2, 0x3e, 0x1b, 0x33, 0xf4,
    0x48, 0x7, 0x2b, 0x30, 0xc2, 0x7f, 0xfa, 0x41,
    0x6c, 0x3, 0x1d, 0x6, 0x0, 0x78, 0x6a, 0x65,
    0x40, 0x19, 0x30, 0x3, 0xfa, 0x97, 0x58, 0x3,
    0xd, 0x95, 0x80, 0x5, 0x57, 0x9c, 0x5d, 0x57,
    0x0, 0xd6, 0x30, 0x1, 0x6a, 0xb8, 0xc6, 0xab,
    0x88, 0x14, 0x40, 0x24, 0xee, 0xe4, 0x1e, 0xee,
    0x20, 0xf, 0x84, 0x78, 0xc, 0x47, 0x80, 0x3f,
    0xfc, 0xca, 0xb3, 0x0, 0x7f, 0xf1, 0x3a, 0xa8,
    0x76, 0x1, 0xfc, 0x5e, 0xa0, 0x15, 0xff, 0xb9,
    0x80, 0x3c,

    /* U+5C4F "屏" */
    0x0, 0x37, 0xff, 0xff, 0xa, 0x80, 0x3a, 0x6a,
    0xbf, 0xe0, 0xf, 0x9d, 0x57, 0xfe, 0x10, 0xf,
    0x3a, 0xaf, 0xfc, 0x20, 0x1e, 0x9a, 0xaf, 0xf8,
    0x3, 0xee, 0xff, 0x2c, 0xff, 0xf3, 0xaf, 0xd0,
    0x7, 0xe3, 0x92, 0x0, 0x85, 0xc8, 0x3, 0xf3,
    0x33, 0x91, 0xc, 0xd5, 0x7, 0x33, 0x4, 0x0,
    0x20, 0x71, 0x9, 0x49, 0x88, 0x90, 0x22, 0x22,
    0x0, 0x78, 0x17, 0x74, 0xf, 0xdd, 0x38, 0x77,
    0x46, 0x0, 0x11, 0x0, 0x7f, 0xf1, 0x48, 0xcc,
    0xab, 0x1, 0x2a, 0xc4, 0xa, 0xb2, 0x0, 0x19,
    0xea, 0xb0, 0x2d, 0x54, 0xa1, 0x55, 0x40, 0x0,
    0x89, 0x3f, 0xea, 0xc, 0xff, 0x9c, 0x3f, 0xec,
    0x5, 0xc, 0x0, 0xa0, 0x4c, 0x3, 0xfd, 0xe0,
    0x80, 0xb, 0x2b, 0x0, 0xff, 0x12, 0xb0, 0x26,
    0xa4, 0x28, 0x7, 0xfc, 0x96, 0xe, 0x16, 0xe0,
    0x1f, 0xf1, 0x59, 0x1, 0xea, 0x0, 0x7a, 0x3c,
    0x3, 0x0,

    /* U+5DF2 "已" */
    0x88, 0xff, 0xe1, 0x30, 0x4, 0xce, 0xff, 0xfc,
    0x1d, 0x0, 0xbb, 0xff, 0xff, 0x80, 0x40, 0x1c,
    0x64, 0x1, 0xff, 0xc4, 0xe8, 0x0, 0xff, 0xf4,
    0xaf, 0xff, 0xf8, 0x80, 0x3c, 0x4e, 0xff, 0xe1,
    0x0, 0xf3, 0xc4, 0x7f, 0xa7, 0x40, 0x3f, 0xf8,
    0x8e, 0xc0, 0x1f, 0xfc, 0x61, 0x10, 0x7, 0xff,
    0x11, 0x38, 0xc0, 0x3f, 0xf8, 0x7a, 0x4, 0x0,
    0x10, 0xf, 0xfe, 0x2, 0x90, 0x82, 0x22, 0xe1,
    0xdf, 0xf4, 0x61, 0x50, 0x2, 0x59, 0x8f, 0x11,
    0xf9, 0xc5, 0xdc, 0x0,

    /* U+5E55 "幕" */
    0x0, 0xf4, 0x90, 0x6, 0x39, 0x0, 0xf8, 0xd1,
    0x25, 0x6a, 0x44, 0xd4, 0xca, 0x89, 0x18, 0x2,
    0x6e, 0xea, 0x7, 0xbb, 0xcc, 0x15, 0x77, 0x40,
    0x2, 0xbf, 0xee, 0x1b, 0xff, 0xd4, 0x5f, 0xfa,
    0xc0, 0x33, 0xff, 0xd, 0xff, 0xea, 0x2f, 0xf7,
    0x0, 0x7b, 0xc7, 0xff, 0xfc, 0xc0, 0x1f, 0x87,
    0xbb, 0xfc, 0xc0, 0x1f, 0x87, 0xff, 0xfc, 0xc0,
    0x1f, 0x84, 0x8b, 0xfc, 0x60, 0x1f, 0x71, 0xff,
    0x66, 0xff, 0xf9, 0x94, 0x3, 0x2a, 0x8e, 0x64,
    0xe1, 0x33, 0xfb, 0x95, 0x0, 0x17, 0x7a, 0x94,
    0x66, 0xa9, 0x76, 0xaa, 0x5d, 0xd0, 0x0, 0xee,
    0x7a, 0x84, 0xf7, 0x5, 0xfb, 0x98, 0x2f, 0xfd,
    0x80, 0x1, 0x8e, 0x40, 0x9f, 0xf0, 0xbf, 0xfb,
    0x5, 0xba, 0x8, 0xb, 0x9d, 0x8c, 0xd7, 0x70,
    0x2d, 0xdc, 0xe1, 0xd, 0x82, 0x57, 0xd2, 0xc,
    0x89, 0x9, 0x22, 0x5a, 0xd, 0xd8, 0x20, 0x82,
    0x1, 0xfc, 0x26, 0x40, 0x20, 0x40, 0x1c, 0xe0,
    0x1f, 0x16, 0xd3, 0x0, 0x7e, 0xba, 0x0, 0xf1,
    0xf6, 0xc8, 0x6,

    /* U+5E8F "序" */
    0x0, 0xfe, 0x3a, 0x20, 0xf, 0xfe, 0x29, 0x2c,
    0x0, 0x7f, 0x92, 0x1d, 0xf9, 0x89, 0x5d, 0xfe,
    0x0, 0xb5, 0xe2, 0x3c, 0x41, 0x11, 0xf0, 0x6,
    0x2f, 0xff, 0xfe, 0x18, 0x7, 0x8f, 0xff, 0xfd,
    0x80, 0x1f, 0x8a, 0xef, 0xf1, 0x5, 0x0, 0x7e,
    0x14, 0x46, 0xba, 0x21, 0x60, 0xa9, 0x80, 0x3f,
    0xc4, 0x4c, 0xb7, 0xf1, 0xd5, 0x0, 0xff, 0x8a,
    0xf1, 0xe0, 0x3c, 0x80, 0x3e, 0x31, 0x28, 0x8d,
    0x68, 0x43, 0xb1, 0x19, 0x40, 0x21, 0x76, 0x44,
    0xf1, 0x9, 0xa2, 0x15, 0xf4, 0x2, 0x71, 0x4c,
    0xce, 0xd0, 0x8c, 0xc8, 0xe, 0x0, 0x22, 0x20,
    0x7, 0xfd, 0x27, 0xa0, 0x10, 0x8b, 0x40, 0x3f,
    0xc4, 0xb4, 0x20, 0x12, 0x3, 0x80, 0x7f, 0x8b,
    0x10, 0x3, 0x78, 0x90, 0x7, 0xff, 0x10, 0x55,
    0x80, 0x32, 0x2a, 0x98, 0x3, 0xfc, 0x94, 0x1,
    0x8e, 0xa9, 0x6, 0xe0, 0x1f, 0xd, 0x90, 0x6,
    0x7f, 0xfb, 0x4, 0x3, 0xe0,

    /* U+5EA6 "度" */
    0x0, 0xff, 0xe8, 0xa7, 0x18, 0x7, 0xff, 0x15,
    0x2, 0x0, 0x3f, 0xcf, 0xff, 0xf0, 0xa7, 0xff,
    0xb8, 0x3, 0xa2, 0x3f, 0xf8, 0x60, 0x1c, 0xef,
    0x24, 0xab, 0xbe, 0xa0, 0x77, 0x30, 0x7, 0x9,
    0x11, 0x45, 0x88, 0xbb, 0x88, 0x82, 0x1, 0xd3,
    0xba, 0x90, 0xbd, 0xdc, 0xd, 0xba, 0xa0, 0xe,
    0x9e, 0xe5, 0x5, 0xf7, 0x60, 0x7e, 0xe5, 0x0,
    0x70, 0x8e, 0x6, 0x11, 0xc0, 0x1, 0x18, 0x2,
    0xf0, 0xf, 0x6f, 0xfe, 0x0, 0xfe, 0x10, 0x9,
    0x6e, 0xfe, 0xa0, 0xf, 0x11, 0x8a, 0x21, 0x40,
    0x3e, 0x63, 0x0, 0xe1, 0x62, 0xbb, 0xff, 0xb0,
    0x40, 0x32, 0x91, 0xff, 0xa, 0xff, 0xf4, 0x84,
    0x88, 0x4, 0x22, 0xe0, 0x0, 0xea, 0x61, 0x0,
    0xcc, 0xa1, 0x80, 0x32, 0x2, 0x0, 0x47, 0x81,
    0xb5, 0xcf, 0x6e, 0x1, 0xde, 0x26, 0x0, 0x24,
    0xa1, 0x5, 0x3, 0xc4, 0x0, 0xc2, 0xae, 0x19,
    0xfb, 0x68, 0xb9, 0xf6, 0x8d, 0x7f, 0xd6, 0x3,
    0x76, 0x8, 0xac, 0xfc, 0x83, 0x4, 0x9e, 0xda,
    0x9e, 0x0,

    /* U+5F00 "开" */
    0x18, 0x8f, 0xfe, 0x21, 0x81, 0xbb, 0xff, 0xf1,
    0x14, 0xb, 0xfe, 0xe0, 0x8f, 0xfe, 0x6, 0xff,
    0x98, 0x3, 0xff, 0xfe, 0x0, 0x55, 0xce, 0x1a,
    0xab, 0xc0, 0x4a, 0xb8, 0x2e, 0xaa, 0x90, 0x5a,
    0xae, 0x4, 0xaa, 0xc1, 0xfd, 0xd5, 0x85, 0x77,
    0x70, 0x37, 0x76, 0x1, 0x1c, 0x40, 0xc2, 0x3c,
    0x0, 0x11, 0xc0, 0x1d, 0xe0, 0x60, 0x1f, 0xfc,
    0x47, 0x40, 0xf, 0xfe, 0x23, 0x8f, 0x0, 0x7f,
    0xf0, 0xca, 0x9, 0x40, 0x3f, 0xf8, 0x45, 0x81,
    0xc0, 0x1f, 0xfc, 0x25, 0xd1, 0xb3, 0x0, 0xff,
    0xe1, 0x31, 0x62, 0x0, 0x7f, 0xf0, 0xcf, 0x4c,
    0x3, 0xfb, 0xe4, 0x3, 0x80,

    /* U+5F0F "式" */
    0x0, 0xff, 0x3d, 0x1, 0x30, 0x7, 0xff, 0xb,
    0x50, 0x1e, 0x6c, 0x3, 0xff, 0x88, 0xb8, 0xb8,
    0x1, 0x8, 0xff, 0x0, 0x8c, 0x5b, 0x40, 0xe,
    0xef, 0xf2, 0x87, 0x75, 0x93, 0xe1, 0x73, 0x3f,
    0xca, 0x11, 0x33, 0xc0, 0xac, 0xdf, 0xd8, 0xa,
    0xcd, 0xc0, 0x1f, 0xf1, 0x3, 0x0, 0x78, 0x6a,
    0xbf, 0x33, 0x81, 0x0, 0x78, 0xdd, 0xe5, 0x53,
    0xbd, 0xc4, 0x1c, 0x1, 0xe2, 0xdd, 0x98, 0x77,
    0x68, 0x11, 0x10, 0x7, 0xff, 0x15, 0x5c, 0x3,
    0xff, 0x8a, 0x64, 0x20, 0x1f, 0xfc, 0x4c, 0x4,
    0x0, 0x88, 0x3, 0xfc, 0x42, 0x81, 0xe0, 0x16,
    0x98, 0x7, 0xc, 0x5f, 0xea, 0x83, 0x29, 0x0,
    0x83, 0x9b, 0xd6, 0xb0, 0x3b, 0xd6, 0x81, 0x61,
    0x20, 0xa0, 0xb5, 0x8, 0xd1, 0x9f, 0x90, 0x80,
    0x2, 0x74, 0xc9, 0x21, 0xbd, 0xeb, 0x73, 0x0,
    0xfa, 0x1c, 0x8e, 0x40,

    /* U+5F53 "当" */
    0x0, 0xfb, 0x28, 0x3, 0xe4, 0xd2, 0x0, 0xc4,
    0x20, 0x18, 0xbd, 0xd4, 0xf8, 0x3, 0xfd, 0x0,
    0xa3, 0x66, 0xa0, 0x1f, 0x89, 0x58, 0x81, 0x4a,
    0xc0, 0x3f, 0x40, 0x40, 0x5, 0x0, 0x40, 0x1e,
    0x35, 0x91, 0x0, 0x97, 0x88, 0x3, 0xc7, 0xac,
    0x0, 0x4c, 0xcf, 0xa, 0x66, 0x5d, 0x98, 0x60,
    0x77, 0xf2, 0x21, 0xdf, 0x8f, 0x92, 0xef, 0xff,
    0x81, 0x40, 0x1f, 0xfc, 0x73, 0x55, 0xff, 0x90,
    0x2, 0x8a, 0xaf, 0xfe, 0x0, 0x5, 0x5b, 0xbf,
    0xf6, 0x0, 0x42, 0x45, 0xff, 0xc0, 0x0, 0xff,
    0xe3, 0x5f, 0xff, 0xff, 0x3, 0x80, 0x1a, 0xef,
    0xff, 0xc0, 0x60, 0x3, 0x44, 0x7f, 0xf0, 0x40,
    0x0,

    /* U+6062 "恢" */
    0x0, 0x91, 0x0, 0x1c, 0xa4, 0x1, 0xff, 0x7f,
    0x80, 0x3a, 0x90, 0x3, 0xff, 0x8a, 0x40, 0x40,
    0x1f, 0xfc, 0x7, 0x92, 0xff, 0x68, 0x5f, 0xff,
    0xb4, 0x0, 0x9a, 0xe, 0xaa, 0x88, 0x20, 0x44,
    0x7d, 0x60, 0x2, 0x10, 0x5, 0xd9, 0xdc, 0x64,
    0xef, 0x59, 0xbb, 0x98, 0x1, 0xcc, 0x0, 0x53,
    0x10, 0x37, 0x0, 0x8c, 0x3, 0xc7, 0xa0, 0x2,
    0x81, 0x4, 0xd3, 0x70, 0x3, 0x84, 0xa8, 0x1,
    0xc, 0x2, 0x70, 0x30, 0x44, 0x61, 0x0, 0x83,
    0x8, 0x2, 0x10, 0x3, 0x90, 0xf, 0x4d, 0x80,
    0x8c, 0x10, 0x0, 0xe0, 0x1e, 0xa5, 0x4, 0xb2,
    0x10, 0xb4, 0x0, 0xfe, 0x32, 0xe5, 0x3, 0xf3,
    0x6, 0xd0, 0xf, 0xe8, 0x14, 0x7b, 0x4, 0x21,
    0x86, 0x0, 0xfc, 0x88, 0x80, 0x25, 0x32, 0x6,
    0x60, 0x7, 0xe1, 0xa3, 0x60, 0xa, 0x4a, 0x24,
    0x3, 0xfc, 0xbc, 0x1, 0x2a, 0xad, 0xc2, 0x40,
    0x3f, 0xd, 0x90, 0x1, 0x69, 0x18, 0x2d, 0x9c,
    0x3, 0xfc, 0x57, 0x47, 0x60, 0x5, 0x68, 0xa0,
    0xf, 0xe3, 0x68, 0xc0, 0xd, 0x32, 0x20, 0xd,
    0x76, 0x0, 0x87, 0x5c, 0x3, 0xcd, 0x0,

    /* U+606F "息" */
    0x0, 0xff, 0xe8, 0x6d, 0x80, 0x7f, 0xf1, 0x10,
    0xb4, 0x3, 0xfe, 0x1f, 0xfd, 0x61, 0x3f, 0xfc,
    0x20, 0x1c, 0x61, 0x17, 0x7f, 0x98, 0x3, 0xf8,
    0x59, 0xbf, 0x8, 0x7, 0xf4, 0xee, 0xfe, 0x70,
    0xf, 0xea, 0xff, 0xfd, 0x20, 0x1f, 0xc4, 0x67,
    0xfb, 0x80, 0x3f, 0xa3, 0x33, 0xf3, 0x80, 0x7f,
    0x57, 0xff, 0xe9, 0x0, 0xfe, 0xbd, 0xdf, 0xd0,
    0x1, 0xf1, 0x55, 0xc4, 0x28, 0x2e, 0x22, 0xba,
    0x10, 0xe, 0x15, 0x66, 0x2a, 0x8f, 0x55, 0x73,
    0xb8, 0x3, 0x37, 0xf, 0xc0, 0x16, 0xa5, 0x0,
    0x4f, 0xa, 0x1, 0x5a, 0x8, 0x6, 0x39, 0x71,
    0x7, 0x44, 0x58, 0x82, 0x97, 0x80, 0x79, 0xb4,
    0x4a, 0x12, 0x6, 0x42, 0xd, 0x1, 0xd5, 0x9b,
    0xd0, 0x8, 0x6b, 0xe1, 0x9c, 0x0, 0xf3, 0x99,
    0xf2, 0xb8, 0x85, 0x38,

    /* U+60C5 "情" */
    0x0, 0x94, 0x80, 0x3c, 0x2c, 0x20, 0x1f, 0xd4,
    0x80, 0x26, 0x79, 0x25, 0xcc, 0xf0, 0x80, 0x7c,
    0xb9, 0x9a, 0x82, 0x73, 0x34, 0x80, 0x77, 0xd2,
    0x7f, 0xec, 0xb, 0xff, 0xd0, 0x0, 0x98, 0xe,
    0x53, 0xcf, 0xfb, 0x2, 0xff, 0xf0, 0x4, 0x5e,
    0x2, 0xb5, 0xbb, 0xa8, 0x27, 0x77, 0x0, 0x4c,
    0x40, 0x8, 0xf4, 0x77, 0x88, 0x39, 0xdf, 0x28,
    0x0, 0x9c, 0x0, 0x5b, 0x33, 0xac, 0xd2, 0x67,
    0x89, 0x0, 0x80, 0x2b, 0xcc, 0xff, 0xe0, 0x12,
    0xc8, 0x7, 0x3f, 0xff, 0xf4, 0x80, 0x5, 0x80,
    0x3c, 0x3b, 0xbf, 0x8, 0x7, 0xfc, 0x23, 0xf8,
    0x3, 0xff, 0x83, 0x99, 0xf0, 0x80, 0x7f, 0xc3,
    0xff, 0xf1, 0x0, 0x7f, 0xc3, 0xdd, 0xf1, 0x0,
    0x7f, 0xf0, 0x37, 0x7e, 0x10, 0xf, 0xf8, 0x4c,
    0xff, 0x0, 0x7f, 0xf1, 0x9, 0x54, 0x62, 0x1,
    0xff, 0xc4, 0xab, 0x2b, 0x0, 0x0,

    /* U+6240 "所" */
    0x0, 0xf8, 0x58, 0x40, 0x3c, 0x70, 0x40, 0x18,
    0xd6, 0x33, 0xa6, 0x0, 0x51, 0xeb, 0xb1, 0xec,
    0x2, 0xdc, 0xa5, 0x68, 0xc9, 0x5e, 0xb8, 0x66,
    0x57, 0x48, 0x6, 0x4f, 0xda, 0x73, 0x0, 0xaf,
    0xf2, 0x14, 0x40, 0x38, 0x40, 0x3f, 0x38, 0x7,
    0xf9, 0x7f, 0xf8, 0x3, 0xff, 0x84, 0x73, 0x32,
    0x80, 0x80, 0x7f, 0xf0, 0x59, 0xb6, 0x0, 0x6c,
    0xff, 0xf2, 0x80, 0x7f, 0xf0, 0x1a, 0x20, 0x81,
    0x10, 0x70, 0x8, 0x4c, 0xee, 0x0, 0xd4, 0xee,
    0xc0, 0x77, 0x10, 0x4, 0x99, 0x93, 0x80, 0xc,
    0x4, 0x3, 0xf8, 0xd7, 0x77, 0x84, 0x40, 0x60,
    0x1f, 0xc2, 0x45, 0xe0, 0xf0, 0x10, 0xf, 0xf7,
    0x80, 0x78, 0xc8, 0x3, 0xf8, 0x80, 0x80, 0x3c,
    0xae, 0x1, 0xfc, 0xe0, 0xe0, 0x1c, 0x83, 0xe0,
    0x1f, 0xd8, 0x4, 0x1, 0xde, 0xa, 0x1, 0xfc,
    0xea, 0x1, 0xc8, 0x87, 0x0, 0xff, 0x27, 0x0,
    0x73, 0x9c, 0x0, 0x7f, 0xa9, 0x0, 0x38, 0xf0,
    0x3, 0x9f, 0xc0, 0x20,

    /* U+626B "扫" */
    0x0, 0xda, 0xa0, 0x1f, 0xfc, 0x42, 0x20, 0x7,
    0xff, 0x22, 0xff, 0xff, 0x68, 0x7, 0xef, 0x99,
    0xf8, 0xc0, 0x1f, 0xf0, 0x47, 0xf9, 0x19, 0xbe,
    0x50, 0x4, 0xc4, 0x1, 0x22, 0x0, 0x1f, 0xf3,
    0x3b, 0x83, 0x1d, 0xc0, 0x1f, 0xfd, 0x83, 0x88,
    0xf9, 0x0, 0x3d, 0x95, 0xca, 0xef, 0xf1, 0x0,
    0x1e, 0xb8, 0x11, 0x98, 0xff, 0xff, 0x30, 0x2,
    0x1d, 0xc1, 0x19, 0x2, 0x1, 0xfe, 0xed, 0x90,
    0xf, 0xfe, 0x18, 0x80, 0x7f, 0xf7, 0x91, 0x57,
    0xe2, 0x0, 0x12, 0xb0, 0x8, 0x2, 0x2a, 0xbe,
    0x40, 0xa, 0xa4, 0xdc, 0x1, 0xbd, 0xdf, 0x30,
    0x0, 0xbf, 0xd8, 0x20, 0x1, 0x1f, 0xd3, 0xa0,

    /* U+62D6 "拖" */
    0x0, 0x9a, 0xc0, 0x30, 0xd9, 0x80, 0x7f, 0xdc,
    0xa0, 0x19, 0x10, 0x20, 0x1f, 0xfc, 0x59, 0x32,
    0x0, 0xff, 0xe2, 0x19, 0xdf, 0xff, 0x8c, 0x33,
    0xc, 0x39, 0x61, 0x5, 0x55, 0x4d, 0x57, 0x10,
    0x33, 0xc, 0x18, 0x99, 0x25, 0x54, 0x92, 0x2a,
    0xb8, 0x42, 0xa8, 0xa3, 0x57, 0x2a, 0x24, 0x1,
    0xe1, 0x0, 0xfc, 0x55, 0x4b, 0x50, 0x8, 0x9f,
    0xb8, 0x1, 0xfc, 0xa0, 0x19, 0x2, 0x61, 0x40,
    0x3e, 0x18, 0xc0, 0xa, 0xfa, 0x81, 0xff, 0xc0,
    0x19, 0x25, 0x81, 0x95, 0xb0, 0x49, 0xb0, 0x30,
    0x3, 0x86, 0xdc, 0xc3, 0xa7, 0x1c, 0x26, 0x8,
    0x3, 0xe1, 0xce, 0x51, 0x0, 0x55, 0x88, 0x7,
    0x84, 0x3, 0x18, 0x7, 0xff, 0x6, 0x60, 0x80,
    0x3f, 0xf8, 0xbe, 0xbe, 0x1, 0xff, 0xc2, 0x1c,
    0x56, 0x82, 0xd3, 0x0, 0xff, 0xe0, 0x98, 0x80,
    0x4, 0x80, 0x8, 0xe8, 0x1, 0xc5, 0x4e, 0xcd,
    0xd4, 0x6, 0x5, 0x5, 0x0, 0x1b, 0xc6, 0x62,
    0x39, 0xa8, 0x0,

    /* U+62DF "拟" */
    0x0, 0x9f, 0x80, 0x21, 0x20, 0xf, 0x2a, 0x80,
    0x3f, 0xd3, 0x80, 0x1e, 0x9e, 0x0, 0xff, 0xe0,
    0x1f, 0x10, 0x7, 0xff, 0x14, 0xcd, 0x0, 0x10,
    0x88, 0x2, 0xef, 0x81, 0xfc, 0x0, 0xd6, 0xa2,
    0x0, 0x32, 0x0, 0xa2, 0x8, 0x11, 0x40, 0x19,
    0x82, 0x40, 0x3, 0xe0, 0x13, 0x3e, 0xb, 0xb0,
    0x7, 0x33, 0x0, 0x40, 0x40, 0x3f, 0xf8, 0x5a,
    0x26, 0x40, 0x40, 0x1f, 0xfc, 0x24, 0x93, 0x60,
    0x60, 0xf, 0xc, 0xe0, 0x7, 0x98, 0x34, 0x8,
    0x2, 0x49, 0x90, 0x3a, 0x80, 0x7e, 0x32, 0x0,
    0x86, 0xd8, 0xc3, 0xa4, 0x3, 0x8c, 0x81, 0x8,
    0xc0, 0x3, 0x7f, 0x42, 0x1, 0xe7, 0xc5, 0x50,
    0x2, 0x0, 0x24, 0x0, 0xf8, 0x6e, 0x1d, 0xdc,
    0x30, 0x84, 0x1, 0xfc, 0x40, 0x95, 0x6, 0x8c,
    0xc0, 0xa0, 0xf, 0xc6, 0xa5, 0xaa, 0x1e, 0x12,
    0x2a, 0xc0, 0x1f, 0x9d, 0x34, 0x82, 0x8e, 0x44,
    0x3c, 0x54, 0xd, 0x74, 0x2, 0x4b, 0x0, 0x52,
    0xa9, 0x80, 0xa, 0x1a, 0xd, 0x49, 0x20, 0x1e,
    0xe5, 0xa0, 0xd, 0xb0,

    /* U+62E9 "择" */
    0x0, 0x9b, 0xc0, 0x3f, 0xf8, 0xc2, 0x1, 0x17,
    0xff, 0xf6, 0x80, 0x7f, 0x14, 0x98, 0xcc, 0xe7,
    0x7, 0x0, 0xff, 0x37, 0x8, 0x99, 0xa4, 0x1b,
    0x0, 0xf, 0xfa, 0x3, 0xfc, 0xa0, 0x53, 0xc,
    0x38, 0x7a, 0x20, 0x1, 0x88, 0x20, 0x44, 0x1c,
    0x0, 0xd1, 0x3e, 0x58, 0x60, 0x19, 0xdd, 0x80,
    0xee, 0x20, 0x0, 0xf0, 0x9, 0xb8, 0x7, 0xff,
    0x0, 0xe7, 0x9e, 0x70, 0x6f, 0x18, 0x40, 0x3f,
    0x56, 0x24, 0x73, 0x8e, 0x50, 0x4f, 0x10, 0x7,
    0x57, 0xfa, 0xf5, 0xc2, 0x30, 0x17, 0x36, 0xc8,
    0x5e, 0xe0, 0x1e, 0x10, 0x19, 0xa5, 0x16, 0x6c,
    0x80, 0x8, 0x74, 0xd, 0x71, 0xd9, 0x98, 0xc2,
    0x66, 0xe0, 0x0, 0xf6, 0x60, 0x3, 0x4f, 0xfc,
    0xc3, 0xff, 0x50, 0x4, 0x20, 0x1e, 0x11, 0xc0,
    0x23, 0xe0, 0xf, 0xd5, 0xdd, 0x98, 0x3b, 0xb8,
    0x80, 0x3e, 0x9b, 0xbc, 0x81, 0x77, 0xc4, 0x6,
    0xd8, 0x1, 0x1a, 0x26, 0x21, 0x44, 0xe0, 0x3,
    0x4a, 0xb8, 0x7, 0xff, 0x11, 0x7f, 0xa0, 0x3,
    0xe8, 0xf0, 0xf, 0x0,

    /* U+636E "据" */
    0x0, 0x96, 0xc0, 0x3f, 0xf8, 0xc4, 0xa0, 0x15,
    0xff, 0xff, 0x38, 0x7, 0xf8, 0xaa, 0xbe, 0xf,
    0x0, 0xff, 0x32, 0xaf, 0xc2, 0x1, 0x5e, 0x48,
    0xe6, 0x8, 0x0, 0x23, 0xf0, 0x6, 0x26, 0x30,
    0x66, 0x18, 0x27, 0x77, 0xc2, 0x1, 0x4d, 0x50,
    0x6a, 0x82, 0x7, 0x77, 0x28, 0x5d, 0xd4, 0x1,
    0xfe, 0x74, 0x48, 0x85, 0x12, 0x20, 0xf, 0xe7,
    0x65, 0x58, 0x85, 0x57, 0x10, 0x6, 0x16, 0xb1,
    0x2, 0xaa, 0x94, 0x2a, 0xb3, 0x82, 0x4c, 0x82,
    0x40, 0x2, 0xdf, 0xf3, 0x8f, 0xfe, 0x51, 0xb7,
    0x30, 0xfb, 0x12, 0x10, 0xf, 0xf0, 0xef, 0x50,
    0x80, 0x4, 0xb, 0x32, 0x61, 0xcc, 0x9c, 0x0,
    0x40, 0x1c, 0xa0, 0x46, 0xa8, 0xce, 0x88, 0x2e,
    0x0, 0xfd, 0xa1, 0xa1, 0x11, 0xe2, 0x0, 0xfe,
    0x74, 0x0, 0xff, 0xe2, 0xa8, 0xe8, 0x1, 0x13,
    0xc2, 0x1, 0x23, 0xe0, 0x2, 0x5, 0x80, 0x15,
    0x77, 0xc4, 0x1, 0xc, 0xb4, 0x5, 0x40, 0x5,
    0xdf, 0xfc, 0x60, 0x12, 0xf6, 0xb0, 0x3b, 0x2,
    0xf0, 0x80, 0x76, 0x48, 0x0,

    /* U+63A5 "接" */
    0x0, 0xb9, 0xc0, 0x3c, 0xf4, 0x1, 0xff, 0xc6,
    0x45, 0x50, 0x7, 0xff, 0x5, 0xfb, 0xad, 0xa,
    0xee, 0xc8, 0x1, 0xf9, 0x21, 0xa6, 0x26, 0x50,
    0x93, 0xc, 0x9, 0xfe, 0x18, 0xf7, 0x36, 0x4d,
    0x66, 0x95, 0x42, 0xc4, 0xd, 0x10, 0x4, 0x84,
    0x0, 0x42, 0x98, 0x2, 0x9, 0x80, 0x22, 0x77,
    0xe, 0x39, 0x80, 0x11, 0x5c, 0xd, 0x24, 0x3,
    0xfc, 0x7f, 0xf2, 0xdf, 0xe0, 0x5f, 0xfb, 0x40,
    0x3e, 0x2b, 0xbc, 0x8f, 0x77, 0xdc, 0x1, 0xdb,
    0x4a, 0x89, 0x32, 0x6a, 0x27, 0x18, 0xa, 0xd0,
    0xaa, 0x1a, 0xad, 0x20, 0x5, 0x5f, 0x3, 0xd2,
    0x3, 0x70, 0x55, 0x48, 0x15, 0x5f, 0xb, 0xdf,
    0xf, 0x3, 0xff, 0x8c, 0xdf, 0xf7, 0x4, 0x7f,
    0x84, 0x48, 0x1, 0xe7, 0x3e, 0x0, 0xa4, 0x18,
    0x3, 0xfe, 0xb0, 0xc8, 0x23, 0x76, 0x10, 0xf,
    0xfb, 0x35, 0x99, 0xb8, 0x32, 0x1, 0xff, 0xc1,
    0x2b, 0x40, 0x11, 0x62, 0x0, 0x65, 0x61, 0x0,
    0x1b, 0xd7, 0x63, 0x57, 0x58, 0x5d, 0x84, 0x1,
    0xf2, 0x6a, 0xd, 0x23, 0x3b, 0x8a, 0x9, 0x92,
    0xc6, 0x0, 0xaf, 0xc2, 0x5, 0xeb, 0x72, 0x0,
    0xe6, 0xd2, 0x0,

    /* U+63CF "描" */
    0x0, 0xad, 0x40, 0x32, 0xe0, 0x4, 0x78, 0x40,
    0x1c, 0xa4, 0x1, 0x88, 0xc0, 0x31, 0x88, 0x7,
    0xf8, 0x40, 0x2, 0x33, 0x83, 0x88, 0x7, 0xed,
    0xe8, 0xe, 0xea, 0xc2, 0xfb, 0x57, 0xfc, 0x31,
    0xf3, 0xd6, 0xc1, 0x77, 0x48, 0x4d, 0xf3, 0xc4,
    0x1, 0x23, 0x4d, 0x38, 0x11, 0x25, 0x5, 0x43,
    0x27, 0x70, 0xe3, 0xa0, 0x7, 0xff, 0x1c, 0x50,
    0xe9, 0x12, 0x7a, 0x74, 0x10, 0xf, 0xa, 0x5d,
    0xaa, 0xef, 0x55, 0xd9, 0x0, 0x21, 0xae, 0x80,
    0x7, 0x74, 0xf, 0xdc, 0xb0, 0x1, 0xcf, 0x1,
    0x25, 0x0, 0x4, 0x77, 0x88, 0x80, 0x24, 0x64,
    0x8, 0xa3, 0x0, 0xff, 0xe0, 0x37, 0xd0, 0x80,
    0x77, 0xfc, 0x31, 0xfe, 0xb0, 0x0, 0x80, 0x7e,
    0xaa, 0x81, 0x6a, 0x8e, 0x1, 0xff, 0x2a, 0xc3,
    0xaa, 0xac, 0x0, 0xff, 0xe5, 0x2b, 0x8, 0x7,
    0x77, 0x43, 0x1d, 0xcb, 0x0, 0xa2, 0x49, 0x40,
    0x34, 0x45, 0x32, 0x88, 0x30, 0x5, 0xbf, 0xa4,
    0x0, 0x5e, 0x66, 0xfa, 0x7d, 0x40,

    /* U+63D0 "提" */
    0x0, 0xad, 0x80, 0x22, 0x2f, 0xe1, 0x0, 0xe5,
    0x10, 0xb, 0x77, 0xf9, 0x80, 0x3f, 0xea, 0xff,
    0xf0, 0x7, 0xff, 0x4, 0x8c, 0xfc, 0x1, 0x8e,
    0x20, 0x37, 0xc, 0x0, 0x9d, 0xdf, 0x0, 0x70,
    0x88, 0x0, 0x20, 0x15, 0xf7, 0x78, 0x3, 0x1c,
    0xc8, 0x6e, 0x58, 0x1, 0x5f, 0xfe, 0x0, 0xff,
    0xe0, 0x66, 0x7f, 0x30, 0x7, 0xf1, 0xbb, 0xff,
    0x29, 0x0, 0x75, 0xe4, 0xed, 0xdf, 0xfa, 0x0,
    0x9f, 0x4, 0xdf, 0x7b, 0xff, 0x4, 0x7f, 0xea,
    0x5, 0x81, 0x8, 0xb4, 0x9, 0x80, 0xf, 0xf2,
    0xe6, 0x88, 0x6, 0x40, 0xd, 0xaa, 0xb1, 0x80,
    0x8, 0xc0, 0x38, 0x4b, 0xc0, 0x25, 0xbb, 0xa8,
    0x3, 0xf9, 0x82, 0x80, 0x28, 0xee, 0xa4, 0x3,
    0xf0, 0xcb, 0x8d, 0x88, 0x7, 0xf3, 0x30, 0x40,
    0x14, 0x13, 0xad, 0xc1, 0x8c, 0xab, 0x80, 0x15,
    0x26, 0xa8, 0xba, 0x22, 0xd9, 0x45, 0x9a, 0xaa,
    0xc0, 0x19, 0xf8, 0x49, 0xc6, 0x1, 0x35, 0xf7,
    0xfe, 0xe0,

    /* U+64CD "操" */
    0x0, 0xad, 0x80, 0x3f, 0xf8, 0xca, 0x20, 0x1b,
    0xbf, 0xfc, 0x80, 0x1f, 0xfc, 0x17, 0xdd, 0xac,
    0x3, 0xff, 0x87, 0xe4, 0x53, 0x0, 0x71, 0x77,
    0x6, 0x39, 0x0, 0x29, 0xdd, 0xbc, 0x3, 0x8e,
    0x64, 0x9, 0x2c, 0x0, 0xdd, 0x77, 0x6c, 0x40,
    0x8, 0x5d, 0xc3, 0x8e, 0x5b, 0xdb, 0xb0, 0xf6,
    0xeb, 0xb8, 0xa0, 0x1f, 0x8e, 0x37, 0x42, 0x7,
    0x1b, 0xa1, 0x0, 0xff, 0x11, 0x90, 0x4, 0x46,
    0x61, 0x0, 0xe1, 0xaf, 0x50, 0x35, 0x40, 0x8,
    0xd5, 0x42, 0x0, 0x29, 0xe0, 0x37, 0x72, 0xdc,
    0xc8, 0xdc, 0xae, 0x64, 0x62, 0x0, 0x77, 0x4,
    0xc1, 0x5e, 0x66, 0xaf, 0xcc, 0xc8, 0x5, 0xd2,
    0x20, 0x2, 0xee, 0xe0, 0xde, 0xee, 0x0, 0xf8,
    0xae, 0xe7, 0x10, 0x12, 0xbb, 0xc0, 0x1f, 0x95,
    0x44, 0xce, 0x10, 0x78, 0xab, 0x0, 0x7e, 0x4d,
    0x89, 0x80, 0x4c, 0x7e, 0x60, 0x8, 0xd4, 0x40,
    0xf6, 0xdb, 0x58, 0x2, 0x3f, 0x49, 0xd1, 0x6,
    0xa2, 0x53, 0xac, 0xb2, 0x0, 0xe1, 0xac, 0xf1,
    0x5, 0xfd, 0x20, 0x73, 0x0, 0xfe, 0x32, 0x0,

    /* U+6536 "收" */
    0x0, 0xe1, 0x10, 0x4, 0x68, 0x1, 0xff, 0xc0,
    0x9e, 0x0, 0xa6, 0x80, 0x3f, 0x39, 0x0, 0x7c,
    0xea, 0x1, 0xf0, 0xc2, 0x0, 0x78, 0x4b, 0x0,
    0x3f, 0xf8, 0x8e, 0x11, 0xff, 0xe1, 0x0, 0xfe,
    0xa1, 0x88, 0xc0, 0x70, 0x20, 0x1f, 0x8c, 0xe7,
    0x79, 0x82, 0x9c, 0x3, 0xfa, 0x0, 0x88, 0x0,
    0x50, 0x50, 0xf, 0xe6, 0x47, 0x15, 0x0, 0x60,
    0x18, 0x7, 0xf8, 0xa1, 0xa8, 0x0, 0xaa, 0x0,
    0xff, 0x36, 0x5, 0x12, 0x11, 0x3c, 0x3, 0xf0,
    0x80, 0x4, 0x8, 0xfe, 0xc1, 0x40, 0x3b, 0xe7,
    0x98, 0x3, 0xa5, 0x19, 0xc0, 0x33, 0x3, 0x31,
    0xd4, 0x3, 0x94, 0x42, 0x40, 0x38, 0xa7, 0xe4,
    0x80, 0x39, 0x84, 0x20, 0x3, 0x3e, 0xb0, 0x7,
    0xcb, 0x2a, 0xec, 0xe0, 0x1f, 0xfc, 0x8, 0xa4,
    0xa8, 0x58, 0x90, 0xf, 0xe2, 0xd7, 0x5b, 0x0,
    0x52, 0xb6, 0x88, 0x7, 0xc4, 0xd5, 0x40, 0xd,
    0x53, 0x42,

    /* U+653E "放" */
    0x0, 0xcf, 0x0, 0x1e, 0xa7, 0x0, 0xff, 0x9c,
    0x40, 0x39, 0x7c, 0x3, 0xfc, 0xc0, 0x80, 0x19,
    0x3, 0x40, 0x3c, 0x33, 0x34, 0x26, 0x4c, 0x98,
    0x30, 0x1c, 0x47, 0x80, 0x8, 0x86, 0x69, 0x12,
    0xc0, 0x50, 0xde, 0xee, 0x31, 0xdd, 0x1a, 0x6e,
    0xea, 0x22, 0x2d, 0x54, 0x27, 0x44, 0x1, 0xfe,
    0xb0, 0x2, 0xac, 0x28, 0xa2, 0x1, 0x99, 0xde,
    0x61, 0x60, 0x40, 0x1, 0x86, 0x0, 0x78, 0xa2,
    0x2b, 0xb0, 0x48, 0x90, 0x20, 0x28, 0x7, 0x97,
    0xfc, 0xc0, 0x7, 0x60, 0x50, 0xb4, 0x10, 0xe,
    0x10, 0x8, 0xc6, 0xa0, 0x16, 0x88, 0xf4, 0x3,
    0xc6, 0x40, 0x1f, 0x71, 0x78, 0x30, 0x7, 0x8,
    0xb8, 0x0, 0x2e, 0x1, 0x21, 0x11, 0xc0, 0x3c,
    0x80, 0xa0, 0x7, 0x0, 0xfb, 0xc0, 0x3d, 0xe2,
    0x60, 0x1, 0x10, 0x5, 0x64, 0x70, 0x80, 0x18,
    0xd6, 0x40, 0x22, 0x20, 0xe, 0x25, 0x69, 0x5a,
    0x0, 0x5c, 0x2e, 0x6a, 0xe1, 0xef, 0xc5, 0x6a,
    0x3e, 0x57, 0x22, 0x47, 0xa0, 0xd5, 0x6, 0xb2,
    0xbe, 0x80, 0x2, 0xc5, 0x41, 0x2e, 0x30, 0x5f,
    0xf6, 0x17, 0xd0, 0x80, 0x61, 0xad, 0x0,

    /* U+6570 "数" */
    0x0, 0x10, 0x3, 0x18, 0x4, 0x80, 0xa, 0xe0,
    0x1f, 0xe, 0xa0, 0x10, 0x85, 0xf0, 0x3, 0xec,
    0x3, 0xe1, 0x78, 0x0, 0x8d, 0x78, 0x0, 0xea,
    0x1, 0xf0, 0xe2, 0x88, 0xbd, 0xa0, 0xc4, 0xb,
    0x0, 0x3c, 0x3d, 0x6d, 0xc0, 0xf5, 0x1d, 0x8,
    0x15, 0xff, 0xb8, 0x7, 0x76, 0x30, 0x3, 0xee,
    0xa3, 0x42, 0x22, 0x4, 0x80, 0x1, 0x12, 0xc8,
    0x15, 0xb8, 0x5, 0xc1, 0x9d, 0xc1, 0xac, 0x0,
    0x2c, 0x7d, 0x1d, 0xf7, 0x95, 0x10, 0x40, 0x30,
    0x50, 0x0, 0xe0, 0xe1, 0x98, 0x6, 0xea, 0xd,
    0x30, 0x14, 0xc, 0x0, 0x3b, 0xa2, 0x5a, 0x70,
    0x1, 0x12, 0x31, 0xc3, 0x10, 0x3, 0x91, 0x17,
    0x88, 0x85, 0x1e, 0x45, 0x14, 0x5d, 0x0, 0xd3,
    0x76, 0x14, 0xbb, 0x54, 0x8, 0x11, 0xd0, 0x38,
    0x6, 0xaf, 0x26, 0xff, 0x68, 0x70, 0x5, 0x42,
    0xa2, 0x1, 0xce, 0x5a, 0x0, 0xe3, 0x40, 0x8,
    0x40, 0x3f, 0x1a, 0xdd, 0xa8, 0xb8, 0x2, 0x38,
    0x25, 0x40, 0xe, 0x4a, 0xc4, 0x52, 0x0, 0x8b,
    0x4b, 0x4e, 0x88, 0x3, 0xc, 0x61, 0xd0, 0x70,
    0x2e, 0x9e, 0x6, 0x86, 0x18, 0x2, 0xf9, 0x67,
    0x17, 0x36, 0xa8, 0x98, 0x20, 0x38, 0x18, 0x21,
    0xd7, 0xac, 0x1, 0xf, 0xcd, 0x88, 0x4, 0x5f,
    0x62,

    /* U+65B0 "新" */
    0x0, 0xff, 0xe6, 0x3f, 0x0, 0x7f, 0x95, 0x80,
    0x3c, 0xc2, 0xe0, 0x18, 0x96, 0x33, 0xea, 0x84,
    0x0, 0xbe, 0xe7, 0x84, 0x77, 0x41, 0x34, 0x88,
    0xae, 0xc2, 0x0, 0x7c, 0xad, 0xd5, 0x1d, 0x2c,
    0x0, 0xb9, 0xa, 0x20, 0x19, 0x12, 0x75, 0x58,
    0x14, 0x3, 0xff, 0x80, 0x62, 0x80, 0x27, 0xc0,
    0x1f, 0xfc, 0x5, 0x51, 0x7a, 0xd8, 0xa, 0x90,
    0x32, 0x27, 0x80, 0x6e, 0xc4, 0xf4, 0xa3, 0x76,
    0x70, 0x3b, 0xbf, 0x10, 0xf7, 0x60, 0x9e, 0xe9,
    0x41, 0x37, 0x4c, 0x1b, 0xa2, 0x0, 0xff, 0xe0,
    0x9, 0x10, 0x40, 0x88, 0x0, 0xff, 0xc1, 0x3f,
    0xf1, 0x38, 0x7, 0xf4, 0xce, 0x5, 0x99, 0x88,
    0x48, 0x3, 0xf3, 0x7, 0xb0, 0x60, 0x89, 0x80,
    0xbc, 0x3, 0xfa, 0xc4, 0x2, 0x38, 0x22, 0x1,
    0x80, 0x7e, 0x72, 0x90, 0x9, 0x11, 0x8, 0x8,
    0x1, 0xfa, 0xa4, 0x40, 0x37, 0xe6, 0xa0, 0x7,
    0xf6, 0xb1, 0xa0, 0x4, 0x84, 0x9e, 0x1, 0xff,
    0x25, 0x92, 0x0, 0x5, 0x50, 0x3, 0xf0,

    /* U+65E0 "无" */
    0x0, 0x2b, 0xbf, 0xff, 0x9, 0x80, 0x37, 0x44,
    0x7f, 0xf0, 0xc0, 0x35, 0xff, 0xf7, 0x4, 0xff,
    0xfb, 0x80, 0x3f, 0xc6, 0x6, 0x1, 0xff, 0xc5,
    0x10, 0x10, 0xf, 0xfe, 0x2b, 0x3, 0x0, 0x7f,
    0xa2, 0x3e, 0x90, 0xb8, 0x8f, 0xc0, 0x6, 0x6f,
    0x8c, 0x19, 0xd9, 0xbe, 0x0, 0x77, 0x7c, 0x2a,
    0x66, 0xee, 0xf8, 0x3, 0xf1, 0x8e, 0x0, 0x7f,
    0xf1, 0x64, 0x18, 0x3, 0xff, 0x88, 0x4a, 0xc0,
    0x1f, 0xfc, 0x5f, 0x18, 0x0, 0xfc, 0x46, 0x1,
    0xeb, 0x2a, 0x10, 0xf, 0xcf, 0x84, 0x1, 0x16,
    0x24, 0xa0, 0x7, 0xf1, 0x81, 0x0, 0xc6, 0x9d,
    0x30, 0x4, 0xe7, 0xe, 0xf4, 0x40, 0x80, 0x1a,
    0xeb, 0xaa, 0x1, 0xbc, 0x9e, 0x22, 0x70, 0x90,
    0x7, 0x6d, 0x10, 0x7, 0x26, 0xff, 0xf7, 0x20,
    0x0,

    /* U+663E "显" */
    0x0, 0xa3, 0xff, 0xff, 0x81, 0x20, 0x1f, 0xb3,
    0x3f, 0xc0, 0x1f, 0xc2, 0x67, 0xfe, 0x10, 0xf,
    0xc2, 0xab, 0xfe, 0x10, 0xf, 0xe8, 0x8f, 0xf0,
    0x7, 0xf0, 0xee, 0xff, 0x84, 0x3, 0xf0, 0xa2,
    0x7f, 0x84, 0x3, 0xfa, 0xef, 0xfc, 0x1, 0xfa,
    0x3f, 0xec, 0xef, 0xf6, 0xe7, 0xfd, 0x20, 0x1e,
    0x30, 0xb, 0x58, 0x1, 0x5a, 0x1, 0x28, 0x80,
    0x63, 0xc4, 0x0, 0xff, 0x1d, 0x38, 0x6, 0x36,
    0x90, 0xf, 0xf7, 0x23, 0x0, 0x74, 0x13, 0x80,
    0x7e, 0x93, 0xa0, 0xf, 0xb, 0xe0, 0x7, 0xc2,
    0xfa, 0x20, 0x1f, 0x45, 0x80, 0x7c, 0x3c, 0x60,
    0x18, 0xb3, 0x3c, 0x33, 0x98, 0x61, 0xcc, 0xf1,
    0x99, 0x9b, 0xca, 0x8c, 0xc4, 0x56, 0x6f, 0x8,

    /* U+66F4 "更" */
    0x6, 0x99, 0xff, 0xe2, 0x30, 0x3, 0x95, 0x7e,
    0x76, 0x55, 0xfb, 0xc0, 0x11, 0x99, 0xf2, 0xe,
    0x67, 0xd2, 0x1, 0xb7, 0xbb, 0x94, 0x7b, 0xbc,
    0xc0, 0x1c, 0x6b, 0x77, 0x8c, 0x2e, 0xf4, 0x8,
    0x7, 0xc6, 0xab, 0x98, 0x55, 0x73, 0x80, 0x7e,
    0x24, 0x4c, 0x22, 0x44, 0xca, 0x1, 0xf9, 0x6e,
    0xf2, 0x5, 0xdf, 0x0, 0x7e, 0x7f, 0xfc, 0xa3,
    0xff, 0xb8, 0x3, 0xf0, 0x99, 0xe1, 0x3, 0x3c,
    0xa0, 0x1f, 0x9b, 0x33, 0x20, 0xe6, 0x6b, 0x0,
    0xfb, 0x12, 0xbb, 0x98, 0xf, 0xdd, 0xe6, 0x0,
    0xe2, 0x1a, 0x21, 0x80, 0xa1, 0x1f, 0x0, 0x7d,
    0x49, 0x98, 0x49, 0x20, 0xf, 0xfe, 0x8, 0xe0,
    0x18, 0x7a, 0x88, 0x7, 0xf2, 0x46, 0x74, 0x2d,
    0xc2, 0x57, 0x73, 0x2a, 0x61, 0xdc, 0x21, 0x8e,
    0xe8, 0xea, 0x47, 0xde, 0xa6, 0x69, 0x1a, 0x24,
    0x42, 0x3e, 0xdc, 0x40, 0x30, 0xac, 0x56, 0x6f,
    0x7f, 0x0,

    /* U+6709 "有" */
    0x0, 0xf8, 0xe8, 0x80, 0x3f, 0xf8, 0x96, 0xa4,
    0x1, 0xfe, 0x13, 0x3e, 0x63, 0x3f, 0xf8, 0x23,
    0x33, 0x84, 0xf3, 0x3f, 0xb4, 0x23, 0x33, 0x9,
    0xe6, 0x7f, 0xb4, 0x4, 0xce, 0x61, 0x83, 0x3f,
    0xf8, 0x3, 0xd, 0x89, 0x33, 0x7c, 0xe4, 0x1,
    0xeb, 0x11, 0x4c, 0xfe, 0x85, 0x0, 0xe7, 0x50,
    0x6f, 0xff, 0xc0, 0x1e, 0x78, 0x61, 0x1, 0x1f,
    0xc0, 0x1d, 0x30, 0xb2, 0xd, 0xdd, 0xf8, 0x3,
    0xb9, 0xe8, 0x0, 0xb9, 0x9f, 0x58, 0x7, 0x3c,
    0x0, 0x46, 0x7f, 0x90, 0x3, 0xfc, 0xdd, 0xdf,
    0x80, 0x3f, 0xc7, 0x11, 0xf8, 0x3, 0xfc, 0xac,
    0xdf, 0x80, 0x3f, 0xfa, 0xc4, 0xee, 0x80, 0x10,
    0xf, 0xfe, 0x9, 0x44, 0x19, 0x1c, 0x0,

    /* U+672C "本" */
    0x0, 0xfe, 0xb8, 0x0, 0xff, 0xe3, 0x29, 0x0,
    0x7f, 0xf9, 0x9e, 0x67, 0xe1, 0x79, 0x9f, 0x94,
    0x1, 0x6c, 0xdf, 0x1, 0x33, 0x7d, 0x80, 0xc,
    0xff, 0xdc, 0xe, 0x2a, 0x4b, 0xff, 0xd2, 0x1,
    0xf4, 0x85, 0x0, 0x2d, 0x4c, 0x3, 0xfe, 0x17,
    0x62, 0x0, 0x30, 0xc0, 0x7, 0xfd, 0x41, 0x0,
    0x1a, 0x11, 0x80, 0x3f, 0x99, 0x24, 0x40, 0x33,
    0x1c, 0x90, 0x7, 0xc7, 0x28, 0xc0, 0x1e, 0xe0,
    0xc1, 0x0, 0xe3, 0xc1, 0xa0, 0xf, 0x8a, 0xc7,
    0x4, 0x2, 0x5c, 0x16, 0x89, 0x98, 0x5e, 0x66,
    0xd6, 0x2f, 0x40, 0x1a, 0x1c, 0x16, 0x6c, 0x4,
    0xcd, 0xb6, 0x86, 0x0, 0x73, 0xca, 0x7f, 0xf0,
    0xaf, 0xfe, 0x45, 0xcd, 0x0, 0x18, 0x80, 0x7f,
    0xf0, 0x8c, 0x40, 0x3f, 0xfb, 0xa0,

    /* U+6839 "根" */
    0x0, 0xd6, 0xa0, 0x1f, 0xfc, 0x64, 0x20, 0x3,
    0xff, 0xfe, 0x80, 0xf, 0xfe, 0x4, 0xcf, 0x80,
    0x3f, 0xf8, 0x4c, 0xde, 0x10, 0xd, 0xff, 0x4,
    0x7e, 0x0, 0xc, 0xfc, 0x20, 0x1a, 0x20, 0xe0,
    0x91, 0x20, 0xc, 0xcf, 0x0, 0x73, 0xbb, 0x40,
    0xdd, 0x40, 0x1d, 0xde, 0x0, 0xfb, 0x1, 0xc8,
    0x2, 0x11, 0xf8, 0x3, 0xce, 0x3, 0xc0, 0x12,
    0xaf, 0x84, 0x3, 0x94, 0xc2, 0x49, 0xc0, 0x15,
    0x5e, 0x0, 0xf7, 0x28, 0x2, 0x40, 0x2f, 0xf0,
    0xc7, 0xfd, 0x20, 0x11, 0xa5, 0x0, 0x1d, 0xc0,
    0x19, 0xe8, 0x0, 0xbc, 0xc0, 0xf, 0x42, 0x0,
    0xfd, 0x44, 0xb5, 0x45, 0x60, 0x23, 0xf0, 0xf,
    0xe3, 0x35, 0x25, 0x50, 0x0, 0x54, 0x80, 0x1f,
    0xe8, 0x6, 0x50, 0xc, 0xa0, 0x1f, 0xf2, 0x2b,
    0xa8, 0x7, 0xff, 0x4, 0xde, 0xe6, 0x8e, 0xa0,
    0x3, 0xfd, 0x61, 0x90, 0x18, 0x1a, 0x6f, 0xa2,
    0x1, 0xf9, 0x1a, 0xfe, 0xd4, 0x7, 0x22, 0x84,
    0x3, 0x7b, 0x80, 0x22, 0x50, 0x3, 0xce, 0xe0,

    /* U+6A21 "模" */
    0x0, 0x9a, 0xc0, 0x3a, 0x9c, 0x0, 0x98, 0x20,
    0x1e, 0xe4, 0x0, 0x9, 0x11, 0x34, 0x88, 0x66,
    0x52, 0x20, 0x7, 0xed, 0xd8, 0x57, 0x75, 0x1,
    0x7b, 0x80, 0x1f, 0xb7, 0x61, 0x5d, 0xd4, 0x5,
    0xee, 0x0, 0x3f, 0xce, 0x1f, 0xe1, 0x22, 0x37,
    0x91, 0x11, 0x54, 0x44, 0x0, 0x44, 0xc, 0x22,
    0x1, 0xfe, 0x7a, 0xff, 0x62, 0xf6, 0x80, 0x4e,
    0xf0, 0x33, 0x80, 0x1f, 0x77, 0xca, 0x60, 0x1c,
    0x81, 0x40, 0x10, 0x8f, 0xc0, 0x1e, 0x40, 0x2,
    0xa8, 0x0, 0xfb, 0xbe, 0x50, 0xe, 0xe0, 0x4,
    0xd8, 0x2, 0x7b, 0xbc, 0xc0, 0x18, 0x55, 0x1,
    0xcc, 0x42, 0x3b, 0xbc, 0xc0, 0x19, 0x88, 0xc0,
    0x1a, 0x39, 0x8d, 0xd0, 0xa6, 0xeb, 0x34, 0x0,
    0x33, 0x40, 0x18, 0x84, 0x60, 0x6, 0x88, 0xf0,
    0x18, 0x30, 0x4, 0x7b, 0xbb, 0x2, 0x37, 0x77,
    0x81, 0x60, 0x80, 0x47, 0xbb, 0x88, 0x44, 0xbb,
    0xb6, 0x0, 0x8, 0x3, 0x88, 0xa5, 0x28, 0x82,
    0xb9, 0x14, 0x1, 0xfc, 0x33, 0x8, 0xcc, 0x5a,
    0x80, 0xf, 0xe4, 0xae, 0x66, 0x58, 0x2, 0x9d,
    0xdd, 0x22, 0x1, 0xe7, 0x46, 0xd9, 0x0, 0xd1,
    0x88, 0x42, 0x1, 0x47, 0x81, 0xf4, 0x90, 0x7,
    0x8e, 0xac, 0x0,

    /* U+6DFB "添" */
    0x0, 0x18, 0x7, 0xff, 0x18, 0x77, 0x94, 0xd,
    0xdf, 0xfe, 0x20, 0x0, 0xe2, 0xd4, 0x2c, 0x47,
    0xfc, 0x80, 0x11, 0x5c, 0x5b, 0x7f, 0xd8, 0x13,
    0xff, 0xcc, 0x1, 0xce, 0x60, 0x19, 0x1, 0xc0,
    0x3f, 0xf8, 0x4, 0xef, 0xa4, 0x59, 0xdf, 0xc0,
    0xc, 0xb2, 0x7, 0x88, 0xc2, 0x28, 0x8f, 0x84,
    0x2d, 0x35, 0xd7, 0xfe, 0x23, 0xff, 0x60, 0x47,
    0xfc, 0x20, 0xfa, 0x7c, 0x1, 0x49, 0x78, 0x0,
    0xde, 0x10, 0x3, 0x8b, 0x24, 0x1, 0xd, 0x3,
    0x0, 0x8, 0x4b, 0x50, 0xf, 0x86, 0xdd, 0xf8,
    0x40, 0x16, 0x95, 0x41, 0x0, 0xe8, 0x49, 0xa0,
    0xf, 0x19, 0xa1, 0x84, 0x2, 0x4c, 0x8e, 0x4d,
    0x20, 0xb, 0x4c, 0x1c, 0x70, 0x3, 0x78, 0x8d,
    0x66, 0x40, 0x13, 0x51, 0xbc, 0x88, 0x4, 0x49,
    0x40, 0x4d, 0x20, 0x1b, 0x9c, 0x20, 0x60, 0x2,
    0xb0, 0x61, 0xf3, 0x50, 0xc, 0x82, 0x81, 0xc,
    0x40, 0x2c, 0xc1, 0x12, 0xe8, 0x7, 0xc, 0x28,
    0x33, 0xc, 0x20, 0x2c, 0x1, 0x2, 0x69, 0xa0,
    0x20, 0xe2, 0x0, 0x91, 0xb, 0x82, 0x0, 0xd7,
    0x67, 0x50, 0xf, 0xe2, 0x70, 0xe, 0x8f, 0xf5,
    0x0, 0x7e,

    /* U+6E05 "清" */
    0x0, 0x18, 0x7, 0xe6, 0xc0, 0xf, 0x87, 0x79,
    0x0, 0x8c, 0xf7, 0x99, 0xf8, 0x0, 0x3e, 0x96,
    0xf7, 0x99, 0x98, 0x33, 0x39, 0x0, 0x3, 0x52,
    0xd3, 0xff, 0x9c, 0x3f, 0xf9, 0x0, 0x33, 0x9,
    0x7f, 0xe7, 0xf, 0xfd, 0x60, 0x1, 0x0, 0xc5,
    0xbb, 0x98, 0x37, 0x75, 0x0, 0xfe, 0x18, 0x12,
    0xbb, 0xe3, 0x7, 0x7c, 0x8a, 0x34, 0x58, 0xed,
    0x33, 0xcc, 0x73, 0x3e, 0x4, 0xe5, 0x4, 0xcc,
    0xff, 0xe0, 0x80, 0x54, 0xe0, 0xc, 0xff, 0xfe,
    0x60, 0xf, 0xe5, 0xdd, 0xf8, 0x3, 0xea, 0x30,
    0x0, 0x80, 0x7f, 0xf0, 0x49, 0x50, 0x0, 0x9b,
    0xbf, 0x0, 0x7a, 0xc1, 0x80, 0xb, 0xff, 0xf0,
    0x7, 0xb, 0x28, 0x80, 0x17, 0xbb, 0xe0, 0xe,
    0x90, 0x80, 0x9, 0x37, 0x7e, 0x0, 0xc2, 0xe8,
    0x40, 0x10, 0x99, 0xfc, 0x1, 0x98, 0x3c, 0x3,
    0xf8, 0xd5, 0x40, 0x19, 0xe1, 0x0, 0x3f, 0x96,
    0xec, 0x8e, 0x0,

    /* U+70B9 "点" */
    0x0, 0xfd, 0xc, 0x1, 0xff, 0xc5, 0x6c, 0x0,
    0xff, 0xe3, 0x3b, 0xfe, 0x30, 0xf, 0xf1, 0x44,
    0x7c, 0xa0, 0x1f, 0xe5, 0xff, 0xf9, 0x80, 0x3f,
    0xf9, 0x4b, 0x77, 0xc2, 0x97, 0x7d, 0x40, 0x1d,
    0xa8, 0x1, 0x91, 0x40, 0x33, 0x20, 0x7, 0x86,
    0xef, 0xfc, 0x80, 0x1f, 0xfe, 0x11, 0xff, 0xff,
    0x30, 0x7, 0xae, 0x23, 0xff, 0x82, 0x1, 0xc4,
    0xce, 0xff, 0xe6, 0x20, 0xe, 0xbf, 0x0, 0x63,
    0x80, 0x2a, 0xc0, 0xd, 0x68, 0x1, 0x1a, 0xc8,
    0x5, 0xa0, 0xc, 0x42, 0x7, 0x4a, 0x10, 0x7,
    0x13, 0x80, 0x1d, 0xc0, 0x7, 0xb, 0x0, 0x50,
    0xd8, 0x51, 0x70, 0x4, 0x46, 0x0, 0x14, 0x50,
    0x0, 0xba, 0xd, 0x69, 0x80, 0x51, 0xe0, 0x15,
    0xe0, 0x5, 0x1c, 0x20,

    /* U+7248 "版" */
    0x0, 0x11, 0x0, 0x68, 0x80, 0x3f, 0xa, 0x10,
    0x5, 0x32, 0x3, 0x51, 0x1, 0x57, 0x8a, 0xce,
    0xe5, 0xf8, 0x7, 0xf9, 0x2a, 0x50, 0x56, 0x6b,
    0x74, 0x1, 0xff, 0xc0, 0xfc, 0xb9, 0x75, 0x20,
    0xf, 0xfe, 0x6b, 0x9b, 0x82, 0x98, 0x7, 0xff,
    0x8, 0xf2, 0x82, 0x70, 0x1, 0xdf, 0xfe, 0xb0,
    0xc, 0x9d, 0xdc, 0x0, 0x41, 0x99, 0xc2, 0x20,
    0xe, 0x11, 0xe0, 0x7, 0xb, 0x36, 0x1d, 0x0,
    0xff, 0xe0, 0x20, 0x20, 0x1, 0x1, 0x0, 0x32,
    0x7f, 0xd8, 0x6, 0x2, 0xba, 0x0, 0xd1, 0x30,
    0x9, 0xce, 0xa8, 0x80, 0x1d, 0xec, 0x0, 0x67,
    0x0, 0xc2, 0xab, 0x10, 0x0, 0x40, 0xa, 0xe,
    0xe0, 0xb0, 0xc, 0x7c, 0x1, 0xdc, 0x40, 0x7,
    0x98, 0x52, 0x0, 0x84, 0x44, 0x1, 0xc4, 0xc0,
    0x9, 0x10, 0x80, 0xc, 0xa0, 0xe0, 0x1c, 0xa6,
    0x0, 0x80, 0x2, 0x80, 0x6c, 0x12, 0x0, 0xc6,
    0x38, 0x14, 0xce, 0xb0, 0xe0, 0x13, 0x38, 0x7,
    0x58, 0x3, 0x56, 0x21, 0x4b, 0x16, 0x40, 0x94,
    0x1, 0xdc, 0xee, 0xb, 0x70, 0x5, 0x43, 0x90,
    0x51, 0x80, 0x53, 0x8d, 0x7, 0xa8, 0x1, 0x9f,
    0x0,

    /* U+73AF "环" */
    0x27, 0x7e, 0x41, 0x88, 0xff, 0x3b, 0x44, 0x77,
    0x1b, 0xbf, 0xfa, 0x93, 0xfc, 0x31, 0xf4, 0x5f,
    0xfa, 0xc2, 0x7f, 0xed, 0x0, 0xff, 0xe0, 0x70,
    0x30, 0x7, 0xff, 0xc, 0x95, 0x40, 0x1f, 0xfc,
    0x48, 0x3, 0x40, 0xe, 0x77, 0xe, 0x38, 0x80,
    0x46, 0xa0, 0x57, 0x20, 0x1a, 0x20, 0x9, 0x4,
    0x1, 0x70, 0x81, 0x4b, 0x30, 0x2, 0xff, 0xc,
    0x79, 0x80, 0x28, 0xac, 0x41, 0x96, 0x4c, 0x3,
    0xfa, 0x15, 0x94, 0x2, 0xa2, 0xd1, 0x0, 0xfa,
    0x5c, 0xe4, 0x3, 0xb8, 0x6c, 0x3, 0xed, 0x3d,
    0x0, 0xf1, 0xc4, 0x80, 0x6f, 0x65, 0x4c, 0x10,
    0xf, 0x9c, 0xc0, 0x8, 0x2f, 0x3a, 0x1, 0xff,
    0xc0, 0x3e, 0xb2, 0x8e, 0x80, 0xf, 0xfe, 0x1,
    0x3e, 0x6b, 0x88, 0x7, 0xff, 0x4, 0x64, 0xc0,
    0x3f, 0xfa, 0xe0,

    /* U+7406 "理" */
    0x7, 0x7f, 0xe, 0x77, 0x7f, 0x30, 0x2, 0x23,
    0xc4, 0x45, 0x99, 0x20, 0xcc, 0xc2, 0x20, 0x7,
    0xf9, 0xc7, 0xfc, 0x61, 0x8e, 0xef, 0x7, 0x78,
    0x3, 0xff, 0xa9, 0x1f, 0xea, 0xf, 0xf8, 0x3,
    0xff, 0x80, 0xd9, 0x88, 0xc, 0xc8, 0x3, 0x45,
    0x28, 0xd4, 0x80, 0x38, 0xcc, 0x40, 0x67, 0x0,
    0x61, 0x11, 0x80, 0x90, 0x3, 0x8c, 0xc4, 0x6,
    0x70, 0x6, 0x9b, 0x61, 0xbb, 0x0, 0x1b, 0x31,
    0x1, 0x99, 0x0, 0x7f, 0xdf, 0xdd, 0x38, 0x6f,
    0x74, 0xe0, 0x1f, 0xc2, 0x3b, 0xc0, 0xc4, 0x60,
    0xf, 0xf3, 0x36, 0xc0, 0x66, 0xc8, 0x1, 0xc2,
    0xd4, 0x53, 0x39, 0x2, 0x26, 0x6f, 0x0, 0x1c,
    0x28, 0x4b, 0xf, 0xfe, 0x80, 0xef, 0xfa, 0xc0,
    0x71, 0x9e, 0xbb, 0xc, 0x3, 0xff, 0x80, 0x39,
    0xd4, 0xa2, 0xb5, 0x5d, 0x61, 0x75, 0x59, 0x0,
    0xc0, 0x31, 0xb3, 0x70, 0x1b, 0x37, 0x8,

    /* U+7528 "用" */
    0x0, 0x99, 0xdf, 0xff, 0x82, 0xa0, 0x15, 0xc4,
    0x7f, 0xf0, 0x80, 0x32, 0xff, 0xe6, 0xf, 0xfe,
    0x50, 0xf, 0xfe, 0xea, 0xff, 0xe6, 0xf, 0xfe,
    0x50, 0xe, 0x38, 0x8c, 0x61, 0x11, 0xc4, 0x1,
    0xcc, 0xef, 0x94, 0x1d, 0xfc, 0x1, 0x8c, 0xc0,
    0x1f, 0xfc, 0x51, 0x0, 0xff, 0xe2, 0xb, 0xff,
    0xe6, 0xf, 0xfe, 0x50, 0x8, 0x81, 0x62, 0x31,
    0x84, 0x47, 0x10, 0x4, 0xe1, 0xe, 0xf9, 0x41,
    0xdf, 0xc0, 0x17, 0x89, 0x0, 0x7f, 0xf0, 0x85,
    0x5c, 0x3, 0xff, 0x87, 0x61, 0x60, 0x1f, 0x85,
    0x9a, 0x71, 0x13, 0x41, 0x0, 0x70, 0x88, 0x6,
    0x66, 0x39, 0x1c, 0x70, 0xf, 0x47, 0x0, 0x3f,
    0xee, 0x50,

    /* U+7720 "眠" */
    0x37, 0x66, 0x90, 0x1b, 0x33, 0xf8, 0x82, 0xa2,
    0x66, 0xf0, 0xe3, 0x55, 0xf3, 0x98, 0x80, 0xb,
    0xfc, 0x80, 0x10, 0xcc, 0xfb, 0xc0, 0x3f, 0xf9,
    0x66, 0xaa, 0x60, 0x8, 0x66, 0x7d, 0xe0, 0x18,
    0x6a, 0x84, 0x1, 0x95, 0x66, 0x75, 0x73, 0x10,
    0x1, 0x7f, 0x90, 0x2, 0x1c, 0xc8, 0x5f, 0x32,
    0x20, 0xf, 0xfe, 0x9, 0x80, 0x7c, 0x68, 0x87,
    0x0, 0x85, 0x56, 0x5, 0x5e, 0x0, 0xd, 0xd8,
    0xc0, 0x35, 0x54, 0x47, 0x55, 0x84, 0xb, 0xfc,
    0x80, 0x10, 0xf7, 0x4e, 0x1d, 0xd8, 0x40, 0x3f,
    0x84, 0x6d, 0x3, 0x11, 0x80, 0x6, 0x22, 0x0,
    0xfc, 0x80, 0x80, 0x1c, 0x3d, 0xc4, 0x0, 0xf8,
    0x4b, 0x40, 0xe, 0x20, 0x37, 0x74, 0x0, 0x71,
    0x1d, 0x21, 0x4, 0xa8, 0x1a, 0x24, 0x60, 0x83,
    0x7f, 0xb6, 0xe3, 0x92, 0x2b, 0x3a, 0x1, 0x9c,
    0xce, 0xbf, 0x80, 0xc2, 0x66, 0x8, 0x7, 0x9f,
    0xb2, 0x10, 0x2, 0x2c, 0xf9, 0x0,

    /* U+793A "示" */
    0x0, 0x95, 0x7f, 0xf8, 0x40, 0x1d, 0x55, 0xff,
    0xc2, 0x10, 0xd, 0xbb, 0xff, 0xc2, 0x10, 0xc,
    0x45, 0xff, 0xc2, 0x0, 0xff, 0xe5, 0x33, 0xbf,
    0xff, 0x11, 0x82, 0xa2, 0x3f, 0xf8, 0x96, 0x19,
    0xff, 0xf1, 0x97, 0xff, 0xda, 0x1, 0xff, 0xcb,
    0x7b, 0x10, 0xf, 0xd, 0x28, 0x7, 0xd2, 0xe2,
    0x1, 0xe1, 0x6a, 0x10, 0xe, 0x71, 0x90, 0xf,
    0xdc, 0x16, 0x1, 0x86, 0xd, 0x40, 0x3f, 0x13,
    0x29, 0x80, 0x54, 0x1e, 0x1, 0xfe, 0x80, 0xf0,
    0x4, 0x23, 0x98, 0x7, 0xf8, 0x5c, 0xd0, 0x51,
    0x10, 0x1, 0xff, 0xc0, 0x90, 0x21, 0xcb, 0x0,
    0xc, 0x44, 0x42, 0x1, 0xc3, 0xcc, 0x1, 0xc2,
    0xce, 0xe3, 0x90, 0xf, 0x8, 0x7, 0xdd, 0xfe,
    0xd5, 0x0, 0xfc,

    /* U+79FB "移" */
    0x0, 0xe1, 0x70, 0xe, 0x6a, 0x10, 0xf, 0x12,
    0xce, 0xf4, 0x30, 0x4, 0x92, 0x62, 0x1, 0xeb,
    0xb1, 0x11, 0xfd, 0x80, 0x9, 0x60, 0xdf, 0xf6,
    0x0, 0x53, 0xd6, 0x1c, 0x1, 0x45, 0xad, 0x54,
    0xe1, 0x60, 0x1f, 0xc3, 0xce, 0xec, 0x55, 0x3b,
    0x23, 0x80, 0x42, 0x30, 0x0, 0x45, 0x7b, 0xa9,
    0xc5, 0xc2, 0xb0, 0x8, 0x7b, 0xa0, 0x9e, 0xd5,
    0x25, 0xb3, 0xa7, 0xc0, 0xc, 0x35, 0x45, 0x5,
    0xa9, 0x4, 0xab, 0x3a, 0xe2, 0x0, 0xe5, 0x50,
    0x82, 0x3a, 0xf5, 0x85, 0xe7, 0x49, 0x80, 0x78,
    0x50, 0xf, 0xc7, 0x3e, 0x92, 0x50, 0x7f, 0xbf,
    0x40, 0x29, 0x40, 0xb0, 0xa2, 0x0, 0x53, 0x3c,
    0xc4, 0x4, 0x40, 0x1, 0x7e, 0x0, 0x4f, 0x1,
    0xea, 0xd4, 0x33, 0xc, 0x64, 0x1, 0x24, 0xa0,
    0x4, 0x44, 0xe0, 0xd6, 0x80, 0x6, 0xcd, 0x40,
    0x9e, 0xc0, 0x3b, 0x27, 0x5, 0xf4, 0xb4, 0x78,
    0x0, 0x48, 0xc0, 0x1c, 0xac, 0x9, 0xa7, 0xa7,
    0x64, 0x1, 0x58, 0x7, 0xf9, 0x80, 0x16, 0x80,
    0x1f, 0xfc, 0x14, 0xcb, 0x2d, 0x40, 0xf, 0xf9,
    0x27, 0xac, 0x6b, 0x8, 0x3, 0xff, 0x82, 0xee,
    0xcd, 0x50, 0xf, 0xfb, 0xd8, 0x13, 0xa4, 0xc0,
    0x3f, 0x80,

    /* U+7A7A "空" */
    0x0, 0xf9, 0x30, 0x80, 0x3f, 0xf8, 0x6c, 0x70,
    0x1, 0xf8, 0x95, 0x7c, 0xe2, 0xac, 0xab, 0xe2,
    0x5a, 0xaf, 0x84, 0x26, 0xab, 0xe0, 0x7, 0xff,
    0xff, 0x8, 0x3, 0xe1, 0x91, 0x0, 0x1c, 0x8,
    0x7, 0xf1, 0xe3, 0x90, 0x1, 0x99, 0xd0, 0x20,
    0xba, 0xda, 0x33, 0x83, 0xe6, 0x0, 0x5e, 0x77,
    0x7b, 0xd2, 0x85, 0xf3, 0x46, 0x8, 0x7, 0x47,
    0x24, 0x68, 0x89, 0x5b, 0x9c, 0x3, 0xf0, 0xd5,
    0xa0, 0x86, 0x7e, 0x6e, 0xff, 0xc3, 0x20, 0x12,
    0xaf, 0x88, 0x15, 0x79, 0x80, 0x31, 0xc4, 0x70,
    0xbc, 0x47, 0x18, 0x7, 0xff, 0xb1, 0x2a, 0xbe,
    0x14, 0xaa, 0xf9, 0x44, 0x7f, 0x22, 0x88, 0xfc,
    0x60,

    /* U+7A9D "窝" */
    0x0, 0xf8, 0x71, 0xc0, 0x3f, 0x84, 0x7c, 0x3,
    0x22, 0x3f, 0x3, 0xf7, 0x7c, 0x43, 0xdd, 0xf4,
    0x0, 0x37, 0x6c, 0x7d, 0xdb, 0x23, 0x37, 0x60,
    0xc, 0x41, 0x58, 0x66, 0x22, 0x35, 0x64, 0xa1,
    0x80, 0x15, 0xb7, 0x47, 0x96, 0x20, 0x5, 0xdc,
    0x38, 0xe5, 0xa2, 0x35, 0x65, 0xde, 0xef, 0x6b,
    0x32, 0x84, 0xc2, 0xa0, 0x45, 0xbb, 0xf8, 0x44,
    0xb6, 0x20, 0x18, 0x48, 0xbf, 0x8, 0x7, 0xe1,
    0xee, 0xfc, 0x20, 0x1f, 0x47, 0xfe, 0x35, 0xff,
    0xd2, 0x1, 0x91, 0x57, 0xc2, 0xca, 0xbf, 0x0,
    0x2a, 0xbe, 0x23, 0xaa, 0xf8, 0x2, 0x5f, 0xfc,
    0xa0, 0xbb, 0xff, 0x9c, 0x3, 0xe2, 0xb5, 0x93,
    0xdc, 0x40, 0xf, 0xc5, 0x7a, 0x1a, 0xd3, 0xc9,
    0x72, 0x1, 0xf1, 0x6e, 0xac, 0x80, 0x3, 0x1b,
    0xca, 0x60, 0x1e, 0x62, 0x0, 0xf1, 0x55, 0x15,
    0xc0,

    /* U+7CFB "系" */
    0x0, 0xff, 0xe0, 0x12, 0xc1, 0x80, 0x42, 0x46,
    0x8a, 0xd1, 0x37, 0xbf, 0xb4, 0xf2, 0x1, 0x5e,
    0xe5, 0xd4, 0x3b, 0xa, 0xcd, 0xf7, 0xd0, 0x5,
    0x7b, 0xae, 0xf4, 0xb, 0xa8, 0x65, 0x10, 0xe,
    0x12, 0x20, 0x62, 0x62, 0x0, 0xf, 0xf0, 0x3,
    0xe4, 0xf0, 0xf3, 0x1, 0x8c, 0x2e, 0x0, 0xf4,
    0x58, 0x97, 0xfd, 0xcf, 0x38, 0x40, 0x1e, 0xc7,
    0x8b, 0x82, 0x5, 0xe6, 0x38, 0x0, 0xf2, 0x43,
    0x94, 0x8e, 0x50, 0x80, 0xb5, 0x80, 0x70, 0xbf,
    0x54, 0xfb, 0xab, 0x3d, 0x2a, 0x58, 0x5, 0x3d,
    0x2, 0x53, 0x97, 0x57, 0x63, 0x16, 0x4a, 0x0,
    0x7b, 0x45, 0x66, 0xf3, 0x6, 0xe5, 0xd4, 0xda,
    0xa0, 0x34, 0xb9, 0x59, 0x8, 0x6, 0xa7, 0x4,
    0xd4, 0x0, 0x9a, 0x4, 0x3, 0xdb, 0x14, 0x4,
    0x1, 0x3c, 0xac, 0x80, 0x79, 0xe9, 0x70, 0x40,
    0x6a, 0x1a, 0x80, 0x3f, 0x2e, 0x17, 0x91, 0xb4,
    0x48, 0x1b, 0x31, 0x44, 0x3, 0x1e, 0x9b, 0x16,
    0x38, 0x0, 0x66, 0x45, 0x20, 0x1c, 0x7a, 0x80,
    0x1c, 0x5f, 0xee, 0x70, 0xf, 0xc0,

    /* U+7EBF "线" */
    0x0, 0xc2, 0x1, 0xe6, 0x20, 0xf, 0xe5, 0xe2,
    0x0, 0xc3, 0x2e, 0xb8, 0x80, 0x1e, 0xe2, 0x20,
    0x7, 0xca, 0x97, 0x40, 0x18, 0xd2, 0xc0, 0x3e,
    0x30, 0x8d, 0xf0, 0xd, 0x24, 0xc0, 0x1c, 0x21,
    0xed, 0x13, 0xa, 0x0, 0x35, 0x80, 0x6c, 0x1a,
    0xcf, 0x6, 0x95, 0x15, 0x60, 0x7, 0x22, 0x8c,
    0x30, 0x89, 0x60, 0x1b, 0xf6, 0xa0, 0xc2, 0x49,
    0xf7, 0x86, 0xc2, 0xe5, 0xc8, 0xc0, 0x30, 0x80,
    0xa2, 0xb0, 0x50, 0x80, 0x66, 0x62, 0xc5, 0xf7,
    0x84, 0x5c, 0x2a, 0xc0, 0x4f, 0x5a, 0x87, 0x4a,
    0x33, 0x40, 0x15, 0x1d, 0x0, 0x12, 0x19, 0x10,
    0x1f, 0xb4, 0xa0, 0x14, 0xa5, 0x3d, 0x5b, 0x7e,
    0x4f, 0x81, 0x0, 0x3a, 0x41, 0xd8, 0x22, 0x83,
    0x40, 0x32, 0x82, 0x5, 0x1f, 0x1, 0xbd, 0xf6,
    0xd3, 0x0, 0x61, 0x2d, 0xb5, 0xb3, 0x4, 0x84,
    0x10, 0x2, 0x0, 0x72, 0x21, 0x6d, 0x0, 0x31,
    0xbe, 0x7d, 0x88, 0x0, 0x65, 0x82, 0x10, 0x10,
    0x1f, 0xb2, 0x5a, 0xbc, 0x4a, 0x39, 0xa0, 0xec,
    0x1, 0xc, 0x2d, 0x9d, 0x4a, 0x17, 0xae, 0xdc,
    0xfe, 0x5b, 0x6, 0xad, 0x6, 0x1, 0xba, 0x7a,
    0x44, 0xe, 0xc1, 0xd8, 0xc0,

    /* U+7EDC "络" */
    0x0, 0xff, 0xe5, 0xc2, 0x0, 0x61, 0xf5, 0x0,
    0xfe, 0x27, 0xc0, 0xd, 0x20, 0x80, 0x1f, 0xd6,
    0x12, 0x1, 0xb, 0x87, 0x7f, 0xed, 0x0, 0x85,
    0x9c, 0x40, 0x2a, 0x9, 0x9e, 0x6, 0x0, 0xa0,
    0x64, 0x14, 0x21, 0x0, 0xc, 0xd7, 0x4, 0x80,
    0xd, 0xa0, 0x52, 0xb5, 0xdd, 0x12, 0x40, 0xaf,
    0x4, 0x3, 0xc4, 0x6d, 0x25, 0xed, 0xe, 0x99,
    0x14, 0xce, 0x0, 0x42, 0x25, 0x49, 0x71, 0x48,
    0x2, 0x85, 0xd2, 0x40, 0x25, 0xad, 0xc0, 0x83,
    0x0, 0x9f, 0xc1, 0x52, 0xcc, 0x2, 0x53, 0xe3,
    0x70, 0x29, 0xe8, 0x4e, 0xab, 0x6c, 0xc3, 0x0,
    0x28, 0xf9, 0x21, 0x19, 0x32, 0x84, 0x13, 0x68,
    0x3c, 0x6d, 0x7, 0x6d, 0x53, 0x9b, 0x3f, 0xfa,
    0x92, 0x41, 0x9, 0xef, 0xb4, 0x84, 0x49, 0x33,
    0xc2, 0x20, 0x1d, 0xd4, 0x20, 0x80, 0x62, 0x66,
    0xe0, 0xc, 0x40, 0x1, 0x5a, 0x60, 0xf, 0xfe,
    0x2, 0x46, 0xf5, 0x31, 0x0, 0x7f, 0xc9, 0x6e,
    0xea, 0xec, 0x40, 0x3, 0x7f, 0xf0, 0x80, 0x12,
    0xfe, 0x94, 0x40, 0x32, 0x4c, 0xf0, 0x6, 0x40,
    0xf, 0xb6, 0xd9, 0xbb, 0xe4, 0x0,

    /* U+7EDF "统" */
    0x0, 0xca, 0x60, 0x1e, 0x73, 0x0, 0xff, 0x5f,
    0x0, 0x7a, 0xbc, 0x3, 0xf9, 0x46, 0xc0, 0x3d,
    0x66, 0x60, 0xf, 0xd0, 0x4c, 0x0, 0xab, 0xba,
    0x86, 0x2e, 0xe9, 0x0, 0x98, 0xa0, 0xc, 0x0,
    0x22, 0x63, 0x21, 0x1c, 0x1, 0xa1, 0x14, 0xb2,
    0x2a, 0x96, 0x66, 0xca, 0xfb, 0xa9, 0x0, 0x50,
    0xf2, 0xf0, 0xc8, 0x2, 0x87, 0x80, 0x11, 0x40,
    0x12, 0x28, 0x55, 0xe, 0x4, 0x1d, 0x28, 0x80,
    0x61, 0x1c, 0x0, 0x93, 0xbc, 0x28, 0xc3, 0x30,
    0x11, 0xfe, 0xea, 0x8, 0x30, 0x3, 0x15, 0x5,
    0x0, 0x1d, 0x96, 0xaf, 0x2b, 0xbc, 0xa8, 0x2,
    0x84, 0x87, 0x93, 0xe9, 0x5f, 0x41, 0xa4, 0xc,
    0x90, 0x4, 0x38, 0x4c, 0x94, 0x3, 0x78, 0x7,
    0x8, 0x0, 0x5d, 0x23, 0x3f, 0x8, 0x4, 0x8,
    0x3, 0xf0, 0xed, 0xb9, 0x80, 0x64, 0x6, 0x0,
    0xfe, 0x20, 0x15, 0xae, 0x50, 0xf1, 0x30, 0xe,
    0x3b, 0x1, 0x7c, 0xea, 0x69, 0x45, 0x53, 0x0,
    0x79, 0xd0, 0x1, 0x1, 0x1d, 0x8f, 0x34, 0x70,
    0x0, 0x30, 0xc5, 0xe2, 0x1, 0xec, 0x71, 0x6,
    0x75, 0xd0, 0x8, 0x51, 0xa9, 0x6c, 0x0, 0x20,
    0x19, 0xb6, 0x84, 0x3, 0x5f, 0xfc, 0xc0,

    /* U+7F13 "缓" */
    0x0, 0xd0, 0xc0, 0x1e, 0x12, 0x46, 0x89, 0x0,
    0xe1, 0x7f, 0x4, 0xcd, 0xef, 0xed, 0xb8, 0x30,
    0x20, 0xc, 0xc1, 0x60, 0xb4, 0xb5, 0x8b, 0x7f,
    0xdc, 0x32, 0x0, 0xd2, 0xa4, 0x2, 0xc, 0x86,
    0xc6, 0x0, 0x81, 0x0, 0xce, 0x30, 0x8, 0xc,
    0x2a, 0xb, 0x80, 0xc5, 0x20, 0x10, 0xc3, 0x90,
    0xdc, 0xb1, 0xeb, 0x9, 0xb4, 0x1a, 0x28, 0x3,
    0x46, 0xd2, 0x86, 0xac, 0x5e, 0x55, 0x56, 0x63,
    0x7c, 0x4, 0x63, 0x96, 0x94, 0x7b, 0xa2, 0x6d,
    0xdf, 0x58, 0x13, 0x4d, 0x3, 0x22, 0xac, 0x44,
    0x55, 0xf8, 0x1, 0x2d, 0xc5, 0x21, 0x76, 0xa0,
    0x4b, 0xbf, 0x80, 0x29, 0x5f, 0x3, 0xfe, 0xb0,
    0xce, 0xef, 0x80, 0x10, 0xc7, 0xfe, 0xc4, 0x3,
    0xc, 0xff, 0xe8, 0x0, 0x9c, 0x5e, 0xaf, 0x94,
    0x2c, 0x1f, 0x32, 0xa0, 0xd0, 0xb, 0x7a, 0x9d,
    0x4, 0x8, 0xcc, 0xe2, 0x66, 0xe2, 0x50, 0x8,
    0x80, 0x6, 0xf8, 0xb0, 0x38, 0x78, 0x70, 0x9c,
    0x1, 0x92, 0x7b, 0x29, 0xd, 0x60, 0x30, 0xb1,
    0xe8, 0xc0, 0x22, 0xb7, 0x6c, 0xdb, 0x83, 0x61,
    0x72, 0x10, 0xb7, 0x20, 0x1, 0x5f, 0x41, 0x8e,
    0x9f, 0x5f, 0x4b, 0x76, 0xa4, 0x6e, 0x88, 0x10,
    0x2, 0x1a, 0xd2, 0xda, 0xe8, 0x2, 0xae, 0xab,
    0x20,

    /* U+7F51 "网" */
    0x7, 0x7f, 0xfe, 0x1c, 0x18, 0xc4, 0x7f, 0xf0,
    0xde, 0xc0, 0x11, 0xff, 0xff, 0xc1, 0x0, 0xfe,
    0x84, 0x0, 0x86, 0x4, 0x3, 0xc2, 0x1, 0x39,
    0x8, 0x0, 0x9c, 0xc0, 0x3d, 0x56, 0x4, 0x5,
    0xee, 0xa, 0x4, 0x1, 0xe9, 0x47, 0x40, 0x4b,
    0x83, 0xc4, 0x0, 0xf8, 0xa6, 0x28, 0xc1, 0x55,
    0xa9, 0x80, 0x1f, 0x99, 0x4e, 0xc0, 0x16, 0x2,
    0x80, 0x1f, 0xdc, 0x1c, 0x0, 0x16, 0x7, 0x0,
    0xfe, 0xe1, 0x64, 0x0, 0x30, 0x48, 0x7, 0xe2,
    0x58, 0x59, 0x6, 0x1b, 0x27, 0x0, 0xfa, 0x49,
    0xac, 0xa, 0x15, 0x1e, 0x40, 0x3c, 0xc9, 0x20,
    0x3b, 0x3, 0x1, 0x2c, 0x1, 0xdd, 0x2c, 0x80,
    0x7, 0x59, 0x20, 0x18, 0x0, 0xee, 0xc9, 0x0,
    0x9a, 0x58, 0x3, 0xfc, 0x60, 0x18, 0x58, 0x0,
    0x6e, 0xe8, 0xf, 0x0, 0xff, 0xe0, 0xc, 0x41,
    0x91, 0x80,

    /* U+7F6E "置" */
    0x0, 0xff, 0xe3, 0xe7, 0xff, 0xff, 0xa, 0xc0,
    0x23, 0xff, 0x70, 0x57, 0xfa, 0x43, 0xbf, 0xca,
    0x1, 0x84, 0x8a, 0x3, 0x22, 0x8, 0x19, 0x10,
    0x3, 0x39, 0x6e, 0xb0, 0x27, 0x75, 0x1, 0xbb,
    0x28, 0x5, 0x7f, 0xfe, 0x7, 0xff, 0xf5, 0x86,
    0xff, 0xfc, 0xf, 0xff, 0xf1, 0xf6, 0x67, 0x9c,
    0x2f, 0x33, 0xe3, 0x38, 0xae, 0xf2, 0x6, 0x5d,
    0xf1, 0x18, 0x4, 0x4e, 0x3f, 0xeb, 0x8f, 0xfc,
    0x4e, 0x60, 0x1e, 0xf4, 0x4f, 0xda, 0x1, 0xfa,
    0xa2, 0x3f, 0x50, 0x7, 0xe9, 0x9f, 0xeb, 0x0,
    0xfd, 0x1d, 0xdf, 0xac, 0x3, 0xf4, 0xe6, 0x7e,
    0x80, 0xf, 0xd5, 0xbb, 0xfa, 0xc0, 0x3f, 0x6e,
    0xff, 0x58, 0x6, 0xdf, 0xc0, 0xcf, 0xff, 0xd4,
    0x1b, 0xfc,

    /* U+81EA "自" */
    0x0, 0xf6, 0x38, 0x7, 0xff, 0x0, 0xcc, 0x20,
    0x1f, 0x84, 0x75, 0x83, 0x88, 0xf8, 0x2f, 0xbb,
    0x38, 0x77, 0x7c, 0x20, 0x53, 0x3f, 0xe4, 0x0,
    0x85, 0x9b, 0xfc, 0x60, 0x1f, 0xfc, 0x62, 0x77,
    0xff, 0x18, 0x4, 0x31, 0x1f, 0xe4, 0x0, 0x8f,
    0xff, 0xfc, 0xe0, 0x1f, 0xfc, 0x61, 0x44, 0xff,
    0x10, 0x4, 0x57, 0x7f, 0xe5, 0x0, 0x8b, 0x77,
    0xfc, 0xc0, 0x10, 0x91, 0x7f, 0x84, 0x3, 0xff,
    0x8c, 0x7f, 0xff, 0xe7, 0x0, 0x86, 0x23, 0xfc,
    0x80, 0xa, 0xf7, 0x7f, 0xf5, 0xf8, 0x80,

    /* U+8282 "节" */
    0x0, 0xec, 0x50, 0xe, 0xc5, 0x0, 0xfe, 0x13,
    0x20, 0xc, 0x26, 0x40, 0x1c, 0xd1, 0x14, 0x86,
    0x44, 0x69, 0xc, 0x88, 0xc3, 0xae, 0xf8, 0x11,
    0xdf, 0x81, 0x1d, 0xf1, 0xdf, 0xfd, 0xc1, 0x1f,
    0xfb, 0x82, 0x3f, 0xf1, 0x0, 0x7f, 0xf2, 0xc6,
    0xd8, 0x3, 0xd, 0xb0, 0x7, 0xae, 0xf7, 0xd5,
    0xdf, 0x7d, 0x5d, 0x80, 0x3f, 0x95, 0x0, 0x3c,
    0xc8, 0x1, 0xae, 0xf9, 0x2, 0xef, 0xe0, 0xf,
    0xff, 0xf8, 0x7, 0xff, 0x12, 0x26, 0x54, 0x1,
    0xff, 0xc3, 0x26, 0x60, 0xc0, 0x7, 0xff, 0xa,
    0xbf, 0xda, 0xe0, 0x1f, 0xfd, 0xd0,

    /* U+8425 "营" */
    0x0, 0xc9, 0x82, 0x1, 0x87, 0x14, 0x3, 0x9,
    0x14, 0x66, 0x52, 0x2e, 0x3d, 0x22, 0x87, 0x77,
    0x40, 0x5e, 0xee, 0xc0, 0x7d, 0xdb, 0xb9, 0x99,
    0x38, 0x56, 0x66, 0xb0, 0x7c, 0xcc, 0x46, 0x75,
    0xaa, 0x19, 0xe4, 0x5c, 0x33, 0xef, 0xfb, 0x17,
    0xbf, 0xf9, 0x6f, 0xfe, 0x60, 0x4, 0xdd, 0xff,
    0xf0, 0x20, 0x3, 0x2a, 0x33, 0x7f, 0x90, 0xc0,
    0x21, 0x3, 0xdd, 0xff, 0x23, 0x88, 0x1f, 0x18,
    0x3, 0x3f, 0xfe, 0x10, 0x3e, 0x60, 0xe, 0x53,
    0x3f, 0x80, 0x3f, 0x8, 0xa3, 0x77, 0xe0, 0xf,
    0xc7, 0xff, 0xfe, 0x50, 0xe, 0xae, 0xef, 0xfe,
    0x6, 0x0, 0x71, 0x5d, 0xff, 0x8c, 0x3, 0xe4,
    0x4f, 0xf3, 0x0, 0x7c, 0x89, 0xfe, 0x60, 0xf,
    0x15, 0xdf, 0xf8, 0xc0, 0x3c, 0x5f, 0xff, 0xe5,
    0x0, 0xea, 0xd0, 0xf, 0xf5, 0x60, 0x0,

    /* U+8702 "蜂" */
    0x0, 0xd2, 0x40, 0x1c, 0x56, 0x40, 0x1f, 0xe6,
    0x10, 0xe, 0x85, 0x31, 0x18, 0x3, 0xff, 0x82,
    0xaa, 0x1e, 0xec, 0xc0, 0x18, 0x48, 0x1c, 0x44,
    0x7, 0x43, 0xbb, 0x30, 0x38, 0x5, 0x3d, 0xa1,
    0x7d, 0xeb, 0x88, 0x14, 0x4c, 0xc9, 0x10, 0xc,
    0xb8, 0x17, 0x41, 0x8d, 0x74, 0xf5, 0x6e, 0xc0,
    0x1c, 0x66, 0x6, 0x60, 0x4c, 0x81, 0x10, 0xa3,
    0x40, 0x1f, 0xfc, 0x11, 0x7e, 0x59, 0x2d, 0xa3,
    0x0, 0xfe, 0x1a, 0xe9, 0x97, 0xef, 0xd3, 0xe7,
    0x18, 0x7, 0xc3, 0xb1, 0xa8, 0xa8, 0x86, 0xe9,
    0x83, 0x0, 0x37, 0x86, 0xe0, 0x3e, 0x65, 0x61,
    0x19, 0x89, 0x70, 0x9, 0x2c, 0x26, 0xf4, 0x2f,
    0xfd, 0xc1, 0x7f, 0xf0, 0x80, 0x22, 0x90, 0x14,
    0x94, 0x1b, 0xfd, 0xc1, 0x7f, 0xea, 0x0, 0x84,
    0x40, 0x10, 0xd0, 0x3e, 0xea, 0xc2, 0x77, 0x56,
    0x1, 0xf8, 0xcc, 0x24, 0x22, 0x0, 0x8, 0xc4,
    0x40, 0x8, 0xdc, 0x3a, 0xc2, 0xf3, 0x2b, 0x8,
    0xcc, 0xb4, 0xb, 0xf2, 0x9, 0x24, 0x7f, 0xf7,
    0x5, 0xff, 0xe0, 0x27, 0xbe, 0xd9, 0x67, 0x10,
    0xf, 0xfe, 0x4, 0x20, 0x80, 0x52, 0x80, 0x1f,
    0xf0,

    /* U+89E6 "触" */
    0x0, 0x8e, 0x80, 0x3f, 0x2d, 0x80, 0x7e, 0x44,
    0x0, 0x7e, 0x24, 0x10, 0xf, 0xa8, 0x7f, 0xe7,
    0x0, 0xff, 0xe0, 0x99, 0x56, 0x38, 0x18, 0x7,
    0xff, 0x6, 0xd, 0x4d, 0xd, 0x1, 0x7f, 0xd0,
    0x1d, 0xfe, 0x50, 0x2, 0x20, 0x26, 0x8d, 0xe4,
    0xcc, 0x36, 0xe1, 0x76, 0x3, 0x0, 0x48, 0x8,
    0x2a, 0x13, 0xa0, 0x1a, 0x68, 0x22, 0x4, 0x2,
    0xf3, 0x49, 0x18, 0x92, 0x0, 0xff, 0xe0, 0x13,
    0x19, 0x81, 0x4c, 0x40, 0x3f, 0xf8, 0x4b, 0x83,
    0x38, 0x40, 0x1f, 0xfc, 0x26, 0xf1, 0xcf, 0x30,
    0x1, 0x64, 0x6, 0x60, 0x40, 0x3f, 0xf8, 0x9,
    0x34, 0xe1, 0x75, 0x28, 0x1, 0xb, 0xe8, 0xf6,
    0x98, 0x13, 0x33, 0x41, 0x89, 0x8, 0x2, 0x74,
    0x80, 0x58, 0x20, 0xf, 0xba, 0x40, 0x31, 0x7a,
    0x8d, 0xa8, 0x80, 0x7d, 0x8, 0x60, 0x1, 0x13,
    0x80, 0x7e, 0x2e, 0x9, 0x80, 0x90, 0x3, 0x91,
    0x0, 0xe, 0x62, 0x1d, 0xfa, 0xc0, 0xee, 0x35,
    0x0, 0x55, 0x0, 0x36, 0x1a, 0x34, 0x56, 0x77,
    0xee, 0x2, 0x6, 0xb8, 0x3, 0x93, 0xf8, 0xe1,
    0xd4, 0xc4, 0x2, 0xe4,

    /* U+8BB8 "许" */
    0x0, 0xfe, 0x39, 0x10, 0xf, 0xf2, 0x71, 0x80,
    0x64, 0x61, 0x0, 0xff, 0x22, 0xe2, 0x0, 0x58,
    0x60, 0x1f, 0xfc, 0xb, 0x3b, 0x30, 0x14, 0x7,
    0x7f, 0x8c, 0x3, 0xb1, 0x8c, 0x1c, 0xe, 0x23,
    0xe5, 0x0, 0xf4, 0x80, 0x2c, 0xff, 0xd0, 0x1d,
    0xff, 0x30, 0xb, 0xbe, 0x40, 0x62, 0x80, 0xf,
    0xfa, 0x23, 0x60, 0xa, 0xa0, 0x7, 0xf8, 0x7f,
    0xe1, 0x0, 0x3d, 0x0, 0x7f, 0xf1, 0x8d, 0x13,
    0x70, 0x22, 0x70, 0x7, 0xed, 0xbb, 0xcc, 0x15,
    0x77, 0x8c, 0x3, 0xec, 0xce, 0x70, 0xbc, 0xcc,
    0x60, 0x1f, 0x11, 0x9e, 0xf0, 0x53, 0x3c, 0x1,
    0xff, 0xcf, 0x3b, 0x0, 0xff, 0xe2, 0xb, 0x60,
    0x7, 0xff, 0x11, 0x0, 0x62, 0xc0, 0x3f, 0xf8,
    0x83, 0x8e, 0x1, 0xff, 0xc4, 0x4f, 0x30, 0xf,
    0xfe, 0x10,

    /* U+8BBE "设" */
    0x0, 0x18, 0x7, 0x88, 0x47, 0x10, 0x7, 0xe,
    0x50, 0x6, 0x3d, 0xee, 0xda, 0xc0, 0x18, 0x6d,
    0x68, 0x3, 0xa2, 0xaa, 0x0, 0xf9, 0x2d, 0x58,
    0x3, 0x22, 0xac, 0x1, 0xf9, 0x2d, 0x80, 0xc,
    0x4, 0x1, 0xff, 0xc0, 0x40, 0xa, 0x48, 0x40,
    0x3f, 0x3b, 0xe2, 0x0, 0x49, 0xc8, 0x6, 0x1b,
    0xaa, 0xc, 0xc4, 0x4e, 0x18, 0xd0, 0x80, 0x1a,
    0xdc, 0x0, 0x7d, 0xfc, 0x1, 0x46, 0x38, 0x7,
    0x2d, 0x54, 0x40, 0x1f, 0x67, 0xff, 0xee, 0x10,
    0xf, 0x99, 0x42, 0x23, 0xc2, 0x62, 0x1, 0xf1,
    0x58, 0x1, 0xdf, 0x18, 0xc0, 0x7, 0xf0, 0xc4,
    0xc, 0x0, 0x32, 0x6a, 0x1, 0xf8, 0x81, 0xcf,
    0x48, 0x34, 0xf8, 0x3, 0xe2, 0xc9, 0x0, 0x69,
    0xe6, 0x9e, 0x90, 0x7, 0x18, 0x40, 0x48, 0x0,
    0x50, 0x49, 0x8, 0x3, 0xd0, 0xd, 0x84, 0x48,
    0xe6, 0x63, 0xa7, 0x49, 0x80, 0x61, 0x89, 0xc,
    0xd7, 0x76, 0xcc, 0x6b, 0x33, 0x38, 0x80, 0x16,
    0xe0, 0x8, 0xaf, 0x92, 0x0, 0x14, 0xf5, 0x49,
    0x0,

    /* U+8C03 "调" */
    0x0, 0x10, 0x7, 0xff, 0x11, 0xb5, 0x40, 0x9,
    0xff, 0xfe, 0xa0, 0x65, 0xa4, 0x0, 0xa2, 0x67,
    0xe3, 0x10, 0x5, 0x2d, 0x90, 0x1, 0x9a, 0x3a,
    0x66, 0xc0, 0x1a, 0xa0, 0x80, 0x21, 0x32, 0x21,
    0x90, 0x7, 0xce, 0x1, 0xa7, 0x20, 0x73, 0xc0,
    0x26, 0x77, 0x88, 0x3, 0x47, 0xd0, 0xfe, 0x80,
    0x51, 0x19, 0xc0, 0x3f, 0xf8, 0x3d, 0xfc, 0x1,
    0xcb, 0xfe, 0xa1, 0xff, 0x28, 0x7, 0xf9, 0x77,
    0x7c, 0xa0, 0x1f, 0x84, 0x4, 0xc4, 0x3, 0xff,
    0x82, 0x62, 0x13, 0x9b, 0xb6, 0x0, 0x7f, 0x71,
    0x80, 0x17, 0xfd, 0x60, 0x1f, 0xc4, 0x47, 0x0,
    0xff, 0xe1, 0x4e, 0xa6, 0x80, 0x17, 0xfd, 0x60,
    0x1e, 0x40, 0x36, 0x15, 0x0, 0x26, 0x66, 0x0,
    0xeb, 0x3d, 0x23, 0x20, 0x8a, 0x33, 0x9d, 0x18,
    0x2, 0xac, 0x20, 0x80, 0x8, 0x40, 0x2b, 0xb1,
    0x70, 0x1, 0x0, 0x16, 0x80, 0x1f, 0x77, 0xf2,
    0x80,

    /* U+8FD0 "运" */
    0x0, 0x38, 0x6, 0x37, 0x7f, 0xe4, 0x0, 0x92,
    0x34, 0xc0, 0xb, 0x11, 0xfd, 0xc0, 0x12, 0x68,
    0xe3, 0x83, 0x7f, 0xff, 0x50, 0x6, 0x2c, 0x73,
    0x0, 0xff, 0xe3, 0x42, 0x0, 0x8f, 0xff, 0x0,
    0x3, 0xeb, 0xee, 0xff, 0xe0, 0x9, 0x7f, 0xe0,
    0x8b, 0xb8, 0x45, 0x77, 0xf0, 0x9c, 0x41, 0x40,
    0x6, 0x88, 0x71, 0x64, 0x46, 0xb2, 0x24, 0x2,
    0xee, 0xc0, 0xe, 0x80, 0x90, 0x2, 0x70, 0x7,
    0xff, 0x0, 0xd2, 0x4, 0x1, 0x26, 0xa0, 0x1f,
    0xf7, 0x93, 0x80, 0x48, 0x88, 0x0, 0xff, 0x41,
    0xc1, 0xa2, 0xb4, 0x1, 0x38, 0x7, 0xf2, 0x85,
    0x65, 0xd4, 0xbb, 0xc, 0x88, 0x7, 0xeb, 0x68,
    0xac, 0xdf, 0xf6, 0xe0, 0xa0, 0x4, 0xb6, 0x16,
    0x6d, 0x2e, 0xa6, 0x40, 0x11, 0x6a, 0x80, 0x2a,
    0x83, 0xf, 0x9b, 0x2e, 0xcd, 0x9d, 0xd1, 0x50,
    0x20, 0xeb, 0x8f, 0x96, 0xe9, 0x13, 0x3a, 0x20,
    0xee, 0x51, 0xc, 0xa0, 0x9, 0x2b, 0x7f, 0xdd,
    0xcf, 0xfe, 0xd0,

    /* U+8FD1 "近" */
    0x0, 0xff, 0xe1, 0x93, 0x28, 0x4, 0x3c, 0xe0,
    0x19, 0x62, 0x15, 0x7b, 0xfb, 0x30, 0x60, 0x1,
    0x88, 0x38, 0x5, 0xce, 0x82, 0x4b, 0x59, 0xfa,
    0x60, 0x13, 0x3c, 0x28, 0x4, 0x59, 0x73, 0xa,
    0x60, 0x1f, 0x43, 0x0, 0x7f, 0xf1, 0xe5, 0x40,
    0x3f, 0xf9, 0x65, 0xdd, 0xfc, 0x0, 0x88, 0xc4,
    0x1, 0xb, 0x34, 0xe2, 0xac, 0xd0, 0x1, 0x9d,
    0xe1, 0x0, 0x3a, 0xc4, 0x56, 0x1d, 0x11, 0x0,
    0x3b, 0xf0, 0x3, 0x11, 0x0, 0x3f, 0xf8, 0xc3,
    0xc0, 0x1f, 0xfc, 0x54, 0x3, 0x0, 0xff, 0xe2,
    0xe8, 0x20, 0x7, 0xff, 0x10, 0x59, 0x40, 0x3f,
    0xf8, 0x56, 0xa, 0x81, 0x20, 0x1f, 0xfc, 0x1,
    0xc7, 0x49, 0xdc, 0x30, 0xc, 0x54, 0xe0, 0x1d,
    0x87, 0x97, 0x66, 0xcb, 0x87, 0x66, 0x8a, 0xa6,
    0xac, 0x81, 0xa8, 0xc1, 0x3a, 0x41, 0x62, 0x66,
    0x87, 0x78, 0x8, 0x2d, 0x40, 0x33, 0x5e, 0xff,
    0xfb, 0xb6, 0xc0,

    /* U+8FD4 "返" */
    0x0, 0xff, 0xe1, 0x8a, 0x20, 0x2, 0x3d, 0x40,
    0x8, 0xdd, 0xd1, 0x57, 0xbf, 0xd7, 0x63, 0x0,
    0x1b, 0x59, 0x80, 0x12, 0x25, 0x58, 0x52, 0x2b,
    0x7c, 0xc0, 0x2a, 0x2d, 0x20, 0xb, 0xb7, 0x2a,
    0x5d, 0x48, 0x3, 0x87, 0xd0, 0xc0, 0x3f, 0xf8,
    0xa5, 0x42, 0x1, 0x55, 0x7d, 0x6e, 0x1, 0xfd,
    0xe0, 0x23, 0xf2, 0x68, 0x4, 0xab, 0x80, 0x35,
    0xd5, 0xde, 0xf0, 0xe0, 0x0, 0xd5, 0x60, 0x0,
    0x90, 0xf4, 0x80, 0x52, 0x68, 0x0, 0x1e, 0xe3,
    0x80, 0x44, 0xc3, 0x6d, 0x83, 0x5, 0xe0, 0x18,
    0x44, 0x1, 0x94, 0xc1, 0x34, 0xbd, 0xe0, 0xc0,
    0x3f, 0x8c, 0x70, 0x0, 0x4c, 0x20, 0x40, 0x1f,
    0xea, 0x4, 0x1, 0xa7, 0x64, 0xa7, 0x0, 0xfc,
    0x6c, 0xe5, 0x1c, 0x95, 0x36, 0xb1, 0x0, 0xe,
    0x20, 0x26, 0x86, 0x77, 0x7a, 0x80, 0x29, 0x88,
    0x2, 0x1c, 0x51, 0xca, 0x4, 0xf8, 0x10, 0xd,
    0x34, 0x0, 0x1c, 0x2d, 0xe4, 0xcc, 0x4b, 0xb2,
    0xa9, 0x98, 0xf1, 0x36, 0x22, 0xd, 0x20, 0x9d,
    0x55, 0x44, 0xd5, 0x26, 0x50, 0xee, 0x1, 0xd,
    0x30, 0x8, 0xa7, 0x3f, 0xff, 0x75, 0x80,

    /* U+8FDE "连" */
    0x0, 0xff, 0xe5, 0x49, 0x0, 0x7a, 0xac, 0x3,
    0xfc, 0x98, 0x20, 0x1c, 0xa2, 0x1, 0xfe, 0xf1,
    0xd0, 0xbf, 0xf8, 0x17, 0xff, 0xc6, 0x1, 0x15,
    0x1b, 0xfc, 0xc8, 0x4a, 0x67, 0xe2, 0x0, 0xcb,
    0xc, 0x8c, 0xa3, 0x6c, 0xa0, 0xcd, 0x84, 0x3,
    0x9c, 0x40, 0x10, 0x2c, 0x15, 0x20, 0x1f, 0x8,
    0xe0, 0x2, 0x22, 0x0, 0x3f, 0xc3, 0xdd, 0x80,
    0x10, 0x13, 0xfe, 0x60, 0xff, 0xb4, 0x0, 0x37,
    0x65, 0x0, 0xa6, 0x23, 0x18, 0x44, 0x56, 0x1,
    0x22, 0x34, 0x2, 0x57, 0x7c, 0xa0, 0xef, 0x30,
    0x7, 0xff, 0x42, 0xbf, 0xf9, 0x83, 0xff, 0x60,
    0x7, 0xdf, 0x11, 0xc6, 0x11, 0x1a, 0x80, 0x3e,
    0x57, 0x7e, 0x50, 0x77, 0xcc, 0x1, 0xbc, 0x3,
    0xff, 0x8a, 0x34, 0xe1, 0x66, 0x1, 0xff, 0xc1,
    0x1c, 0x57, 0xb6, 0xcd, 0x98, 0x76, 0x16, 0x78,
    0x9a, 0xb3, 0x0, 0x44, 0x13, 0x69, 0xde, 0x89,
    0x76, 0x87, 0x65, 0x51, 0xe, 0x38, 0x4, 0xb5,
    0xdf, 0xee, 0xeb, 0xff, 0x70, 0x80,

    /* U+9009 "选" */
    0x0, 0xfe, 0x10, 0x5, 0x30, 0x7, 0xcd, 0xc6,
    0x1, 0x93, 0x8c, 0x17, 0xc0, 0x3e, 0x72, 0xc3,
    0x0, 0xb8, 0x4c, 0x3, 0xfc, 0x3a, 0x5a, 0x40,
    0x2a, 0x3f, 0xe0, 0x6f, 0xfc, 0x60, 0x10, 0xe1,
    0x0, 0x2c, 0x6e, 0xe0, 0x4b, 0xbc, 0x60, 0x18,
    0x70, 0x88, 0xb0, 0x89, 0x1, 0x22, 0x60, 0xf,
    0xc5, 0xcc, 0x1, 0xff, 0xc0, 0x12, 0x28, 0x1f,
    0x73, 0x30, 0x3e, 0x67, 0x0, 0x3f, 0x76, 0x2,
    0x44, 0x8c, 0x1d, 0x4d, 0x51, 0x20, 0x6, 0xdb,
    0x0, 0x16, 0x21, 0x41, 0x31, 0xa1, 0x11, 0x80,
    0x6, 0x9e, 0x1, 0xc8, 0xe, 0x1, 0xff, 0xc5,
    0xa2, 0x20, 0x7, 0xa, 0x0, 0x7f, 0x41, 0xc0,
    0x7, 0x8e, 0xc8, 0x3, 0xc5, 0x4e, 0xca, 0x1,
    0x91, 0x14, 0x4, 0x1, 0xee, 0x58, 0x90, 0x9,
    0x42, 0xad, 0xd4, 0x2, 0x2d, 0xd, 0xae, 0x70,
    0xc, 0x7f, 0xbb, 0x50, 0x1, 0xb5, 0x65, 0x67,
    0x25, 0x95, 0x73, 0x22, 0xd4, 0x8, 0x69, 0xfb,
    0x46, 0xa2, 0x26, 0xab, 0x4c, 0xa1, 0xd8, 0x42,
    0xb0, 0x40, 0x5, 0x3b, 0xfe, 0xee, 0xbf, 0xf7,
    0x0,

    /* U+9192 "醒" */
    0x22, 0xfc, 0x22, 0x33, 0xf8, 0x43, 0x37, 0x7e,
    0x97, 0xcc, 0xf9, 0xc3, 0xf6, 0x87, 0x7, 0x75,
    0x20, 0x3f, 0xfc, 0x1, 0x9, 0x30, 0x10, 0x11,
    0x4, 0x0, 0x23, 0xc0, 0x10, 0x93, 0x1, 0x1,
    0x10, 0x0, 0x3d, 0xdc, 0x1, 0x46, 0xd0, 0xe0,
    0xee, 0x94, 0x7, 0xff, 0x80, 0x32, 0x68, 0x5a,
    0x68, 0x80, 0x5, 0x13, 0x80, 0x30, 0x90, 0xb0,
    0x10, 0x0, 0xc2, 0xef, 0x80, 0x38, 0x4c, 0x3,
    0x95, 0xaf, 0x93, 0x7f, 0xcc, 0x1, 0x3a, 0x18,
    0x8, 0x0, 0x59, 0xcd, 0x4, 0x3, 0x9a, 0x2c,
    0x43, 0x4, 0x24, 0x33, 0x43, 0x3f, 0xd8, 0x0,
    0x6d, 0x20, 0xbd, 0x1d, 0x79, 0xba, 0x8, 0xbb,
    0x78, 0x1, 0xd1, 0xdf, 0x9, 0xb3, 0x11, 0xc1,
    0x12, 0x30, 0x1, 0xee, 0xf0, 0x76, 0xf7, 0x30,
    0x37, 0xb8, 0xc0, 0x4, 0xaa, 0xe1, 0x5, 0xbb,
    0x40, 0x4d, 0xd9, 0x0, 0x2, 0x3e, 0x0, 0xa,
    0xa9, 0x1, 0x15, 0x44, 0x0, 0x4e, 0xee, 0x10,
    0xf, 0xfe, 0x2, 0x5d, 0xf0, 0x17, 0x75, 0x83,
    0xbd, 0xd2, 0x80,

    /* U+91CA "释" */
    0x0, 0xe1, 0x47, 0x0, 0xff, 0xe0, 0x14, 0xde,
    0xff, 0x5d, 0x8f, 0xbf, 0xff, 0x20, 0x16, 0x7f,
    0x4, 0x7e, 0x1c, 0x3, 0x4c, 0xe5, 0x0, 0xd8,
    0xe6, 0x20, 0xc, 0x56, 0x84, 0x66, 0x91, 0x54,
    0x80, 0x1, 0x80, 0x8, 0xcc, 0x80, 0xe3, 0x60,
    0x58, 0x74, 0x1, 0x4a, 0x10, 0x2, 0x58, 0x40,
    0x1a, 0xd7, 0xa5, 0x80, 0x18, 0x60, 0x2, 0xc8,
    0x0, 0xcc, 0x81, 0xe0, 0x18, 0x54, 0x9c, 0x74,
    0xd0, 0x6, 0x39, 0xed, 0xb2, 0x8c, 0x0, 0x55,
    0x50, 0x2d, 0x55, 0xc9, 0x78, 0xf1, 0x83, 0x98,
    0x13, 0xff, 0x48, 0xe, 0xfd, 0xee, 0x20, 0xe3,
    0x9d, 0xf7, 0x88, 0x5, 0x0, 0xc, 0x21, 0x66,
    0xc1, 0x8c, 0xc7, 0x30, 0xa, 0xc, 0x65, 0x30,
    0xba, 0x65, 0x0, 0xb3, 0x30, 0x4, 0x4f, 0x0,
    0xa, 0x53, 0xaf, 0xf7, 0x4, 0xff, 0xc0, 0x1,
    0xf3, 0x50, 0xa, 0xc4, 0x3, 0xfe, 0x42, 0xe0,
    0xe, 0x8f, 0xfb, 0x82, 0x7f, 0xec, 0x5, 0xb2,
    0x0, 0xea, 0xad, 0x20, 0xb5, 0x54, 0x0, 0x10,
    0x3, 0xc4, 0xab, 0x38, 0x62, 0xac, 0x80, 0x1f,
    0xfd, 0xd0,

    /* U+91CF "量" */
    0x0, 0x9f, 0xfb, 0xbf, 0xde, 0xe0, 0x1f, 0xbb,
    0xbf, 0xbc, 0x3, 0xfd, 0xdd, 0xfd, 0xe0, 0x1f,
    0xee, 0xef, 0xef, 0x0, 0xfc, 0x22, 0xee, 0xfe,
    0xf1, 0x10, 0x6, 0x33, 0x2e, 0xef, 0xff, 0x1,
    0x4c, 0xc0, 0xd, 0xdf, 0xfe, 0x30, 0x3, 0xb9,
    0x57, 0x7f, 0xfc, 0x1e, 0xe0, 0x6, 0x98, 0xcc,
    0xd7, 0x6c, 0xcd, 0x34, 0x1, 0xf3, 0xdd, 0xe2,
    0x5b, 0xbc, 0x80, 0x1f, 0x93, 0xbb, 0x1a, 0xf7,
    0x66, 0x0, 0xfc, 0x9b, 0xb8, 0xd7, 0x77, 0x30,
    0x7, 0xcc, 0xf9, 0x98, 0xd3, 0x33, 0x29, 0x0,
    0x7a, 0xb3, 0x38, 0xd3, 0x33, 0xc0, 0x1c, 0xbd,
    0xde, 0x34, 0xee, 0xf3, 0x0, 0x65, 0xff, 0xf1,
    0xa7, 0xff, 0x98, 0x0, 0x3f, 0xff, 0x8d, 0x3f,
    0xff, 0x8,

    /* U+949F "钟" */
    0x0, 0x95, 0x80, 0x3f, 0x5b, 0x0, 0x7d, 0x1e,
    0x1, 0xf9, 0x38, 0x3, 0xcc, 0x40, 0xcd, 0x8,
    0x7, 0xfc, 0x30, 0xd, 0x33, 0x28, 0x7, 0xfd,
    0xa1, 0xdf, 0xf9, 0x1e, 0x66, 0x4, 0x99, 0x98,
    0x4a, 0xcc, 0x8b, 0x5, 0x21, 0x10, 0x4, 0x88,
    0xf8, 0x3d, 0x3b, 0xbb, 0xc0, 0xb, 0x76, 0x5,
    0xbb, 0x10, 0x5, 0xd8, 0xb, 0x9e, 0x1, 0xff,
    0xc1, 0x23, 0x12, 0x32, 0x0, 0xff, 0xe9, 0xe7,
    0x70, 0x5f, 0xb8, 0xa0, 0x6a, 0xa0, 0x35, 0x50,
    0x80, 0x29, 0x98, 0x6, 0xcc, 0x70, 0x4a, 0xa0,
    0x25, 0x50, 0x80, 0xd, 0x10, 0x14, 0x88, 0x10,
    0x37, 0x70, 0x1b, 0xb8, 0x60, 0x1f, 0xe9, 0xb1,
    0x10, 0x8, 0xdd, 0x0, 0x1f, 0x8, 0x90, 0x80,
    0x3c, 0x44, 0x0, 0xe1, 0x7f, 0x70, 0xf, 0xfe,
    0x8, 0x89, 0xa1, 0xdc, 0x1, 0xff, 0xc1, 0xa0,
    0x4d, 0x91, 0x0, 0xff, 0xe0, 0xf5, 0x59, 0x0,
    0x7f, 0xf0, 0x0,

    /* U+9501 "锁" */
    0x0, 0x95, 0x40, 0x1f, 0xe, 0x98, 0x7, 0xe8,
    0xc0, 0x8, 0x70, 0xc0, 0xc9, 0xc0, 0x70, 0x80,
    0x26, 0x21, 0x66, 0x81, 0xb8, 0x3, 0xa4, 0x48,
    0x0, 0x30, 0xf, 0x33, 0x2d, 0x93, 0x0, 0x44,
    0xf2, 0x1, 0x69, 0xff, 0xf2, 0xb, 0x88, 0x4,
    0x8c, 0x80, 0x1, 0x14, 0x91, 0x70, 0x40, 0xf4,
    0x7, 0xf8, 0x24, 0x0, 0x3b, 0x1b, 0xbb, 0xc1,
    0x9a, 0x50, 0x46, 0x68, 0x3, 0x76, 0x3, 0xe7,
    0x80, 0x23, 0xfd, 0xdf, 0xe8, 0x0, 0xe2, 0x30,
    0xe3, 0x20, 0xc, 0x7c, 0x60, 0x1f, 0xfc, 0xe9,
    0xff, 0x4, 0xff, 0x88, 0x3, 0xff, 0x81, 0xb3,
    0x20, 0x59, 0x91, 0x80, 0x7f, 0xf0, 0x11, 0x98,
    0x18, 0xcc, 0x10, 0x9, 0xc0, 0x40, 0x3f, 0xf8,
    0xb8, 0x4, 0x1, 0xff, 0xc0, 0x30, 0x31, 0x13,
    0x28, 0x0, 0x48, 0x3, 0xef, 0xbc, 0x1d, 0x7d,
    0xf, 0xe9, 0x7d, 0x0, 0xe5, 0x6, 0xc, 0x15,
    0xf2, 0xd5, 0xb4, 0xe8, 0x10, 0xd, 0x5, 0x76,
    0xe, 0xa4, 0xf3, 0x5, 0xd9, 0x7f, 0x0, 0xdf,
    0xa8, 0x7, 0x3b, 0x42, 0x1, 0x9b, 0xa8, 0x0,

    /* U+95ED "闭" */
    0x0, 0x10, 0x7, 0xff, 0x12, 0x75, 0x0, 0xa,
    0xef, 0xfd, 0x6, 0x12, 0x96, 0x81, 0xf3, 0x3f,
    0xce, 0x80, 0xb, 0x3d, 0xa, 0xee, 0xfe, 0x0,
    0xec, 0x90, 0xe, 0x9d, 0x0, 0xf1, 0xf1, 0x80,
    0x7c, 0x66, 0x0, 0xf8, 0x5c, 0xc, 0xfc, 0x22,
    0x33, 0x10, 0x7, 0xd9, 0x9e, 0x40, 0xcc, 0x48,
    0x7, 0xd9, 0x9c, 0x60, 0xc, 0xc4, 0x80, 0x7c,
    0x67, 0x94, 0xc4, 0x46, 0x62, 0x0, 0xff, 0x2c,
    0xb2, 0x0, 0x7f, 0xf0, 0x56, 0x92, 0x40, 0x3f,
    0xf8, 0x33, 0x4b, 0x60, 0x1f, 0xfc, 0x4, 0xd6,
    0x8a, 0x0, 0xff, 0xe0, 0x98, 0x63, 0x80, 0x7f,
    0xf0, 0x9f, 0x4c, 0xd, 0xde, 0x0, 0xff, 0xe1,
    0xc4, 0x2, 0x0, 0xd9, 0x80, 0x1f, 0xc7, 0xfe,
    0xd6, 0x7, 0x99, 0x1a, 0x80, 0x7f, 0xf0, 0x53,
    0xfd, 0x84,

    /* U+95F4 "间" */
    0x0, 0x10, 0x7, 0xff, 0x11, 0xf5, 0x0, 0xa,
    0xef, 0xfd, 0x8, 0xe, 0x76, 0x81, 0xf1, 0x1f,
    0xcf, 0x80, 0xd, 0x19, 0xa, 0xff, 0xfe, 0x0,
    0xc3, 0x98, 0x0, 0xff, 0xe0, 0x8f, 0x31, 0x8,
    0x8, 0xfc, 0x1, 0xe1, 0x10, 0x1, 0xfb, 0xbd,
    0xe0, 0x1f, 0xf0, 0xe6, 0x66, 0x0, 0xff, 0xe0,
    0x99, 0xe1, 0x0, 0xff, 0xe0, 0x91, 0x61, 0x0,
    0xff, 0xe0, 0xe, 0xee, 0x60, 0xf, 0xfe, 0x0,
    0xf7, 0x67, 0x0, 0xff, 0xe0, 0x88, 0xe0, 0xf,
    0xfe, 0x11, 0x9e, 0x10, 0xf, 0xfe, 0x0, 0xe6,
    0x66, 0x0, 0xff, 0x9f, 0xff, 0xdc, 0x1, 0xff,
    0xc6, 0x15, 0x50, 0x7, 0xff, 0xc, 0x6a, 0x85,
    0x60, 0x1f, 0xfc, 0x2f, 0xf6, 0x98,

    /* U+9644 "附" */
    0x0, 0xfe, 0x95, 0x0, 0xd0, 0x80, 0x5, 0xff,
    0xda, 0x0, 0x16, 0x30, 0xc, 0xe6, 0x1, 0xa6,
    0x46, 0x1, 0x30, 0x38, 0x7, 0xf9, 0x98, 0x2a,
    0x0, 0x95, 0x10, 0xf, 0xf8, 0x89, 0x60, 0xc3,
    0x26, 0x7c, 0x1c, 0x60, 0x19, 0x48, 0xc2, 0x0,
    0xb3, 0x38, 0x1b, 0x10, 0x2, 0xb5, 0x9, 0x10,
    0x6, 0x67, 0x3, 0x62, 0x0, 0x4e, 0x6a, 0xc6,
    0x0, 0x33, 0xe0, 0xe3, 0x0, 0xd2, 0x84, 0x90,
    0x0, 0x29, 0x0, 0xff, 0x12, 0x6d, 0x80, 0x66,
    0x50, 0xf, 0xf6, 0x38, 0x6, 0x25, 0x80, 0xf,
    0xf0, 0x90, 0x7, 0x49, 0x20, 0x7, 0xf6, 0x10,
    0x7, 0x19, 0xb4, 0x3, 0xe3, 0xf5, 0xa0, 0xf,
    0x6c, 0x80, 0x7c, 0x77, 0xae, 0x1, 0xe1, 0x0,
    0xfe, 0x42, 0x0, 0xff, 0xf0, 0xa3, 0xb8, 0x3,
    0xfe, 0x71, 0x0, 0x86, 0x20, 0x6c, 0x0, 0x5f,
    0x0, 0xe3, 0xe1, 0x0, 0x2f, 0xfb, 0x4, 0x0,

    /* U+9664 "除" */
    0x0, 0xff, 0x87, 0xc, 0x3, 0x9b, 0xff, 0x70,
    0x80, 0x6b, 0x37, 0x0, 0xfa, 0xa8, 0x60, 0x20,
    0x13, 0xa9, 0xd1, 0x0, 0x70, 0xaa, 0x89, 0x80,
    0x26, 0x88, 0x61, 0x61, 0x80, 0x78, 0xc6, 0x80,
    0x11, 0x2e, 0xe0, 0xc2, 0xc5, 0x0, 0xea, 0x42,
    0x1b, 0x78, 0x80, 0x5, 0x89, 0x54, 0x10, 0x9,
    0xb8, 0x35, 0x58, 0x1d, 0xfb, 0x19, 0x0, 0x31,
    0x60, 0x6f, 0x84, 0xcd, 0x13, 0x35, 0x70, 0x80,
    0x5e, 0xc8, 0x22, 0x9e, 0xe5, 0x6, 0x77, 0xc,
    0x3, 0x89, 0xbc, 0x3, 0xff, 0x8b, 0x89, 0x1f,
    0xfa, 0xc3, 0x7f, 0xf0, 0x80, 0x7b, 0x22, 0x33,
    0x3, 0xc4, 0x61, 0x0, 0x1a, 0xc8, 0xa3, 0xab,
    0xbb, 0x42, 0x9c, 0xdd, 0xc0, 0x13, 0x50, 0xd0,
    0x3, 0xe8, 0x3, 0x35, 0x98, 0x6, 0x5f, 0xd4,
    0x7, 0x28, 0x0, 0xcc, 0x9c, 0x1, 0xf8, 0xa1,
    0xc8, 0x3, 0xa8, 0xa4, 0x3, 0xef, 0x28, 0x0,
    0xf0, 0xc3, 0x10, 0x7, 0x97, 0x81, 0x55, 0x80,
    0x19, 0xe4, 0x80, 0x3d, 0x6, 0x1d, 0x4e, 0xa4,
    0x1, 0x30, 0x37, 0x0, 0x7d, 0x7f, 0xea, 0x0,
    0xf0,

    /* U+9759 "静" */
    0x0, 0x8b, 0x8, 0x3, 0xa1, 0x80, 0x3c, 0x23,
    0x31, 0xb0, 0x8c, 0x2, 0xe0, 0x1f, 0x4f, 0x72,
    0xc2, 0xfb, 0x96, 0x10, 0x13, 0xff, 0x8, 0x2,
    0x3f, 0xd8, 0x19, 0xfe, 0xa4, 0x69, 0xee, 0x1a,
    0x8, 0x0, 0xfb, 0x9a, 0x1b, 0xdc, 0x7a, 0x46,
    0x14, 0x39, 0x0, 0x8f, 0x75, 0x61, 0x7b, 0xa1,
    0x11, 0xbb, 0xa8, 0xd5, 0xc0, 0x2, 0x44, 0x10,
    0x12, 0x23, 0xab, 0xc4, 0x0, 0xe2, 0x4, 0x1d,
    0xd5, 0x85, 0xf7, 0x3e, 0xbf, 0xc2, 0xff, 0xe0,
    0xb, 0xbb, 0xf7, 0x80, 0x6f, 0x0, 0xe1, 0xde,
    0xee, 0xd8, 0xff, 0x86, 0x3f, 0xc1, 0xaa, 0x0,
    0x6d, 0xd9, 0x42, 0xf3, 0x20, 0x6c, 0xc0, 0x52,
    0x0, 0xc, 0x47, 0x1, 0x19, 0xc3, 0xc6, 0x60,
    0x71, 0x0, 0x27, 0x74, 0x80, 0x3, 0x44, 0xe,
    0xa2, 0x0, 0x39, 0xb7, 0x66, 0x0, 0x5c, 0x40,
    0x12, 0x20, 0x1, 0xcf, 0xff, 0x30, 0x2, 0x33,
    0x3, 0x39, 0x87, 0x30, 0x9, 0xbb, 0xa5, 0x0,
    0xfe, 0x81, 0x0, 0x84, 0x71, 0x80, 0x7f, 0xf1,
    0x4, 0xc8, 0x0, 0x4a, 0xa1, 0x0, 0xff, 0x2e,
    0x2d, 0x1, 0xd5, 0x9, 0x40, 0x3d, 0x90, 0x9,
    0xfc, 0xc0, 0x3f, 0xed, 0x20, 0xe,

    /* U+97F3 "音" */
    0x0, 0xf8, 0x75, 0xc0, 0x3f, 0xf8, 0x62, 0xd2,
    0x1, 0xfd, 0x9f, 0xfe, 0x41, 0xff, 0xf7, 0x0,
    0x22, 0x64, 0xaa, 0x99, 0xf3, 0x1c, 0x4d, 0x80,
    0x11, 0x98, 0x28, 0xcd, 0xe2, 0x37, 0x65, 0x0,
    0xef, 0x16, 0x0, 0xc4, 0x8e, 0x1, 0x91, 0x30,
    0x3, 0x11, 0x34, 0x86, 0xa2, 0x6a, 0xbb, 0xc0,
    0xb7, 0x79, 0x2, 0xae, 0xea, 0xfe, 0xef, 0xfe,
    0x27, 0x88, 0xc6, 0x7f, 0xfc, 0x1, 0x18, 0x0,
    0x5b, 0xbf, 0xfc, 0x5, 0x0, 0xf4, 0xee, 0xfe,
    0xb0, 0xf, 0xc6, 0x45, 0xf9, 0xc0, 0x3f, 0x57,
    0xff, 0xec, 0x0, 0xfc, 0xf7, 0x7f, 0xa4, 0x3,
    0xf6, 0xa2, 0x7e, 0x50, 0xf, 0xd8, 0xab, 0xf9,
    0x0, 0x3f, 0x35, 0x57, 0xe8, 0x0, 0xfd, 0x5f,
    0xff, 0xb0, 0x3, 0xc5, 0xea, 0x1, 0xf8, 0xfd,
    0x40, 0x0,

    /* U+9879 "项" */
    0x0, 0xf9, 0xbf, 0xff, 0xe1, 0x7, 0x7f, 0x14,
    0xce, 0x1, 0x99, 0xe1, 0x14, 0x47, 0x81, 0x9a,
    0x40, 0x66, 0xf0, 0xf, 0x71, 0x83, 0xb8, 0x88,
    0x66, 0x40, 0x1, 0x9a, 0x50, 0x8, 0x44, 0x0,
    0x11, 0x7, 0xcc, 0x94, 0x1e, 0x67, 0x0, 0x7f,
    0xc9, 0xff, 0xe4, 0x0, 0xff, 0xe1, 0xd5, 0x80,
    0x7f, 0xf1, 0x85, 0xc0, 0x3f, 0xfd, 0xa, 0x60,
    0x1f, 0xfc, 0x22, 0x20, 0x7d, 0x28, 0x6, 0x67,
    0x0, 0xf1, 0xee, 0x91, 0x13, 0xcc, 0x1, 0x9,
    0x60, 0x7, 0x84, 0x53, 0xd6, 0xc2, 0x17, 0x60,
    0x80, 0x56, 0x2b, 0xc0, 0x1, 0x63, 0x8, 0x7,
    0xa1, 0xa0, 0xeb, 0x5c, 0x3, 0xfe, 0x4c, 0x78,
    0x71, 0xc8, 0x86, 0x8, 0x7, 0xc9, 0xd6, 0x18,
    0xe0, 0x13, 0xe1, 0x60, 0x7, 0xc9, 0x39, 0x83,
    0x0, 0xe3, 0xc9, 0x0,

    /* U+9996 "首" */
    0x0, 0x8a, 0xd0, 0x3, 0xc5, 0x68, 0x1, 0xe2,
    0x7b, 0x20, 0xe, 0xe5, 0x50, 0x7, 0xdc, 0x14,
    0x1, 0x9c, 0xec, 0x40, 0x2e, 0xff, 0xb4, 0x1f,
    0xff, 0x40, 0x57, 0xfe, 0xba, 0xaf, 0x80, 0x6a,
    0xbf, 0x2a, 0xfc, 0xe1, 0x2a, 0xbf, 0x80, 0x13,
    0xff, 0xb4, 0x23, 0xff, 0xa8, 0x3, 0x18, 0xcc,
    0xff, 0x80, 0x3e, 0x36, 0x6f, 0xf0, 0x80, 0x78,
    0xd1, 0x3f, 0xc0, 0x1f, 0xd, 0xdf, 0xf8, 0x40,
    0x3c, 0x5f, 0xff, 0xe1, 0x0, 0xf1, 0x9f, 0xfc,
    0x1, 0xf0, 0xe6, 0x7f, 0x84, 0x3, 0xc5, 0xff,
    0xfe, 0x10, 0xf, 0xfe, 0x61, 0x7f, 0xff, 0x84,
    0x3, 0xc3, 0x33, 0xfe, 0x0, 0xf8, 0xd9, 0xbf,
    0xc2, 0x1, 0x0,

    /* U+F001 "" */
    0x0, 0xff, 0xe3, 0x18, 0x80, 0x7f, 0xf0, 0x85,
    0x6b, 0xb3, 0x0, 0x1f, 0xf1, 0x3e, 0x75, 0x28,
    0x81, 0x0, 0x7e, 0x49, 0xed, 0x83, 0x0, 0xff,
    0x92, 0xfe, 0xd8, 0x40, 0x3f, 0xf8, 0x56, 0x80,
    0x1f, 0xfd, 0x4, 0x96, 0x0, 0xff, 0xe0, 0x8b,
    0x57, 0xdb, 0x8, 0x7, 0xf8, 0xe3, 0x3a, 0x54,
    0x3, 0xff, 0x82, 0xf8, 0xe6, 0x1, 0xff, 0xff,
    0x0, 0xf8, 0x5e, 0xec, 0xa0, 0x1f, 0xfc, 0x21,
    0xf8, 0x44, 0x10, 0x6, 0x13, 0x20, 0xf, 0x98,
    0x40, 0x3c, 0x57, 0xd9, 0xa0, 0x1f, 0x18, 0x7,
    0x8f, 0xd0, 0x3, 0xfc, 0x92, 0x20, 0x12, 0xe9,
    0x0, 0x7b, 0xc0, 0x39, 0xbb, 0x75, 0xf4, 0x30,
    0x1, 0xc4, 0xc0, 0x1f, 0x11, 0x0, 0x27, 0xd7,
    0x55, 0x4e, 0x88, 0x7, 0xff, 0x0,

    /* U+F011 "" */
    0x0, 0xfc, 0x4c, 0xa0, 0x1f, 0xfc, 0x5f, 0x9a,
    0x30, 0xf, 0xfe, 0x3, 0x20, 0x7, 0x38, 0x1,
    0xc8, 0x3, 0xeb, 0x9a, 0x10, 0xf, 0x4c, 0x61,
    0x80, 0x75, 0x20, 0xa, 0x0, 0x79, 0xc0, 0x74,
    0x40, 0x25, 0x50, 0x1, 0x14, 0x3, 0xd6, 0x0,
    0x1a, 0x0, 0xa0, 0x0, 0x96, 0x1, 0xf2, 0xd0,
    0x1, 0x10, 0x8, 0x40, 0x9, 0x0, 0xfe, 0x54,
    0x0, 0x70, 0x60, 0x1, 0x8, 0x3, 0xfd, 0xe0,
    0x5, 0x3, 0x0, 0x60, 0x7, 0xfc, 0xa0, 0x10,
    0x80, 0x42, 0x1, 0xff, 0x8, 0x4, 0x60, 0x10,
    0x80, 0x65, 0x23, 0x50, 0xf, 0x8c, 0xc0, 0xd,
    0x0, 0xd1, 0xb8, 0x20, 0x12, 0x0, 0x43, 0x80,
    0x5, 0x10, 0xf, 0xf7, 0x0, 0x10, 0x10, 0x40,
    0x14, 0x1, 0xfc, 0x8a, 0x0, 0xe0, 0x4, 0x0,
    0x12, 0x40, 0x3e, 0x4b, 0x0, 0x1a, 0x80, 0x19,
    0x40, 0xd, 0xaa, 0x20, 0x3, 0x9b, 0x0, 0xb8,
    0x3, 0x52, 0x0, 0xa, 0xbb, 0xfd, 0x8c, 0x1,
    0x59, 0x0, 0x75, 0xb8, 0x7, 0xf1, 0x6a, 0x0,
    0x7d, 0x1a, 0xc2, 0x1, 0x92, 0x74, 0x80, 0x3f,
    0x8a, 0x7b, 0x9b, 0xdf, 0x6c, 0x1, 0xe0,

    /* U+F013 "" */
    0x0, 0xfe, 0x22, 0x0, 0x7f, 0xf1, 0x1b, 0xf7,
    0x5e, 0xc0, 0x1f, 0xfc, 0x2e, 0x0, 0xdc, 0x1,
    0xfe, 0x10, 0x1, 0x18, 0x6, 0x32, 0x0, 0x8,
    0x7, 0x47, 0x43, 0xea, 0x0, 0x64, 0xd7, 0x9e,
    0x80, 0x9, 0x1c, 0x1e, 0x0, 0x3f, 0x43, 0x3,
    0xa0, 0x2, 0x0, 0x3f, 0xf8, 0x90, 0x4, 0x60,
    0x1e, 0x38, 0x81, 0x80, 0x78, 0xc8, 0x90, 0x1,
    0xcb, 0x8e, 0xec, 0x50, 0xe, 0x82, 0x7, 0x90,
    0xd, 0x60, 0x1a, 0xc0, 0x34, 0xb8, 0x4, 0x20,
    0x10, 0x88, 0x3, 0x8, 0x80, 0x21, 0x0, 0xc2,
    0x1, 0x8, 0x80, 0x30, 0x88, 0x2, 0x10, 0x9,
    0xe4, 0x3, 0x58, 0x6, 0xb0, 0xd, 0x2e, 0x5,
    0x0, 0x1c, 0xb8, 0xee, 0xc5, 0x0, 0xe8, 0x22,
    0x18, 0x7, 0x8e, 0x20, 0x60, 0x1e, 0x32, 0x8,
    0x0, 0xff, 0xe2, 0x40, 0x1, 0x1c, 0x1a, 0x0,
    0x3f, 0x43, 0x83, 0xa0, 0x5, 0x1d, 0x2f, 0xc8,
    0x1, 0x93, 0x9e, 0x3a, 0x0, 0x38, 0x40, 0x2,
    0x60, 0x18, 0xc4, 0x0, 0x20, 0x1f, 0xee, 0x0,
    0xdc, 0x1, 0xff, 0xc2, 0x6f, 0xdd, 0x7b, 0x0,
    0x7c,

    /* U+F01C "" */
    0x0, 0xc7, 0xbf, 0xff, 0xf4, 0x80, 0x7e, 0x1d,
    0x20, 0xf, 0xf9, 0xa0, 0x3, 0xeb, 0x10, 0x67,
    0x7f, 0xe2, 0x7, 0x30, 0xe, 0x55, 0x2, 0xcc,
    0x47, 0xf7, 0x80, 0x38, 0x3, 0xd, 0x80, 0xd8,
    0x7, 0xf8, 0x9c, 0xa, 0x0, 0x2b, 0x10, 0xb1,
    0x0, 0xff, 0xa0, 0x81, 0xcc, 0x15, 0x40, 0xaa,
    0x0, 0xff, 0xe0, 0xf0, 0x3, 0x82, 0x0, 0x7,
    0x11, 0x38, 0x7, 0x8e, 0x22, 0xb2, 0x2, 0x52,
    0x0, 0x33, 0xbd, 0x8, 0x1, 0xde, 0xef, 0x88,
    0x0, 0x40, 0x1f, 0xa0, 0x3, 0x29, 0x80, 0x7d,
    0xe0, 0x1f, 0x8f, 0xff, 0x50, 0x7, 0xff, 0xac,
    0x40, 0x3f, 0xf9, 0x3d, 0x62, 0x1, 0xff, 0xc7,
    0x46,

    /* U+F021 "" */
    0x0, 0xfe, 0x11, 0x0, 0x79, 0xee, 0x80, 0x38,
    0x5f, 0x3f, 0xb9, 0xf6, 0xa0, 0x16, 0x22, 0x80,
    0x67, 0xe8, 0x30, 0xc, 0x95, 0xca, 0x1, 0xf5,
    0x40, 0x4, 0x48, 0x81, 0x0, 0xd, 0x48, 0x80,
    0x69, 0x50, 0x2, 0xee, 0xae, 0xdd, 0x88, 0x0,
    0x65, 0x0, 0x95, 0x80, 0x13, 0x44, 0x1, 0x8e,
    0xe8, 0x3, 0xd0, 0x0, 0x96, 0x0, 0xe7, 0xba,
    0xc3, 0x0, 0xc6, 0x40, 0x6c, 0x1, 0xeb, 0x45,
    0x63, 0x0, 0xc8, 0x0, 0xa0, 0xf, 0x9c, 0x3,
    0xf3, 0xff, 0x98, 0x3, 0xeb, 0xff, 0xfc, 0x1,
    0xff, 0xdc, 0xff, 0xfd, 0x60, 0x1f, 0x37, 0xf9,
    0x80, 0x3f, 0x38, 0x7, 0xd4, 0x0, 0x50, 0xc,
    0x6c, 0xaa, 0xb0, 0xf, 0x39, 0x81, 0x18, 0x6,
    0x3c, 0xaa, 0x38, 0x7, 0x34, 0x0, 0x20, 0x3,
    0xd5, 0x66, 0x1, 0x8e, 0xe4, 0x0, 0xca, 0x1,
    0x2b, 0x0, 0x13, 0x3a, 0xed, 0xb8, 0x80, 0x5,
    0x90, 0xc, 0x33, 0x44, 0x0, 0x14, 0x41, 0x0,
    0x51, 0x40, 0x1f, 0x2e, 0xd2, 0x0, 0x63, 0x7e,
    0x70, 0xc, 0xa9, 0x80, 0x12, 0xdf, 0xf7, 0x3f,
    0x20, 0x40, 0x38,

    /* U+F027 "" */
    0x0, 0xfd, 0x12, 0x1, 0xff, 0xc0, 0x97, 0x60,
    0xf, 0xfa, 0x58, 0x3, 0xff, 0x81, 0x2c, 0x1,
    0xfb, 0x7f, 0xf3, 0x0, 0x79, 0xcc, 0x8, 0x3,
    0xfc, 0x31, 0x88, 0x1, 0xff, 0xd, 0x4, 0x0,
    0x7f, 0xf0, 0x14, 0xc, 0x3, 0xff, 0x80, 0x80,
    0x40, 0x1f, 0xf0, 0xd8, 0x40, 0x7, 0xfc, 0x2f,
    0x4b, 0x71, 0x18, 0x40, 0x3d, 0xa, 0x8, 0xef,
    0xb0, 0x40, 0x3f, 0xf8, 0x25, 0x82, 0x1, 0xff,
    0xc1, 0x2c, 0x11, 0x0, 0x7f, 0xf0, 0xb, 0xfc,
    0x1, 0xc0,

    /* U+F028 "" */
    0x0, 0xff, 0xe2, 0x3d, 0x90, 0x7, 0xff, 0x4,
    0x40, 0x3d, 0xc9, 0x86, 0x1, 0xfe, 0x2e, 0xf0,
    0xf, 0x4b, 0xe, 0x10, 0x7, 0xe2, 0xc1, 0x10,
    0x6, 0x87, 0x9, 0x70, 0xf0, 0xf, 0x8b, 0x4,
    0x3, 0xcd, 0x16, 0x10, 0x64, 0xc0, 0x8e, 0xfb,
    0x4, 0x3, 0xec, 0x24, 0x80, 0xf0, 0xb0, 0xb8,
    0x8c, 0x20, 0x1e, 0x74, 0x2c, 0x7, 0x13, 0x31,
    0x18, 0x7, 0xfc, 0x31, 0x68, 0x2e, 0xc, 0x16,
    0xa, 0x1, 0xff, 0xd, 0x4, 0x5, 0x86, 0x81,
    0x87, 0x80, 0x7f, 0xf0, 0x14, 0xc, 0x4, 0x4,
    0x3, 0xff, 0x88, 0xa0, 0x60, 0x20, 0x20, 0x20,
    0x1f, 0xfc, 0x11, 0xa0, 0x80, 0xb0, 0xd0, 0x20,
    0xf2, 0x0, 0xff, 0xc, 0x5a, 0x13, 0x83, 0x5,
    0x82, 0xef, 0xfe, 0x60, 0xf, 0x3a, 0x16, 0x3,
    0x89, 0x98, 0x8c, 0x3, 0xa5, 0x80, 0x3e, 0xc1,
    0x48, 0xf, 0xb, 0x0, 0xfa, 0x58, 0x3, 0xcd,
    0x16, 0x10, 0x64, 0xc0, 0x1f, 0xa5, 0xd8, 0x3,
    0x43, 0x84, 0x38, 0x78, 0x7, 0xfa, 0x24, 0x3,
    0xd2, 0xe1, 0x84, 0x1, 0xff, 0xc6, 0xe4, 0xd3,
    0x0, 0x80,

    /* U+F03E "" */
    0x5e, 0xff, 0xff, 0xe2, 0x72, 0xd8, 0x80, 0x7f,
    0xf1, 0x6, 0xc4, 0x1, 0x38, 0xe0, 0x1f, 0xfc,
    0x11, 0x0, 0x4b, 0x1c, 0x28, 0x7, 0xff, 0xd,
    0x40, 0x2d, 0x0, 0xf2, 0x8, 0x7, 0xd6, 0x1,
    0x58, 0x7, 0x35, 0xe8, 0x80, 0x79, 0xe9, 0xf0,
    0xc0, 0x33, 0x48, 0x1e, 0x88, 0x7, 0x96, 0x0,
    0x39, 0xa4, 0x2, 0x3d, 0x10, 0xf, 0x36, 0x48,
    0x1, 0xa4, 0x3, 0x8d, 0x80, 0x39, 0xa4, 0x1a,
    0x5a, 0x40, 0x3f, 0xf8, 0x9, 0x20, 0x13, 0x48,
    0x7, 0xff, 0x4, 0xc0, 0x3f, 0xf8, 0xe9, 0x11,
    0xff, 0xc2, 0x40, 0x0, 0x81, 0xbb, 0xff, 0xf0,
    0x8c, 0x6, 0xc4, 0x3, 0xff, 0x88, 0x36,

    /* U+F053 "" */
    0x0, 0xff, 0xe3, 0x2f, 0xc0, 0x7, 0xcb, 0x40,
    0xe8, 0x1, 0xcb, 0x40, 0x1, 0x60, 0xc, 0xb4,
    0x0, 0x1c, 0x20, 0x9, 0x68, 0x0, 0x3a, 0x40,
    0x12, 0xd0, 0x0, 0x74, 0xc0, 0x25, 0xa0, 0x0,
    0xe9, 0x80, 0x4b, 0x40, 0x1, 0xd3, 0x0, 0xd0,
    0x1, 0x59, 0x80, 0x74, 0x80, 0x56, 0x60, 0x1c,
    0x96, 0x0, 0x1d, 0x30, 0xe, 0x4b, 0x0, 0xe,
    0x98, 0x7, 0x25, 0x80, 0x7, 0x4c, 0x3, 0x92,
    0x80, 0x3, 0xa6, 0x1, 0xcb, 0x40, 0x1, 0xd2,
    0x0, 0xe5, 0xa0, 0x0, 0xb0, 0x7, 0x96, 0x81,
    0xd0, 0x3, 0xe5, 0xf8, 0x0,

    /* U+F054 "" */
    0x0, 0xff, 0x8b, 0x6c, 0x3, 0xf7, 0x12, 0x60,
    0x7, 0xca, 0x0, 0x3c, 0x0, 0xf4, 0xb0, 0x0,
    0xf0, 0x3, 0xd2, 0xc0, 0x3, 0xc0, 0xf, 0x4b,
    0x0, 0xf, 0x0, 0x3d, 0x2c, 0x0, 0x3c, 0x0,
    0xf4, 0xb0, 0x0, 0xf0, 0x3, 0xd2, 0x40, 0x3,
    0x60, 0xe, 0x92, 0x0, 0x1b, 0x0, 0x69, 0x60,
    0x1, 0xe0, 0x6, 0x96, 0x0, 0x1e, 0x0, 0x69,
    0x60, 0x1, 0xe0, 0x6, 0x96, 0x0, 0x1e, 0x0,
    0x69, 0x60, 0x1, 0xe0, 0x7, 0x28, 0x0, 0xf0,
    0x3, 0xdc, 0x49, 0x80, 0x1f, 0x16, 0xd8, 0x7,
    0xe0,

    /* U+F067 "" */
    0x0, 0xf8, 0x95, 0x40, 0x1f, 0xfc, 0x3d, 0xaa,
    0x40, 0x7, 0xff, 0x4, 0x80, 0x22, 0x0, 0xff,
    0xff, 0x80, 0x63, 0x77, 0xea, 0x0, 0x99, 0xdf,
    0x98, 0x36, 0x23, 0x9c, 0x2, 0x38, 0x8e, 0x96,
    0x10, 0xf, 0xfe, 0x27, 0x10, 0x7, 0xff, 0x13,
    0x72, 0xef, 0xa8, 0x2, 0x4b, 0xbe, 0xc5, 0x14,
    0x4e, 0x70, 0x8, 0x51, 0x38, 0xc0, 0x3f, 0xfe,
    0x26, 0x1, 0x18, 0x7, 0xff, 0x4, 0x48, 0x1,
    0xe0, 0x1f, 0xfc, 0x2d, 0xd7, 0x30, 0x7, 0xc0,

    /* U+F071 "" */
    0x0, 0xff, 0x9e, 0x8c, 0x3, 0xff, 0x91, 0x10,
    0x5d, 0x10, 0xf, 0xfe, 0x31, 0x38, 0x0, 0x60,
    0x3, 0xff, 0x8d, 0x0, 0x19, 0x8c, 0x3, 0xff,
    0x88, 0x8a, 0x1, 0xd0, 0x1, 0xff, 0xc4, 0x80,
    0xf, 0x22, 0x80, 0x7f, 0xf0, 0x98, 0xc0, 0x3e,
    0x80, 0xf, 0xfe, 0x14, 0x0, 0x17, 0x75, 0x60,
    0x2, 0x70, 0xf, 0xfe, 0x4, 0x8, 0x0, 0xc8,
    0x8a, 0x1, 0x40, 0x80, 0x7f, 0x89, 0xc0, 0x23,
    0x0, 0x18, 0x6, 0x80, 0xf, 0xf4, 0x0, 0x61,
    0x0, 0x8, 0x6, 0x62, 0x0, 0xfc, 0x6a, 0x1,
    0x9c, 0x0, 0xe0, 0x1d, 0x20, 0x1f, 0xbc, 0x3,
    0x84, 0x0, 0x20, 0x1c, 0x88, 0x0, 0xf3, 0x18,
    0x7, 0x14, 0xcc, 0x1, 0xe9, 0x0, 0xf4, 0x0,
    0x7d, 0x96, 0xe0, 0x1e, 0x27, 0x0, 0xd0, 0x20,
    0x1e, 0x65, 0x2a, 0x0, 0xfa, 0x44, 0x0, 0x2e,
    0x1, 0xf0, 0x80, 0x4, 0x3, 0xe1, 0x80, 0x5,
    0x80, 0x7e, 0x74, 0x1a, 0x0, 0xfc, 0xc4, 0xa,
    0x1, 0xfd, 0x7c, 0xa0, 0x1f, 0xca, 0x8, 0x1,
    0xff, 0xc9, 0x30, 0xa9, 0x77, 0xff, 0xe3, 0xda,
    0x0,

    /* U+F078 "" */
    0x6, 0x70, 0xf, 0xf8, 0xa4, 0x81, 0xe6, 0x24,
    0x3, 0xf8, 0xb1, 0xb0, 0x78, 0x0, 0xd2, 0x1,
    0xf1, 0xe0, 0x80, 0x9c, 0xa0, 0x1, 0xa4, 0x3,
    0x8f, 0x44, 0x1, 0x44, 0x16, 0x80, 0x6, 0x90,
    0x8, 0xf4, 0x40, 0x14, 0xa0, 0x15, 0xa0, 0x1,
    0xa4, 0xf, 0x44, 0x1, 0x4a, 0x1, 0xd6, 0x80,
    0x6, 0xad, 0x10, 0x5, 0x28, 0x7, 0xd6, 0x80,
    0x5, 0x10, 0x5, 0x28, 0x7, 0xf5, 0xa0, 0x6,
    0xa5, 0x0, 0xff, 0xad, 0x0, 0x14, 0xa0, 0x1f,
    0xfc, 0x1b, 0x6b, 0x50, 0xf, 0x80,

    /* U+F0C9 "" */
    0x0, 0xff, 0xe3, 0x77, 0xff, 0xff, 0x11, 0x84,
    0x3, 0xff, 0x89, 0xca, 0x67, 0xff, 0xc4, 0xca,
    0xcc, 0xff, 0xe2, 0x20, 0x7, 0xff, 0x63, 0x37,
    0x7f, 0xf8, 0x8a, 0x64, 0x5f, 0xfc, 0x4d, 0x20,
    0xf, 0xfe, 0x26, 0xeb, 0xff, 0xff, 0x88, 0xa0,
    0x1f, 0xfd, 0x8a, 0xcc, 0xff, 0xe2, 0x22, 0x99,
    0xff, 0xf1, 0x30, 0x40, 0x3f, 0xf8, 0x9d, 0xcf,
    0xff, 0xfe, 0x23, 0x0,

    /* U+F15B "" */
    0x24, 0x4f, 0x8c, 0xc, 0x3, 0x6d, 0xdf, 0xde,
    0x18, 0xc0, 0x1f, 0xfc, 0x29, 0x60, 0xf, 0xfe,
    0x14, 0xb0, 0x7, 0xff, 0xa, 0x58, 0x3, 0xfc,
    0x89, 0xb4, 0x3, 0xf1, 0xd, 0xdf, 0x0, 0x7e,
    0x1e, 0xff, 0xe0, 0xf, 0xff, 0xf8, 0x7, 0xff,
    0xfc, 0x3, 0xff, 0xa4, 0xe8, 0x9f, 0xfc, 0x17,

    /* U+F1EB "" */
    0x0, 0xff, 0x11, 0xa1, 0x90, 0x7, 0xff, 0x10,
    0xe3, 0x3f, 0x72, 0xf3, 0x7f, 0x20, 0xc0, 0x3f,
    0xcd, 0xb8, 0xe6, 0x1, 0xf1, 0xbe, 0x6b, 0x0,
    0x78, 0xf6, 0x48, 0x3, 0xc2, 0x1, 0xe2, 0x9d,
    0x30, 0xa, 0x30, 0x80, 0x24, 0x8d, 0xff, 0x77,
    0xfb, 0x61, 0x0, 0x22, 0xc8, 0xa, 0x70, 0x9,
    0x76, 0xdc, 0x80, 0x38, 0x9e, 0xf5, 0x40, 0x27,
    0xa1, 0x0, 0x16, 0x51, 0x0, 0x7f, 0xc5, 0x58,
    0x40, 0x1, 0xb4, 0x5c, 0x30, 0x9, 0x67, 0x7b,
    0xfb, 0x65, 0x40, 0x23, 0xc5, 0x4b, 0xb, 0xa1,
    0x0, 0x36, 0xd3, 0x10, 0x80, 0x93, 0x56, 0xb0,
    0x0, 0x6a, 0xc0, 0x38, 0x6e, 0x48, 0x3, 0xf8,
    0xa6, 0xc4, 0x3, 0xf4, 0xa0, 0x4, 0xb5, 0x9b,
    0x94, 0xa0, 0x12, 0x48, 0x7, 0xe8, 0x30, 0x4e,
    0xa5, 0x32, 0x35, 0xae, 0x40, 0x38, 0x0, 0xfe,
    0xcb, 0xb0, 0x80, 0x7c, 0x37, 0x6c, 0x0, 0xff,
    0x90, 0x2, 0x19, 0xd9, 0x10, 0x9, 0x0, 0x3f,
    0xf8, 0x96, 0xc4, 0xd6, 0x1, 0xff, 0xc8, 0x50,
    0x9, 0x40, 0x3f, 0xf9, 0x6, 0x1, 0x18, 0x7,
    0xff, 0x23, 0xc4, 0x7, 0xc0, 0x3f, 0xf9, 0x7,
    0xdd, 0x18, 0x7, 0xf8,

    /* U+F2ED "" */
    0x0, 0xe2, 0xab, 0xbc, 0xe0, 0x1e, 0x57, 0x7d,
    0xca, 0x89, 0xa1, 0xdf, 0x8a, 0xa2, 0x31, 0x80,
    0x7a, 0x23, 0x94, 0x40, 0x3f, 0xf8, 0x83, 0xdf,
    0xff, 0xfc, 0x46, 0x6, 0x88, 0xff, 0xe1, 0x10,
    0x2, 0x9d, 0xff, 0xf8, 0x4c, 0x1, 0xff, 0xcb,
    0x88, 0x0, 0x31, 0x0, 0x78, 0x40, 0x3f, 0x8,
    0x80, 0x2, 0x20, 0x0, 0x80, 0x7f, 0xff, 0xc0,
    0x3f, 0xfe, 0x2, 0x20, 0x0, 0x88, 0x0, 0x20,
    0x1e, 0x70, 0x4, 0x40, 0x1, 0x88, 0x3, 0xc2,
    0x0, 0x70, 0x6, 0x0, 0x7f, 0xf0, 0x44, 0xc0,
    0xf, 0x50, 0xef, 0xfe, 0x8c, 0x0, 0x0
};


/*---------------------
 *  GLYPH DESCRIPTION
 *--------------------*/

static const lv_font_fmt_txt_glyph_dsc_t glyph_dsc[] = {
    {.bitmap_index = 0, .adv_w = 0, .box_w = 0, .box_h = 0, .ofs_x = 0, .ofs_y = 0} /* id = 0 reserved */,
    {.bitmap_index = 0, .adv_w = 72, .box_w = 0, .box_h = 0, .ofs_x = 0, .ofs_y = 0},
    {.bitmap_index = 0, .adv_w = 103, .box_w = 4, .box_h = 14, .ofs_x = 1, .ofs_y = 0},
    {.bitmap_index = 23, .adv_w = 152, .box_w = 7, .box_h = 6, .ofs_x = 1, .ofs_y = 10},
    {.bitmap_index = 45, .adv_w = 178, .box_w = 11, .box_h = 14, .ofs_x = 0, .ofs_y = 0},
    {.bitmap_index = 120, .adv_w = 178, .box_w = 9, .box_h = 19, .ofs_x = 1, .ofs_y = -2},
    {.bitmap_index = 187, .adv_w = 295, .box_w = 18, .box_h = 14, .ofs_x = 0, .ofs_y = 0},
    {.bitmap_index = 300, .adv_w = 218, .box_w = 14, .box_h = 14, .ofs_x = 0, .ofs_y = 0},
    {.bitmap_index = 387, .adv_w = 89, .box_w = 3, .box_h = 6, .ofs_x = 1, .ofs_y = 10},
    {.bitmap_index = 397, .adv_w = 108, .box_w = 5, .box_h = 21, .ofs_x = 1, .ofs_y = -4},
    {.bitmap_index = 448, .adv_w = 108, .box_w = 5, .box_h = 21, .ofs_x = 0, .ofs_y = -4},
    {.bitmap_index = 497, .adv_w = 149, .box_w = 8, .box_h = 7, .ofs_x = 1, .ofs_y = 9},
    {.bitmap_index = 524, .adv_w = 178, .box_w = 11, .box_h = 10, .ofs_x = 0, .ofs_y = 2},
    {.bitmap_index = 555, .adv_w = 89, .box_w = 4, .box_h = 7, .ofs_x = 1, .ofs_y = -4},
    {.bitmap_index = 569, .adv_w = 111, .box_w = 7, .box_h = 3, .ofs_x = 0, .ofs_y = 4},
    {.bitmap_index = 577, .adv_w = 89, .box_w = 4, .box_h = 3, .ofs_x = 1, .ofs_y = 0},
    {.bitmap_index = 583, .adv_w = 125, .box_w = 8, .box_h = 19, .ofs_x = 0, .ofs_y = -3},
    {.bitmap_index = 639, .adv_w = 178, .box_w = 10, .box_h = 14, .ofs_x = 1, .ofs_y = 0},
    {.bitmap_index = 702, .adv_w = 178, .box_w = 9, .box_h = 14, .ofs_x = 1, .ofs_y = 0},
    {.bitmap_index = 728, .adv_w = 178, .box_w = 11, .box_h = 14, .ofs_x = 0, .ofs_y = 0},
    {.bitmap_index = 785, .adv_w = 178, .box_w = 10, .box_h = 14, .ofs_x = 0, .ofs_y = 0},
    {.bitmap_index = 847, .adv_w = 178, .box_w = 11, .box_h = 14, .ofs_x = 0, .ofs_y = 0},
    {.bitmap_index = 898, .adv_w = 178, .box_w = 11, .box_h = 14, .ofs_x = 0, .ofs_y = 0},
    {.bitmap_index = 960, .adv_w = 178, .box_w = 10, .box_h = 14, .ofs_x = 1, .ofs_y = 0},
    {.bitmap_index = 1027, .adv_w = 178, .box_w = 11, .box_h = 14, .ofs_x = 0, .ofs_y = 0},
    {.bitmap_index = 1075, .adv_w = 178, .box_w = 11, .box_h = 14, .ofs_x = 0, .ofs_y = 0},
    {.bitmap_index = 1149, .adv_w = 178, .box_w = 11, .box_h = 14, .ofs_x = 0, .ofs_y = 0},
    {.bitmap_index = 1221, .adv_w = 89, .box_w = 4, .box_h = 11, .ofs_x = 1, .ofs_y = 0},
    {.bitmap_index = 1238, .adv_w = 89, .box_w = 4, .box_h = 15, .ofs_x = 1, .ofs_y = -4},
    {.bitmap_index = 1263, .adv_w = 178, .box_w = 11, .box_h = 10, .ofs_x = 0, .ofs_y = 2},
    {.bitmap_index = 1309, .adv_w = 178, .box_w = 11, .box_h = 7, .ofs_x = 0, .ofs_y = 4},
    {.bitmap_index = 1330, .adv_w = 178, .box_w = 11, .box_h = 10, .ofs_x = 0, .ofs_y = 2},
    {.bitmap_index = 1377, .adv_w = 152, .box_w = 9, .box_h = 14, .ofs_x = 0, .ofs_y = 0},
    {.bitmap_index = 1429, .adv_w = 303, .box_w = 17, .box_h = 18, .ofs_x = 1, .ofs_y = -4},
    {.bitmap_index = 1567, .adv_w = 195, .box_w = 13, .box_h = 14, .ofs_x = 0, .ofs_y = 0},
    {.bitmap_index = 1639, .adv_w = 210, .box_w = 11, .box_h = 14, .ofs_x = 2, .ofs_y = 0},
    {.bitmap_index = 1703, .adv_w = 204, .box_w = 12, .box_h = 14, .ofs_x = 1, .ofs_y = 0},
    {.bitmap_index = 1767, .adv_w = 220, .box_w = 11, .box_h = 14, .ofs_x = 2, .ofs_y = 0},
    {.bitmap_index = 1824, .adv_w = 188, .box_w = 9, .box_h = 14, .ofs_x = 2, .ofs_y = 0},
    {.bitmap_index = 1855, .adv_w = 177, .box_w = 9, .box_h = 14, .ofs_x = 2, .ofs_y = 0},
    {.bitmap_index = 1880, .adv_w = 220, .box_w = 12, .box_h = 14, .ofs_x = 1, .ofs_y = 0},
    {.bitmap_index = 1951, .adv_w = 233, .box_w = 11, .box_h = 14, .ofs_x = 2, .ofs_y = 0},
    {.bitmap_index = 1972, .adv_w = 94, .box_w = 2, .box_h = 14, .ofs_x = 2, .ofs_y = 0},
    {.bitmap_index = 1977, .adv_w = 171, .box_w = 9, .box_h = 14, .ofs_x = 0, .ofs_y = 0},
    {.bitmap_index = 2002, .adv_w = 207, .box_w = 11, .box_h = 14, .ofs_x = 2, .ofs_y = 0},
    {.bitmap_index = 2061, .adv_w = 174, .box_w = 9, .box_h = 14, .ofs_x = 2, .ofs_y = 0},
    {.bitmap_index = 2074, .adv_w = 260, .box_w = 13, .box_h = 14, .ofs_x = 2, .ofs_y = 0},
    {.bitmap_index = 2143, .adv_w = 231, .box_w = 11, .box_h = 14, .ofs_x = 2, .ofs_y = 0},
    {.bitmap_index = 2196, .adv_w = 237, .box_w = 13, .box_h = 14, .ofs_x = 1, .ofs_y = 0},
    {.bitmap_index = 2273, .adv_w = 203, .box_w = 10, .box_h = 14, .ofs_x = 2, .ofs_y = 0},
    {.bitmap_index = 2315, .adv_w = 237, .box_w = 13, .box_h = 18, .ofs_x = 1, .ofs_y = -4},
    {.bitmap_index = 2411, .adv_w = 203, .box_w = 11, .box_h = 14, .ofs_x = 2, .ofs_y = 0},
    {.bitmap_index = 2471, .adv_w = 191, .box_w = 12, .box_h = 14, .ofs_x = 0, .ofs_y = 0},
    {.bitmap_index = 2542, .adv_w = 192, .box_w = 12, .box_h = 14, .ofs_x = 0, .ofs_y = 0},
    {.bitmap_index = 2562, .adv_w = 231, .box_w = 12, .box_h = 14, .ofs_x = 1, .ofs_y = 0},
    {.bitmap_index = 2603, .adv_w = 184, .box_w = 12, .box_h = 14, .ofs_x = 0, .ofs_y = 0},
    {.bitmap_index = 2673, .adv_w = 281, .box_w = 18, .box_h = 14, .ofs_x = 0, .ofs_y = 0},
    {.bitmap_index = 2788, .adv_w = 183, .box_w = 12, .box_h = 14, .ofs_x = 0, .ofs_y = 0},
    {.bitmap_index = 2860, .adv_w = 170, .box_w = 12, .box_h = 14, .ofs_x = -1, .ofs_y = 0},
    {.bitmap_index = 2911, .adv_w = 193, .box_w = 11, .box_h = 14, .ofs_x = 1, .ofs_y = 0},
    {.bitmap_index = 2964, .adv_w = 108, .box_w = 5, .box_h = 20, .ofs_x = 2, .ofs_y = -4},
    {.bitmap_index = 2980, .adv_w = 125, .box_w = 8, .box_h = 19, .ofs_x = 0, .ofs_y = -3},
    {.bitmap_index = 3034, .adv_w = 108, .box_w = 5, .box_h = 20, .ofs_x = 0, .ofs_y = -4},
    {.bitmap_index = 3049, .adv_w = 178, .box_w = 9, .box_h = 9, .ofs_x = 1, .ofs_y = 6},
    {.bitmap_index = 3086, .adv_w = 179, .box_w = 11, .box_h = 2, .ofs_x = 0, .ofs_y = -4},
    {.bitmap_index = 3092, .adv_w = 194, .box_w = 6, .box_h = 6, .ofs_x = 2, .ofs_y = 12},
    {.bitmap_index = 3107, .adv_w = 180, .box_w = 9, .box_h = 11, .ofs_x = 1, .ofs_y = 0},
    {.bitmap_index = 3156, .adv_w = 198, .box_w = 11, .box_h = 16, .ofs_x = 1, .ofs_y = 0},
    {.bitmap_index = 3212, .adv_w = 163, .box_w = 9, .box_h = 11, .ofs_x = 1, .ofs_y = 0},
    {.bitmap_index = 3256, .adv_w = 198, .box_w = 10, .box_h = 16, .ofs_x = 1, .ofs_y = 0},
    {.bitmap_index = 3306, .adv_w = 177, .box_w = 10, .box_h = 11, .ofs_x = 1, .ofs_y = 0},
    {.bitmap_index = 3356, .adv_w = 104, .box_w = 8, .box_h = 16, .ofs_x = 0, .ofs_y = 0},
    {.bitmap_index = 3387, .adv_w = 180, .box_w = 10, .box_h = 16, .ofs_x = 1, .ofs_y = -5},
    {.bitmap_index = 3463, .adv_w = 194, .box_w = 10, .box_h = 16, .ofs_x = 1, .ofs_y = 0},
    {.bitmap_index = 3495, .adv_w = 88, .box_w = 3, .box_h = 16, .ofs_x = 1, .ofs_y = 0},
    {.bitmap_index = 3507, .adv_w = 88, .box_w = 5, .box_h = 21, .ofs_x = -1, .ofs_y = -5},
    {.bitmap_index = 3532, .adv_w = 177, .box_w = 10, .box_h = 16, .ofs_x = 1, .ofs_y = 0},
    {.bitmap_index = 3578, .adv_w = 91, .box_w = 4, .box_h = 16, .ofs_x = 1, .ofs_y = 0},
    {.bitmap_index = 3587, .adv_w = 296, .box_w = 16, .box_h = 11, .ofs_x = 1, .ofs_y = 0},
    {.bitmap_index = 3632, .adv_w = 195, .box_w = 10, .box_h = 11, .ofs_x = 1, .ofs_y = 0},
    {.bitmap_index = 3658, .adv_w = 194, .box_w = 11, .box_h = 11, .ofs_x = 1, .ofs_y = 0},
    {.bitmap_index = 3715, .adv_w = 198, .box_w = 11, .box_h = 16, .ofs_x = 1, .ofs_y = -5},
    {.bitmap_index = 3774, .adv_w = 198, .box_w = 10, .box_h = 16, .ofs_x = 1, .ofs_y = -5},
    {.bitmap_index = 3825, .adv_w = 124, .box_w = 7, .box_h = 11, .ofs_x = 1, .ofs_y = 0},
    {.bitmap_index = 3843, .adv_w = 150, .box_w = 9, .box_h = 11, .ofs_x = 0, .ofs_y = 0},
    {.bitmap_index = 3891, .adv_w = 121, .box_w = 8, .box_h = 14, .ofs_x = 0, .ofs_y = 0},
    {.bitmap_index = 3924, .adv_w = 194, .box_w = 10, .box_h = 11, .ofs_x = 1, .ofs_y = 0},
    {.bitmap_index = 3951, .adv_w = 167, .box_w = 11, .box_h = 11, .ofs_x = 0, .ofs_y = 0},
    {.bitmap_index = 4004, .adv_w = 257, .box_w = 16, .box_h = 11, .ofs_x = 0, .ofs_y = 0},
    {.bitmap_index = 4088, .adv_w = 159, .box_w = 10, .box_h = 11, .ofs_x = 0, .ofs_y = 0},
    {.bitmap_index = 4139, .adv_w = 167, .box_w = 11, .box_h = 16, .ofs_x = 0, .ofs_y = -5},
    {.bitmap_index = 4210, .adv_w = 152, .box_w = 9, .box_h = 11, .ofs_x = 0, .ofs_y = 0},
    {.bitmap_index = 4250, .adv_w = 108, .box_w = 7, .box_h = 20, .ofs_x = 0, .ofs_y = -4},
    {.bitmap_index = 4304, .adv_w = 86, .box_w = 2, .box_h = 22, .ofs_x = 2, .ofs_y = -6},
    {.bitmap_index = 4309, .adv_w = 108, .box_w = 6, .box_h = 20, .ofs_x = 0, .ofs_y = -4},
    {.bitmap_index = 4360, .adv_w = 178, .box_w = 11, .box_h = 5, .ofs_x = 0, .ofs_y = 5},
    {.bitmap_index = 4385, .adv_w = 320, .box_w = 19, .box_h = 18, .ofs_x = 0, .ofs_y = -2},
    {.bitmap_index = 4477, .adv_w = 320, .box_w = 17, .box_h = 19, .ofs_x = 1, .ofs_y = -2},
    {.bitmap_index = 4574, .adv_w = 320, .box_w = 18, .box_h = 18, .ofs_x = 1, .ofs_y = -2},
    {.bitmap_index = 4632, .adv_w = 320, .box_w = 18, .box_h = 19, .ofs_x = 1, .ofs_y = -2},
    {.bitmap_index = 4745, .adv_w = 320, .box_w = 20, .box_h = 19, .ofs_x = 0, .ofs_y = -2},
    {.bitmap_index = 4886, .adv_w = 320, .box_w = 20, .box_h = 19, .ofs_x = 0, .ofs_y = -2},
    {.bitmap_index = 5015, .adv_w = 320, .box_w = 20, .box_h = 19, .ofs_x = 0, .ofs_y = -2},
    {.bitmap_index = 5145, .adv_w = 320, .box_w = 20, .box_h = 19, .ofs_x = 0, .ofs_y = -2},
    {.bitmap_index = 5247, .adv_w = 320, .box_w = 20, .box_h = 19, .ofs_x = 0, .ofs_y = -2},
    {.bitmap_index = 5379, .adv_w = 320, .box_w = 20, .box_h = 20, .ofs_x = 0, .ofs_y = -3},
    {.bitmap_index = 5499, .adv_w = 320, .box_w = 20, .box_h = 19, .ofs_x = 0, .ofs_y = -2},
    {.bitmap_index = 5623, .adv_w = 320, .box_w = 20, .box_h = 19, .ofs_x = 0, .ofs_y = -2},
    {.bitmap_index = 5771, .adv_w = 320, .box_w = 20, .box_h = 20, .ofs_x = 0, .ofs_y = -2},
    {.bitmap_index = 5906, .adv_w = 320, .box_w = 20, .box_h = 20, .ofs_x = 0, .ofs_y = -3},
    {.bitmap_index = 6041, .adv_w = 320, .box_w = 20, .box_h = 19, .ofs_x = 0, .ofs_y = -2},
    {.bitmap_index = 6158, .adv_w = 320, .box_w = 19, .box_h = 19, .ofs_x = 1, .ofs_y = -2},
    {.bitmap_index = 6279, .adv_w = 320, .box_w = 20, .box_h = 18, .ofs_x = 0, .ofs_y = -2},
    {.bitmap_index = 6401, .adv_w = 320, .box_w = 16, .box_h = 19, .ofs_x = 2, .ofs_y = -2},
    {.bitmap_index = 6463, .adv_w = 320, .box_w = 18, .box_h = 19, .ofs_x = 1, .ofs_y = -2},
    {.bitmap_index = 6537, .adv_w = 320, .box_w = 20, .box_h = 19, .ofs_x = 0, .ofs_y = -2},
    {.bitmap_index = 6673, .adv_w = 320, .box_w = 19, .box_h = 20, .ofs_x = 0, .ofs_y = -2},
    {.bitmap_index = 6796, .adv_w = 320, .box_w = 18, .box_h = 19, .ofs_x = 1, .ofs_y = -2},
    {.bitmap_index = 6914, .adv_w = 320, .box_w = 19, .box_h = 19, .ofs_x = 0, .ofs_y = -2},
    {.bitmap_index = 7038, .adv_w = 320, .box_w = 18, .box_h = 19, .ofs_x = 1, .ofs_y = -2},
    {.bitmap_index = 7182, .adv_w = 320, .box_w = 19, .box_h = 18, .ofs_x = 0, .ofs_y = -2},
    {.bitmap_index = 7247, .adv_w = 320, .box_w = 20, .box_h = 19, .ofs_x = 0, .ofs_y = -2},
    {.bitmap_index = 7400, .adv_w = 320, .box_w = 19, .box_h = 19, .ofs_x = 1, .ofs_y = -3},
    {.bitmap_index = 7476, .adv_w = 320, .box_w = 18, .box_h = 18, .ofs_x = 1, .ofs_y = -2},
    {.bitmap_index = 7566, .adv_w = 320, .box_w = 20, .box_h = 20, .ofs_x = 0, .ofs_y = -3},
    {.bitmap_index = 7688, .adv_w = 320, .box_w = 18, .box_h = 19, .ofs_x = 0, .ofs_y = -2},
    {.bitmap_index = 7790, .adv_w = 320, .box_w = 18, .box_h = 19, .ofs_x = 1, .ofs_y = -2},
    {.bitmap_index = 7910, .adv_w = 320, .box_w = 18, .box_h = 18, .ofs_x = 1, .ofs_y = -2},
    {.bitmap_index = 7973, .adv_w = 320, .box_w = 20, .box_h = 18, .ofs_x = 0, .ofs_y = -1},
    {.bitmap_index = 8100, .adv_w = 320, .box_w = 19, .box_h = 19, .ofs_x = 0, .ofs_y = -2},
    {.bitmap_index = 8247, .adv_w = 320, .box_w = 19, .box_h = 19, .ofs_x = 0, .ofs_y = -2},
    {.bitmap_index = 8354, .adv_w = 320, .box_w = 20, .box_h = 20, .ofs_x = 0, .ofs_y = -3},
    {.bitmap_index = 8490, .adv_w = 320, .box_w = 20, .box_h = 19, .ofs_x = 0, .ofs_y = -2},
    {.bitmap_index = 8623, .adv_w = 320, .box_w = 20, .box_h = 19, .ofs_x = 0, .ofs_y = -2},
    {.bitmap_index = 8787, .adv_w = 320, .box_w = 20, .box_h = 20, .ofs_x = 0, .ofs_y = -3},
    {.bitmap_index = 8909, .adv_w = 320, .box_w = 19, .box_h = 19, .ofs_x = 0, .ofs_y = -3},
    {.bitmap_index = 9039, .adv_w = 320, .box_w = 18, .box_h = 17, .ofs_x = 2, .ofs_y = -1},
    {.bitmap_index = 9115, .adv_w = 320, .box_w = 20, .box_h = 19, .ofs_x = 0, .ofs_y = -2},
    {.bitmap_index = 9262, .adv_w = 320, .box_w = 20, .box_h = 20, .ofs_x = 0, .ofs_y = -3},
    {.bitmap_index = 9395, .adv_w = 320, .box_w = 20, .box_h = 20, .ofs_x = 0, .ofs_y = -2},
    {.bitmap_index = 9541, .adv_w = 320, .box_w = 19, .box_h = 19, .ofs_x = 1, .ofs_y = -3},
    {.bitmap_index = 9634, .adv_w = 320, .box_w = 19, .box_h = 19, .ofs_x = 1, .ofs_y = -2},
    {.bitmap_index = 9758, .adv_w = 320, .box_w = 16, .box_h = 19, .ofs_x = 2, .ofs_y = -2},
    {.bitmap_index = 9855, .adv_w = 320, .box_w = 20, .box_h = 20, .ofs_x = 0, .ofs_y = -3},
    {.bitmap_index = 10014, .adv_w = 320, .box_w = 19, .box_h = 19, .ofs_x = 0, .ofs_y = -1},
    {.bitmap_index = 10130, .adv_w = 320, .box_w = 20, .box_h = 19, .ofs_x = 0, .ofs_y = -2},
    {.bitmap_index = 10256, .adv_w = 320, .box_w = 20, .box_h = 20, .ofs_x = 0, .ofs_y = -3},
    {.bitmap_index = 10396, .adv_w = 320, .box_w = 18, .box_h = 19, .ofs_x = 0, .ofs_y = -2},
    {.bitmap_index = 10492, .adv_w = 320, .box_w = 20, .box_h = 19, .ofs_x = 0, .ofs_y = -2},
    {.bitmap_index = 10631, .adv_w = 320, .box_w = 20, .box_h = 19, .ofs_x = 0, .ofs_y = -2},
    {.bitmap_index = 10779, .adv_w = 320, .box_w = 20, .box_h = 19, .ofs_x = 0, .ofs_y = -2},
    {.bitmap_index = 10927, .adv_w = 320, .box_w = 20, .box_h = 20, .ofs_x = 0, .ofs_y = -3},
    {.bitmap_index = 11076, .adv_w = 320, .box_w = 20, .box_h = 20, .ofs_x = 0, .ofs_y = -3},
    {.bitmap_index = 11239, .adv_w = 320, .box_w = 19, .box_h = 19, .ofs_x = 0, .ofs_y = -2},
    {.bitmap_index = 11381, .adv_w = 320, .box_w = 20, .box_h = 19, .ofs_x = 0, .ofs_y = -2},
    {.bitmap_index = 11519, .adv_w = 320, .box_w = 20, .box_h = 19, .ofs_x = 0, .ofs_y = -2},
    {.bitmap_index = 11671, .adv_w = 320, .box_w = 19, .box_h = 19, .ofs_x = 1, .ofs_y = -2},
    {.bitmap_index = 11801, .adv_w = 320, .box_w = 20, .box_h = 19, .ofs_x = 0, .ofs_y = -2},
    {.bitmap_index = 11960, .adv_w = 320, .box_w = 20, .box_h = 19, .ofs_x = 0, .ofs_y = -2},
    {.bitmap_index = 12137, .adv_w = 320, .box_w = 20, .box_h = 19, .ofs_x = 0, .ofs_y = -1},
    {.bitmap_index = 12280, .adv_w = 320, .box_w = 20, .box_h = 18, .ofs_x = 0, .ofs_y = -2},
    {.bitmap_index = 12393, .adv_w = 320, .box_w = 20, .box_h = 17, .ofs_x = 0, .ofs_y = -1},
    {.bitmap_index = 12497, .adv_w = 320, .box_w = 20, .box_h = 18, .ofs_x = 0, .ofs_y = -2},
    {.bitmap_index = 12627, .adv_w = 320, .box_w = 19, .box_h = 19, .ofs_x = 0, .ofs_y = -2},
    {.bitmap_index = 12730, .adv_w = 320, .box_w = 20, .box_h = 19, .ofs_x = 0, .ofs_y = -2},
    {.bitmap_index = 12840, .adv_w = 320, .box_w = 20, .box_h = 20, .ofs_x = 0, .ofs_y = -3},
    {.bitmap_index = 12984, .adv_w = 320, .box_w = 20, .box_h = 20, .ofs_x = 0, .ofs_y = -3},
    {.bitmap_index = 13155, .adv_w = 320, .box_w = 20, .box_h = 20, .ofs_x = 0, .ofs_y = -3},
    {.bitmap_index = 13317, .adv_w = 320, .box_w = 19, .box_h = 19, .ofs_x = 0, .ofs_y = -2},
    {.bitmap_index = 13448, .adv_w = 320, .box_w = 19, .box_h = 19, .ofs_x = 1, .ofs_y = -2},
    {.bitmap_index = 13556, .adv_w = 320, .box_w = 20, .box_h = 20, .ofs_x = 0, .ofs_y = -3},
    {.bitmap_index = 13717, .adv_w = 320, .box_w = 19, .box_h = 18, .ofs_x = 0, .ofs_y = -2},
    {.bitmap_index = 13832, .adv_w = 320, .box_w = 20, .box_h = 17, .ofs_x = 0, .ofs_y = -1},
    {.bitmap_index = 13959, .adv_w = 320, .box_w = 18, .box_h = 18, .ofs_x = 0, .ofs_y = -2},
    {.bitmap_index = 14057, .adv_w = 320, .box_w = 19, .box_h = 18, .ofs_x = 1, .ofs_y = -2},
    {.bitmap_index = 14191, .adv_w = 320, .box_w = 19, .box_h = 19, .ofs_x = 0, .ofs_y = -3},
    {.bitmap_index = 14298, .adv_w = 320, .box_w = 20, .box_h = 20, .ofs_x = 0, .ofs_y = -3},
    {.bitmap_index = 14468, .adv_w = 320, .box_w = 18, .box_h = 18, .ofs_x = 1, .ofs_y = -1},
    {.bitmap_index = 14565, .adv_w = 320, .box_w = 18, .box_h = 18, .ofs_x = 1, .ofs_y = -1},
    {.bitmap_index = 14686, .adv_w = 320, .box_w = 18, .box_h = 19, .ofs_x = 1, .ofs_y = -2},
    {.bitmap_index = 14836, .adv_w = 320, .box_w = 19, .box_h = 19, .ofs_x = 1, .ofs_y = -2},
    {.bitmap_index = 15001, .adv_w = 320, .box_w = 19, .box_h = 20, .ofs_x = 0, .ofs_y = -2},
    {.bitmap_index = 15159, .adv_w = 320, .box_w = 20, .box_h = 19, .ofs_x = 0, .ofs_y = -2},
    {.bitmap_index = 15326, .adv_w = 320, .box_w = 20, .box_h = 19, .ofs_x = 0, .ofs_y = -2},
    {.bitmap_index = 15503, .adv_w = 320, .box_w = 18, .box_h = 18, .ofs_x = 1, .ofs_y = -2},
    {.bitmap_index = 15625, .adv_w = 320, .box_w = 18, .box_h = 18, .ofs_x = 1, .ofs_y = -1},
    {.bitmap_index = 15731, .adv_w = 320, .box_w = 15, .box_h = 19, .ofs_x = 3, .ofs_y = -2},
    {.bitmap_index = 15810, .adv_w = 320, .box_w = 19, .box_h = 19, .ofs_x = 1, .ofs_y = -2},
    {.bitmap_index = 15896, .adv_w = 320, .box_w = 18, .box_h = 20, .ofs_x = 1, .ofs_y = -3},
    {.bitmap_index = 16015, .adv_w = 320, .box_w = 20, .box_h = 19, .ofs_x = 0, .ofs_y = -2},
    {.bitmap_index = 16176, .adv_w = 320, .box_w = 20, .box_h = 19, .ofs_x = 0, .ofs_y = -2},
    {.bitmap_index = 16332, .adv_w = 320, .box_w = 20, .box_h = 19, .ofs_x = 0, .ofs_y = -2},
    {.bitmap_index = 16446, .adv_w = 320, .box_w = 19, .box_h = 19, .ofs_x = 1, .ofs_y = -2},
    {.bitmap_index = 16591, .adv_w = 320, .box_w = 18, .box_h = 19, .ofs_x = 1, .ofs_y = -2},
    {.bitmap_index = 16720, .adv_w = 320, .box_w = 20, .box_h = 18, .ofs_x = 0, .ofs_y = -2},
    {.bitmap_index = 16859, .adv_w = 320, .box_w = 20, .box_h = 19, .ofs_x = 0, .ofs_y = -2},
    {.bitmap_index = 16990, .adv_w = 320, .box_w = 20, .box_h = 19, .ofs_x = 0, .ofs_y = -2},
    {.bitmap_index = 17149, .adv_w = 320, .box_w = 20, .box_h = 20, .ofs_x = 0, .ofs_y = -2},
    {.bitmap_index = 17291, .adv_w = 320, .box_w = 20, .box_h = 19, .ofs_x = 0, .ofs_y = -2},
    {.bitmap_index = 17444, .adv_w = 320, .box_w = 19, .box_h = 18, .ofs_x = 1, .ofs_y = -1},
    {.bitmap_index = 17591, .adv_w = 320, .box_w = 20, .box_h = 19, .ofs_x = 0, .ofs_y = -2},
    {.bitmap_index = 17745, .adv_w = 320, .box_w = 20, .box_h = 17, .ofs_x = 0, .ofs_y = -1},
    {.bitmap_index = 17851, .adv_w = 320, .box_w = 19, .box_h = 19, .ofs_x = 0, .ofs_y = -2},
    {.bitmap_index = 17982, .adv_w = 320, .box_w = 20, .box_h = 19, .ofs_x = 0, .ofs_y = -2},
    {.bitmap_index = 18134, .adv_w = 320, .box_w = 18, .box_h = 19, .ofs_x = 1, .ofs_y = -2},
    {.bitmap_index = 18248, .adv_w = 320, .box_w = 18, .box_h = 19, .ofs_x = 1, .ofs_y = -2},
    {.bitmap_index = 18350, .adv_w = 320, .box_w = 19, .box_h = 20, .ofs_x = 1, .ofs_y = -3},
    {.bitmap_index = 18478, .adv_w = 320, .box_w = 19, .box_h = 20, .ofs_x = 1, .ofs_y = -3},
    {.bitmap_index = 18631, .adv_w = 320, .box_w = 19, .box_h = 20, .ofs_x = 1, .ofs_y = -3},
    {.bitmap_index = 18797, .adv_w = 320, .box_w = 18, .box_h = 20, .ofs_x = 1, .ofs_y = -3},
    {.bitmap_index = 18911, .adv_w = 320, .box_w = 20, .box_h = 18, .ofs_x = 0, .ofs_y = -2},
    {.bitmap_index = 19027, .adv_w = 320, .box_w = 18, .box_h = 19, .ofs_x = 1, .ofs_y = -2},
    {.bitmap_index = 19126, .adv_w = 320, .box_w = 20, .box_h = 21, .ofs_x = 0, .ofs_y = -3},
    {.bitmap_index = 19236, .adv_w = 320, .box_w = 20, .box_h = 21, .ofs_x = 0, .ofs_y = -3},
    {.bitmap_index = 19395, .adv_w = 320, .box_w = 20, .box_h = 21, .ofs_x = 0, .ofs_y = -3},
    {.bitmap_index = 19548, .adv_w = 360, .box_w = 23, .box_h = 15, .ofs_x = 0, .ofs_y = 0},
    {.bitmap_index = 19645, .adv_w = 320, .box_w = 20, .box_h = 21, .ofs_x = 0, .ofs_y = -3},
    {.bitmap_index = 19800, .adv_w = 240, .box_w = 15, .box_h = 16, .ofs_x = 0, .ofs_y = -1},
    {.bitmap_index = 19874, .adv_w = 360, .box_w = 23, .box_h = 19, .ofs_x = 0, .ofs_y = -2},
    {.bitmap_index = 20028, .adv_w = 320, .box_w = 20, .box_h = 15, .ofs_x = 0, .ofs_y = 0},
    {.bitmap_index = 20123, .adv_w = 200, .box_w = 11, .box_h = 19, .ofs_x = 1, .ofs_y = -2},
    {.bitmap_index = 20208, .adv_w = 200, .box_w = 11, .box_h = 19, .ofs_x = 1, .ofs_y = -2},
    {.bitmap_index = 20289, .adv_w = 280, .box_w = 18, .box_h = 19, .ofs_x = 0, .ofs_y = -2},
    {.bitmap_index = 20361, .adv_w = 360, .box_w = 24, .box_h = 21, .ofs_x = -1, .ofs_y = -3},
    {.bitmap_index = 20514, .adv_w = 280, .box_w = 18, .box_h = 11, .ofs_x = 0, .ofs_y = 2},
    {.bitmap_index = 20592, .adv_w = 280, .box_w = 18, .box_h = 17, .ofs_x = 0, .ofs_y = -1},
    {.bitmap_index = 20652, .adv_w = 240, .box_w = 15, .box_h = 21, .ofs_x = 0, .ofs_y = -3},
    {.bitmap_index = 20700, .adv_w = 400, .box_w = 25, .box_h = 19, .ofs_x = 0, .ofs_y = -2},
    {.bitmap_index = 20864, .adv_w = 280, .box_w = 18, .box_h = 21, .ofs_x = 0, .ofs_y = -3}
};

/*---------------------
 *  CHARACTER MAPPING
 *--------------------*/

static const uint16_t unicode_list_1[] = {
    0x0, 0x1, 0x81, 0xa1, 0xc1, 0x104, 0x146, 0x14f,
    0x172, 0x1d4, 0x22f, 0x29b, 0x334, 0x33c, 0x358, 0x366,
    0x3a8, 0x3ed, 0x3ee, 0x3f9, 0x40a, 0x440, 0x493, 0x49b,
    0x575, 0x5c4, 0x5e2, 0x5ea, 0x601, 0x622, 0x739, 0x8d1,
    0x923, 0xa76, 0xae3, 0xafa, 0xb00, 0xc85, 0xd4b, 0xe42,
    0xfe5, 0x1048, 0x1082, 0x1099, 0x10f3, 0x1102, 0x1146, 0x1255,
    0x1262, 0x12b8, 0x1433, 0x145e, 0x14c9, 0x14d2, 0x14dc, 0x1561,
    0x1598, 0x15c2, 0x15c3, 0x16c0, 0x1729, 0x1731, 0x1763, 0x17a3,
    0x17d3, 0x1831, 0x18e7, 0x18fc, 0x191f, 0x1a2c, 0x1c14, 0x1fee,
    0x1ff8, 0x22ac, 0x243b, 0x25a2, 0x25f9, 0x271b, 0x2913, 0x2b2d,
    0x2bee, 0x2c6d, 0x2c90, 0x2eee, 0x30b2, 0x30cf, 0x30d2, 0x3106,
    0x3144, 0x3161, 0x33dd, 0x3475, 0x3618, 0x38f5, 0x3bd9, 0x3dab,
    0x3db1, 0x3df6, 0x41c3, 0x41c4, 0x41c7, 0x41d1, 0x41fc, 0x4385,
    0x43bd, 0x43c2, 0x4692, 0x46f4, 0x47e0, 0x47e7, 0x4837, 0x4857,
    0x494c, 0x49e6, 0x4a6c, 0x4b89, 0xa1f4, 0xa204, 0xa206, 0xa20f,
    0xa214, 0xa21a, 0xa21b, 0xa231, 0xa246, 0xa247, 0xa25a, 0xa264,
    0xa26b, 0xa2bc, 0xa34e, 0xa3de, 0xa4e0
};

/*Collect the unicode lists and glyph_id offsets*/
static const lv_font_fmt_txt_cmap_t cmaps[] =
{
    {
        .range_start = 32, .range_length = 95, .glyph_id_start = 1,
        .unicode_list = NULL, .glyph_id_ofs_list = NULL, .list_length = 0, .type = LV_FONT_FMT_TXT_CMAP_FORMAT0_TINY
    },
    {
        .range_start = 19981, .range_length = 42209, .glyph_id_start = 96,
        .unicode_list = unicode_list_1, .glyph_id_ofs_list = NULL, .list_length = 133, .type = LV_FONT_FMT_TXT_CMAP_SPARSE_TINY
    }
};

/*-----------------
 *    KERNING
 *----------------*/


/*Map glyph_ids to kern left classes*/
static const uint8_t kern_left_class_mapping[] =
{
    0, 0, 0, 1, 0, 0, 0, 0,
    1, 2, 0, 0, 0, 3, 4, 3,
    5, 0, 0, 0, 0, 0, 0, 0,
    0, 0, 0, 6, 6, 0, 0, 0,
    0, 0, 7, 8, 9, 10, 11, 12,
    13, 0, 0, 14, 15, 16, 0, 0,
    10, 17, 10, 18, 19, 20, 21, 22,
    23, 24, 25, 26, 2, 27, 0, 0,
    0, 0, 28, 29, 30, 0, 31, 32,
    33, 34, 0, 0, 35, 36, 34, 34,
    29, 29, 37, 38, 39, 40, 37, 41,
    42, 43, 44, 45, 2, 0, 0, 0,
    0, 0, 0, 0, 0, 0, 0, 0,
    0, 0, 0, 0, 0, 0, 0, 0,
    0, 0, 0, 0, 0, 0, 0, 0,
    0, 0, 0, 0, 0, 0, 0, 0,
    0, 0, 0, 0, 0, 0, 0, 0,
    0, 0, 0, 0, 0, 0, 0, 0,
    0, 0, 0, 0, 0, 0, 0, 0,
    0, 0, 0, 0, 0, 0, 0, 0,
    0, 0, 0, 0, 0, 0, 0, 0,
    0, 0, 0, 0, 0, 0, 0, 0,
    0, 0, 0, 0, 0, 0, 0, 0,
    0, 0, 0, 0, 0, 0, 0, 0,
    0, 0, 0, 0, 0, 0, 0, 0,
    0, 0, 0, 0, 0, 0, 0, 0,
    0, 0, 0, 0, 0, 0, 0, 0,
    0, 0, 0, 0, 0, 0, 0, 0,
    0, 0, 0, 0, 0
};

/*Map glyph_ids to kern right classes*/
static const uint8_t kern_right_class_mapping[] =
{
    0, 0, 1, 2, 0, 0, 0, 0,
    2, 0, 3, 4, 0, 5, 6, 7,
    8, 0, 0, 0, 0, 0, 0, 0,
    0, 0, 0, 9, 10, 0, 0, 0,
    11, 0, 12, 0, 13, 0, 0, 0,
    13, 0, 0, 14, 0, 0, 0, 0,
    13, 0, 13, 0, 15, 16, 17, 18,
    19, 20, 21, 22, 0, 23, 3, 0,
    0, 0, 24, 0, 25, 25, 25, 26,
    27, 0, 28, 29, 0, 0, 30, 30,
    25, 30, 25, 30, 31, 32, 33, 34,
    35, 36, 37, 38, 0, 0, 3, 0,
    0, 0, 0, 0, 0, 0, 0, 0,
    0, 0, 0, 0, 0, 0, 0, 0,
    0, 0, 0, 0, 0, 0, 0, 0,
    0, 0, 0, 0, 0, 0, 0, 0,
    0, 0, 0, 0, 0, 0, 0, 0,
    0, 0, 0, 0, 0, 0, 0, 0,
    0, 0, 0, 0, 0, 0, 0, 0,
    0, 0, 0, 0, 0, 0, 0, 0,
    0, 0, 0, 0, 0, 0, 0, 0,
    0, 0, 0, 0, 0, 0, 0, 0,
    0, 0, 0, 0, 0, 0, 0, 0,
    0, 0, 0, 0, 0, 0, 0, 0,
    0, 0, 0, 0, 0, 0, 0, 0,
    0, 0, 0, 0, 0, 0, 0, 0,
    0, 0, 0, 0, 0, 0, 0, 0,
    0, 0, 0, 0, 0, 0, 0, 0,
    0, 0, 0, 0, 0
};

/*Kern values between classes*/
static const int8_t kern_class_values[] =
{
    0, 0, 0, 0, -42, 0, -42, 0,
    0, 0, 0, -20, 0, -35, -4, 0,
    0, 0, 0, -4, 0, 0, 0, 0,
    -12, 0, 0, 0, 0, 0, -8, 0,
    0, 0, 0, 0, 0, 0, 0, 0,
    0, 0, 0, 0, 0, 0, 0, 0,
    0, 0, 0, -8, 0, 0, 0, 0,
    0, 0, 0, 0, 0, 0, 0, 0,
    0, 0, 28, 0, 0, 0, 0, 0,
    0, 0, 0, 0, 0, -35, 0, -50,
    0, 0, 0, 0, 0, 0, 0, 0,
    0, 0, 0, -36, -8, -24, -13, 0,
    -34, 0, 0, 0, -5, 0, 0, 0,
    8, 0, 0, -17, 0, -13, -9, 0,
    -8, 0, 0, 0, 0, 0, 0, 0,
    0, 0, 0, 0, 0, 0, 0, -8,
    -7, -18, 0, -8, -4, -11, -24, -8,
    0, 0, 0, 0, 0, 0, 0, 0,
    0, -10, 0, -4, 0, -6, 0, 0,
    0, 0, 0, 0, 0, 0, 0, 0,
    0, 0, 0, -15, -4, -29, 0, 0,
    0, 0, 0, 0, 0, 0, 0, -9,
    -12, 0, -4, 8, 8, 0, 0, 2,
    -8, 0, 0, 0, 0, 0, 0, 0,
    0, -19, 0, 0, 0, 0, 0, 0,
    0, 0, 0, 0, 0, 0, 0, 0,
    0, 0, -10, 0, 0, 0, 0, 0,
    0, 0, 0, 0, 0, 0, 0, 0,
    0, 0, 0, 0, 0, -20, 0, -35,
    0, 0, 0, 0, 0, 0, -10, -3,
    -4, 0, 0, -20, -6, -6, 0, 1,
    -6, -4, -15, 7, 0, -4, 0, 0,
    0, 0, 7, -6, -3, -4, -2, -2,
    -4, 0, 0, 0, 0, -12, 0, 0,
    0, 0, 0, 0, 0, 0, 0, -6,
    -6, -9, 0, -3, -2, -2, -6, -2,
    0, 0, 0, 0, 0, 0, 0, 0,
    0, -4, 0, -6, -4, -4, -6, 0,
    0, 0, 0, 0, 0, -10, 0, 0,
    0, 0, 0, 0, -11, -4, -9, -7,
    -6, -2, -2, -2, -4, -4, 0, 0,
    0, 0, -8, 0, 0, 0, 0, -11,
    -4, -6, -4, 0, -6, 0, 0, 0,
    0, -13, 0, 0, 0, -7, 0, 0,
    0, -4, 0, -15, 0, -9, 0, -4,
    -3, -7, -8, -8, 0, 0, 0, 0,
    0, 0, 0, 0, 0, 0, 0, 0,
    0, -6, 0, -4, 0, 0, 0, 0,
    0, 0, 0, 0, 0, 0, 0, 0,
    0, 0, 0, 0, 0, 0, 0, 0,
    0, 0, 0, 0, -4, 0, 0, 0,
    0, 0, 0, -9, 0, -4, 0, -12,
    -4, 0, 0, 0, 0, 0, -27, 0,
    -27, -26, 0, 0, 0, -14, -4, -51,
    -8, 0, 0, 1, 1, -9, 0, -12,
    0, -13, -6, 0, -9, 0, 0, -8,
    -8, -4, -6, -8, -7, -10, -7, -11,
    0, 0, 0, -11, 0, 0, 0, 0,
    0, 0, 0, -2, 0, 0, 0, -8,
    0, -6, -2, 0, 0, 0, 0, 0,
    0, 0, 0, 0, 0, 0, 0, 0,
    0, 0, 0, 0, 0, 0, 0, 0,
    0, 0, -9, 0, -9, 0, 0, 0,
    0, 0, 0, -15, 0, 0, 0, 0,
    0, 0, 0, 0, 0, 0, 0, 0,
    0, 0, 0, 0, 0, 0, 0, 0,
    0, 0, 0, 0, 0, -8, 0, -15,
    0, -11, 0, 0, 0, 0, -4, -4,
    -8, 0, -4, -7, -6, -5, -4, 0,
    -7, 0, 0, 0, -4, 0, 0, 0,
    -4, 0, 0, -13, -6, -8, -7, -7,
    -8, -6, 0, -32, 0, -55, 0, -20,
    0, 0, 0, 0, -12, 0, -10, 0,
    -9, -44, -11, -28, -21, 0, -28, 0,
    -29, 0, -5, -6, -2, 0, 0, 0,
    0, -8, -4, -14, -13, 0, -14, 0,
    0, 0, 0, 0, -41, -13, -41, -29,
    0, 0, 0, -19, 0, -53, -4, -10,
    0, 0, 0, -9, -4, -30, 0, -16,
    -10, 0, -12, 0, 0, 0, -4, 0,
    0, 0, 0, -6, 0, -8, 0, 0,
    0, -4, 0, -11, 0, 0, 0, 0,
    0, -2, 0, -7, -6, -6, 0, 1,
    1, -2, -1, -4, 0, -2, -4, 0,
    -2, 0, 0, 0, 0, 0, 0, 0,
    0, -4, 0, -4, 0, 0, 0, -7,
    0, 4, 0, 0, 0, 0, 0, 0,
    0, -6, -6, -8, 0, 0, 0, 0,
    -6, 0, 0, 0, 0, 0, 0, 0,
    0, 0, 0, -9, 0, 0, 0, 0,
    0, -1, 0, 0, 0, 0, -39, -27,
    -39, -33, -8, -8, 0, -15, -9, -46,
    -15, 0, 0, 0, 0, -8, -6, -20,
    0, -27, -24, -7, -27, 0, 0, -18,
    -22, -7, -18, -13, -13, -15, -13, -28,
    0, 0, 0, 0, -7, 0, -7, -12,
    0, 0, 0, -7, 0, -18, -4, 0,
    0, -2, 0, -4, -6, 0, 0, -2,
    0, 0, -4, 0, 0, 0, -2, 0,
    0, 0, 0, -4, 0, 0, 0, 0,
    0, 0, -24, -8, -24, -18, 0, 0,
    0, -6, -4, -27, -4, 0, -4, 3,
    0, 0, 0, -8, 0, -9, -6, 0,
    -9, 0, 0, -8, -5, 0, -12, -4,
    -4, -6, -4, -10, 0, 0, 0, 0,
    -13, -4, -13, -12, 0, 0, 0, 0,
    -3, -25, -3, 0, 0, 0, 0, 0,
    0, -3, 0, -7, 0, 0, -5, 0,
    0, 0, 0, 0, 0, 0, 0, 0,
    0, -4, 0, -4, 0, -4, 0, -11,
    0, 0, 0, 0, 0, 0, -7, -1,
    -6, -8, -4, 0, 0, 0, 0, 0,
    0, -4, -4, -7, 0, 0, 0, 0,
    0, -7, -4, -7, -6, -4, -7, -6,
    0, 0, 0, 0, -33, -24, -33, -25,
    -10, -10, -4, -6, -6, -36, -6, -6,
    -4, 0, 0, 0, 0, -10, 0, -25,
    -16, 0, -22, 0, 0, -15, -16, -11,
    -13, -6, -9, -13, -6, -18, 0, 0,
    0, 0, 0, -13, 0, 0, 0, 0,
    0, -3, -8, -13, -12, 0, -4, -3,
    -3, 0, -6, -7, 0, -7, -9, -8,
    -6, 0, 0, 0, 0, -6, -9, -7,
    -7, -9, -7, 0, 0, 0, 0, 0,
    0, 0, 0, 0, 0, 0, 0, 0,
    0, 0, 0, -32, -12, -20, -12, 0,
    -27, 0, 0, 0, 0, 0, 11, 0,
    25, 0, 0, 0, 0, -8, -4, 0,
    4, 0, 0, 0, 0, -20, 0, 0,
    0, 0, 0, 0, -5, 0, 0, 0,
    0, -9, 0, -7, -2, 0, -9, 0,
    0, 0, 0, 0, 0, 0, 0, 0,
    0, -6, 0, 0, 0, 0, 0, 0,
    0, -12, 0, -10, -4, 1, -4, 0,
    0, 0, -5, 0, 0, 0, 0, -21,
    0, -8, 0, -2, -17, 0, -10, -6,
    0, -2, 0, 0, 0, 0, -2, -7,
    0, -2, -2, -7, -2, -3, 0, 0,
    0, 0, 0, -8, 0, 0, 0, 0,
    0, 0, 0, 0, 0, -8, 0, -6,
    0, 0, -9, 0, 0, -4, -9, 0,
    -4, 0, 0, 0, 0, -4, 0, 1,
    1, 2, 1, 0, 0, 0, 0, -13,
    0, 3, 0, 0, 0, 0, -4, 0,
    0, -8, -8, -9, 0, -7, -4, 0,
    -10, 0, -8, -6, 0, -2, -4, 0,
    0, 0, 0, -4, 0, 1, 1, -4,
    1, -1, 4, 13, 17, 0, -19, -6,
    -19, -6, 0, 0, 9, 0, 0, 0,
    0, 16, 0, 23, 16, 11, 20, 0,
    21, -8, -4, 0, -6, 0, -4, 0,
    -2, 0, 0, 4, 0, -2, 0, -6,
    0, 0, 4, -13, 0, 0, 0, 16,
    0, 0, -14, 0, 0, 0, 0, -10,
    0, 0, 0, 0, -6, 0, 0, -6,
    -6, 0, 0, 0, 12, 0, 0, 0,
    0, -2, -2, 0, 4, -6, 0, 0,
    0, -13, 0, 0, 0, 0, 0, 0,
    -4, 0, 0, 0, 0, -9, 0, -4,
    0, 0, -7, 0, 0, 0, 0, 0,
    0, 0, 0, 0, 0, 0, 0, 0,
    0, 0, 0, 0, 0, 0, 0, -9,
    4, -16, 4, 0, 4, 4, -5, 0,
    0, 0, 0, -13, 0, 0, 0, 0,
    -5, 0, 0, -4, -7, 0, -4, 0,
    -4, 0, 0, -8, -6, 0, 0, -4,
    0, -4, 0, 0, 0, 0, 0, 0,
    0, 0, 0, 0, 0, 0, 0, 0,
    0, 0, 0, 0, 0, 0, 0, 0,
    0, 0, 0, 0, 0, 0, 2, 0,
    0, 0, 0, 0, 0, 0, 0, 0,
    0, 0, 0, -10, 0, 0, 0, 0,
    0, 0, 0, 0, 0, 0, 0, -8,
    0, -6, 0, 0, -12, 0, 0, 0,
    0, 0, 0, 0, 0, 0, 0, 0,
    0, 0, 0, 0, 0, 0, 0, 0,
    0, 0, -20, -9, -20, -13, 8, 8,
    0, -6, 0, -20, 0, 0, 0, 0,
    0, 0, 0, -4, 4, -9, -4, 0,
    -4, 0, 0, 0, -2, 0, 0, 8,
    6, 0, 8, -2, 0, 0, 0, -19,
    0, 3, 0, 0, 0, 0, -5, 0,
    0, 0, 0, -9, 0, -4, 0, 0,
    -8, 0, 0, 0, 0, 0, 0, 0,
    0, 0, 0, -8, 0, 0, 0, 0,
    0, 0, 0, 0, 0, 0, 2, -10,
    2, 3, 4, 4, -10, 0, 0, 0,
    0, -6, 0, 0, 0, 0, -2, 0,
    0, -9, -6, 0, -4, 0, 0, 0,
    -4, -8, 0, 0, 0, -7, 0, 0,
    0, 0, 0, -5, -13, -4, -13, -8,
    0, 0, 0, -5, 0, -15, 0, -8,
    0, -4, 0, 0, -6, -4, 0, -8,
    -2, 0, 0, 0, -4, 0, 0, 0,
    0, 0, 0, 0, 0, -9, 0, 0,
    0, -5, -14, 0, -14, -4, 0, 0,
    0, -2, 0, -12, 0, -9, 0, -4,
    0, -6, -9, 0, 0, -4, -2, 0,
    0, 0, -4, 0, 0, 0, 0, 0,
    0, 0, 0, -7, -6, 0, 0, -9,
    2, -6, -4, 0, 0, 2, 0, 0,
    -4, 0, -2, -13, 0, -6, 0, -4,
    -13, 0, 0, -4, -7, 0, 0, 0,
    0, 0, 0, -9, 0, 0, 0, 0,
    -1, 0, 0, 0, 0, 0, -13, 0,
    -13, -6, 0, 0, 0, 0, 0, -15,
    0, -8, 0, -2, 0, -2, -4, 0,
    0, -8, -2, 0, 0, 0, -4, 0,
    0, 0, 0, 0, 0, -6, 0, -9,
    0, 0, 0, 0, 0, -7, 0, 0,
    0, 0, 0, 0, 0, 0, 0, -10,
    0, 0, 0, 0, -12, 0, 0, -9,
    -4, 0, -3, 0, 0, 0, 0, 0,
    -4, -2, 0, 0, -2, 0
};


/*Collect the kern class' data in one place*/
static const lv_font_fmt_txt_kern_classes_t kern_classes =
{
    .class_pair_values   = kern_class_values,
    .left_class_mapping  = kern_left_class_mapping,
    .right_class_mapping = kern_right_class_mapping,
    .left_class_cnt      = 45,
    .right_class_cnt     = 38,
};

/*--------------------
 *  ALL CUSTOM DATA
 *--------------------*/

#if LVGL_VERSION_MAJOR == 8
/*Store all the custom data of the font*/
static  lv_font_fmt_txt_glyph_cache_t cache;
#endif

#if LVGL_VERSION_MAJOR >= 8
static const lv_font_fmt_txt_dsc_t font_dsc = {
#else
static lv_font_fmt_txt_dsc_t font_dsc = {
#endif
    .glyph_bitmap = glyph_bitmap,
    .glyph_dsc = glyph_dsc,
    .cmaps = cmaps,
    .kern_dsc = &kern_classes,
    .kern_scale = 16,
    .cmap_num = 2,
    .bpp = 4,
    .kern_classes = 1,
    .bitmap_format = 1,
#if LVGL_VERSION_MAJOR == 8
    .cache = &cache
#endif
};



/*-----------------
 *  PUBLIC FONT
 *----------------*/

/*Initialize a public general font descriptor*/
#if LVGL_VERSION_MAJOR >= 8
const lv_font_t settings_demo_cn_20 = {
#else
lv_font_t settings_demo_cn_20 = {
#endif
    .get_glyph_dsc = lv_font_get_glyph_dsc_fmt_txt,    /*Function pointer to get glyph's data*/
    .get_glyph_bitmap = lv_font_get_bitmap_fmt_txt,    /*Function pointer to get glyph's bitmap*/
    .line_height = 24,          /*The maximum line height required by the font*/
    .base_line = 6,             /*Baseline measured from the bottom of the line*/
#if !(LVGL_VERSION_MAJOR == 6 && LVGL_VERSION_MINOR == 0)
    .subpx = LV_FONT_SUBPX_NONE,
#endif
#if LV_VERSION_CHECK(7, 4, 0) || LVGL_VERSION_MAJOR >= 8
    .underline_position = -2,
    .underline_thickness = 1,
#endif
    .dsc = &font_dsc,          /*The custom font data. Will be accessed by `get_glyph_bitmap/dsc` */
#if LV_VERSION_CHECK(8, 2, 0) || LVGL_VERSION_MAJOR >= 9
    .fallback = NULL,
#endif
    .user_data = NULL,
};



#endif /*#if SETTINGS_DEMO_CN_20*/

