/*******************************************************************************
 * Size: 28 px
 * Bpp: 4
 * Opts: --bpp 4 --size 28 --font resources/fonts/SourceHanSansCN-Medium.ttf -o CameraAnyka/fonts/SourceHanSansCN_Medium_28px_4bpp.c --format lvgl -r 0x20-0x7f --symbols 《》“”儿童歌点播使规则仅用特效阅读重保存按住说对话松开发送百科博士口搭子笑女王答案之书科学家故事精灵小诗人怼夸创意滤镜涂鸦生图指引任务每日挑战我的收集前往音量亮度调节息屏时间熄关机显示语言移动网络请输入密码拍单词汉字照相馆学习个英文变身小魔法摄种花朵无线局域中简体忽略此关于系统升级关于本机立即更完成年月日新网络照片后原正在取消恢复出厂设置将删除所有数据，包括相册、状态和设置信息，请确认是否继续？异常请检查 --symbols 下次版已准备好预计耗暂储您击或整再解绑同步联 --symbols 载并自安装更新。为功，持电量≥并连接充电器期间屏幕将常亮不可中断毕将自确定伴 --no-compress --no-prefilter --lv-include lvgl.h
 ******************************************************************************/

#ifdef LV_LVGL_H_INCLUDE_SIMPLE
#include "lvgl.h"
#else
#include "lvgl.h"
#endif

#ifndef SOURCEHANSANSCN_MEDIUM_28PX_4BPP
#define SOURCEHANSANSCN_MEDIUM_28PX_4BPP 1
#endif

#if SOURCEHANSANSCN_MEDIUM_28PX_4BPP

/*-----------------
 *    BITMAPS
 *----------------*/

/*Store the image of the glyphs*/
static LV_ATTRIBUTE_LARGE_CONST const uint8_t glyph_bitmap[] = {
    /* U+0020 " " */

    /* U+0021 "!" */
    0xc, 0xff, 0x60, 0xcf, 0xf6, 0xb, 0xff, 0x50,
    0xbf, 0xf5, 0xa, 0xff, 0x40, 0xaf, 0xf3, 0x9,
    0xff, 0x30, 0x9f, 0xf2, 0x8, 0xff, 0x10, 0x7f,
    0xf1, 0x7, 0xff, 0x0, 0x6f, 0xf0, 0x5, 0xff,
    0x0, 0x5f, 0xe0, 0x3, 0xb9, 0x0, 0x0, 0x0,
    0x2, 0x86, 0x0, 0xef, 0xf9, 0x4f, 0xff, 0xe2,
    0xff, 0xfc, 0x7, 0xed, 0x30,

    /* U+0022 "\"" */
    0x7f, 0xfc, 0x0, 0x5f, 0xff, 0x7f, 0xfc, 0x0,
    0x5f, 0xff, 0x7f, 0xfc, 0x0, 0x4f, 0xfe, 0x6f,
    0xfb, 0x0, 0x3f, 0xfd, 0x4f, 0xf9, 0x0, 0x2f,
    0xfc, 0x2f, 0xf8, 0x0, 0xf, 0xfa, 0xf, 0xf6,
    0x0, 0xe, 0xf8, 0xf, 0xf4, 0x0, 0xc, 0xf6,
    0xd, 0xf2, 0x0, 0xa, 0xf4,

    /* U+0023 "#" */
    0x0, 0x0, 0xcf, 0x30, 0x0, 0xdf, 0x20, 0x0,
    0x0, 0xd, 0xf1, 0x0, 0xf, 0xf0, 0x0, 0x0,
    0x0, 0xff, 0x0, 0x1, 0xfe, 0x0, 0x0, 0x0,
    0x1f, 0xe0, 0x0, 0x3f, 0xc0, 0x0, 0x0, 0x3,
    0xfc, 0x0, 0x5, 0xfa, 0x0, 0x0, 0x0, 0x5f,
    0xa0, 0x0, 0x7f, 0x80, 0x0, 0x4f, 0xff, 0xff,
    0xff, 0xff, 0xff, 0xff, 0x4, 0xff, 0xff, 0xff,
    0xff, 0xff, 0xff, 0xf0, 0x2, 0x2c, 0xf6, 0x22,
    0x2d, 0xf5, 0x22, 0x0, 0x0, 0xdf, 0x20, 0x0,
    0xef, 0x10, 0x0, 0x0, 0xe, 0xf0, 0x0, 0xf,
    0xf0, 0x0, 0x0, 0x0, 0xff, 0x0, 0x2, 0xfd,
    0x0, 0x0, 0x22, 0x4f, 0xd2, 0x22, 0x6f, 0xc2,
    0x21, 0xe, 0xff, 0xff, 0xff, 0xff, 0xff, 0xff,
    0x60, 0xef, 0xff, 0xff, 0xff, 0xff, 0xff, 0xf6,
    0x0, 0x8, 0xf8, 0x0, 0xa, 0xf6, 0x0, 0x0,
    0x0, 0xaf, 0x60, 0x0, 0xcf, 0x40, 0x0, 0x0,
    0xc, 0xf3, 0x0, 0xe, 0xf2, 0x0, 0x0, 0x0,
    0xef, 0x10, 0x0, 0xff, 0x0, 0x0, 0x0, 0xf,
    0xf0, 0x0, 0x2f, 0xe0, 0x0, 0x0, 0x2, 0xfd,
    0x0, 0x4, 0xfc, 0x0, 0x0, 0x0,

    /* U+0024 "$" */
    0x0, 0x0, 0x0, 0xff, 0x30, 0x0, 0x0, 0x0,
    0x0, 0x0, 0xff, 0x30, 0x0, 0x0, 0x0, 0x0,
    0x0, 0xff, 0x30, 0x0, 0x0, 0x0, 0x0, 0x5b,
    0xff, 0xc8, 0x10, 0x0, 0x0, 0x1c, 0xff, 0xff,
    0xff, 0xf5, 0x0, 0x0, 0xcf, 0xff, 0xed, 0xff,
    0xff, 0x60, 0x5, 0xff, 0xf5, 0x0, 0x6, 0xed,
    0x10, 0x9, 0xff, 0x90, 0x0, 0x0, 0x21, 0x0,
    0xa, 0xff, 0x70, 0x0, 0x0, 0x0, 0x0, 0x9,
    0xff, 0xa0, 0x0, 0x0, 0x0, 0x0, 0x5, 0xff,
    0xf6, 0x0, 0x0, 0x0, 0x0, 0x0, 0xcf, 0xff,
    0xb3, 0x0, 0x0, 0x0, 0x0, 0x1b, 0xff, 0xff,
    0xb2, 0x0, 0x0, 0x0, 0x0, 0x5e, 0xff, 0xff,
    0x80, 0x0, 0x0, 0x0, 0x0, 0x7e, 0xff, 0xfb,
    0x0, 0x0, 0x0, 0x0, 0x1, 0xaf, 0xff, 0x60,
    0x0, 0x0, 0x0, 0x0, 0xa, 0xff, 0xd0, 0x0,
    0x0, 0x0, 0x0, 0x3, 0xff, 0xf0, 0x0, 0x0,
    0x0, 0x0, 0x1, 0xff, 0xf0, 0x3, 0x60, 0x0,
    0x0, 0x4, 0xff, 0xe0, 0xd, 0xfb, 0x30, 0x0,
    0x3d, 0xff, 0x90, 0x3f, 0xff, 0xfe, 0xde, 0xff,
    0xfe, 0x10, 0x3, 0xcf, 0xff, 0xff, 0xff, 0xe3,
    0x0, 0x0, 0x3, 0x9c, 0xff, 0xb6, 0x0, 0x0,
    0x0, 0x0, 0x0, 0xff, 0x30, 0x0, 0x0, 0x0,
    0x0, 0x0, 0xff, 0x30, 0x0, 0x0, 0x0, 0x0,
    0x0, 0xff, 0x30, 0x0, 0x0,

    /* U+0025 "%" */
    0x0, 0x5c, 0xfe, 0xa2, 0x0, 0x0, 0x0, 0x0,
    0x8f, 0x80, 0x0, 0x0, 0x0, 0x7f, 0xff, 0xff,
    0xf3, 0x0, 0x0, 0x0, 0x1f, 0xe0, 0x0, 0x0,
    0x0, 0x2f, 0xf8, 0x1, 0xcf, 0xd0, 0x0, 0x0,
    0x9, 0xf7, 0x0, 0x0, 0x0, 0x9, 0xfd, 0x0,
    0x2, 0xff, 0x30, 0x0, 0x2, 0xfe, 0x0, 0x0,
    0x0, 0x0, 0xcf, 0x80, 0x0, 0xd, 0xf7, 0x0,
    0x0, 0xaf, 0x50, 0x0, 0x0, 0x0, 0xe, 0xf6,
    0x0, 0x0, 0xbf, 0x90, 0x0, 0x3f, 0xd0, 0x0,
    0x0, 0x0, 0x0, 0xff, 0x50, 0x0, 0xb, 0xfa,
    0x0, 0xb, 0xf4, 0x0, 0x0, 0x0, 0x0, 0xe,
    0xf6, 0x0, 0x0, 0xbf, 0x90, 0x4, 0xfc, 0x0,
    0x0, 0x0, 0x0, 0x0, 0xcf, 0x80, 0x0, 0xe,
    0xf7, 0x0, 0xcf, 0x30, 0x8, 0xdf, 0xd7, 0x0,
    0x8, 0xfd, 0x0, 0x3, 0xff, 0x30, 0x5f, 0xa0,
    0xc, 0xff, 0xff, 0xfb, 0x0, 0x2f, 0xf9, 0x12,
    0xdf, 0xc0, 0xd, 0xf2, 0x8, 0xff, 0x30, 0x4f,
    0xf6, 0x0, 0x6f, 0xff, 0xff, 0xe2, 0x6, 0xf9,
    0x0, 0xef, 0x70, 0x0, 0x9f, 0xd0, 0x0, 0x4b,
    0xed, 0x91, 0x0, 0xef, 0x10, 0x3f, 0xf2, 0x0,
    0x4, 0xff, 0x10, 0x0, 0x0, 0x0, 0x0, 0x8f,
    0x80, 0x5, 0xff, 0x0, 0x0, 0x2f, 0xf3, 0x0,
    0x0, 0x0, 0x0, 0x1f, 0xe0, 0x0, 0x5f, 0xf0,
    0x0, 0x1, 0xff, 0x40, 0x0, 0x0, 0x0, 0x9,
    0xf7, 0x0, 0x5, 0xff, 0x0, 0x0, 0x2f, 0xf3,
    0x0, 0x0, 0x0, 0x2, 0xfe, 0x0, 0x0, 0x2f,
    0xf2, 0x0, 0x4, 0xff, 0x10, 0x0, 0x0, 0x0,
    0xaf, 0x50, 0x0, 0x0, 0xef, 0x70, 0x0, 0x9f,
    0xd0, 0x0, 0x0, 0x0, 0x3f, 0xd0, 0x0, 0x0,
    0x8, 0xff, 0x30, 0x4f, 0xf6, 0x0, 0x0, 0x0,
    0xb, 0xf4, 0x0, 0x0, 0x0, 0xc, 0xff, 0xff,
    0xfb, 0x0, 0x0, 0x0, 0x4, 0xfc, 0x0, 0x0,
    0x0, 0x0, 0x8, 0xef, 0xd7, 0x0, 0x0,

    /* U+0026 "&" */
    0x0, 0x0, 0x1, 0x8d, 0xfe, 0xa2, 0x0, 0x0,
    0x0, 0x0, 0x0, 0x0, 0x2e, 0xff, 0xff, 0xfe,
    0x20, 0x0, 0x0, 0x0, 0x0, 0x0, 0xcf, 0xfa,
    0x58, 0xff, 0xa0, 0x0, 0x0, 0x0, 0x0, 0x3,
    0xff, 0xb0, 0x0, 0xbf, 0xe0, 0x0, 0x0, 0x0,
    0x0, 0x5, 0xff, 0x50, 0x0, 0xaf, 0xe0, 0x0,
    0x0, 0x0, 0x0, 0x6, 0xff, 0x50, 0x0, 0xef,
    0xb0, 0x0, 0x0, 0x0, 0x0, 0x3, 0xff, 0x80,
    0xa, 0xff, 0x40, 0x0, 0x0, 0x0, 0x0, 0x0,
    0xef, 0xe2, 0xcf, 0xf8, 0x0, 0x0, 0x0, 0x0,
    0x0, 0x0, 0x8f, 0xff, 0xff, 0x80, 0x0, 0x0,
    0x0, 0x0, 0x0, 0x0, 0x4f, 0xff, 0xe4, 0x0,
    0x0, 0x0, 0x67, 0x60, 0x0, 0x6, 0xff, 0xff,
    0xb0, 0x0, 0x0, 0x4, 0xff, 0xb0, 0x0, 0x7f,
    0xff, 0xef, 0xf7, 0x0, 0x0, 0xa, 0xff, 0x50,
    0x3, 0xff, 0xf5, 0x2f, 0xff, 0x60, 0x0, 0x1f,
    0xfe, 0x0, 0xb, 0xff, 0x90, 0x4, 0xff, 0xf7,
    0x0, 0xaf, 0xf6, 0x0, 0xf, 0xff, 0x20, 0x0,
    0x6f, 0xff, 0x95, 0xff, 0xd0, 0x0, 0xf, 0xff,
    0x10, 0x0, 0x5, 0xff, 0xff, 0xff, 0x30, 0x0,
    0xe, 0xff, 0x50, 0x0, 0x0, 0x5f, 0xff, 0xfb,
    0x0, 0x0, 0x9, 0xff, 0xe4, 0x0, 0x0, 0x6f,
    0xff, 0xff, 0xc4, 0x0, 0x1, 0xef, 0xff, 0xc9,
    0xae, 0xff, 0xfd, 0xff, 0xff, 0xe1, 0x0, 0x3e,
    0xff, 0xff, 0xff, 0xff, 0x70, 0x5d, 0xff, 0xe0,
    0x0, 0x0, 0x7c, 0xef, 0xec, 0x71, 0x0, 0x0,
    0x5b, 0x80,

    /* U+0027 "'" */
    0x7f, 0xfc, 0x7f, 0xfc, 0x7f, 0xfc, 0x6f, 0xfb,
    0x4f, 0xf9, 0x2f, 0xf8, 0xf, 0xf6, 0xf, 0xf4,
    0xd, 0xf2,

    /* U+0028 "(" */
    0x0, 0x0, 0x20, 0x0, 0x0, 0xd, 0xf5, 0x0,
    0x5, 0xff, 0x20, 0x0, 0xdf, 0xa0, 0x0, 0x5f,
    0xf2, 0x0, 0xb, 0xfd, 0x0, 0x1, 0xff, 0x70,
    0x0, 0x7f, 0xf2, 0x0, 0xb, 0xfe, 0x0, 0x0,
    0xff, 0xb0, 0x0, 0x2f, 0xf8, 0x0, 0x4, 0xff,
    0x50, 0x0, 0x6f, 0xf4, 0x0, 0x7, 0xff, 0x30,
    0x0, 0x7f, 0xf2, 0x0, 0x8, 0xff, 0x20, 0x0,
    0x7f, 0xf3, 0x0, 0x6, 0xff, 0x40, 0x0, 0x5f,
    0xf5, 0x0, 0x2, 0xff, 0x70, 0x0, 0xf, 0xfa,
    0x0, 0x0, 0xcf, 0xd0, 0x0, 0x8, 0xff, 0x10,
    0x0, 0x3f, 0xf6, 0x0, 0x0, 0xcf, 0xb0, 0x0,
    0x6, 0xff, 0x10, 0x0, 0x1f, 0xf8, 0x0, 0x0,
    0x8f, 0xf1, 0x0, 0x0, 0xef, 0x70, 0x0, 0x5,
    0x40,

    /* U+0029 ")" */
    0x1, 0x20, 0x0, 0x6, 0xfc, 0x0, 0x0, 0x3f,
    0xf4, 0x0, 0x0, 0xbf, 0xd0, 0x0, 0x3, 0xff,
    0x40, 0x0, 0xe, 0xfa, 0x0, 0x0, 0x8f, 0xf1,
    0x0, 0x3, 0xff, 0x60, 0x0, 0xf, 0xfa, 0x0,
    0x0, 0xcf, 0xe0, 0x0, 0x9, 0xff, 0x10, 0x0,
    0x6f, 0xf3, 0x0, 0x5, 0xff, 0x50, 0x0, 0x4f,
    0xf6, 0x0, 0x3, 0xff, 0x70, 0x0, 0x3f, 0xf7,
    0x0, 0x4, 0xff, 0x60, 0x0, 0x5f, 0xf6, 0x0,
    0x6, 0xff, 0x40, 0x0, 0x8f, 0xf2, 0x0, 0xb,
    0xff, 0x0, 0x0, 0xef, 0xb0, 0x0, 0x2f, 0xf7,
    0x0, 0x7, 0xff, 0x20, 0x0, 0xcf, 0xc0, 0x0,
    0x2f, 0xf6, 0x0, 0x9, 0xfe, 0x0, 0x1, 0xff,
    0x70, 0x0, 0x8f, 0xe0, 0x0, 0x0, 0x44, 0x0,
    0x0,

    /* U+002A "*" */
    0x0, 0x0, 0x3f, 0xb0, 0x0, 0x0, 0x0, 0x4,
    0xfc, 0x0, 0x0, 0x2, 0x0, 0x5f, 0xe0, 0x1,
    0x11, 0xfe, 0xbb, 0xff, 0x9d, 0xf9, 0x2d, 0xff,
    0xff, 0xff, 0xff, 0x80, 0x4, 0xbf, 0xff, 0xf8,
    0x10, 0x0, 0x9, 0xff, 0xff, 0x20, 0x0, 0x3,
    0xff, 0x9e, 0xfb, 0x0, 0x0, 0xcf, 0xb0, 0x3f,
    0xf4, 0x0, 0x4, 0xb0, 0x0, 0x5b, 0x10,

    /* U+002B "+" */
    0x0, 0x0, 0x2, 0xaa, 0x20, 0x0, 0x0, 0x0,
    0x0, 0x4, 0xff, 0x30, 0x0, 0x0, 0x0, 0x0,
    0x4, 0xff, 0x30, 0x0, 0x0, 0x0, 0x0, 0x4,
    0xff, 0x30, 0x0, 0x0, 0x0, 0x0, 0x4, 0xff,
    0x30, 0x0, 0x0, 0x0, 0x0, 0x4, 0xff, 0x30,
    0x0, 0x0, 0x56, 0x66, 0x68, 0xff, 0x86, 0x66,
    0x65, 0xff, 0xff, 0xff, 0xff, 0xff, 0xff, 0xfe,
    0xff, 0xff, 0xff, 0xff, 0xff, 0xff, 0xfe, 0x0,
    0x0, 0x4, 0xff, 0x30, 0x0, 0x0, 0x0, 0x0,
    0x4, 0xff, 0x30, 0x0, 0x0, 0x0, 0x0, 0x4,
    0xff, 0x30, 0x0, 0x0, 0x0, 0x0, 0x4, 0xff,
    0x30, 0x0, 0x0, 0x0, 0x0, 0x4, 0xff, 0x30,
    0x0, 0x0, 0x0, 0x0, 0x4, 0xff, 0x30, 0x0,
    0x0,

    /* U+002C "," */
    0x0, 0x2, 0x0, 0x5, 0xff, 0xc0, 0xd, 0xff,
    0xf7, 0xc, 0xff, 0xfb, 0x3, 0xdf, 0xfc, 0x0,
    0x8, 0xfb, 0x0, 0xd, 0xf7, 0x0, 0x9f, 0xf1,
    0x2b, 0xff, 0x50, 0x4f, 0xf5, 0x0, 0x7, 0x10,
    0x0,

    /* U+002D "-" */
    0x46, 0x66, 0x66, 0x64, 0xbf, 0xff, 0xff, 0xfb,
    0xbf, 0xff, 0xff, 0xfb,

    /* U+002E "." */
    0x6, 0x82, 0x9, 0xff, 0xe0, 0xef, 0xff, 0x4d,
    0xff, 0xf2, 0x3d, 0xe7, 0x0,

    /* U+002F "/" */
    0x0, 0x0, 0x0, 0x0, 0xff, 0x30, 0x0, 0x0,
    0x0, 0x4f, 0xe0, 0x0, 0x0, 0x0, 0x9, 0xfa,
    0x0, 0x0, 0x0, 0x0, 0xdf, 0x50, 0x0, 0x0,
    0x0, 0x2f, 0xf1, 0x0, 0x0, 0x0, 0x6, 0xfc,
    0x0, 0x0, 0x0, 0x0, 0xbf, 0x80, 0x0, 0x0,
    0x0, 0xf, 0xf3, 0x0, 0x0, 0x0, 0x4, 0xff,
    0x0, 0x0, 0x0, 0x0, 0x9f, 0xa0, 0x0, 0x0,
    0x0, 0xd, 0xf6, 0x0, 0x0, 0x0, 0x2, 0xff,
    0x10, 0x0, 0x0, 0x0, 0x6f, 0xd0, 0x0, 0x0,
    0x0, 0xb, 0xf8, 0x0, 0x0, 0x0, 0x0, 0xff,
    0x40, 0x0, 0x0, 0x0, 0x4f, 0xf0, 0x0, 0x0,
    0x0, 0x8, 0xfb, 0x0, 0x0, 0x0, 0x0, 0xdf,
    0x60, 0x0, 0x0, 0x0, 0x1f, 0xf2, 0x0, 0x0,
    0x0, 0x6, 0xfd, 0x0, 0x0, 0x0, 0x0, 0xaf,
    0x80, 0x0, 0x0, 0x0, 0xf, 0xf4, 0x0, 0x0,
    0x0, 0x3, 0xff, 0x0, 0x0, 0x0, 0x0, 0x8f,
    0xb0, 0x0, 0x0, 0x0, 0xc, 0xf6, 0x0, 0x0,
    0x0, 0x1, 0xff, 0x20, 0x0, 0x0, 0x0, 0x6f,
    0xd0, 0x0, 0x0, 0x0, 0x4, 0x85, 0x0, 0x0,
    0x0, 0x0,

    /* U+0030 "0" */
    0x0, 0x0, 0x6c, 0xff, 0xc6, 0x0, 0x0, 0x0,
    0x1c, 0xff, 0xff, 0xff, 0xc0, 0x0, 0x0, 0xcf,
    0xff, 0xaa, 0xff, 0xfb, 0x0, 0x5, 0xff, 0xe2,
    0x0, 0x2e, 0xff, 0x40, 0xc, 0xff, 0x50, 0x0,
    0x6, 0xff, 0xb0, 0x2f, 0xff, 0x0, 0x0, 0x0,
    0xff, 0xf1, 0x5f, 0xfb, 0x0, 0x0, 0x0, 0xcf,
    0xf4, 0x8f, 0xf9, 0x0, 0x0, 0x0, 0x9f, 0xf7,
    0x9f, 0xf7, 0x0, 0x0, 0x0, 0x8f, 0xf8, 0xaf,
    0xf6, 0x0, 0x0, 0x0, 0x7f, 0xf9, 0xaf, 0xf6,
    0x0, 0x0, 0x0, 0x7f, 0xfa, 0xaf, 0xf6, 0x0,
    0x0, 0x0, 0x7f, 0xf9, 0x9f, 0xf7, 0x0, 0x0,
    0x0, 0x8f, 0xf8, 0x7f, 0xf9, 0x0, 0x0, 0x0,
    0x9f, 0xf6, 0x5f, 0xfb, 0x0, 0x0, 0x0, 0xcf,
    0xf4, 0x1f, 0xff, 0x0, 0x0, 0x1, 0xff, 0xf0,
    0xc, 0xff, 0x60, 0x0, 0x6, 0xff, 0xb0, 0x5,
    0xff, 0xe2, 0x0, 0x2f, 0xff, 0x40, 0x0, 0xbf,
    0xff, 0xbb, 0xff, 0xfa, 0x0, 0x0, 0x1c, 0xff,
    0xff, 0xff, 0xb0, 0x0, 0x0, 0x0, 0x6c, 0xff,
    0xc6, 0x0, 0x0,

    /* U+0031 "1" */
    0x0, 0x0, 0x6d, 0xff, 0x20, 0x0, 0x0, 0x6b,
    0xff, 0xff, 0xf2, 0x0, 0x0, 0xc, 0xff, 0xff,
    0xff, 0x20, 0x0, 0x0, 0x8b, 0xbb, 0xff, 0xf2,
    0x0, 0x0, 0x0, 0x0, 0x1f, 0xff, 0x20, 0x0,
    0x0, 0x0, 0x1, 0xff, 0xf2, 0x0, 0x0, 0x0,
    0x0, 0x1f, 0xff, 0x20, 0x0, 0x0, 0x0, 0x1,
    0xff, 0xf2, 0x0, 0x0, 0x0, 0x0, 0x1f, 0xff,
    0x20, 0x0, 0x0, 0x0, 0x1, 0xff, 0xf2, 0x0,
    0x0, 0x0, 0x0, 0x1f, 0xff, 0x20, 0x0, 0x0,
    0x0, 0x1, 0xff, 0xf2, 0x0, 0x0, 0x0, 0x0,
    0x1f, 0xff, 0x20, 0x0, 0x0, 0x0, 0x1, 0xff,
    0xf2, 0x0, 0x0, 0x0, 0x0, 0x1f, 0xff, 0x20,
    0x0, 0x0, 0x0, 0x1, 0xff, 0xf2, 0x0, 0x0,
    0x0, 0x0, 0x1f, 0xff, 0x20, 0x0, 0x0, 0x0,
    0x1, 0xff, 0xf2, 0x0, 0x0, 0x6b, 0xbb, 0xbf,
    0xff, 0xbb, 0xbb, 0x19, 0xff, 0xff, 0xff, 0xff,
    0xff, 0xf2, 0x9f, 0xff, 0xff, 0xff, 0xff, 0xff,
    0x20,

    /* U+0032 "2" */
    0x0, 0x6, 0xce, 0xfd, 0xa3, 0x0, 0x0, 0x3,
    0xef, 0xff, 0xff, 0xff, 0x80, 0x0, 0x5f, 0xff,
    0xea, 0xae, 0xff, 0xf7, 0x0, 0x8f, 0xf7, 0x0,
    0x0, 0xaf, 0xff, 0x0, 0x7, 0x40, 0x0, 0x0,
    0xe, 0xff, 0x50, 0x0, 0x0, 0x0, 0x0, 0xa,
    0xff, 0x70, 0x0, 0x0, 0x0, 0x0, 0x9, 0xff,
    0x80, 0x0, 0x0, 0x0, 0x0, 0xa, 0xff, 0x60,
    0x0, 0x0, 0x0, 0x0, 0xe, 0xff, 0x20, 0x0,
    0x0, 0x0, 0x0, 0x5f, 0xfd, 0x0, 0x0, 0x0,
    0x0, 0x0, 0xdf, 0xf6, 0x0, 0x0, 0x0, 0x0,
    0x8, 0xff, 0xd0, 0x0, 0x0, 0x0, 0x0, 0x5f,
    0xff, 0x30, 0x0, 0x0, 0x0, 0x2, 0xff, 0xf7,
    0x0, 0x0, 0x0, 0x0, 0x2e, 0xff, 0xb0, 0x0,
    0x0, 0x0, 0x1, 0xdf, 0xfc, 0x0, 0x0, 0x0,
    0x0, 0x1d, 0xff, 0xd1, 0x0, 0x0, 0x0, 0x2,
    0xef, 0xfd, 0x10, 0x0, 0x0, 0x0, 0x3e, 0xff,
    0xfb, 0xbb, 0xbb, 0xbb, 0xb6, 0xcf, 0xff, 0xff,
    0xff, 0xff, 0xff, 0xf8, 0xcf, 0xff, 0xff, 0xff,
    0xff, 0xff, 0xf8,

    /* U+0033 "3" */
    0x0, 0x0, 0x6b, 0xef, 0xec, 0x70, 0x0, 0x0,
    0x4, 0xef, 0xff, 0xff, 0xff, 0xe3, 0x0, 0x3,
    0xff, 0xfe, 0xa9, 0xcf, 0xff, 0xe0, 0x0, 0x9,
    0xf6, 0x0, 0x0, 0x5f, 0xff, 0x60, 0x0, 0x1,
    0x0, 0x0, 0x0, 0xbf, 0xf9, 0x0, 0x0, 0x0,
    0x0, 0x0, 0x9, 0xff, 0x90, 0x0, 0x0, 0x0,
    0x0, 0x0, 0xdf, 0xf6, 0x0, 0x0, 0x0, 0x0,
    0x0, 0x9f, 0xfe, 0x0, 0x0, 0x0, 0x6, 0x7a,
    0xef, 0xfd, 0x20, 0x0, 0x0, 0x0, 0xff, 0xff,
    0xf8, 0x0, 0x0, 0x0, 0x0, 0xf, 0xff, 0xff,
    0xfa, 0x10, 0x0, 0x0, 0x0, 0x1, 0x36, 0xdf,
    0xfe, 0x20, 0x0, 0x0, 0x0, 0x0, 0x0, 0xbf,
    0xfc, 0x0, 0x0, 0x0, 0x0, 0x0, 0x2, 0xff,
    0xf3, 0x0, 0x0, 0x0, 0x0, 0x0, 0xe, 0xff,
    0x50, 0x0, 0x0, 0x0, 0x0, 0x0, 0xef, 0xf5,
    0x1, 0xb1, 0x0, 0x0, 0x0, 0x4f, 0xff, 0x20,
    0xbf, 0xe5, 0x0, 0x0, 0x4e, 0xff, 0xc0, 0xc,
    0xff, 0xfe, 0xcb, 0xdf, 0xff, 0xf3, 0x0, 0x9,
    0xff, 0xff, 0xff, 0xff, 0xe4, 0x0, 0x0, 0x2,
    0x8c, 0xef, 0xec, 0x70, 0x0, 0x0,

    /* U+0034 "4" */
    0x0, 0x0, 0x0, 0x0, 0x8f, 0xff, 0x70, 0x0,
    0x0, 0x0, 0x0, 0x2, 0xff, 0xff, 0x70, 0x0,
    0x0, 0x0, 0x0, 0xc, 0xff, 0xff, 0x70, 0x0,
    0x0, 0x0, 0x0, 0x6f, 0xfc, 0xff, 0x70, 0x0,
    0x0, 0x0, 0x1, 0xef, 0xe7, 0xff, 0x70, 0x0,
    0x0, 0x0, 0x9, 0xff, 0x67, 0xff, 0x70, 0x0,
    0x0, 0x0, 0x3f, 0xfd, 0x8, 0xff, 0x70, 0x0,
    0x0, 0x0, 0xdf, 0xf4, 0x8, 0xff, 0x70, 0x0,
    0x0, 0x7, 0xff, 0xa0, 0x8, 0xff, 0x70, 0x0,
    0x0, 0x1f, 0xfe, 0x10, 0x8, 0xff, 0x70, 0x0,
    0x0, 0xbf, 0xf6, 0x0, 0x8, 0xff, 0x70, 0x0,
    0x4, 0xff, 0xc0, 0x0, 0x8, 0xff, 0x70, 0x0,
    0xe, 0xff, 0x20, 0x0, 0x8, 0xff, 0x70, 0x0,
    0x6f, 0xff, 0xff, 0xff, 0xff, 0xff, 0xff, 0xf2,
    0x7f, 0xff, 0xff, 0xff, 0xff, 0xff, 0xff, 0xf2,
    0x38, 0x88, 0x88, 0x88, 0x8c, 0xff, 0xc8, 0x81,
    0x0, 0x0, 0x0, 0x0, 0x8, 0xff, 0x70, 0x0,
    0x0, 0x0, 0x0, 0x0, 0x8, 0xff, 0x70, 0x0,
    0x0, 0x0, 0x0, 0x0, 0x8, 0xff, 0x70, 0x0,
    0x0, 0x0, 0x0, 0x0, 0x8, 0xff, 0x70, 0x0,
    0x0, 0x0, 0x0, 0x0, 0x8, 0xff, 0x70, 0x0,

    /* U+0035 "5" */
    0x0, 0xf, 0xff, 0xff, 0xff, 0xff, 0xf7, 0x0,
    0x1, 0xff, 0xff, 0xff, 0xff, 0xff, 0x70, 0x0,
    0x2f, 0xff, 0xcc, 0xcc, 0xcc, 0xc5, 0x0, 0x3,
    0xff, 0xc0, 0x0, 0x0, 0x0, 0x0, 0x0, 0x4f,
    0xfa, 0x0, 0x0, 0x0, 0x0, 0x0, 0x5, 0xff,
    0x80, 0x0, 0x0, 0x0, 0x0, 0x0, 0x6f, 0xf7,
    0x0, 0x0, 0x0, 0x0, 0x0, 0x7, 0xff, 0xab,
    0xef, 0xd9, 0x20, 0x0, 0x0, 0x8f, 0xff, 0xff,
    0xff, 0xff, 0x60, 0x0, 0x6, 0xff, 0xb7, 0x69,
    0xff, 0xff, 0x40, 0x0, 0x4, 0x40, 0x0, 0x1,
    0xdf, 0xfd, 0x0, 0x0, 0x0, 0x0, 0x0, 0x4,
    0xff, 0xf2, 0x0, 0x0, 0x0, 0x0, 0x0, 0xe,
    0xff, 0x50, 0x0, 0x0, 0x0, 0x0, 0x0, 0xdf,
    0xf6, 0x0, 0x0, 0x0, 0x0, 0x0, 0xd, 0xff,
    0x50, 0x0, 0x0, 0x0, 0x0, 0x1, 0xff, 0xf3,
    0x1, 0xa0, 0x0, 0x0, 0x0, 0x8f, 0xfe, 0x0,
    0xbf, 0xd4, 0x0, 0x0, 0x7f, 0xff, 0x80, 0x1c,
    0xff, 0xfe, 0xbb, 0xef, 0xff, 0xc0, 0x0, 0x9,
    0xff, 0xff, 0xff, 0xff, 0xb1, 0x0, 0x0, 0x2,
    0x8c, 0xef, 0xea, 0x40, 0x0, 0x0,

    /* U+0036 "6" */
    0x0, 0x0, 0x6, 0xce, 0xfe, 0xa3, 0x0, 0x0,
    0x2, 0xdf, 0xff, 0xff, 0xff, 0x90, 0x0, 0x2e,
    0xff, 0xfc, 0xbd, 0xff, 0xe2, 0x0, 0xcf, 0xfc,
    0x20, 0x0, 0x3c, 0x30, 0x5, 0xff, 0xd0, 0x0,
    0x0, 0x0, 0x0, 0xb, 0xff, 0x50, 0x0, 0x0,
    0x0, 0x0, 0xf, 0xff, 0x0, 0x0, 0x0, 0x0,
    0x0, 0x3f, 0xfb, 0x0, 0x15, 0x53, 0x0, 0x0,
    0x5f, 0xf9, 0x1a, 0xff, 0xff, 0xd4, 0x0, 0x6f,
    0xfa, 0xdf, 0xff, 0xff, 0xff, 0x50, 0x7f, 0xff,
    0xf9, 0x20, 0x2b, 0xff, 0xf0, 0x7f, 0xff, 0x50,
    0x0, 0x0, 0xef, 0xf6, 0x7f, 0xfa, 0x0, 0x0,
    0x0, 0x7f, 0xf9, 0x5f, 0xfa, 0x0, 0x0, 0x0,
    0x5f, 0xfb, 0x2f, 0xfd, 0x0, 0x0, 0x0, 0x4f,
    0xfb, 0xe, 0xff, 0x20, 0x0, 0x0, 0x6f, 0xf9,
    0x9, 0xff, 0x90, 0x0, 0x0, 0xbf, 0xf6, 0x1,
    0xff, 0xf5, 0x0, 0x5, 0xff, 0xf0, 0x0, 0x6f,
    0xff, 0xb8, 0xaf, 0xff, 0x60, 0x0, 0x7, 0xff,
    0xff, 0xff, 0xf7, 0x0, 0x0, 0x0, 0x3a, 0xef,
    0xea, 0x30, 0x0,

    /* U+0037 "7" */
    0xaf, 0xff, 0xff, 0xff, 0xff, 0xff, 0xfa, 0xaf,
    0xff, 0xff, 0xff, 0xff, 0xff, 0xfa, 0x7c, 0xcc,
    0xcc, 0xcc, 0xcc, 0xff, 0xf4, 0x0, 0x0, 0x0,
    0x0, 0x6, 0xff, 0x80, 0x0, 0x0, 0x0, 0x0,
    0x1f, 0xfd, 0x0, 0x0, 0x0, 0x0, 0x0, 0xaf,
    0xf4, 0x0, 0x0, 0x0, 0x0, 0x3, 0xff, 0xa0,
    0x0, 0x0, 0x0, 0x0, 0xb, 0xff, 0x30, 0x0,
    0x0, 0x0, 0x0, 0x2f, 0xfc, 0x0, 0x0, 0x0,
    0x0, 0x0, 0x9f, 0xf6, 0x0, 0x0, 0x0, 0x0,
    0x0, 0xef, 0xf1, 0x0, 0x0, 0x0, 0x0, 0x3,
    0xff, 0xc0, 0x0, 0x0, 0x0, 0x0, 0x7, 0xff,
    0x90, 0x0, 0x0, 0x0, 0x0, 0xb, 0xff, 0x60,
    0x0, 0x0, 0x0, 0x0, 0xe, 0xff, 0x30, 0x0,
    0x0, 0x0, 0x0, 0x1f, 0xff, 0x10, 0x0, 0x0,
    0x0, 0x0, 0x3f, 0xff, 0x0, 0x0, 0x0, 0x0,
    0x0, 0x5f, 0xfe, 0x0, 0x0, 0x0, 0x0, 0x0,
    0x6f, 0xfd, 0x0, 0x0, 0x0, 0x0, 0x0, 0x7f,
    0xfc, 0x0, 0x0, 0x0, 0x0, 0x0, 0x9f, 0xfb,
    0x0, 0x0, 0x0,

    /* U+0038 "8" */
    0x0, 0x1, 0x7c, 0xff, 0xd8, 0x20, 0x0, 0x0,
    0x3e, 0xff, 0xff, 0xff, 0xf4, 0x0, 0x1, 0xef,
    0xfc, 0x77, 0xbf, 0xff, 0x20, 0x7, 0xff, 0xb0,
    0x0, 0x9, 0xff, 0x90, 0xb, 0xff, 0x30, 0x0,
    0x0, 0xff, 0xd0, 0xb, 0xff, 0x20, 0x0, 0x0,
    0xdf, 0xe0, 0x9, 0xff, 0x40, 0x0, 0x0, 0xef,
    0xc0, 0x3, 0xff, 0xd0, 0x0, 0x2, 0xff, 0x50,
    0x0, 0x9f, 0xfd, 0x40, 0xb, 0xfc, 0x0, 0x0,
    0x9, 0xff, 0xfc, 0xaf, 0xd1, 0x0, 0x0, 0x9,
    0xff, 0xff, 0xff, 0x80, 0x0, 0x1, 0xdf, 0xd3,
    0x6d, 0xff, 0xfb, 0x0, 0xb, 0xff, 0x20, 0x0,
    0x6f, 0xff, 0xb0, 0x4f, 0xf8, 0x0, 0x0, 0x3,
    0xff, 0xf3, 0x9f, 0xf3, 0x0, 0x0, 0x0, 0x9f,
    0xf8, 0xbf, 0xf2, 0x0, 0x0, 0x0, 0x6f, 0xfa,
    0x9f, 0xf6, 0x0, 0x0, 0x0, 0x9f, 0xf8, 0x4f,
    0xfe, 0x30, 0x0, 0x3, 0xff, 0xf4, 0xb, 0xff,
    0xfa, 0x76, 0x9f, 0xff, 0xa0, 0x0, 0xaf, 0xff,
    0xff, 0xff, 0xfa, 0x0, 0x0, 0x3, 0x9d, 0xff,
    0xd9, 0x40, 0x0,

    /* U+0039 "9" */
    0x0, 0x4, 0xae, 0xfe, 0x92, 0x0, 0x0, 0x0,
    0x8f, 0xff, 0xff, 0xff, 0x70, 0x0, 0x7, 0xff,
    0xfa, 0x8b, 0xff, 0xf6, 0x0, 0x1f, 0xff, 0x40,
    0x0, 0x4f, 0xff, 0x10, 0x7f, 0xfa, 0x0, 0x0,
    0x8, 0xff, 0x90, 0xaf, 0xf5, 0x0, 0x0, 0x1,
    0xff, 0xe0, 0xcf, 0xf3, 0x0, 0x0, 0x0, 0xcf,
    0xf2, 0xbf, 0xf4, 0x0, 0x0, 0x0, 0xaf, 0xf5,
    0x9f, 0xf8, 0x0, 0x0, 0x0, 0xcf, 0xf6, 0x5f,
    0xff, 0x10, 0x0, 0xa, 0xff, 0xf7, 0xd, 0xff,
    0xe7, 0x58, 0xef, 0xef, 0xf7, 0x2, 0xef, 0xff,
    0xff, 0xf8, 0x8f, 0xf6, 0x0, 0x18, 0xdf, 0xeb,
    0x30, 0xaf, 0xf5, 0x0, 0x0, 0x0, 0x0, 0x0,
    0xcf, 0xf2, 0x0, 0x0, 0x0, 0x0, 0x1, 0xff,
    0xe0, 0x0, 0x0, 0x0, 0x0, 0x7, 0xff, 0xa0,
    0x0, 0x0, 0x0, 0x0, 0x1e, 0xff, 0x30, 0x5,
    0xd4, 0x0, 0x2, 0xdf, 0xfb, 0x0, 0x2f, 0xff,
    0xdb, 0xcf, 0xff, 0xe1, 0x0, 0x9, 0xff, 0xff,
    0xff, 0xfd, 0x20, 0x0, 0x0, 0x3a, 0xef, 0xec,
    0x60, 0x0, 0x0,

    /* U+003A ":" */
    0x3d, 0xe7, 0xc, 0xff, 0xf2, 0xef, 0xff, 0x4a,
    0xff, 0xe1, 0x7, 0x82, 0x0, 0x0, 0x0, 0x0,
    0x0, 0x0, 0x0, 0x0, 0x0, 0x0, 0x0, 0x0,
    0x0, 0x0, 0x0, 0x0, 0x68, 0x20, 0x9f, 0xfe,
    0xe, 0xff, 0xf4, 0xdf, 0xff, 0x23, 0xde, 0x70,

    /* U+003B ";" */
    0x3, 0xde, 0x70, 0xc, 0xff, 0xf2, 0xe, 0xff,
    0xf4, 0xa, 0xff, 0xe1, 0x0, 0x78, 0x20, 0x0,
    0x0, 0x0, 0x0, 0x0, 0x0, 0x0, 0x0, 0x0,
    0x0, 0x0, 0x0, 0x0, 0x0, 0x0, 0x0, 0x0,
    0x0, 0x0, 0x2, 0x0, 0x5, 0xff, 0xc0, 0xd,
    0xff, 0xf7, 0xc, 0xff, 0xfb, 0x3, 0xdf, 0xfc,
    0x0, 0x8, 0xfb, 0x0, 0xd, 0xf7, 0x0, 0x9f,
    0xf1, 0x2b, 0xff, 0x50, 0x4f, 0xf5, 0x0, 0x7,
    0x10, 0x0,

    /* U+003C "<" */
    0x0, 0x0, 0x0, 0x0, 0x0, 0x0, 0x1, 0x0,
    0x0, 0x0, 0x0, 0x0, 0x5, 0xbe, 0x0, 0x0,
    0x0, 0x0, 0x28, 0xef, 0xfe, 0x0, 0x0, 0x0,
    0x5b, 0xff, 0xff, 0xf9, 0x0, 0x2, 0x8e, 0xff,
    0xff, 0xb5, 0x0, 0x5, 0xcf, 0xff, 0xfc, 0x71,
    0x0, 0x0, 0xef, 0xff, 0xe8, 0x20, 0x0, 0x0,
    0x0, 0xff, 0xfc, 0x20, 0x0, 0x0, 0x0, 0x0,
    0xcf, 0xff, 0xfb, 0x50, 0x0, 0x0, 0x0, 0x3,
    0x9f, 0xff, 0xff, 0x94, 0x0, 0x0, 0x0, 0x0,
    0x6c, 0xff, 0xff, 0xe8, 0x20, 0x0, 0x0, 0x0,
    0x29, 0xef, 0xff, 0xfb, 0x0, 0x0, 0x0, 0x0,
    0x5, 0xbf, 0xfe, 0x0, 0x0, 0x0, 0x0, 0x0,
    0x2, 0x8c, 0x0, 0x0, 0x0, 0x0, 0x0, 0x0,
    0x0,

    /* U+003D "=" */
    0xff, 0xff, 0xff, 0xff, 0xff, 0xff, 0xfe, 0xff,
    0xff, 0xff, 0xff, 0xff, 0xff, 0xfe, 0x56, 0x66,
    0x66, 0x66, 0x66, 0x66, 0x65, 0x0, 0x0, 0x0,
    0x0, 0x0, 0x0, 0x0, 0x0, 0x0, 0x0, 0x0,
    0x0, 0x0, 0x0, 0x0, 0x0, 0x0, 0x0, 0x0,
    0x0, 0x0, 0x0, 0x0, 0x0, 0x0, 0x0, 0x0,
    0x0, 0xff, 0xff, 0xff, 0xff, 0xff, 0xff, 0xfe,
    0xff, 0xff, 0xff, 0xff, 0xff, 0xff, 0xfe, 0x56,
    0x66, 0x66, 0x66, 0x66, 0x66, 0x65,

    /* U+003E ">" */
    0x10, 0x0, 0x0, 0x0, 0x0, 0x0, 0x0, 0xeb,
    0x40, 0x0, 0x0, 0x0, 0x0, 0x0, 0xff, 0xfe,
    0x81, 0x0, 0x0, 0x0, 0x0, 0xaf, 0xff, 0xff,
    0xb5, 0x0, 0x0, 0x0, 0x0, 0x6b, 0xff, 0xff,
    0xe8, 0x20, 0x0, 0x0, 0x0, 0x17, 0xdf, 0xff,
    0xfb, 0x50, 0x0, 0x0, 0x0, 0x3, 0x9e, 0xff,
    0xfd, 0x0, 0x0, 0x0, 0x0, 0x2, 0xcf, 0xfe,
    0x0, 0x0, 0x0, 0x5, 0xbf, 0xff, 0xfb, 0x0,
    0x0, 0x4a, 0xff, 0xff, 0xf9, 0x30, 0x2, 0x8e,
    0xff, 0xff, 0xc5, 0x0, 0x0, 0xcf, 0xff, 0xfe,
    0x82, 0x0, 0x0, 0x0, 0xff, 0xfb, 0x50, 0x0,
    0x0, 0x0, 0x0, 0xd8, 0x20, 0x0, 0x0, 0x0,
    0x0, 0x0, 0x0, 0x0, 0x0, 0x0, 0x0, 0x0,
    0x0,

    /* U+003F "?" */
    0x0, 0x28, 0xdf, 0xfc, 0x70, 0x0, 0x7, 0xff,
    0xff, 0xff, 0xfd, 0x10, 0x7f, 0xff, 0xcb, 0xdf,
    0xff, 0xc0, 0x1c, 0xd3, 0x0, 0x8, 0xff, 0xf2,
    0x0, 0x0, 0x0, 0x0, 0xff, 0xf4, 0x0, 0x0,
    0x0, 0x0, 0xdf, 0xf3, 0x0, 0x0, 0x0, 0x2,
    0xff, 0xf0, 0x0, 0x0, 0x0, 0xc, 0xff, 0x60,
    0x0, 0x0, 0x0, 0xaf, 0xfb, 0x0, 0x0, 0x0,
    0x7, 0xff, 0xd1, 0x0, 0x0, 0x0, 0x3f, 0xfe,
    0x10, 0x0, 0x0, 0x0, 0xbf, 0xf5, 0x0, 0x0,
    0x0, 0x0, 0xff, 0xe0, 0x0, 0x0, 0x0, 0x0,
    0xff, 0xc0, 0x0, 0x0, 0x0, 0x0, 0x22, 0x20,
    0x0, 0x0, 0x0, 0x0, 0x0, 0x0, 0x0, 0x0,
    0x0, 0x0, 0x58, 0x30, 0x0, 0x0, 0x0, 0x5,
    0xff, 0xf3, 0x0, 0x0, 0x0, 0xa, 0xff, 0xf8,
    0x0, 0x0, 0x0, 0x8, 0xff, 0xf6, 0x0, 0x0,
    0x0, 0x1, 0xbf, 0xa0, 0x0, 0x0,

    /* U+0040 "@" */
    0x0, 0x0, 0x0, 0x0, 0x3, 0x8c, 0xef, 0xfe,
    0xc8, 0x20, 0x0, 0x0, 0x0, 0x0, 0x0, 0x0,
    0x3c, 0xff, 0xff, 0xff, 0xff, 0xff, 0xb2, 0x0,
    0x0, 0x0, 0x0, 0x0, 0xaf, 0xff, 0xb6, 0x32,
    0x23, 0x6b, 0xff, 0xf4, 0x0, 0x0, 0x0, 0x1,
    0xcf, 0xfa, 0x20, 0x0, 0x0, 0x0, 0x3, 0xef,
    0xf3, 0x0, 0x0, 0x0, 0xdf, 0xf5, 0x0, 0x0,
    0x0, 0x0, 0x0, 0x1, 0xcf, 0xe0, 0x0, 0x0,
    0xaf, 0xf4, 0x0, 0x0, 0x0, 0x0, 0x0, 0x0,
    0x2, 0xff, 0x80, 0x0, 0x5f, 0xf6, 0x0, 0x0,
    0x0, 0x0, 0x0, 0x0, 0x0, 0x7, 0xfe, 0x0,
    0xd, 0xfb, 0x0, 0x0, 0x4, 0xbe, 0xf9, 0x1c,
    0xb0, 0x0, 0x1f, 0xf4, 0x5, 0xff, 0x30, 0x0,
    0x8, 0xff, 0xff, 0xfd, 0xfd, 0x0, 0x0, 0xcf,
    0x70, 0xbf, 0xb0, 0x0, 0x6, 0xff, 0xb4, 0x3c,
    0xff, 0x90, 0x0, 0xa, 0xf9, 0xf, 0xf6, 0x0,
    0x1, 0xff, 0xb0, 0x0, 0x2f, 0xf6, 0x0, 0x0,
    0x9f, 0xa2, 0xff, 0x20, 0x0, 0x8f, 0xf2, 0x0,
    0x3, 0xff, 0x30, 0x0, 0x9, 0xf9, 0x5f, 0xf0,
    0x0, 0xd, 0xfb, 0x0, 0x0, 0x6f, 0xf0, 0x0,
    0x0, 0xbf, 0x86, 0xff, 0x0, 0x0, 0xff, 0x80,
    0x0, 0x9, 0xfc, 0x0, 0x0, 0xf, 0xf4, 0x6f,
    0xe0, 0x0, 0x1f, 0xf7, 0x0, 0x0, 0xcf, 0xa0,
    0x0, 0x5, 0xfe, 0x5, 0xfe, 0x0, 0x0, 0xff,
    0x90, 0x0, 0x2f, 0xf9, 0x0, 0x1, 0xef, 0x80,
    0x4f, 0xf1, 0x0, 0xc, 0xff, 0x40, 0x5e, 0xff,
    0xe3, 0x4, 0xdf, 0xd0, 0x1, 0xff, 0x40, 0x0,
    0x4f, 0xff, 0xff, 0xe4, 0xff, 0xff, 0xff, 0xd1,
    0x0, 0xc, 0xf9, 0x0, 0x0, 0x5e, 0xff, 0xa1,
    0x4, 0xdf, 0xfe, 0x70, 0x0, 0x0, 0x7f, 0xf1,
    0x0, 0x0, 0x1, 0x0, 0x0, 0x0, 0x11, 0x0,
    0x0, 0x0, 0x0, 0xef, 0xb0, 0x0, 0x0, 0x0,
    0x0, 0x0, 0x0, 0x0, 0x0, 0x0, 0x0, 0x6,
    0xff, 0xa0, 0x0, 0x0, 0x0, 0x0, 0x0, 0x0,
    0x0, 0x0, 0x0, 0x0, 0x8, 0xff, 0xc3, 0x0,
    0x0, 0x0, 0x0, 0x32, 0x0, 0x0, 0x0, 0x0,
    0x0, 0x8, 0xff, 0xfc, 0x73, 0x22, 0x36, 0xbf,
    0x90, 0x0, 0x0, 0x0, 0x0, 0x0, 0x3, 0xcf,
    0xff, 0xff, 0xff, 0xff, 0xf9, 0x0, 0x0, 0x0,
    0x0, 0x0, 0x0, 0x0, 0x38, 0xce, 0xff, 0xeb,
    0x72, 0x0, 0x0, 0x0, 0x0,

    /* U+0041 "A" */
    0x0, 0x0, 0x0, 0x5f, 0xff, 0xb0, 0x0, 0x0,
    0x0, 0x0, 0x0, 0x0, 0xaf, 0xff, 0xf1, 0x0,
    0x0, 0x0, 0x0, 0x0, 0x0, 0xff, 0xef, 0xf6,
    0x0, 0x0, 0x0, 0x0, 0x0, 0x4, 0xff, 0x6f,
    0xfb, 0x0, 0x0, 0x0, 0x0, 0x0, 0xa, 0xff,
    0x1c, 0xff, 0x10, 0x0, 0x0, 0x0, 0x0, 0xe,
    0xfc, 0x8, 0xff, 0x50, 0x0, 0x0, 0x0, 0x0,
    0x4f, 0xf8, 0x4, 0xff, 0xb0, 0x0, 0x0, 0x0,
    0x0, 0x9f, 0xf4, 0x0, 0xff, 0xf0, 0x0, 0x0,
    0x0, 0x0, 0xef, 0xf0, 0x0, 0xaf, 0xf5, 0x0,
    0x0, 0x0, 0x4, 0xff, 0xa0, 0x0, 0x6f, 0xfa,
    0x0, 0x0, 0x0, 0x9, 0xff, 0x60, 0x0, 0x1f,
    0xff, 0x0, 0x0, 0x0, 0xe, 0xff, 0x10, 0x0,
    0xd, 0xff, 0x50, 0x0, 0x0, 0x3f, 0xff, 0x99,
    0x99, 0x9d, 0xff, 0xa0, 0x0, 0x0, 0x8f, 0xff,
    0xff, 0xff, 0xff, 0xff, 0xf0, 0x0, 0x0, 0xef,
    0xff, 0xff, 0xff, 0xff, 0xff, 0xf4, 0x0, 0x3,
    0xff, 0xe0, 0x0, 0x0, 0x0, 0xaf, 0xfa, 0x0,
    0x8, 0xff, 0xa0, 0x0, 0x0, 0x0, 0x5f, 0xfe,
    0x0, 0xd, 0xff, 0x50, 0x0, 0x0, 0x0, 0xf,
    0xff, 0x40, 0x3f, 0xff, 0x10, 0x0, 0x0, 0x0,
    0xc, 0xff, 0x90, 0x8f, 0xfc, 0x0, 0x0, 0x0,
    0x0, 0x7, 0xff, 0xe0, 0xdf, 0xf7, 0x0, 0x0,
    0x0, 0x0, 0x2, 0xff, 0xf4,

    /* U+0042 "B" */
    0x4f, 0xff, 0xff, 0xff, 0xec, 0x83, 0x0, 0x0,
    0x4f, 0xff, 0xff, 0xff, 0xff, 0xff, 0xa0, 0x0,
    0x4f, 0xff, 0x88, 0x89, 0xbf, 0xff, 0xf9, 0x0,
    0x4f, 0xff, 0x0, 0x0, 0x0, 0xaf, 0xff, 0x10,
    0x4f, 0xff, 0x0, 0x0, 0x0, 0xf, 0xff, 0x40,
    0x4f, 0xff, 0x0, 0x0, 0x0, 0xd, 0xff, 0x50,
    0x4f, 0xff, 0x0, 0x0, 0x0, 0xe, 0xff, 0x30,
    0x4f, 0xff, 0x0, 0x0, 0x0, 0x5f, 0xfd, 0x0,
    0x4f, 0xff, 0x0, 0x0, 0x28, 0xff, 0xf4, 0x0,
    0x4f, 0xff, 0xff, 0xff, 0xff, 0xfe, 0x50, 0x0,
    0x4f, 0xff, 0xff, 0xff, 0xff, 0xfe, 0x81, 0x0,
    0x4f, 0xff, 0x88, 0x88, 0x9b, 0xff, 0xfe, 0x30,
    0x4f, 0xff, 0x0, 0x0, 0x0, 0x1b, 0xff, 0xe0,
    0x4f, 0xff, 0x0, 0x0, 0x0, 0x0, 0xef, 0xf4,
    0x4f, 0xff, 0x0, 0x0, 0x0, 0x0, 0xbf, 0xf7,
    0x4f, 0xff, 0x0, 0x0, 0x0, 0x0, 0xcf, 0xf7,
    0x4f, 0xff, 0x0, 0x0, 0x0, 0x1, 0xff, 0xf4,
    0x4f, 0xff, 0x0, 0x0, 0x0, 0x3d, 0xff, 0xe0,
    0x4f, 0xff, 0x99, 0x99, 0xad, 0xff, 0xff, 0x40,
    0x4f, 0xff, 0xff, 0xff, 0xff, 0xff, 0xe4, 0x0,
    0x4f, 0xff, 0xff, 0xff, 0xed, 0xa5, 0x0, 0x0,

    /* U+0043 "C" */
    0x0, 0x0, 0x0, 0x5b, 0xef, 0xec, 0x81, 0x0,
    0x0, 0x0, 0x4, 0xdf, 0xff, 0xff, 0xff, 0xf7,
    0x0, 0x0, 0x6, 0xff, 0xff, 0xfe, 0xef, 0xff,
    0xf7, 0x0, 0x4, 0xff, 0xfe, 0x71, 0x0, 0x18,
    0xfe, 0x10, 0x0, 0xef, 0xfe, 0x20, 0x0, 0x0,
    0x4, 0x20, 0x0, 0x7f, 0xff, 0x30, 0x0, 0x0,
    0x0, 0x0, 0x0, 0xd, 0xff, 0xa0, 0x0, 0x0,
    0x0, 0x0, 0x0, 0x1, 0xff, 0xf5, 0x0, 0x0,
    0x0, 0x0, 0x0, 0x0, 0x4f, 0xff, 0x10, 0x0,
    0x0, 0x0, 0x0, 0x0, 0x5, 0xff, 0xf0, 0x0,
    0x0, 0x0, 0x0, 0x0, 0x0, 0x6f, 0xff, 0x0,
    0x0, 0x0, 0x0, 0x0, 0x0, 0x5, 0xff, 0xf0,
    0x0, 0x0, 0x0, 0x0, 0x0, 0x0, 0x4f, 0xff,
    0x10, 0x0, 0x0, 0x0, 0x0, 0x0, 0x1, 0xff,
    0xf4, 0x0, 0x0, 0x0, 0x0, 0x0, 0x0, 0xd,
    0xff, 0xa0, 0x0, 0x0, 0x0, 0x0, 0x0, 0x0,
    0x8f, 0xff, 0x20, 0x0, 0x0, 0x0, 0x0, 0x0,
    0x1, 0xff, 0xfd, 0x10, 0x0, 0x0, 0x3, 0xb0,
    0x0, 0x6, 0xff, 0xfe, 0x60, 0x0, 0x28, 0xff,
    0xb0, 0x0, 0x8, 0xff, 0xff, 0xfe, 0xff, 0xff,
    0xf9, 0x0, 0x0, 0x6, 0xef, 0xff, 0xff, 0xff,
    0xf7, 0x0, 0x0, 0x0, 0x0, 0x6b, 0xef, 0xec,
    0x82, 0x0, 0x0,

    /* U+0044 "D" */
    0x4f, 0xff, 0xff, 0xfe, 0xc8, 0x30, 0x0, 0x0,
    0x4f, 0xff, 0xff, 0xff, 0xff, 0xfb, 0x20, 0x0,
    0x4f, 0xff, 0xaa, 0xbd, 0xff, 0xff, 0xf4, 0x0,
    0x4f, 0xff, 0x0, 0x0, 0x18, 0xff, 0xfe, 0x20,
    0x4f, 0xff, 0x0, 0x0, 0x0, 0x4f, 0xff, 0xb0,
    0x4f, 0xff, 0x0, 0x0, 0x0, 0x7, 0xff, 0xf2,
    0x4f, 0xff, 0x0, 0x0, 0x0, 0x0, 0xff, 0xf7,
    0x4f, 0xff, 0x0, 0x0, 0x0, 0x0, 0xbf, 0xfb,
    0x4f, 0xff, 0x0, 0x0, 0x0, 0x0, 0x7f, 0xfd,
    0x4f, 0xff, 0x0, 0x0, 0x0, 0x0, 0x6f, 0xfe,
    0x4f, 0xff, 0x0, 0x0, 0x0, 0x0, 0x6f, 0xff,
    0x4f, 0xff, 0x0, 0x0, 0x0, 0x0, 0x6f, 0xfe,
    0x4f, 0xff, 0x0, 0x0, 0x0, 0x0, 0x8f, 0xfd,
    0x4f, 0xff, 0x0, 0x0, 0x0, 0x0, 0xbf, 0xfa,
    0x4f, 0xff, 0x0, 0x0, 0x0, 0x1, 0xff, 0xf7,
    0x4f, 0xff, 0x0, 0x0, 0x0, 0x8, 0xff, 0xf1,
    0x4f, 0xff, 0x0, 0x0, 0x0, 0x5f, 0xff, 0xa0,
    0x4f, 0xff, 0x0, 0x0, 0x29, 0xff, 0xfe, 0x10,
    0x4f, 0xff, 0xbb, 0xcd, 0xff, 0xff, 0xe3, 0x0,
    0x4f, 0xff, 0xff, 0xff, 0xff, 0xfb, 0x20, 0x0,
    0x4f, 0xff, 0xff, 0xfe, 0xc8, 0x30, 0x0, 0x0,

    /* U+0045 "E" */
    0x4f, 0xff, 0xff, 0xff, 0xff, 0xff, 0xe0, 0x4f,
    0xff, 0xff, 0xff, 0xff, 0xff, 0xe0, 0x4f, 0xff,
    0xcc, 0xcc, 0xcc, 0xcc, 0xa0, 0x4f, 0xff, 0x0,
    0x0, 0x0, 0x0, 0x0, 0x4f, 0xff, 0x0, 0x0,
    0x0, 0x0, 0x0, 0x4f, 0xff, 0x0, 0x0, 0x0,
    0x0, 0x0, 0x4f, 0xff, 0x0, 0x0, 0x0, 0x0,
    0x0, 0x4f, 0xff, 0x0, 0x0, 0x0, 0x0, 0x0,
    0x4f, 0xff, 0x0, 0x0, 0x0, 0x0, 0x0, 0x4f,
    0xff, 0xff, 0xff, 0xff, 0xf8, 0x0, 0x4f, 0xff,
    0xff, 0xff, 0xff, 0xf8, 0x0, 0x4f, 0xff, 0xcc,
    0xcc, 0xcc, 0xc6, 0x0, 0x4f, 0xff, 0x0, 0x0,
    0x0, 0x0, 0x0, 0x4f, 0xff, 0x0, 0x0, 0x0,
    0x0, 0x0, 0x4f, 0xff, 0x0, 0x0, 0x0, 0x0,
    0x0, 0x4f, 0xff, 0x0, 0x0, 0x0, 0x0, 0x0,
    0x4f, 0xff, 0x0, 0x0, 0x0, 0x0, 0x0, 0x4f,
    0xff, 0x0, 0x0, 0x0, 0x0, 0x0, 0x4f, 0xff,
    0xcc, 0xcc, 0xcc, 0xcc, 0xc2, 0x4f, 0xff, 0xff,
    0xff, 0xff, 0xff, 0xf3, 0x4f, 0xff, 0xff, 0xff,
    0xff, 0xff, 0xf3,

    /* U+0046 "F" */
    0x4f, 0xff, 0xff, 0xff, 0xff, 0xff, 0xf4, 0xff,
    0xff, 0xff, 0xff, 0xff, 0xff, 0x4f, 0xff, 0xcc,
    0xcc, 0xcc, 0xcc, 0xb4, 0xff, 0xf0, 0x0, 0x0,
    0x0, 0x0, 0x4f, 0xff, 0x0, 0x0, 0x0, 0x0,
    0x4, 0xff, 0xf0, 0x0, 0x0, 0x0, 0x0, 0x4f,
    0xff, 0x0, 0x0, 0x0, 0x0, 0x4, 0xff, 0xf0,
    0x0, 0x0, 0x0, 0x0, 0x4f, 0xff, 0x0, 0x0,
    0x0, 0x0, 0x4, 0xff, 0xfc, 0xcc, 0xcc, 0xcc,
    0x70, 0x4f, 0xff, 0xff, 0xff, 0xff, 0xf9, 0x4,
    0xff, 0xff, 0xff, 0xff, 0xff, 0x90, 0x4f, 0xff,
    0x0, 0x0, 0x0, 0x0, 0x4, 0xff, 0xf0, 0x0,
    0x0, 0x0, 0x0, 0x4f, 0xff, 0x0, 0x0, 0x0,
    0x0, 0x4, 0xff, 0xf0, 0x0, 0x0, 0x0, 0x0,
    0x4f, 0xff, 0x0, 0x0, 0x0, 0x0, 0x4, 0xff,
    0xf0, 0x0, 0x0, 0x0, 0x0, 0x4f, 0xff, 0x0,
    0x0, 0x0, 0x0, 0x4, 0xff, 0xf0, 0x0, 0x0,
    0x0, 0x0, 0x4f, 0xff, 0x0, 0x0, 0x0, 0x0,
    0x0,

    /* U+0047 "G" */
    0x0, 0x0, 0x0, 0x4a, 0xdf, 0xfd, 0xb5, 0x0,
    0x0, 0x0, 0x3, 0xdf, 0xff, 0xff, 0xff, 0xfc,
    0x20, 0x0, 0x5, 0xff, 0xff, 0xff, 0xef, 0xff,
    0xff, 0x10, 0x3, 0xff, 0xff, 0x82, 0x0, 0x4,
    0xcf, 0x80, 0x0, 0xdf, 0xfe, 0x30, 0x0, 0x0,
    0x0, 0x40, 0x0, 0x6f, 0xff, 0x40, 0x0, 0x0,
    0x0, 0x0, 0x0, 0xc, 0xff, 0xb0, 0x0, 0x0,
    0x0, 0x0, 0x0, 0x1, 0xff, 0xf5, 0x0, 0x0,
    0x0, 0x0, 0x0, 0x0, 0x4f, 0xff, 0x10, 0x0,
    0x0, 0x0, 0x0, 0x0, 0x5, 0xff, 0xf0, 0x0,
    0x0, 0x4b, 0xbb, 0xbb, 0xb7, 0x6f, 0xff, 0x0,
    0x0, 0x6, 0xff, 0xff, 0xff, 0xa5, 0xff, 0xf0,
    0x0, 0x0, 0x6f, 0xff, 0xff, 0xfa, 0x4f, 0xff,
    0x10, 0x0, 0x0, 0x0, 0x4, 0xff, 0xa1, 0xff,
    0xf5, 0x0, 0x0, 0x0, 0x0, 0x4f, 0xfa, 0xd,
    0xff, 0xa0, 0x0, 0x0, 0x0, 0x4, 0xff, 0xa0,
    0x7f, 0xff, 0x30, 0x0, 0x0, 0x0, 0x4f, 0xfa,
    0x1, 0xef, 0xfe, 0x20, 0x0, 0x0, 0x4, 0xff,
    0xa0, 0x5, 0xff, 0xff, 0x72, 0x0, 0x4, 0xcf,
    0xfa, 0x0, 0x7, 0xff, 0xff, 0xff, 0xef, 0xff,
    0xff, 0x80, 0x0, 0x4, 0xef, 0xff, 0xff, 0xff,
    0xfe, 0x60, 0x0, 0x0, 0x0, 0x5a, 0xdf, 0xfe,
    0xb6, 0x10, 0x0,

    /* U+0048 "H" */
    0x4f, 0xff, 0x0, 0x0, 0x0, 0x0, 0x3f, 0xff,
    0x4, 0xff, 0xf0, 0x0, 0x0, 0x0, 0x3, 0xff,
    0xf0, 0x4f, 0xff, 0x0, 0x0, 0x0, 0x0, 0x3f,
    0xff, 0x4, 0xff, 0xf0, 0x0, 0x0, 0x0, 0x3,
    0xff, 0xf0, 0x4f, 0xff, 0x0, 0x0, 0x0, 0x0,
    0x3f, 0xff, 0x4, 0xff, 0xf0, 0x0, 0x0, 0x0,
    0x3, 0xff, 0xf0, 0x4f, 0xff, 0x0, 0x0, 0x0,
    0x0, 0x3f, 0xff, 0x4, 0xff, 0xf0, 0x0, 0x0,
    0x0, 0x3, 0xff, 0xf0, 0x4f, 0xff, 0x0, 0x0,
    0x0, 0x0, 0x3f, 0xff, 0x4, 0xff, 0xff, 0xff,
    0xff, 0xff, 0xff, 0xff, 0xf0, 0x4f, 0xff, 0xff,
    0xff, 0xff, 0xff, 0xff, 0xff, 0x4, 0xff, 0xfd,
    0xdd, 0xdd, 0xdd, 0xde, 0xff, 0xf0, 0x4f, 0xff,
    0x0, 0x0, 0x0, 0x0, 0x3f, 0xff, 0x4, 0xff,
    0xf0, 0x0, 0x0, 0x0, 0x3, 0xff, 0xf0, 0x4f,
    0xff, 0x0, 0x0, 0x0, 0x0, 0x3f, 0xff, 0x4,
    0xff, 0xf0, 0x0, 0x0, 0x0, 0x3, 0xff, 0xf0,
    0x4f, 0xff, 0x0, 0x0, 0x0, 0x0, 0x3f, 0xff,
    0x4, 0xff, 0xf0, 0x0, 0x0, 0x0, 0x3, 0xff,
    0xf0, 0x4f, 0xff, 0x0, 0x0, 0x0, 0x0, 0x3f,
    0xff, 0x4, 0xff, 0xf0, 0x0, 0x0, 0x0, 0x3,
    0xff, 0xf0, 0x4f, 0xff, 0x0, 0x0, 0x0, 0x0,
    0x3f, 0xff, 0x0,

    /* U+0049 "I" */
    0x4f, 0xff, 0x4f, 0xff, 0x4f, 0xff, 0x4f, 0xff,
    0x4f, 0xff, 0x4f, 0xff, 0x4f, 0xff, 0x4f, 0xff,
    0x4f, 0xff, 0x4f, 0xff, 0x4f, 0xff, 0x4f, 0xff,
    0x4f, 0xff, 0x4f, 0xff, 0x4f, 0xff, 0x4f, 0xff,
    0x4f, 0xff, 0x4f, 0xff, 0x4f, 0xff, 0x4f, 0xff,
    0x4f, 0xff,

    /* U+004A "J" */
    0x0, 0x0, 0x0, 0x0, 0x7, 0xff, 0xc0, 0x0,
    0x0, 0x0, 0x0, 0x7f, 0xfc, 0x0, 0x0, 0x0,
    0x0, 0x7, 0xff, 0xc0, 0x0, 0x0, 0x0, 0x0,
    0x7f, 0xfc, 0x0, 0x0, 0x0, 0x0, 0x7, 0xff,
    0xc0, 0x0, 0x0, 0x0, 0x0, 0x7f, 0xfc, 0x0,
    0x0, 0x0, 0x0, 0x7, 0xff, 0xc0, 0x0, 0x0,
    0x0, 0x0, 0x7f, 0xfc, 0x0, 0x0, 0x0, 0x0,
    0x7, 0xff, 0xc0, 0x0, 0x0, 0x0, 0x0, 0x7f,
    0xfc, 0x0, 0x0, 0x0, 0x0, 0x7, 0xff, 0xc0,
    0x0, 0x0, 0x0, 0x0, 0x7f, 0xfc, 0x0, 0x0,
    0x0, 0x0, 0x7, 0xff, 0xc0, 0x0, 0x0, 0x0,
    0x0, 0x7f, 0xfc, 0x0, 0x0, 0x0, 0x0, 0x7,
    0xff, 0xc0, 0x0, 0x0, 0x0, 0x0, 0x9f, 0xfb,
    0x1, 0xa8, 0x0, 0x0, 0xd, 0xff, 0x80, 0xdf,
    0xf8, 0x0, 0x19, 0xff, 0xf3, 0x7, 0xff, 0xff,
    0xef, 0xff, 0xfb, 0x0, 0x8, 0xff, 0xff, 0xff,
    0xfc, 0x10, 0x0, 0x3, 0x9d, 0xfe, 0xc6, 0x0,
    0x0,

    /* U+004B "K" */
    0x4f, 0xff, 0x0, 0x0, 0x0, 0x8, 0xff, 0xf2,
    0x4, 0xff, 0xf0, 0x0, 0x0, 0x4, 0xff, 0xf5,
    0x0, 0x4f, 0xff, 0x0, 0x0, 0x2, 0xff, 0xf8,
    0x0, 0x4, 0xff, 0xf0, 0x0, 0x0, 0xdf, 0xfb,
    0x0, 0x0, 0x4f, 0xff, 0x0, 0x0, 0xaf, 0xfd,
    0x10, 0x0, 0x4, 0xff, 0xf0, 0x0, 0x7f, 0xff,
    0x30, 0x0, 0x0, 0x4f, 0xff, 0x0, 0x4f, 0xff,
    0x50, 0x0, 0x0, 0x4, 0xff, 0xf0, 0x1e, 0xff,
    0x90, 0x0, 0x0, 0x0, 0x4f, 0xff, 0xc, 0xff,
    0xf5, 0x0, 0x0, 0x0, 0x4, 0xff, 0xf9, 0xff,
    0xff, 0xe0, 0x0, 0x0, 0x0, 0x4f, 0xff, 0xff,
    0xff, 0xff, 0x70, 0x0, 0x0, 0x4, 0xff, 0xff,
    0xf8, 0x6f, 0xff, 0x10, 0x0, 0x0, 0x4f, 0xff,
    0xfb, 0x0, 0xdf, 0xfa, 0x0, 0x0, 0x4, 0xff,
    0xfd, 0x0, 0x4, 0xff, 0xf3, 0x0, 0x0, 0x4f,
    0xff, 0x20, 0x0, 0xb, 0xff, 0xc0, 0x0, 0x4,
    0xff, 0xf0, 0x0, 0x0, 0x2f, 0xff, 0x60, 0x0,
    0x4f, 0xff, 0x0, 0x0, 0x0, 0x9f, 0xfe, 0x0,
    0x4, 0xff, 0xf0, 0x0, 0x0, 0x1, 0xff, 0xf8,
    0x0, 0x4f, 0xff, 0x0, 0x0, 0x0, 0x7, 0xff,
    0xf2, 0x4, 0xff, 0xf0, 0x0, 0x0, 0x0, 0xd,
    0xff, 0xb0, 0x4f, 0xff, 0x0, 0x0, 0x0, 0x0,
    0x5f, 0xff, 0x40,

    /* U+004C "L" */
    0x4f, 0xff, 0x0, 0x0, 0x0, 0x0, 0x4, 0xff,
    0xf0, 0x0, 0x0, 0x0, 0x0, 0x4f, 0xff, 0x0,
    0x0, 0x0, 0x0, 0x4, 0xff, 0xf0, 0x0, 0x0,
    0x0, 0x0, 0x4f, 0xff, 0x0, 0x0, 0x0, 0x0,
    0x4, 0xff, 0xf0, 0x0, 0x0, 0x0, 0x0, 0x4f,
    0xff, 0x0, 0x0, 0x0, 0x0, 0x4, 0xff, 0xf0,
    0x0, 0x0, 0x0, 0x0, 0x4f, 0xff, 0x0, 0x0,
    0x0, 0x0, 0x4, 0xff, 0xf0, 0x0, 0x0, 0x0,
    0x0, 0x4f, 0xff, 0x0, 0x0, 0x0, 0x0, 0x4,
    0xff, 0xf0, 0x0, 0x0, 0x0, 0x0, 0x4f, 0xff,
    0x0, 0x0, 0x0, 0x0, 0x4, 0xff, 0xf0, 0x0,
    0x0, 0x0, 0x0, 0x4f, 0xff, 0x0, 0x0, 0x0,
    0x0, 0x4, 0xff, 0xf0, 0x0, 0x0, 0x0, 0x0,
    0x4f, 0xff, 0x0, 0x0, 0x0, 0x0, 0x4, 0xff,
    0xf0, 0x0, 0x0, 0x0, 0x0, 0x4f, 0xff, 0xcc,
    0xcc, 0xcc, 0xcc, 0x84, 0xff, 0xff, 0xff, 0xff,
    0xff, 0xfa, 0x4f, 0xff, 0xff, 0xff, 0xff, 0xff,
    0xa0,

    /* U+004D "M" */
    0x4f, 0xff, 0x90, 0x0, 0x0, 0x0, 0x0, 0x6f,
    0xff, 0x84, 0xff, 0xff, 0x0, 0x0, 0x0, 0x0,
    0xb, 0xff, 0xf8, 0x4f, 0xff, 0xf5, 0x0, 0x0,
    0x0, 0x1, 0xff, 0xff, 0x84, 0xff, 0xff, 0xa0,
    0x0, 0x0, 0x0, 0x6f, 0xff, 0xf8, 0x4f, 0xfc,
    0xff, 0x10, 0x0, 0x0, 0xc, 0xfc, 0xff, 0x84,
    0xff, 0x8f, 0xf6, 0x0, 0x0, 0x2, 0xff, 0x8f,
    0xf8, 0x4f, 0xf6, 0xdf, 0xc0, 0x0, 0x0, 0x7f,
    0xf5, 0xff, 0x84, 0xff, 0x78, 0xff, 0x10, 0x0,
    0xd, 0xfa, 0x5f, 0xf8, 0x4f, 0xf8, 0x2f, 0xf7,
    0x0, 0x2, 0xff, 0x56, 0xff, 0x84, 0xff, 0x90,
    0xdf, 0xd0, 0x0, 0x8f, 0xf0, 0x7f, 0xf8, 0x4f,
    0xfa, 0x7, 0xff, 0x20, 0xd, 0xfa, 0x7, 0xff,
    0x84, 0xff, 0xa0, 0x1f, 0xf8, 0x3, 0xff, 0x40,
    0x7f, 0xf8, 0x4f, 0xfa, 0x0, 0xcf, 0xd0, 0x8f,
    0xe0, 0x7, 0xff, 0x84, 0xff, 0xa0, 0x6, 0xff,
    0x2d, 0xf8, 0x0, 0x7f, 0xf8, 0x4f, 0xfa, 0x0,
    0x1f, 0xfa, 0xff, 0x30, 0x7, 0xff, 0x84, 0xff,
    0xa0, 0x0, 0xaf, 0xff, 0xd0, 0x0, 0x7f, 0xf8,
    0x4f, 0xfa, 0x0, 0x5, 0xff, 0xf7, 0x0, 0x7,
    0xff, 0x84, 0xff, 0xa0, 0x0, 0xe, 0xff, 0x20,
    0x0, 0x7f, 0xf8, 0x4f, 0xfa, 0x0, 0x0, 0x9f,
    0xc0, 0x0, 0x7, 0xff, 0x84, 0xff, 0xa0, 0x0,
    0x0, 0x0, 0x0, 0x0, 0x7f, 0xf8, 0x4f, 0xfa,
    0x0, 0x0, 0x0, 0x0, 0x0, 0x7, 0xff, 0x80,

    /* U+004E "N" */
    0x4f, 0xff, 0x50, 0x0, 0x0, 0x0, 0x4f, 0xfd,
    0x4f, 0xff, 0xd0, 0x0, 0x0, 0x0, 0x4f, 0xfd,
    0x4f, 0xff, 0xf6, 0x0, 0x0, 0x0, 0x4f, 0xfd,
    0x4f, 0xff, 0xfe, 0x0, 0x0, 0x0, 0x4f, 0xfd,
    0x4f, 0xfc, 0xff, 0x80, 0x0, 0x0, 0x4f, 0xfd,
    0x4f, 0xf7, 0xdf, 0xf1, 0x0, 0x0, 0x4f, 0xfd,
    0x4f, 0xf8, 0x5f, 0xfa, 0x0, 0x0, 0x4f, 0xfd,
    0x4f, 0xfa, 0xd, 0xff, 0x30, 0x0, 0x4f, 0xfd,
    0x4f, 0xfa, 0x6, 0xff, 0xc0, 0x0, 0x4f, 0xfd,
    0x4f, 0xfb, 0x0, 0xdf, 0xf4, 0x0, 0x3f, 0xfd,
    0x4f, 0xfc, 0x0, 0x4f, 0xfd, 0x0, 0x3f, 0xfd,
    0x4f, 0xfc, 0x0, 0xb, 0xff, 0x60, 0x2f, 0xfd,
    0x4f, 0xfc, 0x0, 0x3, 0xff, 0xe0, 0x2f, 0xfd,
    0x4f, 0xfc, 0x0, 0x0, 0xaf, 0xf7, 0x1f, 0xfd,
    0x4f, 0xfc, 0x0, 0x0, 0x1f, 0xfe, 0xf, 0xfd,
    0x4f, 0xfc, 0x0, 0x0, 0x8, 0xff, 0x6e, 0xfd,
    0x4f, 0xfc, 0x0, 0x0, 0x0, 0xef, 0xee, 0xfd,
    0x4f, 0xfc, 0x0, 0x0, 0x0, 0x6f, 0xff, 0xfd,
    0x4f, 0xfc, 0x0, 0x0, 0x0, 0xd, 0xff, 0xfd,
    0x4f, 0xfc, 0x0, 0x0, 0x0, 0x5, 0xff, 0xfd,
    0x4f, 0xfc, 0x0, 0x0, 0x0, 0x0, 0xcf, 0xfd,

    /* U+004F "O" */
    0x0, 0x0, 0x1, 0x7c, 0xef, 0xfc, 0x82, 0x0,
    0x0, 0x0, 0x0, 0x7, 0xff, 0xff, 0xff, 0xff,
    0xf8, 0x0, 0x0, 0x0, 0x9, 0xff, 0xff, 0xfe,
    0xff, 0xff, 0xfb, 0x0, 0x0, 0x7, 0xff, 0xfd,
    0x40, 0x0, 0x3c, 0xff, 0xf9, 0x0, 0x1, 0xff,
    0xfc, 0x0, 0x0, 0x0, 0xb, 0xff, 0xf3, 0x0,
    0x8f, 0xff, 0x10, 0x0, 0x0, 0x0, 0xe, 0xff,
    0xa0, 0xe, 0xff, 0x90, 0x0, 0x0, 0x0, 0x0,
    0x7f, 0xff, 0x2, 0xff, 0xf4, 0x0, 0x0, 0x0,
    0x0, 0x2, 0xff, 0xf4, 0x4f, 0xff, 0x10, 0x0,
    0x0, 0x0, 0x0, 0xe, 0xff, 0x65, 0xff, 0xf0,
    0x0, 0x0, 0x0, 0x0, 0x0, 0xdf, 0xf8, 0x6f,
    0xff, 0x0, 0x0, 0x0, 0x0, 0x0, 0xc, 0xff,
    0x85, 0xff, 0xf0, 0x0, 0x0, 0x0, 0x0, 0x0,
    0xdf, 0xf7, 0x4f, 0xff, 0x10, 0x0, 0x0, 0x0,
    0x0, 0xf, 0xff, 0x61, 0xff, 0xf5, 0x0, 0x0,
    0x0, 0x0, 0x3, 0xff, 0xf3, 0xd, 0xff, 0xa0,
    0x0, 0x0, 0x0, 0x0, 0x8f, 0xff, 0x0, 0x7f,
    0xff, 0x20, 0x0, 0x0, 0x0, 0x1f, 0xff, 0x90,
    0x1, 0xff, 0xfd, 0x10, 0x0, 0x0, 0xb, 0xff,
    0xf2, 0x0, 0x6, 0xff, 0xfd, 0x50, 0x0, 0x4c,
    0xff, 0xf8, 0x0, 0x0, 0x9, 0xff, 0xff, 0xfe,
    0xff, 0xff, 0xfa, 0x0, 0x0, 0x0, 0x6, 0xff,
    0xff, 0xff, 0xff, 0xf8, 0x0, 0x0, 0x0, 0x0,
    0x1, 0x7c, 0xef, 0xfc, 0x82, 0x0, 0x0, 0x0,

    /* U+0050 "P" */
    0x4f, 0xff, 0xff, 0xff, 0xec, 0x82, 0x0, 0x4,
    0xff, 0xff, 0xff, 0xff, 0xff, 0xfa, 0x0, 0x4f,
    0xff, 0xaa, 0xaa, 0xcf, 0xff, 0xfb, 0x4, 0xff,
    0xf0, 0x0, 0x0, 0x19, 0xff, 0xf4, 0x4f, 0xff,
    0x0, 0x0, 0x0, 0xc, 0xff, 0xa4, 0xff, 0xf0,
    0x0, 0x0, 0x0, 0x7f, 0xfc, 0x4f, 0xff, 0x0,
    0x0, 0x0, 0x6, 0xff, 0xc4, 0xff, 0xf0, 0x0,
    0x0, 0x0, 0x8f, 0xfa, 0x4f, 0xff, 0x0, 0x0,
    0x0, 0xd, 0xff, 0x84, 0xff, 0xf0, 0x0, 0x0,
    0x1b, 0xff, 0xf1, 0x4f, 0xff, 0xaa, 0xaa, 0xcf,
    0xff, 0xf7, 0x4, 0xff, 0xff, 0xff, 0xff, 0xff,
    0xf6, 0x0, 0x4f, 0xff, 0xff, 0xff, 0xeb, 0x71,
    0x0, 0x4, 0xff, 0xf0, 0x0, 0x0, 0x0, 0x0,
    0x0, 0x4f, 0xff, 0x0, 0x0, 0x0, 0x0, 0x0,
    0x4, 0xff, 0xf0, 0x0, 0x0, 0x0, 0x0, 0x0,
    0x4f, 0xff, 0x0, 0x0, 0x0, 0x0, 0x0, 0x4,
    0xff, 0xf0, 0x0, 0x0, 0x0, 0x0, 0x0, 0x4f,
    0xff, 0x0, 0x0, 0x0, 0x0, 0x0, 0x4, 0xff,
    0xf0, 0x0, 0x0, 0x0, 0x0, 0x0, 0x4f, 0xff,
    0x0, 0x0, 0x0, 0x0, 0x0, 0x0,

    /* U+0051 "Q" */
    0x0, 0x0, 0x1, 0x7c, 0xef, 0xec, 0x81, 0x0,
    0x0, 0x0, 0x0, 0x0, 0x6f, 0xff, 0xff, 0xff,
    0xff, 0x70, 0x0, 0x0, 0x0, 0x8, 0xff, 0xff,
    0xfe, 0xff, 0xff, 0xfa, 0x0, 0x0, 0x0, 0x6f,
    0xff, 0xd4, 0x0, 0x4, 0xcf, 0xff, 0x70, 0x0,
    0x1, 0xef, 0xfd, 0x0, 0x0, 0x0, 0xb, 0xff,
    0xf2, 0x0, 0x7, 0xff, 0xf2, 0x0, 0x0, 0x0,
    0x1, 0xff, 0xf9, 0x0, 0xd, 0xff, 0xa0, 0x0,
    0x0, 0x0, 0x0, 0x8f, 0xff, 0x0, 0x1f, 0xff,
    0x50, 0x0, 0x0, 0x0, 0x0, 0x2f, 0xff, 0x30,
    0x3f, 0xff, 0x10, 0x0, 0x0, 0x0, 0x0, 0xf,
    0xff, 0x60, 0x5f, 0xff, 0x0, 0x0, 0x0, 0x0,
    0x0, 0xd, 0xff, 0x70, 0x6f, 0xff, 0x0, 0x0,
    0x0, 0x0, 0x0, 0xc, 0xff, 0x80, 0x5f, 0xff,
    0x0, 0x0, 0x0, 0x0, 0x0, 0xd, 0xff, 0x70,
    0x4f, 0xff, 0x0, 0x0, 0x0, 0x0, 0x0, 0xe,
    0xff, 0x60, 0x2f, 0xff, 0x30, 0x0, 0x0, 0x0,
    0x0, 0x1f, 0xff, 0x40, 0xe, 0xff, 0x70, 0x0,
    0x0, 0x0, 0x0, 0x5f, 0xff, 0x0, 0xa, 0xff,
    0xc0, 0x0, 0x0, 0x0, 0x0, 0xbf, 0xfc, 0x0,
    0x3, 0xff, 0xf5, 0x0, 0x0, 0x0, 0x3, 0xff,
    0xf5, 0x0, 0x0, 0xbf, 0xff, 0x30, 0x0, 0x0,
    0x2e, 0xff, 0xd0, 0x0, 0x0, 0x1e, 0xff, 0xf8,
    0x31, 0x38, 0xff, 0xff, 0x20, 0x0, 0x0, 0x2,
    0xef, 0xff, 0xff, 0xff, 0xff, 0xe4, 0x0, 0x0,
    0x0, 0x0, 0x1a, 0xff, 0xff, 0xff, 0xfb, 0x10,
    0x0, 0x0, 0x0, 0x0, 0x0, 0x16, 0xef, 0xfc,
    0x10, 0x0, 0x0, 0x0, 0x0, 0x0, 0x0, 0x0,
    0x7f, 0xff, 0x50, 0x0, 0x0, 0x0, 0x0, 0x0,
    0x0, 0x0, 0xc, 0xff, 0xfa, 0x41, 0x1, 0x20,
    0x0, 0x0, 0x0, 0x0, 0x1, 0xcf, 0xff, 0xff,
    0xff, 0xc0, 0x0, 0x0, 0x0, 0x0, 0x0, 0x8,
    0xff, 0xff, 0xff, 0xf0, 0x0, 0x0, 0x0, 0x0,
    0x0, 0x0, 0x15, 0x9a, 0xa8, 0x50,

    /* U+0052 "R" */
    0x4f, 0xff, 0xff, 0xff, 0xed, 0x94, 0x0, 0x0,
    0x4f, 0xff, 0xff, 0xff, 0xff, 0xff, 0xc1, 0x0,
    0x4f, 0xff, 0xaa, 0xaa, 0xcf, 0xff, 0xfd, 0x0,
    0x4f, 0xff, 0x0, 0x0, 0x0, 0x7f, 0xff, 0x60,
    0x4f, 0xff, 0x0, 0x0, 0x0, 0xa, 0xff, 0xb0,
    0x4f, 0xff, 0x0, 0x0, 0x0, 0x5, 0xff, 0xd0,
    0x4f, 0xff, 0x0, 0x0, 0x0, 0x5, 0xff, 0xe0,
    0x4f, 0xff, 0x0, 0x0, 0x0, 0x8, 0xff, 0xc0,
    0x4f, 0xff, 0x0, 0x0, 0x0, 0x1e, 0xff, 0x80,
    0x4f, 0xff, 0x0, 0x0, 0x26, 0xef, 0xff, 0x20,
    0x4f, 0xff, 0xff, 0xff, 0xff, 0xff, 0xf4, 0x0,
    0x4f, 0xff, 0xff, 0xff, 0xff, 0xfc, 0x30, 0x0,
    0x4f, 0xff, 0xaa, 0xad, 0xff, 0xd0, 0x0, 0x0,
    0x4f, 0xff, 0x0, 0x3, 0xff, 0xf5, 0x0, 0x0,
    0x4f, 0xff, 0x0, 0x0, 0xaf, 0xfe, 0x0, 0x0,
    0x4f, 0xff, 0x0, 0x0, 0x2f, 0xff, 0x70, 0x0,
    0x4f, 0xff, 0x0, 0x0, 0x8, 0xff, 0xf1, 0x0,
    0x4f, 0xff, 0x0, 0x0, 0x1, 0xef, 0xfa, 0x0,
    0x4f, 0xff, 0x0, 0x0, 0x0, 0x6f, 0xff, 0x30,
    0x4f, 0xff, 0x0, 0x0, 0x0, 0xd, 0xff, 0xc0,
    0x4f, 0xff, 0x0, 0x0, 0x0, 0x5, 0xff, 0xf5,

    /* U+0053 "S" */
    0x0, 0x0, 0x39, 0xdf, 0xfd, 0x93, 0x0, 0x0,
    0x0, 0xaf, 0xff, 0xff, 0xff, 0xfa, 0x10, 0x0,
    0xbf, 0xff, 0xfe, 0xef, 0xff, 0xfd, 0x0, 0x5f,
    0xff, 0x91, 0x0, 0x16, 0xef, 0x70, 0xa, 0xff,
    0xb0, 0x0, 0x0, 0x0, 0x60, 0x0, 0xcf, 0xf8,
    0x0, 0x0, 0x0, 0x0, 0x0, 0xb, 0xff, 0xc0,
    0x0, 0x0, 0x0, 0x0, 0x0, 0x6f, 0xff, 0xa1,
    0x0, 0x0, 0x0, 0x0, 0x0, 0xcf, 0xff, 0xfa,
    0x30, 0x0, 0x0, 0x0, 0x1, 0xcf, 0xff, 0xff,
    0xc5, 0x0, 0x0, 0x0, 0x0, 0x6d, 0xff, 0xff,
    0xfd, 0x40, 0x0, 0x0, 0x0, 0x4, 0xbf, 0xff,
    0xff, 0x60, 0x0, 0x0, 0x0, 0x0, 0x2a, 0xff,
    0xff, 0x30, 0x0, 0x0, 0x0, 0x0, 0x4, 0xff,
    0xfa, 0x0, 0x0, 0x0, 0x0, 0x0, 0x9, 0xff,
    0xc0, 0x0, 0x0, 0x0, 0x0, 0x0, 0x7f, 0xfc,
    0x7, 0xe3, 0x0, 0x0, 0x0, 0xc, 0xff, 0xa5,
    0xff, 0xfa, 0x40, 0x0, 0x2a, 0xff, 0xf3, 0x2e,
    0xff, 0xff, 0xfe, 0xff, 0xff, 0xf9, 0x0, 0x19,
    0xff, 0xff, 0xff, 0xff, 0xf8, 0x0, 0x0, 0x2,
    0x7c, 0xef, 0xec, 0x82, 0x0, 0x0,

    /* U+0054 "T" */
    0x2f, 0xff, 0xff, 0xff, 0xff, 0xff, 0xff, 0xff,
    0x42, 0xff, 0xff, 0xff, 0xff, 0xff, 0xff, 0xff,
    0xf4, 0x1c, 0xcc, 0xcc, 0xcf, 0xff, 0xcc, 0xcc,
    0xcc, 0x30, 0x0, 0x0, 0x1, 0xff, 0xf2, 0x0,
    0x0, 0x0, 0x0, 0x0, 0x0, 0x1f, 0xff, 0x20,
    0x0, 0x0, 0x0, 0x0, 0x0, 0x1, 0xff, 0xf2,
    0x0, 0x0, 0x0, 0x0, 0x0, 0x0, 0x1f, 0xff,
    0x20, 0x0, 0x0, 0x0, 0x0, 0x0, 0x1, 0xff,
    0xf2, 0x0, 0x0, 0x0, 0x0, 0x0, 0x0, 0x1f,
    0xff, 0x20, 0x0, 0x0, 0x0, 0x0, 0x0, 0x1,
    0xff, 0xf2, 0x0, 0x0, 0x0, 0x0, 0x0, 0x0,
    0x1f, 0xff, 0x20, 0x0, 0x0, 0x0, 0x0, 0x0,
    0x1, 0xff, 0xf2, 0x0, 0x0, 0x0, 0x0, 0x0,
    0x0, 0x1f, 0xff, 0x20, 0x0, 0x0, 0x0, 0x0,
    0x0, 0x1, 0xff, 0xf2, 0x0, 0x0, 0x0, 0x0,
    0x0, 0x0, 0x1f, 0xff, 0x20, 0x0, 0x0, 0x0,
    0x0, 0x0, 0x1, 0xff, 0xf2, 0x0, 0x0, 0x0,
    0x0, 0x0, 0x0, 0x1f, 0xff, 0x20, 0x0, 0x0,
    0x0, 0x0, 0x0, 0x1, 0xff, 0xf2, 0x0, 0x0,
    0x0, 0x0, 0x0, 0x0, 0x1f, 0xff, 0x20, 0x0,
    0x0, 0x0, 0x0, 0x0, 0x1, 0xff, 0xf2, 0x0,
    0x0, 0x0, 0x0, 0x0, 0x0, 0x1f, 0xff, 0x20,
    0x0, 0x0, 0x0,

    /* U+0055 "U" */
    0x6f, 0xfd, 0x0, 0x0, 0x0, 0x0, 0x3f, 0xfe,
    0x6f, 0xfd, 0x0, 0x0, 0x0, 0x0, 0x3f, 0xfe,
    0x6f, 0xfd, 0x0, 0x0, 0x0, 0x0, 0x3f, 0xfe,
    0x6f, 0xfd, 0x0, 0x0, 0x0, 0x0, 0x3f, 0xfe,
    0x6f, 0xfd, 0x0, 0x0, 0x0, 0x0, 0x3f, 0xfe,
    0x6f, 0xfd, 0x0, 0x0, 0x0, 0x0, 0x3f, 0xfe,
    0x6f, 0xfd, 0x0, 0x0, 0x0, 0x0, 0x3f, 0xfe,
    0x6f, 0xfd, 0x0, 0x0, 0x0, 0x0, 0x3f, 0xfe,
    0x6f, 0xfd, 0x0, 0x0, 0x0, 0x0, 0x3f, 0xfe,
    0x6f, 0xfd, 0x0, 0x0, 0x0, 0x0, 0x3f, 0xfe,
    0x6f, 0xfd, 0x0, 0x0, 0x0, 0x0, 0x3f, 0xfe,
    0x6f, 0xfd, 0x0, 0x0, 0x0, 0x0, 0x3f, 0xfe,
    0x6f, 0xfe, 0x0, 0x0, 0x0, 0x0, 0x4f, 0xfe,
    0x5f, 0xff, 0x0, 0x0, 0x0, 0x0, 0x5f, 0xfd,
    0x3f, 0xff, 0x10, 0x0, 0x0, 0x0, 0x7f, 0xfb,
    0xf, 0xff, 0x60, 0x0, 0x0, 0x0, 0xcf, 0xf8,
    0xb, 0xff, 0xe0, 0x0, 0x0, 0x5, 0xff, 0xf3,
    0x4, 0xff, 0xfc, 0x30, 0x0, 0x6f, 0xff, 0xc0,
    0x0, 0x9f, 0xff, 0xff, 0xef, 0xff, 0xff, 0x20,
    0x0, 0x9, 0xff, 0xff, 0xff, 0xff, 0xe3, 0x0,
    0x0, 0x0, 0x28, 0xce, 0xfd, 0xb6, 0x0, 0x0,

    /* U+0056 "V" */
    0xe, 0xff, 0x80, 0x0, 0x0, 0x0, 0x0, 0xcf,
    0xf8, 0x9, 0xff, 0xc0, 0x0, 0x0, 0x0, 0x0,
    0xff, 0xf3, 0x4, 0xff, 0xf1, 0x0, 0x0, 0x0,
    0x5, 0xff, 0xe0, 0x0, 0xff, 0xf5, 0x0, 0x0,
    0x0, 0x9, 0xff, 0x90, 0x0, 0xaf, 0xfa, 0x0,
    0x0, 0x0, 0xd, 0xff, 0x40, 0x0, 0x5f, 0xfe,
    0x0, 0x0, 0x0, 0x2f, 0xff, 0x0, 0x0, 0x1f,
    0xff, 0x30, 0x0, 0x0, 0x6f, 0xfb, 0x0, 0x0,
    0xc, 0xff, 0x70, 0x0, 0x0, 0xbf, 0xf6, 0x0,
    0x0, 0x7, 0xff, 0xc0, 0x0, 0x0, 0xff, 0xf1,
    0x0, 0x0, 0x2, 0xff, 0xf1, 0x0, 0x4, 0xff,
    0xc0, 0x0, 0x0, 0x0, 0xdf, 0xf5, 0x0, 0x8,
    0xff, 0x70, 0x0, 0x0, 0x0, 0x8f, 0xf9, 0x0,
    0xd, 0xff, 0x20, 0x0, 0x0, 0x0, 0x3f, 0xfd,
    0x0, 0x1f, 0xfd, 0x0, 0x0, 0x0, 0x0, 0xe,
    0xff, 0x20, 0x6f, 0xf8, 0x0, 0x0, 0x0, 0x0,
    0x9, 0xff, 0x60, 0xaf, 0xf3, 0x0, 0x0, 0x0,
    0x0, 0x4, 0xff, 0xb0, 0xef, 0xe0, 0x0, 0x0,
    0x0, 0x0, 0x0, 0xff, 0xf3, 0xff, 0xa0, 0x0,
    0x0, 0x0, 0x0, 0x0, 0xaf, 0xfb, 0xff, 0x50,
    0x0, 0x0, 0x0, 0x0, 0x0, 0x5f, 0xff, 0xff,
    0x0, 0x0, 0x0, 0x0, 0x0, 0x0, 0x1f, 0xff,
    0xfb, 0x0, 0x0, 0x0, 0x0, 0x0, 0x0, 0xb,
    0xff, 0xf6, 0x0, 0x0, 0x0,

    /* U+0057 "W" */
    0x4f, 0xff, 0x10, 0x0, 0x0, 0xf, 0xff, 0x20,
    0x0, 0x0, 0xd, 0xff, 0x41, 0xff, 0xf3, 0x0,
    0x0, 0x3, 0xff, 0xf6, 0x0, 0x0, 0x0, 0xff,
    0xf1, 0xe, 0xff, 0x60, 0x0, 0x0, 0x7f, 0xff,
    0xa0, 0x0, 0x0, 0x3f, 0xfd, 0x0, 0xbf, 0xf9,
    0x0, 0x0, 0xa, 0xff, 0xfe, 0x0, 0x0, 0x6,
    0xff, 0xa0, 0x7, 0xff, 0xc0, 0x0, 0x0, 0xef,
    0xef, 0xf2, 0x0, 0x0, 0x8f, 0xf7, 0x0, 0x4f,
    0xff, 0x0, 0x0, 0x2f, 0xf7, 0xff, 0x60, 0x0,
    0xb, 0xff, 0x40, 0x1, 0xff, 0xf2, 0x0, 0x6,
    0xff, 0x1f, 0xfa, 0x0, 0x0, 0xef, 0xf1, 0x0,
    0xe, 0xff, 0x40, 0x0, 0xaf, 0xd0, 0xdf, 0xd0,
    0x0, 0x1f, 0xfe, 0x0, 0x0, 0xaf, 0xf7, 0x0,
    0xe, 0xfa, 0xa, 0xff, 0x10, 0x4, 0xff, 0xb0,
    0x0, 0x7, 0xff, 0xa0, 0x2, 0xff, 0x70, 0x7f,
    0xf5, 0x0, 0x7f, 0xf8, 0x0, 0x0, 0x4f, 0xfd,
    0x0, 0x6f, 0xf3, 0x3, 0xff, 0x90, 0xa, 0xff,
    0x50, 0x0, 0x1, 0xff, 0xf0, 0x9, 0xff, 0x0,
    0xf, 0xfd, 0x0, 0xcf, 0xf2, 0x0, 0x0, 0xd,
    0xff, 0x20, 0xdf, 0xb0, 0x0, 0xbf, 0xf0, 0xf,
    0xfe, 0x0, 0x0, 0x0, 0xaf, 0xf5, 0xf, 0xf8,
    0x0, 0x7, 0xff, 0x41, 0xff, 0xb0, 0x0, 0x0,
    0x7, 0xff, 0x73, 0xff, 0x40, 0x0, 0x4f, 0xf7,
    0x4f, 0xf8, 0x0, 0x0, 0x0, 0x4f, 0xfa, 0x7f,
    0xf0, 0x0, 0x0, 0xff, 0xa6, 0xff, 0x50, 0x0,
    0x0, 0x1, 0xff, 0xca, 0xfc, 0x0, 0x0, 0xc,
    0xfd, 0x9f, 0xf2, 0x0, 0x0, 0x0, 0xd, 0xff,
    0xef, 0x90, 0x0, 0x0, 0x8f, 0xfd, 0xff, 0x0,
    0x0, 0x0, 0x0, 0xaf, 0xff, 0xf5, 0x0, 0x0,
    0x4, 0xff, 0xff, 0xc0, 0x0, 0x0, 0x0, 0x7,
    0xff, 0xff, 0x10, 0x0, 0x0, 0x1f, 0xff, 0xf9,
    0x0, 0x0, 0x0, 0x0, 0x4f, 0xff, 0xe0, 0x0,
    0x0, 0x0, 0xdf, 0xff, 0x60, 0x0, 0x0,

    /* U+0058 "X" */
    0xe, 0xff, 0xb0, 0x0, 0x0, 0x0, 0xcf, 0xf9,
    0x0, 0x5f, 0xff, 0x30, 0x0, 0x0, 0x4f, 0xff,
    0x10, 0x0, 0xdf, 0xfb, 0x0, 0x0, 0xc, 0xff,
    0x80, 0x0, 0x4, 0xff, 0xf3, 0x0, 0x4, 0xff,
    0xe1, 0x0, 0x0, 0xb, 0xff, 0xb0, 0x0, 0xcf,
    0xf7, 0x0, 0x0, 0x0, 0x3f, 0xff, 0x30, 0x4f,
    0xfe, 0x0, 0x0, 0x0, 0x0, 0xaf, 0xfb, 0xb,
    0xff, 0x60, 0x0, 0x0, 0x0, 0x1, 0xff, 0xf5,
    0xff, 0xd0, 0x0, 0x0, 0x0, 0x0, 0x8, 0xff,
    0xff, 0xf5, 0x0, 0x0, 0x0, 0x0, 0x0, 0x1e,
    0xff, 0xfc, 0x0, 0x0, 0x0, 0x0, 0x0, 0x0,
    0xdf, 0xff, 0x70, 0x0, 0x0, 0x0, 0x0, 0x0,
    0x6f, 0xff, 0xfe, 0x10, 0x0, 0x0, 0x0, 0x0,
    0xe, 0xff, 0xcf, 0xf8, 0x0, 0x0, 0x0, 0x0,
    0x7, 0xff, 0x93, 0xff, 0xf2, 0x0, 0x0, 0x0,
    0x1, 0xef, 0xf2, 0xb, 0xff, 0xa0, 0x0, 0x0,
    0x0, 0x8f, 0xfa, 0x0, 0x3f, 0xff, 0x30, 0x0,
    0x0, 0x2f, 0xff, 0x20, 0x0, 0xbf, 0xfc, 0x0,
    0x0, 0xa, 0xff, 0xa0, 0x0, 0x2, 0xff, 0xf5,
    0x0, 0x3, 0xff, 0xf2, 0x0, 0x0, 0xa, 0xff,
    0xd0, 0x0, 0xbf, 0xfa, 0x0, 0x0, 0x0, 0x2f,
    0xff, 0x60, 0x4f, 0xff, 0x20, 0x0, 0x0, 0x0,
    0x9f, 0xfe, 0x10,

    /* U+0059 "Y" */
    0xd, 0xff, 0x90, 0x0, 0x0, 0x0, 0x1f, 0xff,
    0x50, 0x5f, 0xff, 0x10, 0x0, 0x0, 0x7, 0xff,
    0xd0, 0x0, 0xef, 0xf7, 0x0, 0x0, 0x0, 0xef,
    0xf6, 0x0, 0x6, 0xff, 0xd0, 0x0, 0x0, 0x5f,
    0xfe, 0x0, 0x0, 0xe, 0xff, 0x40, 0x0, 0xc,
    0xff, 0x60, 0x0, 0x0, 0x7f, 0xfb, 0x0, 0x3,
    0xff, 0xe0, 0x0, 0x0, 0x0, 0xff, 0xf2, 0x0,
    0x9f, 0xf7, 0x0, 0x0, 0x0, 0x8, 0xff, 0x80,
    0x1f, 0xff, 0x0, 0x0, 0x0, 0x0, 0x1f, 0xfe,
    0x7, 0xff, 0x80, 0x0, 0x0, 0x0, 0x0, 0x9f,
    0xf6, 0xef, 0xf1, 0x0, 0x0, 0x0, 0x0, 0x2,
    0xff, 0xff, 0xf9, 0x0, 0x0, 0x0, 0x0, 0x0,
    0xa, 0xff, 0xff, 0x10, 0x0, 0x0, 0x0, 0x0,
    0x0, 0x2f, 0xff, 0x90, 0x0, 0x0, 0x0, 0x0,
    0x0, 0x0, 0xef, 0xf5, 0x0, 0x0, 0x0, 0x0,
    0x0, 0x0, 0xe, 0xff, 0x50, 0x0, 0x0, 0x0,
    0x0, 0x0, 0x0, 0xef, 0xf5, 0x0, 0x0, 0x0,
    0x0, 0x0, 0x0, 0xe, 0xff, 0x50, 0x0, 0x0,
    0x0, 0x0, 0x0, 0x0, 0xef, 0xf5, 0x0, 0x0,
    0x0, 0x0, 0x0, 0x0, 0xe, 0xff, 0x50, 0x0,
    0x0, 0x0, 0x0, 0x0, 0x0, 0xef, 0xf5, 0x0,
    0x0, 0x0, 0x0, 0x0, 0x0, 0xe, 0xff, 0x50,
    0x0, 0x0, 0x0,

    /* U+005A "Z" */
    0xb, 0xff, 0xff, 0xff, 0xff, 0xff, 0xff, 0xa0,
    0xbf, 0xff, 0xff, 0xff, 0xff, 0xff, 0xfa, 0x8,
    0xcc, 0xcc, 0xcc, 0xcc, 0xdf, 0xff, 0x40, 0x0,
    0x0, 0x0, 0x0, 0xc, 0xff, 0xa0, 0x0, 0x0,
    0x0, 0x0, 0x7, 0xff, 0xf1, 0x0, 0x0, 0x0,
    0x0, 0x2, 0xff, 0xf6, 0x0, 0x0, 0x0, 0x0,
    0x0, 0xbf, 0xfc, 0x0, 0x0, 0x0, 0x0, 0x0,
    0x5f, 0xff, 0x20, 0x0, 0x0, 0x0, 0x0, 0x1e,
    0xff, 0x80, 0x0, 0x0, 0x0, 0x0, 0xa, 0xff,
    0xd0, 0x0, 0x0, 0x0, 0x0, 0x4, 0xff, 0xf3,
    0x0, 0x0, 0x0, 0x0, 0x0, 0xdf, 0xf9, 0x0,
    0x0, 0x0, 0x0, 0x0, 0x8f, 0xfe, 0x10, 0x0,
    0x0, 0x0, 0x0, 0x3f, 0xff, 0x50, 0x0, 0x0,
    0x0, 0x0, 0xc, 0xff, 0xb0, 0x0, 0x0, 0x0,
    0x0, 0x7, 0xff, 0xf1, 0x0, 0x0, 0x0, 0x0,
    0x2, 0xff, 0xf6, 0x0, 0x0, 0x0, 0x0, 0x0,
    0xbf, 0xfc, 0x0, 0x0, 0x0, 0x0, 0x0, 0x5f,
    0xff, 0xdc, 0xcc, 0xcc, 0xcc, 0xcc, 0x9a, 0xff,
    0xff, 0xff, 0xff, 0xff, 0xff, 0xfc, 0xbf, 0xff,
    0xff, 0xff, 0xff, 0xff, 0xff, 0xc0,

    /* U+005B "[" */
    0x1f, 0xff, 0xff, 0xd1, 0xff, 0xdc, 0xca, 0x1f,
    0xf5, 0x0, 0x1, 0xff, 0x50, 0x0, 0x1f, 0xf5,
    0x0, 0x1, 0xff, 0x50, 0x0, 0x1f, 0xf5, 0x0,
    0x1, 0xff, 0x50, 0x0, 0x1f, 0xf5, 0x0, 0x1,
    0xff, 0x50, 0x0, 0x1f, 0xf5, 0x0, 0x1, 0xff,
    0x50, 0x0, 0x1f, 0xf5, 0x0, 0x1, 0xff, 0x50,
    0x0, 0x1f, 0xf5, 0x0, 0x1, 0xff, 0x50, 0x0,
    0x1f, 0xf5, 0x0, 0x1, 0xff, 0x50, 0x0, 0x1f,
    0xf5, 0x0, 0x1, 0xff, 0x50, 0x0, 0x1f, 0xf5,
    0x0, 0x1, 0xff, 0x50, 0x0, 0x1f, 0xf5, 0x0,
    0x1, 0xff, 0x50, 0x0, 0x1f, 0xf5, 0x0, 0x1,
    0xff, 0x50, 0x0, 0x1f, 0xff, 0xff, 0xd1, 0xdd,
    0xdd, 0xda,

    /* U+005C "\\" */
    0x4f, 0xe0, 0x0, 0x0, 0x0, 0x0, 0xff, 0x30,
    0x0, 0x0, 0x0, 0xb, 0xf8, 0x0, 0x0, 0x0,
    0x0, 0x7f, 0xc0, 0x0, 0x0, 0x0, 0x2, 0xff,
    0x10, 0x0, 0x0, 0x0, 0xe, 0xf5, 0x0, 0x0,
    0x0, 0x0, 0x9f, 0xa0, 0x0, 0x0, 0x0, 0x5,
    0xfe, 0x0, 0x0, 0x0, 0x0, 0xf, 0xf3, 0x0,
    0x0, 0x0, 0x0, 0xcf, 0x70, 0x0, 0x0, 0x0,
    0x7, 0xfc, 0x0, 0x0, 0x0, 0x0, 0x2f, 0xf1,
    0x0, 0x0, 0x0, 0x0, 0xef, 0x50, 0x0, 0x0,
    0x0, 0x9, 0xf9, 0x0, 0x0, 0x0, 0x0, 0x5f,
    0xe0, 0x0, 0x0, 0x0, 0x1, 0xff, 0x20, 0x0,
    0x0, 0x0, 0xc, 0xf7, 0x0, 0x0, 0x0, 0x0,
    0x7f, 0xb0, 0x0, 0x0, 0x0, 0x3, 0xff, 0x0,
    0x0, 0x0, 0x0, 0xe, 0xf5, 0x0, 0x0, 0x0,
    0x0, 0xaf, 0x90, 0x0, 0x0, 0x0, 0x5, 0xfe,
    0x0, 0x0, 0x0, 0x0, 0x1f, 0xf2, 0x0, 0x0,
    0x0, 0x0, 0xcf, 0x70, 0x0, 0x0, 0x0, 0x8,
    0xfb, 0x0, 0x0, 0x0, 0x0, 0x3f, 0xf0, 0x0,
    0x0, 0x0, 0x0, 0xef, 0x40, 0x0, 0x0, 0x0,
    0x5, 0x84,

    /* U+005D "]" */
    0xef, 0xff, 0xff, 0x1b, 0xcc, 0xdf, 0xf1, 0x0,
    0x6, 0xff, 0x10, 0x0, 0x6f, 0xf1, 0x0, 0x6,
    0xff, 0x10, 0x0, 0x6f, 0xf1, 0x0, 0x6, 0xff,
    0x10, 0x0, 0x6f, 0xf1, 0x0, 0x6, 0xff, 0x10,
    0x0, 0x6f, 0xf1, 0x0, 0x6, 0xff, 0x10, 0x0,
    0x6f, 0xf1, 0x0, 0x6, 0xff, 0x10, 0x0, 0x6f,
    0xf1, 0x0, 0x6, 0xff, 0x10, 0x0, 0x6f, 0xf1,
    0x0, 0x6, 0xff, 0x10, 0x0, 0x6f, 0xf1, 0x0,
    0x6, 0xff, 0x10, 0x0, 0x6f, 0xf1, 0x0, 0x6,
    0xff, 0x10, 0x0, 0x6f, 0xf1, 0x0, 0x6, 0xff,
    0x10, 0x0, 0x6f, 0xf1, 0x0, 0x6, 0xff, 0x10,
    0x0, 0x6f, 0xf1, 0xef, 0xff, 0xff, 0x1b, 0xdd,
    0xdd, 0xd0,

    /* U+005E "^" */
    0x0, 0x0, 0x3, 0x88, 0x30, 0x0, 0x0, 0x0,
    0x0, 0xc, 0xff, 0xb0, 0x0, 0x0, 0x0, 0x0,
    0x2f, 0xff, 0xf2, 0x0, 0x0, 0x0, 0x0, 0x8f,
    0xee, 0xf8, 0x0, 0x0, 0x0, 0x0, 0xef, 0x89,
    0xfe, 0x0, 0x0, 0x0, 0x5, 0xff, 0x34, 0xff,
    0x40, 0x0, 0x0, 0xb, 0xfd, 0x0, 0xef, 0xa0,
    0x0, 0x0, 0x1f, 0xf8, 0x0, 0x9f, 0xf1, 0x0,
    0x0, 0x7f, 0xf2, 0x0, 0x3f, 0xf7, 0x0, 0x0,
    0xdf, 0xc0, 0x0, 0xd, 0xfd, 0x0, 0x3, 0xff,
    0x70, 0x0, 0x7, 0xff, 0x30, 0xa, 0xff, 0x10,
    0x0, 0x1, 0xff, 0x90, 0xf, 0xfb, 0x0, 0x0,
    0x0, 0xbf, 0xf0,

    /* U+005F "_" */
    0x0, 0x0, 0x0, 0x0, 0x0, 0x0, 0x0, 0x0,
    0xaf, 0xff, 0xff, 0xff, 0xff, 0xff, 0xff, 0xf6,
    0xaf, 0xff, 0xff, 0xff, 0xff, 0xff, 0xff, 0xf6,

    /* U+0060 "`" */
    0x0, 0x10, 0x0, 0x0, 0x2, 0xe9, 0x0, 0x0,
    0x2e, 0xff, 0x60, 0x0, 0xa, 0xff, 0xf4, 0x0,
    0x0, 0x9f, 0xff, 0x20, 0x0, 0x8, 0xff, 0xd1,
    0x0, 0x0, 0x7f, 0xe2, 0x0, 0x0, 0x6, 0x20,

    /* U+0061 "a" */
    0x0, 0x2, 0x8c, 0xef, 0xea, 0x30, 0x0, 0x2b,
    0xff, 0xff, 0xff, 0xff, 0x50, 0x9, 0xff, 0xfd,
    0xbc, 0xff, 0xff, 0x10, 0x1e, 0xa2, 0x0, 0x2,
    0xef, 0xf7, 0x0, 0x0, 0x0, 0x0, 0x8, 0xff,
    0xc0, 0x0, 0x0, 0x0, 0x0, 0x5f, 0xfe, 0x0,
    0x0, 0x4, 0x8b, 0xdf, 0xff, 0xf0, 0x1, 0x8f,
    0xff, 0xff, 0xff, 0xff, 0x3, 0xef, 0xfe, 0x95,
    0x24, 0xff, 0xf0, 0xdf, 0xf9, 0x0, 0x0, 0x4f,
    0xff, 0x4f, 0xfd, 0x0, 0x0, 0x4, 0xff, 0xf6,
    0xff, 0xb0, 0x0, 0x0, 0x5f, 0xff, 0x5f, 0xfe,
    0x10, 0x0, 0x6f, 0xff, 0xf1, 0xff, 0xff, 0xaa,
    0xef, 0xff, 0xff, 0x7, 0xff, 0xff, 0xff, 0xe4,
    0xdf, 0xf0, 0x4, 0xcf, 0xfc, 0x70, 0xb, 0xff,

    /* U+0062 "b" */
    0x9f, 0xfa, 0x0, 0x0, 0x0, 0x0, 0x0, 0x9,
    0xff, 0xa0, 0x0, 0x0, 0x0, 0x0, 0x0, 0x9f,
    0xfa, 0x0, 0x0, 0x0, 0x0, 0x0, 0x9, 0xff,
    0xa0, 0x0, 0x0, 0x0, 0x0, 0x0, 0x9f, 0xfa,
    0x0, 0x0, 0x0, 0x0, 0x0, 0x9, 0xff, 0xa0,
    0x0, 0x0, 0x0, 0x0, 0x0, 0x9f, 0xf9, 0x4,
    0xbe, 0xfd, 0x71, 0x0, 0x9, 0xff, 0xaa, 0xff,
    0xff, 0xff, 0xd2, 0x0, 0x9f, 0xff, 0xff, 0xdc,
    0xef, 0xff, 0xd0, 0x9, 0xff, 0xfd, 0x30, 0x0,
    0x8f, 0xff, 0x60, 0x9f, 0xfc, 0x0, 0x0, 0x0,
    0xcf, 0xfc, 0x9, 0xff, 0xa0, 0x0, 0x0, 0x6,
    0xff, 0xf0, 0x9f, 0xfa, 0x0, 0x0, 0x0, 0x3f,
    0xff, 0x29, 0xff, 0xa0, 0x0, 0x0, 0x2, 0xff,
    0xf3, 0x9f, 0xfa, 0x0, 0x0, 0x0, 0x2f, 0xff,
    0x29, 0xff, 0xa0, 0x0, 0x0, 0x3, 0xff, 0xf1,
    0x9f, 0xfa, 0x0, 0x0, 0x0, 0x8f, 0xfe, 0x9,
    0xff, 0xa0, 0x0, 0x0, 0x1e, 0xff, 0x80, 0x9f,
    0xff, 0x70, 0x0, 0x1c, 0xff, 0xf2, 0x9, 0xff,
    0xff, 0xfc, 0xcf, 0xff, 0xf7, 0x0, 0x9f, 0xf7,
    0xef, 0xff, 0xff, 0xf7, 0x0, 0x9, 0xff, 0x1,
    0x8d, 0xfd, 0xa3, 0x0, 0x0,

    /* U+0063 "c" */
    0x0, 0x0, 0x28, 0xdf, 0xfc, 0x70, 0x0, 0x0,
    0x8f, 0xff, 0xff, 0xff, 0xe2, 0x0, 0xaf, 0xff,
    0xfc, 0xbf, 0xfd, 0x0, 0x7f, 0xff, 0xa1, 0x0,
    0x19, 0x30, 0xf, 0xff, 0xb0, 0x0, 0x0, 0x0,
    0x5, 0xff, 0xf2, 0x0, 0x0, 0x0, 0x0, 0x8f,
    0xfd, 0x0, 0x0, 0x0, 0x0, 0xa, 0xff, 0xb0,
    0x0, 0x0, 0x0, 0x0, 0x9f, 0xfb, 0x0, 0x0,
    0x0, 0x0, 0x8, 0xff, 0xd0, 0x0, 0x0, 0x0,
    0x0, 0x5f, 0xff, 0x10, 0x0, 0x0, 0x0, 0x0,
    0xff, 0xf9, 0x0, 0x0, 0x0, 0x0, 0x8, 0xff,
    0xf8, 0x0, 0x0, 0x7a, 0x0, 0xd, 0xff, 0xfe,
    0xbb, 0xef, 0xf5, 0x0, 0x1b, 0xff, 0xff, 0xff,
    0xfe, 0x30, 0x0, 0x4, 0xad, 0xfe, 0xb6, 0x0,

    /* U+0064 "d" */
    0x0, 0x0, 0x0, 0x0, 0x0, 0xf, 0xff, 0x30,
    0x0, 0x0, 0x0, 0x0, 0x0, 0xff, 0xf3, 0x0,
    0x0, 0x0, 0x0, 0x0, 0xf, 0xff, 0x30, 0x0,
    0x0, 0x0, 0x0, 0x0, 0xff, 0xf3, 0x0, 0x0,
    0x0, 0x0, 0x0, 0xf, 0xff, 0x30, 0x0, 0x0,
    0x0, 0x0, 0x0, 0xff, 0xf3, 0x0, 0x0, 0x5c,
    0xef, 0xc5, 0xe, 0xff, 0x30, 0x1, 0xbf, 0xff,
    0xff, 0xfb, 0xef, 0xf3, 0x0, 0xcf, 0xff, 0xec,
    0xdf, 0xff, 0xff, 0x30, 0x7f, 0xff, 0x80, 0x0,
    0x2b, 0xff, 0xf3, 0xe, 0xff, 0xa0, 0x0, 0x0,
    0xf, 0xff, 0x34, 0xff, 0xf2, 0x0, 0x0, 0x0,
    0xff, 0xf3, 0x7f, 0xfe, 0x0, 0x0, 0x0, 0xf,
    0xff, 0x38, 0xff, 0xc0, 0x0, 0x0, 0x0, 0xff,
    0xf3, 0x9f, 0xfc, 0x0, 0x0, 0x0, 0xf, 0xff,
    0x38, 0xff, 0xd0, 0x0, 0x0, 0x0, 0xff, 0xf3,
    0x5f, 0xff, 0x10, 0x0, 0x0, 0xf, 0xff, 0x32,
    0xff, 0xf7, 0x0, 0x0, 0x2, 0xff, 0xf3, 0xb,
    0xff, 0xf5, 0x0, 0x4, 0xef, 0xff, 0x30, 0x2f,
    0xff, 0xfd, 0xbd, 0xff, 0xff, 0xf3, 0x0, 0x4f,
    0xff, 0xff, 0xff, 0x99, 0xff, 0x30, 0x0, 0x29,
    0xdf, 0xea, 0x30, 0x7f, 0xf3,

    /* U+0065 "e" */
    0x0, 0x0, 0x4a, 0xef, 0xda, 0x30, 0x0, 0x0,
    0xa, 0xff, 0xff, 0xff, 0xf7, 0x0, 0x0, 0xbf,
    0xff, 0xb9, 0xbf, 0xff, 0x50, 0x7, 0xff, 0xe2,
    0x0, 0x3, 0xff, 0xd0, 0xe, 0xff, 0x40, 0x0,
    0x0, 0x9f, 0xf3, 0x4f, 0xfc, 0x0, 0x0, 0x0,
    0x4f, 0xf7, 0x7f, 0xfa, 0x33, 0x33, 0x33, 0x5f,
    0xf9, 0x9f, 0xff, 0xff, 0xff, 0xff, 0xff, 0xfa,
    0x9f, 0xff, 0xff, 0xff, 0xff, 0xff, 0xf9, 0x8f,
    0xf9, 0x0, 0x0, 0x0, 0x0, 0x0, 0x5f, 0xfd,
    0x0, 0x0, 0x0, 0x0, 0x0, 0xf, 0xff, 0x50,
    0x0, 0x0, 0x0, 0x0, 0x8, 0xff, 0xf5, 0x0,
    0x0, 0x6, 0x10, 0x0, 0xcf, 0xff, 0xda, 0x9b,
    0xff, 0x90, 0x0, 0xa, 0xff, 0xff, 0xff, 0xff,
    0xa0, 0x0, 0x0, 0x39, 0xdf, 0xfd, 0x93, 0x0,

    /* U+0066 "f" */
    0x0, 0x0, 0x29, 0xef, 0xec, 0x40, 0x0, 0x2e,
    0xff, 0xff, 0xf4, 0x0, 0xa, 0xff, 0xfb, 0x9b,
    0x0, 0x0, 0xff, 0xf7, 0x0, 0x0, 0x0, 0xf,
    0xff, 0x30, 0x0, 0x0, 0x0, 0xff, 0xf3, 0x0,
    0x0, 0x1e, 0xff, 0xff, 0xff, 0xf4, 0x2, 0xff,
    0xff, 0xff, 0xff, 0x40, 0x19, 0x9f, 0xff, 0xa9,
    0x92, 0x0, 0x0, 0xff, 0xf3, 0x0, 0x0, 0x0,
    0xf, 0xff, 0x30, 0x0, 0x0, 0x0, 0xff, 0xf3,
    0x0, 0x0, 0x0, 0xf, 0xff, 0x30, 0x0, 0x0,
    0x0, 0xff, 0xf3, 0x0, 0x0, 0x0, 0xf, 0xff,
    0x30, 0x0, 0x0, 0x0, 0xff, 0xf3, 0x0, 0x0,
    0x0, 0xf, 0xff, 0x30, 0x0, 0x0, 0x0, 0xff,
    0xf3, 0x0, 0x0, 0x0, 0xf, 0xff, 0x30, 0x0,
    0x0, 0x0, 0xff, 0xf3, 0x0, 0x0, 0x0, 0xf,
    0xff, 0x30, 0x0, 0x0, 0x0, 0xff, 0xf3, 0x0,
    0x0,

    /* U+0067 "g" */
    0x0, 0x2, 0x9d, 0xff, 0xff, 0xff, 0xff, 0x80,
    0x7, 0xff, 0xff, 0xff, 0xff, 0xff, 0xf8, 0x6,
    0xff, 0xf9, 0x56, 0xdf, 0xfe, 0x77, 0x30, 0xef,
    0xf6, 0x0, 0x0, 0xcf, 0xf3, 0x0, 0x1f, 0xff,
    0x0, 0x0, 0x6, 0xff, 0x80, 0x1, 0xff, 0xf0,
    0x0, 0x0, 0x5f, 0xf8, 0x0, 0xd, 0xff, 0x40,
    0x0, 0xa, 0xff, 0x50, 0x0, 0x5f, 0xfe, 0x50,
    0x18, 0xff, 0xe0, 0x0, 0x0, 0x7f, 0xff, 0xff,
    0xff, 0xe3, 0x0, 0x0, 0xb, 0xfd, 0xef, 0xfe,
    0x91, 0x0, 0x0, 0x6, 0xff, 0x10, 0x0, 0x0,
    0x0, 0x0, 0x0, 0xcf, 0xd0, 0x0, 0x0, 0x0,
    0x0, 0x0, 0xc, 0xff, 0x20, 0x0, 0x0, 0x0,
    0x0, 0x0, 0x9f, 0xff, 0xba, 0xaa, 0x98, 0x62,
    0x0, 0x1, 0xdf, 0xff, 0xff, 0xff, 0xff, 0xfa,
    0x0, 0x2d, 0xfd, 0xff, 0xff, 0xff, 0xff, 0xf7,
    0x1e, 0xf9, 0x0, 0x0, 0x0, 0x3c, 0xff, 0xb8,
    0xff, 0x10, 0x0, 0x0, 0x0, 0x6f, 0xfa, 0xaf,
    0xf4, 0x0, 0x0, 0x0, 0xc, 0xff, 0x55, 0xff,
    0xf9, 0x53, 0x34, 0x8e, 0xff, 0xa0, 0x9, 0xff,
    0xff, 0xff, 0xff, 0xff, 0x80, 0x0, 0x3, 0x9c,
    0xef, 0xfd, 0xb6, 0x10, 0x0,

    /* U+0068 "h" */
    0x9f, 0xfa, 0x0, 0x0, 0x0, 0x0, 0x0, 0x9f,
    0xfa, 0x0, 0x0, 0x0, 0x0, 0x0, 0x9f, 0xfa,
    0x0, 0x0, 0x0, 0x0, 0x0, 0x9f, 0xfa, 0x0,
    0x0, 0x0, 0x0, 0x0, 0x9f, 0xfa, 0x0, 0x0,
    0x0, 0x0, 0x0, 0x9f, 0xfa, 0x0, 0x0, 0x0,
    0x0, 0x0, 0x9f, 0xf9, 0x2, 0x9d, 0xfe, 0x91,
    0x0, 0x9f, 0xf8, 0x4f, 0xff, 0xff, 0xfe, 0x10,
    0x9f, 0xfd, 0xff, 0xfd, 0xff, 0xff, 0x80, 0x9f,
    0xff, 0xf6, 0x0, 0x1c, 0xff, 0xe0, 0x9f, 0xfe,
    0x30, 0x0, 0x4, 0xff, 0xf1, 0x9f, 0xfa, 0x0,
    0x0, 0x0, 0xff, 0xf3, 0x9f, 0xfa, 0x0, 0x0,
    0x0, 0xff, 0xf3, 0x9f, 0xfa, 0x0, 0x0, 0x0,
    0xff, 0xf3, 0x9f, 0xfa, 0x0, 0x0, 0x0, 0xff,
    0xf3, 0x9f, 0xfa, 0x0, 0x0, 0x0, 0xff, 0xf3,
    0x9f, 0xfa, 0x0, 0x0, 0x0, 0xff, 0xf3, 0x9f,
    0xfa, 0x0, 0x0, 0x0, 0xff, 0xf3, 0x9f, 0xfa,
    0x0, 0x0, 0x0, 0xff, 0xf3, 0x9f, 0xfa, 0x0,
    0x0, 0x0, 0xff, 0xf3, 0x9f, 0xfa, 0x0, 0x0,
    0x0, 0xff, 0xf3, 0x9f, 0xfa, 0x0, 0x0, 0x0,
    0xff, 0xf3,

    /* U+0069 "i" */
    0x5, 0xee, 0x60, 0xe, 0xff, 0xf0, 0xe, 0xff,
    0xf0, 0x3, 0xcc, 0x40, 0x0, 0x0, 0x0, 0x0,
    0x0, 0x0, 0x9, 0xff, 0xa0, 0x9, 0xff, 0xa0,
    0x9, 0xff, 0xa0, 0x9, 0xff, 0xa0, 0x9, 0xff,
    0xa0, 0x9, 0xff, 0xa0, 0x9, 0xff, 0xa0, 0x9,
    0xff, 0xa0, 0x9, 0xff, 0xa0, 0x9, 0xff, 0xa0,
    0x9, 0xff, 0xa0, 0x9, 0xff, 0xa0, 0x9, 0xff,
    0xa0, 0x9, 0xff, 0xa0, 0x9, 0xff, 0xa0, 0x9,
    0xff, 0xa0,

    /* U+006A "j" */
    0x0, 0x0, 0x5e, 0xe6, 0x0, 0x0, 0xe, 0xff,
    0xf0, 0x0, 0x0, 0xdf, 0xff, 0x0, 0x0, 0x3,
    0xcc, 0x40, 0x0, 0x0, 0x0, 0x0, 0x0, 0x0,
    0x0, 0x0, 0x0, 0x0, 0x0, 0x8f, 0xfb, 0x0,
    0x0, 0x8, 0xff, 0xb0, 0x0, 0x0, 0x8f, 0xfb,
    0x0, 0x0, 0x8, 0xff, 0xb0, 0x0, 0x0, 0x8f,
    0xfb, 0x0, 0x0, 0x8, 0xff, 0xb0, 0x0, 0x0,
    0x8f, 0xfb, 0x0, 0x0, 0x8, 0xff, 0xb0, 0x0,
    0x0, 0x8f, 0xfb, 0x0, 0x0, 0x8, 0xff, 0xb0,
    0x0, 0x0, 0x8f, 0xfb, 0x0, 0x0, 0x8, 0xff,
    0xb0, 0x0, 0x0, 0x8f, 0xfb, 0x0, 0x0, 0x8,
    0xff, 0xb0, 0x0, 0x0, 0x8f, 0xfb, 0x0, 0x0,
    0x8, 0xff, 0xb0, 0x0, 0x0, 0x8f, 0xfa, 0x0,
    0x0, 0x9, 0xff, 0x90, 0x0, 0x0, 0xef, 0xf7,
    0x0, 0xaa, 0xdf, 0xff, 0x20, 0x1f, 0xff, 0xff,
    0x80, 0x2, 0xdf, 0xfc, 0x60, 0x0,

    /* U+006B "k" */
    0x9f, 0xf9, 0x0, 0x0, 0x0, 0x0, 0x0, 0x9f,
    0xf9, 0x0, 0x0, 0x0, 0x0, 0x0, 0x9f, 0xf9,
    0x0, 0x0, 0x0, 0x0, 0x0, 0x9f, 0xf9, 0x0,
    0x0, 0x0, 0x0, 0x0, 0x9f, 0xf9, 0x0, 0x0,
    0x0, 0x0, 0x0, 0x9f, 0xf9, 0x0, 0x0, 0x0,
    0x0, 0x0, 0x9f, 0xf9, 0x0, 0x0, 0xa, 0xff,
    0xd0, 0x9f, 0xf9, 0x0, 0x0, 0x7f, 0xfe, 0x20,
    0x9f, 0xf9, 0x0, 0x4, 0xff, 0xf4, 0x0, 0x9f,
    0xf9, 0x0, 0x1e, 0xff, 0x60, 0x0, 0x9f, 0xf9,
    0x0, 0xcf, 0xf9, 0x0, 0x0, 0x9f, 0xf9, 0x9,
    0xff, 0xc0, 0x0, 0x0, 0x9f, 0xf9, 0x5f, 0xff,
    0x30, 0x0, 0x0, 0x9f, 0xfc, 0xff, 0xff, 0xa0,
    0x0, 0x0, 0x9f, 0xff, 0xff, 0xff, 0xf4, 0x0,
    0x0, 0x9f, 0xff, 0xf8, 0x6f, 0xfd, 0x0, 0x0,
    0x9f, 0xff, 0xb0, 0xc, 0xff, 0x70, 0x0, 0x9f,
    0xfd, 0x0, 0x3, 0xff, 0xf2, 0x0, 0x9f, 0xf9,
    0x0, 0x0, 0xaf, 0xfb, 0x0, 0x9f, 0xf9, 0x0,
    0x0, 0x2f, 0xff, 0x40, 0x9f, 0xf9, 0x0, 0x0,
    0x8, 0xff, 0xe0, 0x9f, 0xf9, 0x0, 0x0, 0x0,
    0xef, 0xf8,

    /* U+006C "l" */
    0x9f, 0xfa, 0x0, 0x9f, 0xfa, 0x0, 0x9f, 0xfa,
    0x0, 0x9f, 0xfa, 0x0, 0x9f, 0xfa, 0x0, 0x9f,
    0xfa, 0x0, 0x9f, 0xfa, 0x0, 0x9f, 0xfa, 0x0,
    0x9f, 0xfa, 0x0, 0x9f, 0xfa, 0x0, 0x9f, 0xfa,
    0x0, 0x9f, 0xfa, 0x0, 0x9f, 0xfa, 0x0, 0x9f,
    0xfa, 0x0, 0x9f, 0xfa, 0x0, 0x9f, 0xfa, 0x0,
    0x9f, 0xfa, 0x0, 0x9f, 0xfa, 0x0, 0x8f, 0xfb,
    0x0, 0x6f, 0xff, 0xb0, 0x1f, 0xff, 0xf2, 0x5,
    0xdf, 0xe3,

    /* U+006D "m" */
    0x9f, 0xf1, 0x3, 0xae, 0xfd, 0x60, 0x0, 0x18,
    0xdf, 0xe9, 0x10, 0x9, 0xff, 0x37, 0xff, 0xff,
    0xff, 0x90, 0x3e, 0xff, 0xff, 0xfd, 0x0, 0x9f,
    0xfc, 0xff, 0xee, 0xff, 0xff, 0x7f, 0xff, 0xdf,
    0xff, 0xf7, 0x9, 0xff, 0xfe, 0x50, 0x4, 0xff,
    0xff, 0xf8, 0x0, 0x1d, 0xff, 0xd0, 0x9f, 0xfe,
    0x20, 0x0, 0x9, 0xff, 0xf5, 0x0, 0x0, 0x5f,
    0xff, 0x9, 0xff, 0xa0, 0x0, 0x0, 0x6f, 0xfe,
    0x0, 0x0, 0x1, 0xff, 0xf1, 0x9f, 0xfa, 0x0,
    0x0, 0x5, 0xff, 0xe0, 0x0, 0x0, 0xf, 0xff,
    0x29, 0xff, 0xa0, 0x0, 0x0, 0x5f, 0xfe, 0x0,
    0x0, 0x0, 0xff, 0xf2, 0x9f, 0xfa, 0x0, 0x0,
    0x5, 0xff, 0xe0, 0x0, 0x0, 0xf, 0xff, 0x29,
    0xff, 0xa0, 0x0, 0x0, 0x5f, 0xfe, 0x0, 0x0,
    0x0, 0xff, 0xf2, 0x9f, 0xfa, 0x0, 0x0, 0x5,
    0xff, 0xe0, 0x0, 0x0, 0xf, 0xff, 0x29, 0xff,
    0xa0, 0x0, 0x0, 0x5f, 0xfe, 0x0, 0x0, 0x0,
    0xff, 0xf2, 0x9f, 0xfa, 0x0, 0x0, 0x5, 0xff,
    0xe0, 0x0, 0x0, 0xf, 0xff, 0x29, 0xff, 0xa0,
    0x0, 0x0, 0x5f, 0xfe, 0x0, 0x0, 0x0, 0xff,
    0xf2, 0x9f, 0xfa, 0x0, 0x0, 0x5, 0xff, 0xe0,
    0x0, 0x0, 0xf, 0xff, 0x29, 0xff, 0xa0, 0x0,
    0x0, 0x5f, 0xfe, 0x0, 0x0, 0x0, 0xff, 0xf2,

    /* U+006E "n" */
    0x9f, 0xf1, 0x2, 0x9d, 0xfe, 0x91, 0x0, 0x9f,
    0xf3, 0x6f, 0xff, 0xff, 0xfe, 0x10, 0x9f, 0xfc,
    0xff, 0xfd, 0xff, 0xff, 0x80, 0x9f, 0xff, 0xf6,
    0x0, 0x1c, 0xff, 0xe0, 0x9f, 0xfe, 0x30, 0x0,
    0x4, 0xff, 0xf1, 0x9f, 0xfa, 0x0, 0x0, 0x0,
    0xff, 0xf3, 0x9f, 0xfa, 0x0, 0x0, 0x0, 0xff,
    0xf3, 0x9f, 0xfa, 0x0, 0x0, 0x0, 0xff, 0xf3,
    0x9f, 0xfa, 0x0, 0x0, 0x0, 0xff, 0xf3, 0x9f,
    0xfa, 0x0, 0x0, 0x0, 0xff, 0xf3, 0x9f, 0xfa,
    0x0, 0x0, 0x0, 0xff, 0xf3, 0x9f, 0xfa, 0x0,
    0x0, 0x0, 0xff, 0xf3, 0x9f, 0xfa, 0x0, 0x0,
    0x0, 0xff, 0xf3, 0x9f, 0xfa, 0x0, 0x0, 0x0,
    0xff, 0xf3, 0x9f, 0xfa, 0x0, 0x0, 0x0, 0xff,
    0xf3, 0x9f, 0xfa, 0x0, 0x0, 0x0, 0xff, 0xf3,

    /* U+006F "o" */
    0x0, 0x0, 0x3a, 0xdf, 0xeb, 0x50, 0x0, 0x0,
    0x0, 0xaf, 0xff, 0xff, 0xff, 0xc1, 0x0, 0x0,
    0xbf, 0xff, 0xdb, 0xdf, 0xff, 0xd1, 0x0, 0x7f,
    0xff, 0x60, 0x0, 0x4e, 0xff, 0xa0, 0xf, 0xff,
    0x80, 0x0, 0x0, 0x5f, 0xff, 0x35, 0xff, 0xf1,
    0x0, 0x0, 0x0, 0xdf, 0xf8, 0x8f, 0xfd, 0x0,
    0x0, 0x0, 0x9, 0xff, 0xba, 0xff, 0xb0, 0x0,
    0x0, 0x0, 0x7f, 0xfd, 0xaf, 0xfb, 0x0, 0x0,
    0x0, 0x7, 0xff, 0xd8, 0xff, 0xc0, 0x0, 0x0,
    0x0, 0x9f, 0xfb, 0x5f, 0xff, 0x10, 0x0, 0x0,
    0xd, 0xff, 0x81, 0xff, 0xf8, 0x0, 0x0, 0x4,
    0xff, 0xf3, 0x8, 0xff, 0xf5, 0x0, 0x3, 0xef,
    0xfb, 0x0, 0xc, 0xff, 0xfd, 0xbc, 0xff, 0xfe,
    0x10, 0x0, 0xa, 0xff, 0xff, 0xff, 0xfc, 0x10,
    0x0, 0x0, 0x4, 0xad, 0xfe, 0xb5, 0x0, 0x0,

    /* U+0070 "p" */
    0x9f, 0xf2, 0x4, 0xbe, 0xfd, 0x71, 0x0, 0x9,
    0xff, 0x6b, 0xff, 0xff, 0xff, 0xd2, 0x0, 0x9f,
    0xff, 0xff, 0xdc, 0xef, 0xff, 0xd0, 0x9, 0xff,
    0xfd, 0x30, 0x0, 0x8f, 0xff, 0x60, 0x9f, 0xfc,
    0x0, 0x0, 0x0, 0xcf, 0xfc, 0x9, 0xff, 0xa0,
    0x0, 0x0, 0x6, 0xff, 0xf0, 0x9f, 0xfa, 0x0,
    0x0, 0x0, 0x3f, 0xff, 0x29, 0xff, 0xa0, 0x0,
    0x0, 0x2, 0xff, 0xf3, 0x9f, 0xfa, 0x0, 0x0,
    0x0, 0x2f, 0xff, 0x29, 0xff, 0xa0, 0x0, 0x0,
    0x3, 0xff, 0xf1, 0x9f, 0xfa, 0x0, 0x0, 0x0,
    0x8f, 0xfe, 0x9, 0xff, 0xa0, 0x0, 0x0, 0x1e,
    0xff, 0x80, 0x9f, 0xff, 0x70, 0x0, 0x1c, 0xff,
    0xf2, 0x9, 0xff, 0xff, 0xfc, 0xcf, 0xff, 0xf7,
    0x0, 0x9f, 0xfb, 0xef, 0xff, 0xff, 0xf7, 0x0,
    0x9, 0xff, 0x90, 0x7d, 0xfd, 0xa3, 0x0, 0x0,
    0x9f, 0xf9, 0x0, 0x0, 0x0, 0x0, 0x0, 0x9,
    0xff, 0xa0, 0x0, 0x0, 0x0, 0x0, 0x0, 0x9f,
    0xfa, 0x0, 0x0, 0x0, 0x0, 0x0, 0x9, 0xff,
    0xa0, 0x0, 0x0, 0x0, 0x0, 0x0, 0x9f, 0xfa,
    0x0, 0x0, 0x0, 0x0, 0x0, 0x9, 0xff, 0xa0,
    0x0, 0x0, 0x0, 0x0, 0x0,

    /* U+0071 "q" */
    0x0, 0x0, 0x5c, 0xef, 0xc6, 0x6, 0xff, 0x30,
    0x1, 0xbf, 0xff, 0xff, 0xfd, 0xaf, 0xf3, 0x0,
    0xcf, 0xff, 0xec, 0xdf, 0xff, 0xff, 0x30, 0x7f,
    0xff, 0x80, 0x0, 0x2b, 0xff, 0xf3, 0xe, 0xff,
    0xa0, 0x0, 0x0, 0xf, 0xff, 0x34, 0xff, 0xf2,
    0x0, 0x0, 0x0, 0xff, 0xf3, 0x7f, 0xfe, 0x0,
    0x0, 0x0, 0xf, 0xff, 0x38, 0xff, 0xc0, 0x0,
    0x0, 0x0, 0xff, 0xf3, 0x9f, 0xfc, 0x0, 0x0,
    0x0, 0xf, 0xff, 0x38, 0xff, 0xd0, 0x0, 0x0,
    0x0, 0xff, 0xf3, 0x5f, 0xff, 0x10, 0x0, 0x0,
    0xf, 0xff, 0x32, 0xff, 0xf7, 0x0, 0x0, 0x2,
    0xff, 0xf3, 0xb, 0xff, 0xf5, 0x0, 0x4, 0xef,
    0xff, 0x30, 0x2f, 0xff, 0xfd, 0xbd, 0xff, 0xff,
    0xf3, 0x0, 0x4f, 0xff, 0xff, 0xff, 0x8e, 0xff,
    0x30, 0x0, 0x29, 0xdf, 0xea, 0x30, 0xef, 0xf3,
    0x0, 0x0, 0x0, 0x0, 0x0, 0xf, 0xff, 0x30,
    0x0, 0x0, 0x0, 0x0, 0x0, 0xff, 0xf3, 0x0,
    0x0, 0x0, 0x0, 0x0, 0xf, 0xff, 0x30, 0x0,
    0x0, 0x0, 0x0, 0x0, 0xff, 0xf3, 0x0, 0x0,
    0x0, 0x0, 0x0, 0xf, 0xff, 0x30, 0x0, 0x0,
    0x0, 0x0, 0x0, 0xff, 0xf3,

    /* U+0072 "r" */
    0x9f, 0xf1, 0x3, 0xbf, 0xf6, 0x9f, 0xf2, 0x5f,
    0xff, 0xf3, 0x9f, 0xf6, 0xff, 0xff, 0xf0, 0x9f,
    0xff, 0xfa, 0x10, 0x0, 0x9f, 0xff, 0x90, 0x0,
    0x0, 0x9f, 0xfe, 0x0, 0x0, 0x0, 0x9f, 0xfa,
    0x0, 0x0, 0x0, 0x9f, 0xfa, 0x0, 0x0, 0x0,
    0x9f, 0xfa, 0x0, 0x0, 0x0, 0x9f, 0xfa, 0x0,
    0x0, 0x0, 0x9f, 0xfa, 0x0, 0x0, 0x0, 0x9f,
    0xfa, 0x0, 0x0, 0x0, 0x9f, 0xfa, 0x0, 0x0,
    0x0, 0x9f, 0xfa, 0x0, 0x0, 0x0, 0x9f, 0xfa,
    0x0, 0x0, 0x0, 0x9f, 0xfa, 0x0, 0x0, 0x0,

    /* U+0073 "s" */
    0x0, 0x1, 0x8d, 0xff, 0xd8, 0x20, 0x0, 0x3,
    0xef, 0xff, 0xff, 0xff, 0x80, 0x0, 0xef, 0xfe,
    0x98, 0xbf, 0xf9, 0x0, 0x4f, 0xfe, 0x0, 0x0,
    0x39, 0x0, 0x6, 0xff, 0xb0, 0x0, 0x0, 0x0,
    0x0, 0x3f, 0xff, 0x40, 0x0, 0x0, 0x0, 0x0,
    0xbf, 0xff, 0xc6, 0x0, 0x0, 0x0, 0x0, 0xaf,
    0xff, 0xfe, 0x81, 0x0, 0x0, 0x0, 0x3a, 0xff,
    0xff, 0xe3, 0x0, 0x0, 0x0, 0x1, 0x7e, 0xff,
    0xe0, 0x0, 0x0, 0x0, 0x0, 0x1e, 0xff, 0x50,
    0x0, 0x0, 0x0, 0x0, 0xaf, 0xf6, 0x3, 0xe6,
    0x0, 0x0, 0x1e, 0xff, 0x40, 0xef, 0xfe, 0x98,
    0x9e, 0xff, 0xd0, 0x5, 0xef, 0xff, 0xff, 0xff,
    0xe2, 0x0, 0x0, 0x6b, 0xef, 0xec, 0x70, 0x0,

    /* U+0074 "t" */
    0x0, 0x4, 0x88, 0x10, 0x0, 0x0, 0x0, 0xaf,
    0xf2, 0x0, 0x0, 0x0, 0xb, 0xff, 0x20, 0x0,
    0x0, 0x0, 0xcf, 0xf2, 0x0, 0x0, 0x0, 0xe,
    0xff, 0x20, 0x0, 0x4, 0xff, 0xff, 0xff, 0xff,
    0xf2, 0x4f, 0xff, 0xff, 0xff, 0xff, 0x22, 0x88,
    0xff, 0xf9, 0x88, 0x81, 0x0, 0x1f, 0xff, 0x20,
    0x0, 0x0, 0x1, 0xff, 0xf2, 0x0, 0x0, 0x0,
    0x1f, 0xff, 0x20, 0x0, 0x0, 0x1, 0xff, 0xf2,
    0x0, 0x0, 0x0, 0x1f, 0xff, 0x20, 0x0, 0x0,
    0x1, 0xff, 0xf2, 0x0, 0x0, 0x0, 0x1f, 0xff,
    0x20, 0x0, 0x0, 0x0, 0xff, 0xf2, 0x0, 0x0,
    0x0, 0xf, 0xff, 0x40, 0x0, 0x0, 0x0, 0xdf,
    0xfa, 0x0, 0x0, 0x0, 0x8, 0xff, 0xfd, 0xad,
    0x20, 0x0, 0x1e, 0xff, 0xff, 0xf6, 0x0, 0x0,
    0x1a, 0xef, 0xeb, 0x50,

    /* U+0075 "u" */
    0xcf, 0xf7, 0x0, 0x0, 0x4, 0xff, 0xfc, 0xff,
    0x70, 0x0, 0x0, 0x4f, 0xff, 0xcf, 0xf7, 0x0,
    0x0, 0x4, 0xff, 0xfc, 0xff, 0x70, 0x0, 0x0,
    0x4f, 0xff, 0xcf, 0xf7, 0x0, 0x0, 0x4, 0xff,
    0xfc, 0xff, 0x70, 0x0, 0x0, 0x4f, 0xff, 0xcf,
    0xf7, 0x0, 0x0, 0x4, 0xff, 0xfc, 0xff, 0x70,
    0x0, 0x0, 0x4f, 0xff, 0xcf, 0xf7, 0x0, 0x0,
    0x4, 0xff, 0xfb, 0xff, 0x70, 0x0, 0x0, 0x4f,
    0xff, 0xbf, 0xf8, 0x0, 0x0, 0x4, 0xff, 0xfa,
    0xff, 0xb0, 0x0, 0x0, 0xcf, 0xff, 0x7f, 0xff,
    0x50, 0x2, 0xcf, 0xff, 0xf2, 0xff, 0xff, 0xed,
    0xff, 0xbe, 0xff, 0x8, 0xff, 0xff, 0xff, 0xa0,
    0xdf, 0xf0, 0x6, 0xcf, 0xec, 0x50, 0xb, 0xff,

    /* U+0076 "v" */
    0x7f, 0xfd, 0x0, 0x0, 0x0, 0x6, 0xff, 0xb1,
    0xff, 0xf2, 0x0, 0x0, 0x0, 0xbf, 0xf5, 0xc,
    0xff, 0x60, 0x0, 0x0, 0xf, 0xff, 0x0, 0x6f,
    0xfb, 0x0, 0x0, 0x5, 0xff, 0xb0, 0x1, 0xff,
    0xf1, 0x0, 0x0, 0xaf, 0xf5, 0x0, 0xc, 0xff,
    0x50, 0x0, 0xe, 0xff, 0x0, 0x0, 0x6f, 0xfa,
    0x0, 0x4, 0xff, 0xb0, 0x0, 0x1, 0xff, 0xf0,
    0x0, 0x8f, 0xf5, 0x0, 0x0, 0xb, 0xff, 0x40,
    0xd, 0xff, 0x0, 0x0, 0x0, 0x6f, 0xf8, 0x2,
    0xff, 0xb0, 0x0, 0x0, 0x1, 0xff, 0xd0, 0x6f,
    0xf5, 0x0, 0x0, 0x0, 0xb, 0xff, 0x1b, 0xff,
    0x10, 0x0, 0x0, 0x0, 0x5f, 0xf6, 0xff, 0xb0,
    0x0, 0x0, 0x0, 0x0, 0xff, 0xef, 0xf5, 0x0,
    0x0, 0x0, 0x0, 0xa, 0xff, 0xff, 0x10, 0x0,
    0x0, 0x0, 0x0, 0x5f, 0xff, 0xb0, 0x0, 0x0,

    /* U+0077 "w" */
    0x1f, 0xff, 0x10, 0x0, 0x0, 0xff, 0xf4, 0x0,
    0x0, 0xb, 0xff, 0x40, 0xdf, 0xf5, 0x0, 0x0,
    0x3f, 0xff, 0x80, 0x0, 0x0, 0xef, 0xf0, 0x9,
    0xff, 0x90, 0x0, 0x7, 0xff, 0xfc, 0x0, 0x0,
    0x2f, 0xfc, 0x0, 0x5f, 0xfd, 0x0, 0x0, 0xbf,
    0xdf, 0xf1, 0x0, 0x6, 0xff, 0x80, 0x1, 0xff,
    0xf1, 0x0, 0xf, 0xf7, 0xff, 0x50, 0x0, 0xaf,
    0xf4, 0x0, 0xd, 0xff, 0x40, 0x3, 0xff, 0x1e,
    0xf9, 0x0, 0xd, 0xff, 0x10, 0x0, 0x8f, 0xf8,
    0x0, 0x7f, 0xe0, 0xbf, 0xd0, 0x1, 0xff, 0xc0,
    0x0, 0x4, 0xff, 0xc0, 0xb, 0xfa, 0x7, 0xff,
    0x10, 0x5f, 0xf8, 0x0, 0x0, 0xf, 0xff, 0x0,
    0xef, 0x60, 0x4f, 0xf5, 0x8, 0xff, 0x40, 0x0,
    0x0, 0xcf, 0xf3, 0x2f, 0xf3, 0x0, 0xff, 0x80,
    0xcf, 0xf1, 0x0, 0x0, 0x8, 0xff, 0x66, 0xff,
    0x0, 0xc, 0xfc, 0xf, 0xfd, 0x0, 0x0, 0x0,
    0x4f, 0xf9, 0xaf, 0xb0, 0x0, 0x8f, 0xf3, 0xff,
    0x90, 0x0, 0x0, 0x0, 0xff, 0xcd, 0xf7, 0x0,
    0x4, 0xff, 0x9f, 0xf5, 0x0, 0x0, 0x0, 0xb,
    0xff, 0xff, 0x30, 0x0, 0xf, 0xff, 0xff, 0x10,
    0x0, 0x0, 0x0, 0x7f, 0xff, 0xf0, 0x0, 0x0,
    0xcf, 0xff, 0xd0, 0x0, 0x0, 0x0, 0x3, 0xff,
    0xfc, 0x0, 0x0, 0x8, 0xff, 0xf9, 0x0, 0x0,

    /* U+0078 "x" */
    0xe, 0xff, 0x80, 0x0, 0x0, 0xaf, 0xfa, 0x0,
    0x5f, 0xff, 0x20, 0x0, 0x2f, 0xff, 0x10, 0x0,
    0xbf, 0xfa, 0x0, 0xa, 0xff, 0x80, 0x0, 0x2,
    0xff, 0xf3, 0x2, 0xff, 0xe0, 0x0, 0x0, 0x7,
    0xff, 0xc0, 0xaf, 0xf5, 0x0, 0x0, 0x0, 0xd,
    0xff, 0x7f, 0xfc, 0x0, 0x0, 0x0, 0x0, 0x4f,
    0xff, 0xff, 0x30, 0x0, 0x0, 0x0, 0x0, 0xcf,
    0xff, 0xa0, 0x0, 0x0, 0x0, 0x0, 0x2f, 0xff,
    0xf9, 0x0, 0x0, 0x0, 0x0, 0xb, 0xff, 0xff,
    0xf3, 0x0, 0x0, 0x0, 0x4, 0xff, 0xa6, 0xff,
    0xd0, 0x0, 0x0, 0x0, 0xdf, 0xf2, 0xd, 0xff,
    0x70, 0x0, 0x0, 0x7f, 0xfa, 0x0, 0x4f, 0xff,
    0x20, 0x0, 0x1f, 0xff, 0x20, 0x0, 0xbf, 0xfb,
    0x0, 0xa, 0xff, 0x90, 0x0, 0x2, 0xff, 0xf5,
    0x4, 0xff, 0xf1, 0x0, 0x0, 0x8, 0xff, 0xe1,

    /* U+0079 "y" */
    0x6f, 0xfd, 0x0, 0x0, 0x0, 0x6, 0xff, 0xa1,
    0xff, 0xf3, 0x0, 0x0, 0x0, 0xbf, 0xf5, 0xa,
    0xff, 0x90, 0x0, 0x0, 0xf, 0xff, 0x0, 0x3f,
    0xfe, 0x0, 0x0, 0x5, 0xff, 0xa0, 0x0, 0xdf,
    0xf4, 0x0, 0x0, 0xaf, 0xf5, 0x0, 0x7, 0xff,
    0xa0, 0x0, 0xf, 0xff, 0x0, 0x0, 0x1f, 0xff,
    0x0, 0x4, 0xff, 0xa0, 0x0, 0x0, 0xaf, 0xf5,
    0x0, 0x9f, 0xf4, 0x0, 0x0, 0x4, 0xff, 0xa0,
    0xe, 0xfe, 0x0, 0x0, 0x0, 0xd, 0xff, 0x2,
    0xff, 0x90, 0x0, 0x0, 0x0, 0x7f, 0xf5, 0x6f,
    0xf4, 0x0, 0x0, 0x0, 0x1, 0xff, 0xab, 0xfe,
    0x0, 0x0, 0x0, 0x0, 0xa, 0xff, 0xff, 0x90,
    0x0, 0x0, 0x0, 0x0, 0x4f, 0xff, 0xf3, 0x0,
    0x0, 0x0, 0x0, 0x0, 0xef, 0xfe, 0x0, 0x0,
    0x0, 0x0, 0x0, 0x9, 0xff, 0x80, 0x0, 0x0,
    0x0, 0x0, 0x0, 0xdf, 0xf3, 0x0, 0x0, 0x0,
    0x0, 0x0, 0x5f, 0xfc, 0x0, 0x0, 0x0, 0x0,
    0x0, 0x2e, 0xff, 0x40, 0x0, 0x0, 0x0, 0x3b,
    0xbf, 0xff, 0xa0, 0x0, 0x0, 0x0, 0x8, 0xff,
    0xff, 0xc0, 0x0, 0x0, 0x0, 0x0, 0x9f, 0xfd,
    0x70, 0x0, 0x0, 0x0, 0x0,

    /* U+007A "z" */
    0x2f, 0xff, 0xff, 0xff, 0xff, 0xfb, 0x2f, 0xff,
    0xff, 0xff, 0xff, 0xfa, 0x19, 0x99, 0x99, 0x9c,
    0xff, 0xf3, 0x0, 0x0, 0x0, 0xe, 0xff, 0x80,
    0x0, 0x0, 0x0, 0x9f, 0xfd, 0x0, 0x0, 0x0,
    0x4, 0xff, 0xf3, 0x0, 0x0, 0x0, 0xd, 0xff,
    0x90, 0x0, 0x0, 0x0, 0x9f, 0xfe, 0x0, 0x0,
    0x0, 0x3, 0xff, 0xf4, 0x0, 0x0, 0x0, 0xd,
    0xff, 0xa0, 0x0, 0x0, 0x0, 0x8f, 0xfe, 0x10,
    0x0, 0x0, 0x3, 0xff, 0xf5, 0x0, 0x0, 0x0,
    0xc, 0xff, 0xa0, 0x0, 0x0, 0x0, 0x7f, 0xff,
    0xb9, 0x99, 0x99, 0x99, 0xef, 0xff, 0xff, 0xff,
    0xff, 0xff, 0xff, 0xff, 0xff, 0xff, 0xff, 0xff,

    /* U+007B "{" */
    0x0, 0x2, 0xbf, 0xfd, 0x0, 0xe, 0xff, 0xea,
    0x0, 0x5f, 0xf8, 0x0, 0x0, 0x7f, 0xf2, 0x0,
    0x0, 0x8f, 0xf1, 0x0, 0x0, 0x8f, 0xf1, 0x0,
    0x0, 0x7f, 0xf2, 0x0, 0x0, 0x6f, 0xf2, 0x0,
    0x0, 0x5f, 0xf3, 0x0, 0x0, 0x4f, 0xf3, 0x0,
    0x0, 0x4f, 0xf3, 0x0, 0x0, 0x7f, 0xf2, 0x0,
    0x5, 0xef, 0xd0, 0x0, 0xff, 0xfc, 0x30, 0x0,
    0xff, 0xfc, 0x30, 0x0, 0x4, 0xef, 0xd0, 0x0,
    0x0, 0x7f, 0xf2, 0x0, 0x0, 0x4f, 0xf3, 0x0,
    0x0, 0x4f, 0xf3, 0x0, 0x0, 0x5f, 0xf3, 0x0,
    0x0, 0x6f, 0xf2, 0x0, 0x0, 0x7f, 0xf2, 0x0,
    0x0, 0x8f, 0xf1, 0x0, 0x0, 0x8f, 0xf1, 0x0,
    0x0, 0x7f, 0xf3, 0x0, 0x0, 0x4f, 0xfa, 0x10,
    0x0, 0xd, 0xff, 0xfd, 0x0, 0x1, 0x8c, 0xca,

    /* U+007C "|" */
    0x2f, 0xf0, 0x2f, 0xf0, 0x2f, 0xf0, 0x2f, 0xf0,
    0x2f, 0xf0, 0x2f, 0xf0, 0x2f, 0xf0, 0x2f, 0xf0,
    0x2f, 0xf0, 0x2f, 0xf0, 0x2f, 0xf0, 0x2f, 0xf0,
    0x2f, 0xf0, 0x2f, 0xf0, 0x2f, 0xf0, 0x2f, 0xf0,
    0x2f, 0xf0, 0x2f, 0xf0, 0x2f, 0xf0, 0x2f, 0xf0,
    0x2f, 0xf0, 0x2f, 0xf0, 0x2f, 0xf0, 0x2f, 0xf0,
    0x2f, 0xf0, 0x2f, 0xf0, 0x2f, 0xf0, 0x2f, 0xf0,
    0x2f, 0xf0, 0x2f, 0xf0, 0x2f, 0xf0, 0x2f, 0xf0,

    /* U+007D "}" */
    0xef, 0xeb, 0x20, 0x0, 0xbe, 0xff, 0xe0, 0x0,
    0x0, 0x9f, 0xf4, 0x0, 0x0, 0x3f, 0xf7, 0x0,
    0x0, 0x2f, 0xf7, 0x0, 0x0, 0x2f, 0xf7, 0x0,
    0x0, 0x2f, 0xf6, 0x0, 0x0, 0x3f, 0xf5, 0x0,
    0x0, 0x4f, 0xf4, 0x0, 0x0, 0x4f, 0xf3, 0x0,
    0x0, 0x4f, 0xf3, 0x0, 0x0, 0x2f, 0xf6, 0x0,
    0x0, 0xe, 0xfe, 0x40, 0x0, 0x3, 0xdf, 0xfe,
    0x0, 0x3, 0xdf, 0xfe, 0x0, 0xe, 0xfe, 0x40,
    0x0, 0x2f, 0xf6, 0x0, 0x0, 0x4f, 0xf3, 0x0,
    0x0, 0x4f, 0xf3, 0x0, 0x0, 0x3f, 0xf4, 0x0,
    0x0, 0x3f, 0xf5, 0x0, 0x0, 0x2f, 0xf7, 0x0,
    0x0, 0x2f, 0xf7, 0x0, 0x0, 0x2f, 0xf7, 0x0,
    0x0, 0x4f, 0xf6, 0x0, 0x1, 0xbf, 0xf4, 0x0,
    0xef, 0xff, 0xd0, 0x0, 0xbc, 0xc8, 0x10, 0x0,

    /* U+007E "~" */
    0x0, 0x7d, 0xfc, 0x30, 0x0, 0x0, 0x10, 0xb,
    0xff, 0xff, 0xf8, 0x0, 0x6, 0xe4, 0x9f, 0xf8,
    0x6d, 0xff, 0xc6, 0x9f, 0xf8, 0x5f, 0x50, 0x0,
    0x9f, 0xff, 0xff, 0xb0, 0x1, 0x0, 0x0, 0x4,
    0xcf, 0xd7, 0x0,

    /* U+201C "“" */
    0x0, 0x1, 0x0, 0x0, 0x1, 0x0, 0x6, 0xf5,
    0x0, 0x1c, 0xd0, 0x6, 0xfa, 0x10, 0xd, 0xe4,
    0x1, 0xfb, 0x0, 0x9, 0xf4, 0x0, 0x7f, 0x30,
    0x0, 0xfc, 0x0, 0xb, 0xfd, 0xa0, 0x2f, 0xed,
    0x50, 0xbf, 0xff, 0x72, 0xff, 0xff, 0x7, 0xff,
    0xf7, 0xe, 0xff, 0xf0, 0xa, 0xfc, 0x10, 0x3d,
    0xe6, 0x0,

    /* U+201D "”" */
    0x4, 0xdb, 0x20, 0xa, 0xd8, 0x0, 0xff, 0xfd,
    0x7, 0xff, 0xf6, 0xf, 0xff, 0xf2, 0x8f, 0xff,
    0xa0, 0x7f, 0xff, 0x21, 0xcf, 0xfb, 0x0, 0xb,
    0xf0, 0x0, 0x3f, 0x80, 0x3, 0xf9, 0x0, 0xb,
    0xf2, 0x3, 0xee, 0x10, 0x9, 0xf7, 0x0, 0xdd,
    0x20, 0x6, 0xf8, 0x0, 0x3, 0x0, 0x0, 0x3,
    0x0, 0x0,

    /* U+2265 "≥" */
    0x2, 0x0, 0x0, 0x0, 0x0, 0x0, 0x0, 0x0,
    0x0, 0x0, 0x0, 0x1, 0xfd, 0x60, 0x0, 0x0,
    0x0, 0x0, 0x0, 0x0, 0x0, 0x0, 0x0, 0x6f,
    0xff, 0xf9, 0x30, 0x0, 0x0, 0x0, 0x0, 0x0,
    0x0, 0x0, 0x0, 0x4a, 0xff, 0xff, 0xc6, 0x0,
    0x0, 0x0, 0x0, 0x0, 0x0, 0x0, 0x0, 0x1,
    0x7d, 0xff, 0xff, 0x92, 0x0, 0x0, 0x0, 0x0,
    0x0, 0x0, 0x0, 0x0, 0x4, 0xbf, 0xff, 0xfc,
    0x60, 0x0, 0x0, 0x0, 0x0, 0x0, 0x0, 0x0,
    0x0, 0x18, 0xef, 0xff, 0xe9, 0x20, 0x0, 0x0,
    0x0, 0x0, 0x0, 0x0, 0x0, 0x0, 0x4b, 0xff,
    0xff, 0xc5, 0x0, 0x0, 0x0, 0x0, 0x0, 0x0,
    0x0, 0x0, 0x2, 0x8e, 0xff, 0xfe, 0x82, 0x0,
    0x0, 0x0, 0x0, 0x0, 0x0, 0x0, 0x3, 0x9f,
    0xff, 0xfd, 0x70, 0x0, 0x0, 0x0, 0x0, 0x0,
    0x0, 0x6c, 0xff, 0xff, 0xb4, 0x0, 0x0, 0x0,
    0x0, 0x0, 0x0, 0x29, 0xff, 0xff, 0xe8, 0x10,
    0x0, 0x0, 0x0, 0x0, 0x0, 0x5, 0xcf, 0xff,
    0xfb, 0x40, 0x0, 0x0, 0x0, 0x0, 0x0, 0x2,
    0x8e, 0xff, 0xfe, 0x82, 0x0, 0x0, 0x0, 0x4,
    0x40, 0x0, 0x5b, 0xff, 0xff, 0xb5, 0x0, 0x0,
    0x0, 0x1, 0x7e, 0xfd, 0x4, 0xef, 0xff, 0xe8,
    0x20, 0x0, 0x0, 0x0, 0x4a, 0xff, 0xff, 0xa0,
    0x2f, 0xfc, 0x50, 0x0, 0x0, 0x0, 0x17, 0xdf,
    0xff, 0xd7, 0x10, 0x0, 0x72, 0x0, 0x0, 0x0,
    0x3, 0xaf, 0xff, 0xfa, 0x40, 0x0, 0x0, 0x0,
    0x0, 0x0, 0x1, 0x7d, 0xff, 0xfd, 0x71, 0x0,
    0x0, 0x0, 0x0, 0x0, 0x0, 0x3a, 0xff, 0xff,
    0xa4, 0x0, 0x0, 0x0, 0x0, 0x0, 0x0, 0x6,
    0xdf, 0xff, 0xe7, 0x10, 0x0, 0x0, 0x0, 0x0,
    0x0, 0x2, 0x9f, 0xff, 0xfb, 0x40, 0x0, 0x0,
    0x0, 0x0, 0x0, 0x0, 0x0, 0x3f, 0xfe, 0x82,
    0x0, 0x0, 0x0, 0x0, 0x0, 0x0, 0x0, 0x0,
    0x0, 0x95, 0x0, 0x0, 0x0, 0x0, 0x0, 0x0,
    0x0, 0x0, 0x0, 0x0,

    /* U+3001 "、" */
    0x0, 0x40, 0x0, 0x0, 0x0, 0x8f, 0xb0, 0x0,
    0x0, 0x6f, 0xff, 0xc0, 0x0, 0x0, 0x9f, 0xff,
    0xc0, 0x0, 0x0, 0x8f, 0xff, 0xc0, 0x0, 0x0,
    0x8f, 0xff, 0xb0, 0x0, 0x0, 0x8f, 0xff, 0x80,
    0x0, 0x0, 0x9f, 0xc1, 0x0, 0x0, 0x0, 0x70,
    0x0,

    /* U+3002 "。" */
    0x0, 0x6c, 0xdb, 0x40, 0x0, 0xaf, 0xfd, 0xff,
    0x80, 0x6f, 0xb1, 0x1, 0xcf, 0x4c, 0xf0, 0x0,
    0x2, 0xfa, 0xec, 0x0, 0x0, 0xe, 0xcc, 0xe0,
    0x0, 0x1, 0xfa, 0x7f, 0x90, 0x0, 0xbf, 0x50,
    0xcf, 0xeb, 0xef, 0xa0, 0x0, 0x8d, 0xfd, 0x60,
    0x0,

    /* U+300A "《" */
    0x0, 0x0, 0x0, 0x67, 0x10, 0x9, 0x50, 0x0,
    0x0, 0x0, 0xef, 0x30, 0x5f, 0xc0, 0x0, 0x0,
    0x6, 0xfc, 0x0, 0xcf, 0x50, 0x0, 0x0, 0xd,
    0xf4, 0x4, 0xfd, 0x0, 0x0, 0x0, 0x4f, 0xd0,
    0xb, 0xf6, 0x0, 0x0, 0x0, 0xbf, 0x60, 0x2f,
    0xe0, 0x0, 0x0, 0x3, 0xfe, 0x0, 0x9f, 0x80,
    0x0, 0x0, 0xa, 0xf7, 0x1, 0xff, 0x10, 0x0,
    0x0, 0x1f, 0xf1, 0x8, 0xf9, 0x0, 0x0, 0x0,
    0x8f, 0x80, 0xe, 0xf2, 0x0, 0x0, 0x0, 0xff,
    0x10, 0x6f, 0xb0, 0x0, 0x0, 0x7, 0xfa, 0x0,
    0xdf, 0x30, 0x0, 0x0, 0xe, 0xf3, 0x5, 0xfc,
    0x0, 0x0, 0x0, 0x2f, 0xe0, 0x9, 0xf8, 0x0,
    0x0, 0x0, 0xc, 0xf5, 0x3, 0xfe, 0x0, 0x0,
    0x0, 0x5, 0xfc, 0x0, 0xbf, 0x50, 0x0, 0x0,
    0x0, 0xdf, 0x30, 0x4f, 0xd0, 0x0, 0x0, 0x0,
    0x6f, 0xa0, 0xd, 0xf4, 0x0, 0x0, 0x0, 0xe,
    0xf2, 0x6, 0xfb, 0x0, 0x0, 0x0, 0x8, 0xf9,
    0x0, 0xef, 0x30, 0x0, 0x0, 0x1, 0xff, 0x10,
    0x7f, 0xa0, 0x0, 0x0, 0x0, 0x9f, 0x80, 0x1f,
    0xf1, 0x0, 0x0, 0x0, 0x2f, 0xe0, 0x9, 0xf8,
    0x0, 0x0, 0x0, 0xb, 0xf6, 0x2, 0xff, 0x0,
    0x0, 0x0, 0x4, 0xfd, 0x0, 0xaf, 0x70, 0x0,
    0x0, 0x0, 0xdf, 0x50, 0x3f, 0xe0, 0x0, 0x0,
    0x0, 0x33, 0x0, 0x5, 0x10,

    /* U+300B "》" */
    0x5, 0x90, 0x1, 0x76, 0x0, 0x0, 0x0, 0xc,
    0xf5, 0x3, 0xfe, 0x0, 0x0, 0x0, 0x5, 0xfc,
    0x0, 0xcf, 0x60, 0x0, 0x0, 0x0, 0xdf, 0x30,
    0x4f, 0xd0, 0x0, 0x0, 0x0, 0x6f, 0xb0, 0xd,
    0xf4, 0x0, 0x0, 0x0, 0xe, 0xf2, 0x6, 0xfb,
    0x0, 0x0, 0x0, 0x8, 0xf9, 0x0, 0xef, 0x30,
    0x0, 0x0, 0x1, 0xff, 0x10, 0x7f, 0xa0, 0x0,
    0x0, 0x0, 0x9f, 0x80, 0x1f, 0xf1, 0x0, 0x0,
    0x0, 0x2f, 0xe0, 0x8, 0xf8, 0x0, 0x0, 0x0,
    0xb, 0xf6, 0x1, 0xff, 0x0, 0x0, 0x0, 0x3,
    0xfd, 0x0, 0xaf, 0x70, 0x0, 0x0, 0x0, 0xcf,
    0x50, 0x3f, 0xe0, 0x0, 0x0, 0x0, 0x8f, 0x90,
    0xe, 0xf2, 0x0, 0x0, 0x0, 0xef, 0x30, 0x5f,
    0xc0, 0x0, 0x0, 0x5, 0xfb, 0x0, 0xcf, 0x50,
    0x0, 0x0, 0xd, 0xf4, 0x3, 0xfd, 0x0, 0x0,
    0x0, 0x4f, 0xd0, 0xb, 0xf6, 0x0, 0x0, 0x0,
    0xbf, 0x60, 0x2f, 0xe0, 0x0, 0x0, 0x3, 0xfe,
    0x0, 0x9f, 0x80, 0x0, 0x0, 0xa, 0xf7, 0x1,
    0xff, 0x10, 0x0, 0x0, 0x1f, 0xf1, 0x8, 0xf9,
    0x0, 0x0, 0x0, 0x8f, 0x90, 0xe, 0xf2, 0x0,
    0x0, 0x1, 0xff, 0x20, 0x6f, 0xb0, 0x0, 0x0,
    0x7, 0xfa, 0x0, 0xdf, 0x40, 0x0, 0x0, 0xe,
    0xf3, 0x5, 0xfc, 0x0, 0x0, 0x0, 0x1, 0x50,
    0x0, 0x33, 0x0, 0x0, 0x0,

    /* U+4E0B "下" */
    0x1a, 0xaa, 0xaa, 0xaa, 0xaa, 0xaa, 0xaa, 0xaa,
    0xaa, 0xaa, 0xaa, 0xaa, 0xa5, 0x2f, 0xff, 0xff,
    0xff, 0xff, 0xff, 0xff, 0xff, 0xff, 0xff, 0xff,
    0xff, 0xf9, 0x2f, 0xff, 0xff, 0xff, 0xff, 0xff,
    0xff, 0xff, 0xff, 0xff, 0xff, 0xff, 0xf9, 0x0,
    0x0, 0x0, 0x0, 0x0, 0xb, 0xff, 0x10, 0x0,
    0x0, 0x0, 0x0, 0x0, 0x0, 0x0, 0x0, 0x0,
    0x0, 0xb, 0xff, 0x0, 0x0, 0x0, 0x0, 0x0,
    0x0, 0x0, 0x0, 0x0, 0x0, 0x0, 0xb, 0xff,
    0x0, 0x0, 0x0, 0x0, 0x0, 0x0, 0x0, 0x0,
    0x0, 0x0, 0x0, 0xb, 0xff, 0x0, 0x0, 0x0,
    0x0, 0x0, 0x0, 0x0, 0x0, 0x0, 0x0, 0x0,
    0xb, 0xff, 0x94, 0x0, 0x0, 0x0, 0x0, 0x0,
    0x0, 0x0, 0x0, 0x0, 0x0, 0xb, 0xff, 0xff,
    0xc4, 0x0, 0x0, 0x0, 0x0, 0x0, 0x0, 0x0,
    0x0, 0x0, 0xb, 0xff, 0xff, 0xff, 0xb2, 0x0,
    0x0, 0x0, 0x0, 0x0, 0x0, 0x0, 0x0, 0xb,
    0xff, 0x3c, 0xff, 0xff, 0x80, 0x0, 0x0, 0x0,
    0x0, 0x0, 0x0, 0x0, 0xb, 0xff, 0x0, 0x5e,
    0xff, 0xfe, 0x50, 0x0, 0x0, 0x0, 0x0, 0x0,
    0x0, 0xb, 0xff, 0x0, 0x0, 0x9f, 0xff, 0xfa,
    0x0, 0x0, 0x0, 0x0, 0x0, 0x0, 0xb, 0xff,
    0x0, 0x0, 0x3, 0xdf, 0xfc, 0x0, 0x0, 0x0,
    0x0, 0x0, 0x0, 0xb, 0xff, 0x0, 0x0, 0x0,
    0xa, 0xe1, 0x0, 0x0, 0x0, 0x0, 0x0, 0x0,
    0xb, 0xff, 0x0, 0x0, 0x0, 0x0, 0x10, 0x0,
    0x0, 0x0, 0x0, 0x0, 0x0, 0xb, 0xff, 0x0,
    0x0, 0x0, 0x0, 0x0, 0x0, 0x0, 0x0, 0x0,
    0x0, 0x0, 0xb, 0xff, 0x0, 0x0, 0x0, 0x0,
    0x0, 0x0, 0x0, 0x0, 0x0, 0x0, 0x0, 0xb,
    0xff, 0x0, 0x0, 0x0, 0x0, 0x0, 0x0, 0x0,
    0x0, 0x0, 0x0, 0x0, 0xb, 0xff, 0x0, 0x0,
    0x0, 0x0, 0x0, 0x0, 0x0, 0x0, 0x0, 0x0,
    0x0, 0xb, 0xff, 0x0, 0x0, 0x0, 0x0, 0x0,
    0x0, 0x0, 0x0, 0x0, 0x0, 0x0, 0xb, 0xff,
    0x0, 0x0, 0x0, 0x0, 0x0, 0x0, 0x0, 0x0,
    0x0, 0x0, 0x0, 0xb, 0xff, 0x0, 0x0, 0x0,
    0x0, 0x0, 0x0, 0x0, 0x0, 0x0, 0x0, 0x0,
    0xb, 0xff, 0x0, 0x0, 0x0, 0x0, 0x0, 0x0,

    /* U+4E0D "不" */
    0x9, 0xaa, 0xaa, 0xaa, 0xaa, 0xaa, 0xaa, 0xaa,
    0xaa, 0xaa, 0xaa, 0xaa, 0x90, 0xf, 0xff, 0xff,
    0xff, 0xff, 0xff, 0xff, 0xff, 0xff, 0xff, 0xff,
    0xff, 0xf0, 0xf, 0xff, 0xff, 0xff, 0xff, 0xff,
    0xff, 0xff, 0xff, 0xff, 0xff, 0xff, 0xf0, 0x0,
    0x0, 0x0, 0x0, 0x0, 0x0, 0x8f, 0xfe, 0x10,
    0x0, 0x0, 0x0, 0x0, 0x0, 0x0, 0x0, 0x0,
    0x0, 0x2, 0xff, 0xf5, 0x0, 0x0, 0x0, 0x0,
    0x0, 0x0, 0x0, 0x0, 0x0, 0x0, 0xd, 0xff,
    0xa0, 0x0, 0x0, 0x0, 0x0, 0x0, 0x0, 0x0,
    0x0, 0x0, 0x0, 0xaf, 0xff, 0x60, 0x0, 0x0,
    0x0, 0x0, 0x0, 0x0, 0x0, 0x0, 0x0, 0x8,
    0xff, 0xff, 0x61, 0x81, 0x0, 0x0, 0x0, 0x0,
    0x0, 0x0, 0x0, 0x0, 0x7f, 0xff, 0xff, 0x8d,
    0xfe, 0x50, 0x0, 0x0, 0x0, 0x0, 0x0, 0x0,
    0x7, 0xff, 0xfd, 0xff, 0x7a, 0xff, 0xf9, 0x0,
    0x0, 0x0, 0x0, 0x0, 0x0, 0x9f, 0xff, 0x86,
    0xff, 0x60, 0x6f, 0xff, 0xd2, 0x0, 0x0, 0x0,
    0x0, 0x1b, 0xff, 0xf8, 0x6, 0xff, 0x60, 0x3,
    0xdf, 0xff, 0x50, 0x0, 0x0, 0x4, 0xef, 0xff,
    0x60, 0x6, 0xff, 0x60, 0x0, 0x1b, 0xff, 0xf8,
    0x0, 0x1, 0xaf, 0xff, 0xe4, 0x0, 0x6, 0xff,
    0x60, 0x0, 0x0, 0x9f, 0xff, 0xa0, 0x6f, 0xff,
    0xfc, 0x10, 0x0, 0x6, 0xff, 0x60, 0x0, 0x0,
    0x7, 0xff, 0xfa, 0x1e, 0xff, 0x70, 0x0, 0x0,
    0x6, 0xff, 0x60, 0x0, 0x0, 0x0, 0x5f, 0xd1,
    0x4, 0xa1, 0x0, 0x0, 0x0, 0x6, 0xff, 0x60,
    0x0, 0x0, 0x0, 0x5, 0x10, 0x0, 0x0, 0x0,
    0x0, 0x0, 0x6, 0xff, 0x60, 0x0, 0x0, 0x0,
    0x0, 0x0, 0x0, 0x0, 0x0, 0x0, 0x0, 0x6,
    0xff, 0x60, 0x0, 0x0, 0x0, 0x0, 0x0, 0x0,
    0x0, 0x0, 0x0, 0x0, 0x6, 0xff, 0x60, 0x0,
    0x0, 0x0, 0x0, 0x0, 0x0, 0x0, 0x0, 0x0,
    0x0, 0x6, 0xff, 0x60, 0x0, 0x0, 0x0, 0x0,
    0x0, 0x0, 0x0, 0x0, 0x0, 0x0, 0x6, 0xff,
    0x60, 0x0, 0x0, 0x0, 0x0, 0x0, 0x0, 0x0,
    0x0, 0x0, 0x0, 0x6, 0xff, 0x60, 0x0, 0x0,
    0x0, 0x0, 0x0, 0x0, 0x0, 0x0, 0x0, 0x0,
    0x6, 0xff, 0x60, 0x0, 0x0, 0x0, 0x0, 0x0,

    /* U+4E2A "个" */
    0x0, 0x0, 0x0, 0x0, 0x0, 0x0, 0x4, 0x60,
    0x0, 0x0, 0x0, 0x0, 0x0, 0x0, 0x0, 0x0,
    0x0, 0x0, 0x0, 0x1, 0xef, 0xe0, 0x0, 0x0,
    0x0, 0x0, 0x0, 0x0, 0x0, 0x0, 0x0, 0x0,
    0x0, 0xaf, 0xf9, 0x0, 0x0, 0x0, 0x0, 0x0,
    0x0, 0x0, 0x0, 0x0, 0x0, 0x0, 0x8f, 0xff,
    0xf3, 0x0, 0x0, 0x0, 0x0, 0x0, 0x0, 0x0,
    0x0, 0x0, 0x0, 0x7f, 0xff, 0xff, 0xe3, 0x0,
    0x0, 0x0, 0x0, 0x0, 0x0, 0x0, 0x0, 0x0,
    0x8f, 0xff, 0x37, 0xff, 0xf4, 0x0, 0x0, 0x0,
    0x0, 0x0, 0x0, 0x0, 0x0, 0xaf, 0xff, 0x40,
    0x7, 0xff, 0xf7, 0x0, 0x0, 0x0, 0x0, 0x0,
    0x0, 0x3, 0xdf, 0xff, 0x40, 0x0, 0x7, 0xff,
    0xfb, 0x10, 0x0, 0x0, 0x0, 0x0, 0x8, 0xff,
    0xfe, 0x30, 0x12, 0x20, 0x5, 0xff, 0xff, 0x60,
    0x0, 0x0, 0x0, 0x6e, 0xff, 0xfc, 0x10, 0x9,
    0xff, 0x10, 0x3, 0xef, 0xff, 0xc4, 0x0, 0x7,
    0xef, 0xff, 0xf8, 0x0, 0x0, 0x9f, 0xf1, 0x0,
    0x1, 0xaf, 0xff, 0xfb, 0x30, 0xaf, 0xff, 0xd3,
    0x0, 0x0, 0x9, 0xff, 0x10, 0x0, 0x0, 0x5e,
    0xff, 0xf6, 0x0, 0xde, 0x60, 0x0, 0x0, 0x0,
    0x9f, 0xf1, 0x0, 0x0, 0x0, 0x18, 0xf9, 0x0,
    0x1, 0x0, 0x0, 0x0, 0x0, 0x9, 0xff, 0x10,
    0x0, 0x0, 0x0, 0x2, 0x0, 0x0, 0x0, 0x0,
    0x0, 0x0, 0x0, 0x9f, 0xf1, 0x0, 0x0, 0x0,
    0x0, 0x0, 0x0, 0x0, 0x0, 0x0, 0x0, 0x0,
    0x9, 0xff, 0x10, 0x0, 0x0, 0x0, 0x0, 0x0,
    0x0, 0x0, 0x0, 0x0, 0x0, 0x0, 0x9f, 0xf1,
    0x0, 0x0, 0x0, 0x0, 0x0, 0x0, 0x0, 0x0,
    0x0, 0x0, 0x0, 0x9, 0xff, 0x10, 0x0, 0x0,
    0x0, 0x0, 0x0, 0x0, 0x0, 0x0, 0x0, 0x0,
    0x0, 0x9f, 0xf1, 0x0, 0x0, 0x0, 0x0, 0x0,
    0x0, 0x0, 0x0, 0x0, 0x0, 0x0, 0x9, 0xff,
    0x10, 0x0, 0x0, 0x0, 0x0, 0x0, 0x0, 0x0,
    0x0, 0x0, 0x0, 0x0, 0x9f, 0xf1, 0x0, 0x0,
    0x0, 0x0, 0x0, 0x0, 0x0, 0x0, 0x0, 0x0,
    0x0, 0x9, 0xff, 0x10, 0x0, 0x0, 0x0, 0x0,
    0x0, 0x0, 0x0, 0x0, 0x0, 0x0, 0x0, 0x9f,
    0xf1, 0x0, 0x0, 0x0, 0x0, 0x0, 0x0, 0x0,
    0x0, 0x0, 0x0, 0x0, 0x9, 0xff, 0x10, 0x0,
    0x0, 0x0, 0x0, 0x0, 0x0, 0x0, 0x0, 0x0,
    0x0, 0x0, 0x9f, 0xf1, 0x0, 0x0, 0x0, 0x0,
    0x0, 0x0, 0x0, 0x0, 0x0, 0x0, 0x0, 0x9,
    0xff, 0x10, 0x0, 0x0, 0x0, 0x0, 0x0,

    /* U+4E2D "中" */
    0x0, 0x0, 0x0, 0x0, 0x0, 0xa, 0xa6, 0x0,
    0x0, 0x0, 0x0, 0x0, 0x0, 0x0, 0x0, 0x0,
    0x0, 0x1f, 0xfa, 0x0, 0x0, 0x0, 0x0, 0x0,
    0x0, 0x0, 0x0, 0x0, 0x0, 0x1f, 0xfa, 0x0,
    0x0, 0x0, 0x0, 0x0, 0x0, 0x0, 0x0, 0x0,
    0x0, 0x1f, 0xfa, 0x0, 0x0, 0x0, 0x0, 0x0,
    0x0, 0x0, 0x0, 0x0, 0x0, 0x1f, 0xfa, 0x0,
    0x0, 0x0, 0x0, 0x0, 0x9, 0x99, 0x99, 0x99,
    0x99, 0xaf, 0xfd, 0x99, 0x99, 0x99, 0x99, 0x95,
    0x1f, 0xff, 0xff, 0xff, 0xff, 0xff, 0xff, 0xff,
    0xff, 0xff, 0xff, 0xfa, 0x1f, 0xff, 0xff, 0xff,
    0xff, 0xff, 0xff, 0xff, 0xff, 0xff, 0xff, 0xfa,
    0x1f, 0xf8, 0x0, 0x0, 0x0, 0x1f, 0xfa, 0x0,
    0x0, 0x0, 0x1f, 0xfa, 0x1f, 0xf8, 0x0, 0x0,
    0x0, 0x1f, 0xfa, 0x0, 0x0, 0x0, 0x1f, 0xfa,
    0x1f, 0xf8, 0x0, 0x0, 0x0, 0x1f, 0xfa, 0x0,
    0x0, 0x0, 0x1f, 0xfa, 0x1f, 0xf8, 0x0, 0x0,
    0x0, 0x1f, 0xfa, 0x0, 0x0, 0x0, 0x1f, 0xfa,
    0x1f, 0xf8, 0x0, 0x0, 0x0, 0x1f, 0xfa, 0x0,
    0x0, 0x0, 0x1f, 0xfa, 0x1f, 0xf8, 0x0, 0x0,
    0x0, 0x1f, 0xfa, 0x0, 0x0, 0x0, 0x1f, 0xfa,
    0x1f, 0xfc, 0x77, 0x77, 0x77, 0x8f, 0xfc, 0x77,
    0x77, 0x77, 0x8f, 0xfa, 0x1f, 0xff, 0xff, 0xff,
    0xff, 0xff, 0xff, 0xff, 0xff, 0xff, 0xff, 0xfa,
    0x1f, 0xff, 0xff, 0xff, 0xff, 0xff, 0xff, 0xff,
    0xff, 0xff, 0xff, 0xfa, 0x1f, 0xf8, 0x0, 0x0,
    0x0, 0x1f, 0xfa, 0x0, 0x0, 0x0, 0x1f, 0xfa,
    0x1e, 0xe7, 0x0, 0x0, 0x0, 0x1f, 0xfa, 0x0,
    0x0, 0x0, 0xc, 0xc7, 0x0, 0x0, 0x0, 0x0,
    0x0, 0x1f, 0xfa, 0x0, 0x0, 0x0, 0x0, 0x0,
    0x0, 0x0, 0x0, 0x0, 0x0, 0x1f, 0xfa, 0x0,
    0x0, 0x0, 0x0, 0x0, 0x0, 0x0, 0x0, 0x0,
    0x0, 0x1f, 0xfa, 0x0, 0x0, 0x0, 0x0, 0x0,
    0x0, 0x0, 0x0, 0x0, 0x0, 0x1f, 0xfa, 0x0,
    0x0, 0x0, 0x0, 0x0, 0x0, 0x0, 0x0, 0x0,
    0x0, 0x1f, 0xfa, 0x0, 0x0, 0x0, 0x0, 0x0,
    0x0, 0x0, 0x0, 0x0, 0x0, 0x1f, 0xfa, 0x0,
    0x0, 0x0, 0x0, 0x0, 0x0, 0x0, 0x0, 0x0,
    0x0, 0x1f, 0xfa, 0x0, 0x0, 0x0, 0x0, 0x0,

    /* U+4E3A "为" */
    0x0, 0x0, 0x0, 0x0, 0x0, 0x57, 0x70, 0x0,
    0x0, 0x0, 0x0, 0x0, 0x0, 0x0, 0x4, 0xa0,
    0x0, 0xb, 0xff, 0x0, 0x0, 0x0, 0x0, 0x0,
    0x0, 0x0, 0x4, 0xff, 0xb0, 0x0, 0xbf, 0xf0,
    0x0, 0x0, 0x0, 0x0, 0x0, 0x0, 0x0, 0x9,
    0xff, 0x70, 0xb, 0xff, 0x0, 0x0, 0x0, 0x0,
    0x0, 0x0, 0x0, 0x0, 0xd, 0xff, 0x20, 0xbf,
    0xf0, 0x0, 0x0, 0x0, 0x0, 0x0, 0x0, 0x0,
    0x0, 0x4f, 0xc3, 0xb, 0xfe, 0x0, 0x0, 0x0,
    0x0, 0x0, 0x0, 0x0, 0x0, 0x0, 0x30, 0x0,
    0xcf, 0xe0, 0x0, 0x0, 0x0, 0x0, 0x0, 0x0,
    0x8f, 0xff, 0xff, 0xff, 0xff, 0xff, 0xff, 0xff,
    0xff, 0xff, 0xff, 0xf5, 0x9, 0xff, 0xff, 0xff,
    0xff, 0xff, 0xff, 0xff, 0xff, 0xff, 0xff, 0xff,
    0x40, 0x6a, 0xaa, 0xaa, 0xaa, 0xbf, 0xfd, 0xaa,
    0xaa, 0xaa, 0xaa, 0xdf, 0xf4, 0x0, 0x0, 0x0,
    0x0, 0x3, 0xff, 0x70, 0x0, 0x0, 0x0, 0x7,
    0xff, 0x30, 0x0, 0x0, 0x0, 0x0, 0x7f, 0xf5,
    0x0, 0x0, 0x0, 0x0, 0x8f, 0xf3, 0x0, 0x0,
    0x0, 0x0, 0xb, 0xff, 0x10, 0x0, 0x0, 0x0,
    0x9, 0xff, 0x20, 0x0, 0x0, 0x0, 0x1, 0xff,
    0xd0, 0x7e, 0xa0, 0x0, 0x0, 0xaf, 0xf1, 0x0,
    0x0, 0x0, 0x0, 0x6f, 0xf8, 0xa, 0xff, 0x60,
    0x0, 0xa, 0xff, 0x0, 0x0, 0x0, 0x0, 0xd,
    0xff, 0x20, 0xd, 0xff, 0x20, 0x0, 0xbf, 0xf0,
    0x0, 0x0, 0x0, 0x5, 0xff, 0xc0, 0x0, 0x3f,
    0xfc, 0x0, 0xc, 0xff, 0x0, 0x0, 0x0, 0x0,
    0xdf, 0xf4, 0x0, 0x0, 0x9f, 0xf6, 0x0, 0xef,
    0xe0, 0x0, 0x0, 0x0, 0x9f, 0xfc, 0x0, 0x0,
    0x1, 0xea, 0x20, 0xf, 0xfc, 0x0, 0x0, 0x0,
    0x4f, 0xff, 0x20, 0x0, 0x0, 0x1, 0x0, 0x0,
    0xff, 0xb0, 0x0, 0x0, 0x2f, 0xff, 0x70, 0x0,
    0x0, 0x0, 0x0, 0x0, 0x3f, 0xf9, 0x0, 0x0,
    0x3e, 0xff, 0xa0, 0x0, 0x0, 0x0, 0x0, 0x0,
    0x6, 0xff, 0x70, 0x0, 0x5f, 0xff, 0xb0, 0x0,
    0x0, 0x0, 0x0, 0x0, 0x0, 0xbf, 0xf4, 0x0,
    0x9f, 0xff, 0xb0, 0x0, 0x0, 0x0, 0x2, 0xba,
    0x99, 0xbf, 0xff, 0x0, 0x9, 0xff, 0x80, 0x0,
    0x0, 0x0, 0x0, 0xd, 0xff, 0xff, 0xff, 0x80,
    0x0, 0x7, 0x40, 0x0, 0x0, 0x0, 0x0, 0x0,
    0x8f, 0xff, 0xfd, 0x70, 0x0, 0x0, 0x0, 0x0,
    0x0, 0x0, 0x0, 0x0, 0x0, 0x0, 0x0, 0x0,
    0x0, 0x0,

    /* U+4E4B "之" */
    0x0, 0x0, 0x0, 0x0, 0x0, 0x0, 0x60, 0x0,
    0x0, 0x0, 0x0, 0x0, 0x0, 0x0, 0x0, 0x0,
    0x0, 0x0, 0x4e, 0xf8, 0x0, 0x0, 0x0, 0x0,
    0x0, 0x0, 0x0, 0x0, 0x0, 0x0, 0x0, 0x1e,
    0xff, 0x40, 0x0, 0x0, 0x0, 0x0, 0x0, 0x0,
    0x0, 0x0, 0x0, 0x0, 0x5, 0xff, 0xe0, 0x0,
    0x0, 0x0, 0x0, 0x0, 0x0, 0x0, 0x0, 0x0,
    0x0, 0x0, 0xbf, 0xf8, 0x0, 0x0, 0x0, 0x0,
    0x0, 0x0, 0x0, 0x0, 0x0, 0x0, 0x0, 0x2f,
    0xb2, 0x0, 0x0, 0x1, 0x0, 0x0, 0x2, 0xff,
    0xff, 0xff, 0xff, 0xff, 0xff, 0xff, 0xff, 0xff,
    0xff, 0x91, 0x0, 0x2, 0xff, 0xff, 0xff, 0xff,
    0xff, 0xff, 0xff, 0xff, 0xff, 0xff, 0xf4, 0x0,
    0x1, 0x77, 0x77, 0x77, 0x77, 0x77, 0x77, 0x77,
    0x77, 0x8f, 0xff, 0x90, 0x0, 0x0, 0x0, 0x0,
    0x0, 0x0, 0x0, 0x0, 0x0, 0x0, 0xbf, 0xfc,
    0x0, 0x0, 0x0, 0x0, 0x0, 0x0, 0x0, 0x0,
    0x0, 0x0, 0x8, 0xff, 0xe1, 0x0, 0x0, 0x0,
    0x0, 0x0, 0x0, 0x0, 0x0, 0x0, 0x0, 0x7f,
    0xff, 0x30, 0x0, 0x0, 0x0, 0x0, 0x0, 0x0,
    0x0, 0x0, 0x0, 0x6, 0xff, 0xf4, 0x0, 0x0,
    0x0, 0x0, 0x0, 0x0, 0x0, 0x0, 0x0, 0x0,
    0x7f, 0xff, 0x40, 0x0, 0x0, 0x0, 0x0, 0x0,
    0x0, 0x0, 0x0, 0x0, 0x8, 0xff, 0xf4, 0x0,
    0x0, 0x0, 0x0, 0x0, 0x0, 0x0, 0x0, 0x0,
    0x0, 0xaf, 0xfe, 0x40, 0x0, 0x0, 0x0, 0x0,
    0x0, 0x0, 0x0, 0x0, 0x0, 0x1c, 0xff, 0xd2,
    0x0, 0x0, 0x0, 0x0, 0x0, 0x0, 0x0, 0x0,
    0x0, 0x4, 0xef, 0xfc, 0x10, 0x0, 0x0, 0x0,
    0x0, 0x0, 0x0, 0x0, 0x0, 0x0, 0x8f, 0xff,
    0xa0, 0x0, 0x0, 0x0, 0x0, 0x0, 0x0, 0x0,
    0x0, 0x0, 0x4d, 0xff, 0xf6, 0x0, 0x0, 0x0,
    0x0, 0x0, 0x0, 0x0, 0x0, 0x2, 0xbf, 0xff,
    0xfd, 0x20, 0x0, 0x0, 0x0, 0x0, 0x0, 0x0,
    0x0, 0x0, 0x6f, 0xff, 0xff, 0xd0, 0x0, 0x0,
    0x0, 0x0, 0x0, 0x0, 0x0, 0x0, 0x8, 0xff,
    0xf8, 0xcf, 0xfe, 0x84, 0x20, 0x0, 0x0, 0x0,
    0x12, 0x24, 0x55, 0x5f, 0xff, 0x30, 0x7, 0xff,
    0xff, 0xff, 0xff, 0xff, 0xff, 0xff, 0xff, 0xf8,
    0xc, 0xf6, 0x0, 0x0, 0x2a, 0xff, 0xff, 0xff,
    0xff, 0xff, 0xff, 0xff, 0xf4, 0x1, 0x90, 0x0,
    0x0, 0x0, 0x3, 0x67, 0x89, 0x99, 0x88, 0x77,
    0x66, 0x50,

    /* U+4E60 "习" */
    0x5, 0x88, 0x88, 0x88, 0x88, 0x88, 0x88, 0x88,
    0x88, 0x88, 0x88, 0x80, 0xbf, 0xff, 0xff, 0xff,
    0xff, 0xff, 0xff, 0xff, 0xff, 0xff, 0xff, 0xa,
    0xff, 0xff, 0xff, 0xff, 0xff, 0xff, 0xff, 0xff,
    0xff, 0xff, 0xf0, 0x0, 0x0, 0x0, 0x0, 0x0,
    0x0, 0x0, 0x0, 0x0, 0xb, 0xff, 0x0, 0x0,
    0x0, 0x0, 0x0, 0x0, 0x0, 0x0, 0x0, 0x0,
    0xbf, 0xe0, 0x0, 0x0, 0x7d, 0x30, 0x0, 0x0,
    0x0, 0x0, 0x0, 0xb, 0xfe, 0x0, 0x0, 0x4f,
    0xff, 0x70, 0x0, 0x0, 0x0, 0x0, 0x0, 0xbf,
    0xe0, 0x0, 0x0, 0x6f, 0xff, 0xb1, 0x0, 0x0,
    0x0, 0x0, 0xc, 0xfe, 0x0, 0x0, 0x0, 0x2d,
    0xff, 0xe4, 0x0, 0x0, 0x0, 0x0, 0xcf, 0xd0,
    0x0, 0x0, 0x0, 0xa, 0xff, 0xf7, 0x0, 0x0,
    0x0, 0xc, 0xfd, 0x0, 0x0, 0x0, 0x0, 0x7,
    0xff, 0xf2, 0x0, 0x0, 0x0, 0xdf, 0xc0, 0x0,
    0x0, 0x0, 0x0, 0x5, 0xf4, 0x0, 0x0, 0x0,
    0xd, 0xfc, 0x0, 0x0, 0x0, 0x0, 0x0, 0x1,
    0x0, 0x0, 0x22, 0x0, 0xef, 0xc0, 0x0, 0x0,
    0x0, 0x0, 0x0, 0x0, 0x28, 0xdf, 0x90, 0xe,
    0xfb, 0x0, 0x0, 0x0, 0x0, 0x0, 0x27, 0xdf,
    0xff, 0xfc, 0x0, 0xff, 0xb0, 0x0, 0x0, 0x0,
    0x27, 0xcf, 0xff, 0xff, 0xc6, 0x10, 0xf, 0xfa,
    0x0, 0x0, 0x27, 0xcf, 0xff, 0xff, 0xd7, 0x20,
    0x0, 0x1, 0xff, 0x90, 0x38, 0xdf, 0xff, 0xff,
    0xe8, 0x30, 0x0, 0x0, 0x0, 0x2f, 0xf8, 0xf,
    0xff, 0xff, 0xe9, 0x40, 0x0, 0x0, 0x0, 0x0,
    0x4, 0xff, 0x60, 0x9f, 0xfa, 0x40, 0x0, 0x0,
    0x0, 0x0, 0x0, 0x0, 0x6f, 0xf5, 0x3, 0x50,
    0x0, 0x0, 0x0, 0x0, 0x0, 0x0, 0x0, 0xa,
    0xff, 0x20, 0x0, 0x0, 0x0, 0x0, 0x0, 0x0,
    0x47, 0x66, 0x69, 0xff, 0xd0, 0x0, 0x0, 0x0,
    0x0, 0x0, 0x0, 0x3, 0xff, 0xff, 0xff, 0xf5,
    0x0, 0x0, 0x0, 0x0, 0x0, 0x0, 0x0, 0xe,
    0xff, 0xff, 0xc5, 0x0, 0x0, 0x0, 0x0, 0x0,
    0x0, 0x0, 0x0, 0x0, 0x0, 0x0, 0x0, 0x0,

    /* U+4E66 "书" */
    0x0, 0x0, 0x0, 0x0, 0x0, 0x58, 0x80, 0x0,
    0x0, 0x0, 0x0, 0x0, 0x0, 0x0, 0x0, 0x0,
    0x0, 0x0, 0xaf, 0xf0, 0x0, 0x0, 0x2, 0xa1,
    0x0, 0x0, 0x0, 0x0, 0x0, 0x0, 0x0, 0xaf,
    0xf0, 0x0, 0x0, 0x1d, 0xfe, 0x50, 0x0, 0x0,
    0x0, 0x0, 0x0, 0x0, 0xaf, 0xf0, 0x0, 0x0,
    0x8, 0xff, 0xfa, 0x0, 0x0, 0x0, 0x0, 0x0,
    0x0, 0xaf, 0xf0, 0x0, 0x0, 0x0, 0x4e, 0xff,
    0xd2, 0x0, 0x48, 0x88, 0x88, 0x88, 0xdf, 0xf8,
    0x88, 0x88, 0x88, 0x86, 0xcf, 0xf5, 0x0, 0x7f,
    0xff, 0xff, 0xff, 0xff, 0xff, 0xff, 0xff, 0xff,
    0xf8, 0x9, 0x80, 0x0, 0x7f, 0xff, 0xff, 0xff,
    0xff, 0xff, 0xff, 0xff, 0xff, 0xf8, 0x0, 0x0,
    0x0, 0x0, 0x0, 0x0, 0x0, 0xaf, 0xf0, 0x0,
    0x0, 0x1f, 0xf8, 0x0, 0x0, 0x0, 0x0, 0x0,
    0x0, 0x0, 0xaf, 0xf0, 0x0, 0x0, 0x1f, 0xf8,
    0x0, 0x0, 0x0, 0x0, 0x0, 0x0, 0x0, 0xaf,
    0xf0, 0x0, 0x0, 0x1f, 0xf8, 0x0, 0x0, 0x0,
    0x0, 0x0, 0x0, 0x0, 0xaf, 0xf0, 0x0, 0x0,
    0x1f, 0xf8, 0x0, 0x0, 0x3, 0x33, 0x33, 0x33,
    0x33, 0xbf, 0xf3, 0x33, 0x33, 0x4f, 0xfa, 0x33,
    0x31, 0x2f, 0xff, 0xff, 0xff, 0xff, 0xff, 0xff,
    0xff, 0xff, 0xff, 0xff, 0xff, 0xf7, 0x2f, 0xff,
    0xff, 0xff, 0xff, 0xff, 0xff, 0xff, 0xff, 0xff,
    0xff, 0xff, 0xf6, 0x3, 0x33, 0x33, 0x33, 0x33,
    0xbf, 0xf4, 0x33, 0x33, 0x33, 0x33, 0x7f, 0xf5,
    0x0, 0x0, 0x0, 0x0, 0x0, 0xaf, 0xf0, 0x0,
    0x0, 0x0, 0x0, 0x6f, 0xf3, 0x0, 0x0, 0x0,
    0x0, 0x0, 0xaf, 0xf0, 0x0, 0x0, 0x0, 0x0,
    0x8f, 0xf1, 0x0, 0x0, 0x0, 0x0, 0x0, 0xaf,
    0xf0, 0x0, 0x0, 0x0, 0x0, 0xaf, 0xf0, 0x0,
    0x0, 0x0, 0x0, 0x0, 0xaf, 0xf0, 0x0, 0x0,
    0x0, 0x0, 0xef, 0xd0, 0x0, 0x0, 0x0, 0x0,
    0x0, 0xaf, 0xf0, 0x0, 0x10, 0x0, 0x4, 0xff,
    0x90, 0x0, 0x0, 0x0, 0x0, 0x0, 0xaf, 0xf0,
    0x0, 0x9f, 0xfe, 0xef, 0xff, 0x40, 0x0, 0x0,
    0x0, 0x0, 0x0, 0xaf, 0xf0, 0x0, 0x3f, 0xff,
    0xff, 0xf9, 0x0, 0x0, 0x0, 0x0, 0x0, 0x0,
    0xaf, 0xf0, 0x0, 0x6, 0x66, 0x65, 0x20, 0x0,
    0x0, 0x0, 0x0, 0x0, 0x0, 0xaf, 0xf0, 0x0,
    0x0, 0x0, 0x0, 0x0, 0x0, 0x0, 0x0, 0x0,
    0x0, 0x0, 0xaf, 0xf0, 0x0, 0x0, 0x0, 0x0,
    0x0, 0x0,

    /* U+4E8B "事" */
    0x0, 0x0, 0x0, 0x0, 0x0, 0x3, 0xbb, 0x30,
    0x0, 0x0, 0x0, 0x0, 0x0, 0x0, 0x0, 0x0,
    0x0, 0x0, 0x5, 0xff, 0x50, 0x0, 0x0, 0x0,
    0x0, 0x0, 0x3, 0x33, 0x33, 0x33, 0x33, 0x37,
    0xff, 0x73, 0x33, 0x33, 0x33, 0x33, 0x31, 0xe,
    0xff, 0xff, 0xff, 0xff, 0xff, 0xff, 0xff, 0xff,
    0xff, 0xff, 0xff, 0xf5, 0xc, 0xee, 0xee, 0xee,
    0xee, 0xee, 0xff, 0xee, 0xee, 0xee, 0xee, 0xee,
    0xe4, 0x0, 0x0, 0x0, 0x0, 0x0, 0x5, 0xff,
    0x50, 0x0, 0x0, 0x0, 0x0, 0x0, 0x0, 0x2,
    0xff, 0xff, 0xff, 0xff, 0xff, 0xff, 0xff, 0xff,
    0xff, 0x80, 0x0, 0x0, 0x2, 0xff, 0xdc, 0xcc,
    0xcd, 0xff, 0xdc, 0xcc, 0xcc, 0xff, 0x80, 0x0,
    0x0, 0x2, 0xff, 0x50, 0x0, 0x5, 0xff, 0x50,
    0x0, 0x2, 0xff, 0x80, 0x0, 0x0, 0x2, 0xff,
    0xcb, 0xbb, 0xbc, 0xff, 0xcb, 0xbb, 0xbb, 0xff,
    0x80, 0x0, 0x0, 0x2, 0xff, 0xff, 0xff, 0xff,
    0xff, 0xff, 0xff, 0xff, 0xff, 0x80, 0x0, 0x0,
    0x0, 0x0, 0x0, 0x0, 0x5, 0xff, 0x50, 0x0,
    0x0, 0x0, 0x0, 0x0, 0x0, 0x0, 0x0, 0x0,
    0x0, 0x5, 0xff, 0x50, 0x0, 0x0, 0x0, 0x0,
    0x0, 0x0, 0xe, 0xff, 0xff, 0xff, 0xff, 0xff,
    0xff, 0xff, 0xff, 0xff, 0xf0, 0x0, 0x0, 0xb,
    0xcc, 0xcc, 0xcc, 0xcd, 0xff, 0xdc, 0xcc, 0xcc,
    0xef, 0xf0, 0x0, 0x0, 0x0, 0x0, 0x0, 0x0,
    0x5, 0xff, 0x50, 0x0, 0x0, 0xaf, 0xf0, 0x0,
    0x6e, 0xee, 0xee, 0xee, 0xee, 0xee, 0xff, 0xee,
    0xee, 0xee, 0xff, 0xfe, 0xed, 0x6f, 0xff, 0xff,
    0xff, 0xff, 0xff, 0xff, 0xff, 0xff, 0xff, 0xff,
    0xff, 0xfe, 0x2, 0x22, 0x22, 0x22, 0x22, 0x26,
    0xff, 0x62, 0x22, 0x22, 0xbf, 0xf2, 0x22, 0x0,
    0x0, 0x0, 0x0, 0x0, 0x5, 0xff, 0x50, 0x0,
    0x0, 0xaf, 0xf0, 0x0, 0x0, 0x2e, 0xee, 0xee,
    0xee, 0xef, 0xff, 0xfe, 0xee, 0xee, 0xff, 0xf0,
    0x0, 0x0, 0x2f, 0xff, 0xff, 0xff, 0xff, 0xff,
    0xff, 0xff, 0xff, 0xff, 0xf0, 0x0, 0x0, 0x0,
    0x0, 0x0, 0x0, 0x5, 0xff, 0x50, 0x0, 0x0,
    0xaf, 0xf0, 0x0, 0x0, 0x0, 0x0, 0x0, 0x0,
    0x7, 0xff, 0x40, 0x0, 0x0, 0x35, 0x50, 0x0,
    0x0, 0x0, 0x0, 0x7, 0xff, 0xff, 0xff, 0x20,
    0x0, 0x0, 0x0, 0x0, 0x0, 0x0, 0x0, 0x0,
    0x0, 0xff, 0xff, 0xd6, 0x0, 0x0, 0x0, 0x0,
    0x0, 0x0, 0x0, 0x0, 0x0, 0x0, 0x0, 0x0,
    0x0, 0x0, 0x0, 0x0, 0x0, 0x0, 0x0,

    /* U+4E8E "于" */
    0x0, 0x29, 0x99, 0x99, 0x99, 0x99, 0x99, 0x99,
    0x99, 0x99, 0x99, 0x96, 0x0, 0x0, 0x4f, 0xff,
    0xff, 0xff, 0xff, 0xff, 0xff, 0xff, 0xff, 0xff,
    0xfb, 0x0, 0x0, 0x3f, 0xff, 0xff, 0xff, 0xff,
    0xff, 0xff, 0xff, 0xff, 0xff, 0xfb, 0x0, 0x0,
    0x0, 0x0, 0x0, 0x0, 0x0, 0xef, 0xe0, 0x0,
    0x0, 0x0, 0x0, 0x0, 0x0, 0x0, 0x0, 0x0,
    0x0, 0x0, 0xef, 0xe0, 0x0, 0x0, 0x0, 0x0,
    0x0, 0x0, 0x0, 0x0, 0x0, 0x0, 0x0, 0xef,
    0xe0, 0x0, 0x0, 0x0, 0x0, 0x0, 0x0, 0x0,
    0x0, 0x0, 0x0, 0x0, 0xef, 0xe0, 0x0, 0x0,
    0x0, 0x0, 0x0, 0x0, 0x0, 0x0, 0x0, 0x0,
    0x0, 0xef, 0xe0, 0x0, 0x0, 0x0, 0x0, 0x0,
    0x0, 0x0, 0x0, 0x0, 0x0, 0x0, 0xef, 0xe0,
    0x0, 0x0, 0x0, 0x0, 0x0, 0x19, 0x99, 0x99,
    0x99, 0x99, 0x99, 0xff, 0xf9, 0x99, 0x99, 0x99,
    0x99, 0x95, 0x2f, 0xff, 0xff, 0xff, 0xff, 0xff,
    0xff, 0xff, 0xff, 0xff, 0xff, 0xff, 0xfa, 0x2f,
    0xff, 0xff, 0xff, 0xff, 0xff, 0xff, 0xff, 0xff,
    0xff, 0xff, 0xff, 0xfa, 0x0, 0x0, 0x0, 0x0,
    0x0, 0x0, 0xef, 0xe0, 0x0, 0x0, 0x0, 0x0,
    0x0, 0x0, 0x0, 0x0, 0x0, 0x0, 0x0, 0xef,
    0xe0, 0x0, 0x0, 0x0, 0x0, 0x0, 0x0, 0x0,
    0x0, 0x0, 0x0, 0x0, 0xef, 0xe0, 0x0, 0x0,
    0x0, 0x0, 0x0, 0x0, 0x0, 0x0, 0x0, 0x0,
    0x0, 0xef, 0xe0, 0x0, 0x0, 0x0, 0x0, 0x0,
    0x0, 0x0, 0x0, 0x0, 0x0, 0x0, 0xef, 0xe0,
    0x0, 0x0, 0x0, 0x0, 0x0, 0x0, 0x0, 0x0,
    0x0, 0x0, 0x0, 0xef, 0xe0, 0x0, 0x0, 0x0,
    0x0, 0x0, 0x0, 0x0, 0x0, 0x0, 0x0, 0x0,
    0xef, 0xe0, 0x0, 0x0, 0x0, 0x0, 0x0, 0x0,
    0x0, 0x0, 0x0, 0x0, 0x0, 0xef, 0xe0, 0x0,
    0x0, 0x0, 0x0, 0x0, 0x0, 0x0, 0x0, 0x0,
    0x0, 0x0, 0xef, 0xd0, 0x0, 0x0, 0x0, 0x0,
    0x0, 0x0, 0x0, 0x0, 0x5a, 0xaa, 0xab, 0xff,
    0xc0, 0x0, 0x0, 0x0, 0x0, 0x0, 0x0, 0x0,
    0x0, 0x2f, 0xff, 0xff, 0xff, 0x70, 0x0, 0x0,
    0x0, 0x0, 0x0, 0x0, 0x0, 0x0, 0xc, 0xff,
    0xfe, 0xc6, 0x0, 0x0, 0x0, 0x0, 0x0, 0x0,
    0x0, 0x0, 0x0, 0x0, 0x10, 0x0, 0x0, 0x0,
    0x0, 0x0, 0x0, 0x0, 0x0,

    /* U+4EAE "亮" */
    0x0, 0x0, 0x0, 0x0, 0x0, 0x4, 0x77, 0x0,
    0x0, 0x0, 0x0, 0x0, 0x0, 0x0, 0x0, 0x0,
    0x0, 0x0, 0xc, 0xff, 0x20, 0x0, 0x0, 0x0,
    0x0, 0x0, 0x1, 0x11, 0x11, 0x11, 0x11, 0x15,
    0xff, 0xa1, 0x11, 0x11, 0x11, 0x11, 0x10, 0x8f,
    0xff, 0xff, 0xff, 0xff, 0xff, 0xff, 0xff, 0xff,
    0xff, 0xff, 0xff, 0xf1, 0x8f, 0xff, 0xff, 0xff,
    0xff, 0xff, 0xff, 0xff, 0xff, 0xff, 0xff, 0xff,
    0xf1, 0x1, 0x11, 0x11, 0x11, 0x11, 0x11, 0x11,
    0x11, 0x11, 0x11, 0x11, 0x11, 0x10, 0x0, 0x0,
    0x5b, 0xbb, 0xbb, 0xbb, 0xbb, 0xbb, 0xbb, 0xbb,
    0xb4, 0x0, 0x0, 0x0, 0x0, 0x7f, 0xff, 0xff,
    0xff, 0xff, 0xff, 0xff, 0xff, 0xf6, 0x0, 0x0,
    0x0, 0x0, 0x7f, 0xf3, 0x0, 0x0, 0x0, 0x0,
    0x0, 0x5f, 0xf6, 0x0, 0x0, 0x0, 0x0, 0x7f,
    0xf2, 0x0, 0x0, 0x0, 0x0, 0x0, 0x5f, 0xf6,
    0x0, 0x0, 0x0, 0x0, 0x7f, 0xfc, 0xcc, 0xcc,
    0xcc, 0xcc, 0xcc, 0xdf, 0xf6, 0x0, 0x0, 0x0,
    0x0, 0x7f, 0xff, 0xff, 0xff, 0xff, 0xff, 0xff,
    0xff, 0xf6, 0x0, 0x0, 0x0, 0x0, 0x0, 0x0,
    0x0, 0x0, 0x0, 0x0, 0x0, 0x0, 0x0, 0x0,
    0x0, 0x3, 0x33, 0x33, 0x33, 0x33, 0x33, 0x33,
    0x33, 0x33, 0x33, 0x33, 0x33, 0x20, 0x1f, 0xff,
    0xff, 0xff, 0xff, 0xff, 0xff, 0xff, 0xff, 0xff,
    0xff, 0xff, 0xa0, 0x1f, 0xfe, 0xdd, 0xdd, 0xdd,
    0xdd, 0xdd, 0xdd, 0xdd, 0xdd, 0xdd, 0xff, 0xa0,
    0x1f, 0xf7, 0x0, 0x0, 0x0, 0x0, 0x0, 0x0,
    0x0, 0x0, 0x0, 0xef, 0xa0, 0x1f, 0xf7, 0x0,
    0xb, 0xff, 0xff, 0xff, 0xff, 0xff, 0x80, 0x0,
    0xef, 0xa0, 0x1b, 0xb5, 0x0, 0xd, 0xff, 0xff,
    0xff, 0xff, 0xff, 0x80, 0x0, 0x9b, 0x70, 0x0,
    0x0, 0x0, 0xf, 0xfb, 0x33, 0x33, 0x35, 0xff,
    0x80, 0x0, 0x0, 0x0, 0x0, 0x0, 0x0, 0x4f,
    0xf7, 0x0, 0x0, 0x3, 0xff, 0x80, 0x0, 0x11,
    0x0, 0x0, 0x0, 0x0, 0xcf, 0xf2, 0x0, 0x0,
    0x3, 0xff, 0x80, 0x0, 0x4f, 0x90, 0x0, 0x0,
    0xa, 0xff, 0xb0, 0x0, 0x0, 0x2, 0xff, 0x80,
    0x0, 0x5f, 0xf0, 0x0, 0x27, 0xef, 0xfe, 0x10,
    0x0, 0x0, 0x2, 0xff, 0xb3, 0x33, 0xbf, 0xd0,
    0x3e, 0xff, 0xff, 0xc2, 0x0, 0x0, 0x0, 0x0,
    0xef, 0xff, 0xff, 0xff, 0x90, 0xa, 0xff, 0xc5,
    0x0, 0x0, 0x0, 0x0, 0x0, 0x4d, 0xff, 0xff,
    0xfb, 0x10, 0x1, 0x51, 0x0, 0x0, 0x0, 0x0,
    0x0, 0x0, 0x0, 0x0, 0x0, 0x0, 0x0,

    /* U+4EBA "人" */
    0x0, 0x0, 0x0, 0x0, 0x0, 0x4, 0x66, 0x10,
    0x0, 0x0, 0x0, 0x0, 0x0, 0x0, 0x0, 0x0,
    0x0, 0x0, 0xb, 0xff, 0x40, 0x0, 0x0, 0x0,
    0x0, 0x0, 0x0, 0x0, 0x0, 0x0, 0x0, 0xb,
    0xff, 0x30, 0x0, 0x0, 0x0, 0x0, 0x0, 0x0,
    0x0, 0x0, 0x0, 0x0, 0xc, 0xff, 0x20, 0x0,
    0x0, 0x0, 0x0, 0x0, 0x0, 0x0, 0x0, 0x0,
    0x0, 0xd, 0xff, 0x10, 0x0, 0x0, 0x0, 0x0,
    0x0, 0x0, 0x0, 0x0, 0x0, 0x0, 0xe, 0xff,
    0x20, 0x0, 0x0, 0x0, 0x0, 0x0, 0x0, 0x0,
    0x0, 0x0, 0x0, 0xf, 0xff, 0x50, 0x0, 0x0,
    0x0, 0x0, 0x0, 0x0, 0x0, 0x0, 0x0, 0x0,
    0x2f, 0xff, 0x80, 0x0, 0x0, 0x0, 0x0, 0x0,
    0x0, 0x0, 0x0, 0x0, 0x0, 0x4f, 0xff, 0xb0,
    0x0, 0x0, 0x0, 0x0, 0x0, 0x0, 0x0, 0x0,
    0x0, 0x0, 0x7f, 0xff, 0xf0, 0x0, 0x0, 0x0,
    0x0, 0x0, 0x0, 0x0, 0x0, 0x0, 0x0, 0xbf,
    0xff, 0xf3, 0x0, 0x0, 0x0, 0x0, 0x0, 0x0,
    0x0, 0x0, 0x0, 0x0, 0xff, 0xff, 0xf8, 0x0,
    0x0, 0x0, 0x0, 0x0, 0x0, 0x0, 0x0, 0x0,
    0x4, 0xff, 0xac, 0xfe, 0x0, 0x0, 0x0, 0x0,
    0x0, 0x0, 0x0, 0x0, 0x0, 0xa, 0xff, 0x57,
    0xff, 0x50, 0x0, 0x0, 0x0, 0x0, 0x0, 0x0,
    0x0, 0x0, 0x1f, 0xff, 0x1, 0xff, 0xc0, 0x0,
    0x0, 0x0, 0x0, 0x0, 0x0, 0x0, 0x0, 0x8f,
    0xf9, 0x0, 0xaf, 0xf4, 0x0, 0x0, 0x0, 0x0,
    0x0, 0x0, 0x0, 0x1, 0xff, 0xf2, 0x0, 0x2f,
    0xfd, 0x0, 0x0, 0x0, 0x0, 0x0, 0x0, 0x0,
    0xa, 0xff, 0xa0, 0x0, 0xa, 0xff, 0x70, 0x0,
    0x0, 0x0, 0x0, 0x0, 0x0, 0x5f, 0xff, 0x10,
    0x0, 0x1, 0xff, 0xf4, 0x0, 0x0, 0x0, 0x0,
    0x0, 0x3, 0xff, 0xf7, 0x0, 0x0, 0x0, 0x7f,
    0xfe, 0x20, 0x0, 0x0, 0x0, 0x0, 0x2e, 0xff,
    0xb0, 0x0, 0x0, 0x0, 0xb, 0xff, 0xe2, 0x0,
    0x0, 0x0, 0x3, 0xef, 0xfd, 0x10, 0x0, 0x0,
    0x0, 0x0, 0xdf, 0xfe, 0x40, 0x0, 0x0, 0x6f,
    0xff, 0xe2, 0x0, 0x0, 0x0, 0x0, 0x0, 0x1d,
    0xff, 0xf9, 0x0, 0x3c, 0xff, 0xfd, 0x20, 0x0,
    0x0, 0x0, 0x0, 0x0, 0x1, 0xbf, 0xff, 0xe6,
    0x6f, 0xff, 0xb1, 0x0, 0x0, 0x0, 0x0, 0x0,
    0x0, 0x0, 0x8, 0xff, 0xf4, 0x4, 0xe6, 0x0,
    0x0, 0x0, 0x0, 0x0, 0x0, 0x0, 0x0, 0x0,
    0x2a, 0x60, 0x0, 0x0, 0x0, 0x0, 0x0, 0x0,
    0x0, 0x0, 0x0, 0x0, 0x0, 0x0, 0x0,

    /* U+4EC5 "仅" */
    0x0, 0x0, 0x0, 0x0, 0x10, 0x0, 0x0, 0x0,
    0x0, 0x0, 0x0, 0x0, 0x0, 0x0, 0x0, 0x0,
    0x0, 0x5, 0xfc, 0x40, 0x0, 0x0, 0x0, 0x0,
    0x0, 0x0, 0x0, 0x0, 0x0, 0x0, 0x0, 0xc,
    0xff, 0x10, 0x0, 0x0, 0x0, 0x0, 0x0, 0x0,
    0x0, 0x0, 0x0, 0x0, 0x0, 0x4f, 0xfa, 0x47,
    0x77, 0x77, 0x77, 0x77, 0x77, 0x77, 0x61, 0x0,
    0x0, 0x0, 0x0, 0xcf, 0xf3, 0xaf, 0xff, 0xff,
    0xff, 0xff, 0xff, 0xff, 0xf8, 0x0, 0x0, 0x0,
    0x6, 0xff, 0xa0, 0xaf, 0xff, 0xff, 0xff, 0xff,
    0xff, 0xff, 0xf6, 0x0, 0x0, 0x0, 0x1f, 0xff,
    0x20, 0xb, 0xfb, 0x0, 0x0, 0x0, 0x0, 0x6f,
    0xf2, 0x0, 0x0, 0x0, 0xbf, 0xfb, 0x0, 0x8,
    0xff, 0x0, 0x0, 0x0, 0x0, 0xbf, 0xe0, 0x0,
    0x0, 0x6, 0xff, 0xfa, 0x0, 0x4, 0xff, 0x40,
    0x0, 0x0, 0x0, 0xff, 0xb0, 0x0, 0x0, 0x3f,
    0xff, 0xfa, 0x0, 0x0, 0xff, 0x90, 0x0, 0x0,
    0x4, 0xff, 0x60, 0x0, 0x2, 0xef, 0xff, 0xfa,
    0x0, 0x0, 0xaf, 0xe0, 0x0, 0x0, 0xa, 0xff,
    0x10, 0x0, 0x1e, 0xff, 0xcf, 0xfa, 0x0, 0x0,
    0x4f, 0xf4, 0x0, 0x0, 0xf, 0xfb, 0x0, 0x0,
    0xc, 0xfe, 0x1e, 0xfa, 0x0, 0x0, 0xe, 0xfb,
    0x0, 0x0, 0x7f, 0xf4, 0x0, 0x0, 0x3, 0xe2,
    0xe, 0xfa, 0x0, 0x0, 0x8, 0xff, 0x20, 0x0,
    0xef, 0xd0, 0x0, 0x0, 0x0, 0x10, 0xe, 0xfa,
    0x0, 0x0, 0x1, 0xff, 0xa0, 0x8, 0xff, 0x50,
    0x0, 0x0, 0x0, 0x0, 0xe, 0xfa, 0x0, 0x0,
    0x0, 0x9f, 0xf4, 0x2f, 0xfd, 0x0, 0x0, 0x0,
    0x0, 0x0, 0xe, 0xfa, 0x0, 0x0, 0x0, 0x1f,
    0xfd, 0xcf, 0xf3, 0x0, 0x0, 0x0, 0x0, 0x0,
    0xe, 0xfa, 0x0, 0x0, 0x0, 0x6, 0xff, 0xff,
    0x90, 0x0, 0x0, 0x0, 0x0, 0x0, 0xe, 0xfa,
    0x0, 0x0, 0x0, 0x0, 0xdf, 0xfe, 0x0, 0x0,
    0x0, 0x0, 0x0, 0x0, 0xe, 0xfa, 0x0, 0x0,
    0x0, 0x7, 0xff, 0xff, 0x60, 0x0, 0x0, 0x0,
    0x0, 0x0, 0xe, 0xfa, 0x0, 0x0, 0x0, 0x8f,
    0xff, 0xff, 0xf7, 0x0, 0x0, 0x0, 0x0, 0x0,
    0xe, 0xfa, 0x0, 0x0, 0x2c, 0xff, 0xe3, 0x4f,
    0xff, 0xb1, 0x0, 0x0, 0x0, 0x0, 0xe, 0xfa,
    0x0, 0x8, 0xff, 0xfd, 0x20, 0x3, 0xef, 0xff,
    0x70, 0x0, 0x0, 0x0, 0xe, 0xfa, 0x18, 0xef,
    0xff, 0x90, 0x0, 0x0, 0x1c, 0xff, 0xfe, 0x80,
    0x0, 0x0, 0xe, 0xfa, 0x1e, 0xff, 0xd3, 0x0,
    0x0, 0x0, 0x0, 0x6e, 0xff, 0x80, 0x0, 0x0,
    0xe, 0xfa, 0x4, 0xc5, 0x0, 0x0, 0x0, 0x0,
    0x0, 0x0, 0x6a, 0x0, 0x0, 0x0, 0x0, 0x0,
    0x0, 0x0, 0x0, 0x0, 0x0, 0x0, 0x0, 0x0,
    0x0, 0x0,

    /* U+4EFB "任" */
    0x0, 0x0, 0x0, 0x0, 0x72, 0x0, 0x0, 0x0,
    0x0, 0x0, 0x0, 0x0, 0x0, 0x0, 0x0, 0x0,
    0x0, 0x6f, 0xf7, 0x0, 0x0, 0x0, 0x0, 0x1,
    0x59, 0xe9, 0x0, 0x0, 0x0, 0x0, 0xd, 0xff,
    0x10, 0x0, 0x0, 0x36, 0x9d, 0xff, 0xff, 0xf7,
    0x0, 0x0, 0x0, 0x6, 0xff, 0x93, 0x68, 0xbd,
    0xff, 0xff, 0xff, 0xff, 0xc8, 0x30, 0x0, 0x0,
    0x0, 0xef, 0xf2, 0xff, 0xff, 0xff, 0xff, 0xfd,
    0x84, 0x10, 0x0, 0x0, 0x0, 0x0, 0x9f, 0xf8,
    0xa, 0xfd, 0xb9, 0x66, 0xff, 0x70, 0x0, 0x0,
    0x0, 0x0, 0x0, 0x4f, 0xfe, 0x0, 0x0, 0x0,
    0x0, 0x3f, 0xf7, 0x0, 0x0, 0x0, 0x0, 0x0,
    0xd, 0xff, 0xa0, 0x0, 0x0, 0x0, 0x3, 0xff,
    0x70, 0x0, 0x0, 0x0, 0x0, 0xa, 0xff, 0xfa,
    0x0, 0x0, 0x0, 0x0, 0x3f, 0xf7, 0x0, 0x0,
    0x0, 0x0, 0x7, 0xff, 0xff, 0xa0, 0x0, 0x0,
    0x0, 0x3, 0xff, 0x70, 0x0, 0x0, 0x0, 0x6,
    0xff, 0xff, 0xfa, 0x0, 0x0, 0x0, 0x0, 0x3f,
    0xf7, 0x0, 0x0, 0x0, 0x2, 0xff, 0xf8, 0xef,
    0xa0, 0x0, 0x0, 0x0, 0x3, 0xff, 0x70, 0x0,
    0x0, 0x0, 0xa, 0xfb, 0xe, 0xfa, 0x1f, 0xff,
    0xff, 0xff, 0xff, 0xff, 0xff, 0xff, 0xff, 0xe0,
    0x1b, 0x0, 0xef, 0xa1, 0xff, 0xff, 0xff, 0xff,
    0xff, 0xff, 0xff, 0xff, 0xfe, 0x0, 0x0, 0xe,
    0xfa, 0x9, 0x99, 0x99, 0x99, 0xaf, 0xfc, 0x99,
    0x99, 0x99, 0x80, 0x0, 0x0, 0xef, 0xa0, 0x0,
    0x0, 0x0, 0x3, 0xff, 0x70, 0x0, 0x0, 0x0,
    0x0, 0x0, 0xe, 0xfa, 0x0, 0x0, 0x0, 0x0,
    0x3f, 0xf7, 0x0, 0x0, 0x0, 0x0, 0x0, 0x0,
    0xef, 0xa0, 0x0, 0x0, 0x0, 0x3, 0xff, 0x70,
    0x0, 0x0, 0x0, 0x0, 0x0, 0xe, 0xfa, 0x0,
    0x0, 0x0, 0x0, 0x3f, 0xf7, 0x0, 0x0, 0x0,
    0x0, 0x0, 0x0, 0xef, 0xa0, 0x0, 0x0, 0x0,
    0x3, 0xff, 0x70, 0x0, 0x0, 0x0, 0x0, 0x0,
    0xe, 0xfa, 0x0, 0x0, 0x0, 0x0, 0x3f, 0xf7,
    0x0, 0x0, 0x0, 0x0, 0x0, 0x0, 0xef, 0xa0,
    0x0, 0x0, 0x0, 0x3, 0xff, 0x70, 0x0, 0x0,
    0x0, 0x0, 0x0, 0xe, 0xfa, 0x0, 0x55, 0x55,
    0x55, 0x7f, 0xf9, 0x55, 0x55, 0x55, 0x20, 0x0,
    0x0, 0xef, 0xa0, 0xf, 0xff, 0xff, 0xff, 0xff,
    0xff, 0xff, 0xff, 0xf8, 0x0, 0x0, 0xe, 0xfa,
    0x0, 0xff, 0xff, 0xff, 0xff, 0xff, 0xff, 0xff,
    0xff, 0x80, 0x0, 0x0, 0xef, 0xa0, 0x2, 0x22,
    0x22, 0x22, 0x22, 0x22, 0x22, 0x22, 0x21,

    /* U+4F34 "伴" */
    0x0, 0x0, 0x0, 0x62, 0x0, 0x0, 0x0, 0x1,
    0xaa, 0x40, 0x0, 0x0, 0x0, 0x0, 0x0, 0x0,
    0x2f, 0xf7, 0x0, 0x0, 0x0, 0x2f, 0xf7, 0x0,
    0x0, 0x0, 0x0, 0x0, 0x0, 0x7, 0xff, 0x24,
    0xc8, 0x0, 0x2, 0xff, 0x70, 0x0, 0xcc, 0x50,
    0x0, 0x0, 0x0, 0xdf, 0xd0, 0x9f, 0xf3, 0x0,
    0x2f, 0xf7, 0x0, 0x3f, 0xf6, 0x0, 0x0, 0x0,
    0x3f, 0xf7, 0x0, 0xef, 0xd0, 0x2, 0xff, 0x70,
    0xa, 0xfe, 0x0, 0x0, 0x0, 0xa, 0xff, 0x10,
    0x5, 0xff, 0x70, 0x2f, 0xf7, 0x2, 0xff, 0x80,
    0x0, 0x0, 0x2, 0xff, 0xa0, 0x0, 0xb, 0xff,
    0x12, 0xff, 0x70, 0xaf, 0xf1, 0x0, 0x0, 0x0,
    0xaf, 0xf9, 0x0, 0x0, 0x2f, 0xf9, 0x2f, 0xf7,
    0x3f, 0xf8, 0x0, 0x0, 0x0, 0x2f, 0xff, 0x90,
    0x0, 0x0, 0x99, 0x12, 0xff, 0x70, 0x6d, 0x10,
    0x0, 0x0, 0xb, 0xff, 0xf9, 0x0, 0x35, 0x55,
    0x55, 0x6f, 0xf9, 0x55, 0x55, 0x55, 0x10, 0x5,
    0xff, 0xff, 0x90, 0xc, 0xff, 0xff, 0xff, 0xff,
    0xff, 0xff, 0xff, 0xf3, 0x1, 0xff, 0xff, 0xf9,
    0x0, 0xcf, 0xff, 0xff, 0xff, 0xff, 0xff, 0xff,
    0xff, 0x30, 0xc, 0xf7, 0xef, 0x90, 0x1, 0x22,
    0x22, 0x24, 0xff, 0x82, 0x22, 0x22, 0x20, 0x0,
    0x5c, 0xe, 0xf9, 0x0, 0x0, 0x0, 0x0, 0x2f,
    0xf7, 0x0, 0x0, 0x0, 0x0, 0x0, 0x10, 0xef,
    0x90, 0x0, 0x0, 0x0, 0x2, 0xff, 0x70, 0x0,
    0x0, 0x0, 0x0, 0x0, 0xe, 0xf9, 0x1, 0x22,
    0x22, 0x22, 0x4f, 0xf8, 0x22, 0x22, 0x22, 0x20,
    0x0, 0x0, 0xef, 0x90, 0xef, 0xff, 0xff, 0xff,
    0xff, 0xff, 0xff, 0xff, 0xff, 0x50, 0x0, 0xe,
    0xf9, 0xe, 0xff, 0xff, 0xff, 0xff, 0xff, 0xff,
    0xff, 0xff, 0xf5, 0x0, 0x0, 0xef, 0x90, 0x45,
    0x55, 0x55, 0x56, 0xff, 0x95, 0x55, 0x55, 0x55,
    0x10, 0x0, 0xe, 0xf9, 0x0, 0x0, 0x0, 0x0,
    0x2f, 0xf7, 0x0, 0x0, 0x0, 0x0, 0x0, 0x0,
    0xef, 0x90, 0x0, 0x0, 0x0, 0x2, 0xff, 0x70,
    0x0, 0x0, 0x0, 0x0, 0x0, 0xe, 0xf9, 0x0,
    0x0, 0x0, 0x0, 0x2f, 0xf7, 0x0, 0x0, 0x0,
    0x0, 0x0, 0x0, 0xef, 0x90, 0x0, 0x0, 0x0,
    0x2, 0xff, 0x70, 0x0, 0x0, 0x0, 0x0, 0x0,
    0xe, 0xf9, 0x0, 0x0, 0x0, 0x0, 0x2f, 0xf7,
    0x0, 0x0, 0x0, 0x0, 0x0, 0x0, 0xef, 0x90,
    0x0, 0x0, 0x0, 0x2, 0xff, 0x70, 0x0, 0x0,
    0x0, 0x0, 0x0, 0xe, 0xf9, 0x0, 0x0, 0x0,
    0x0, 0x2f, 0xf7, 0x0, 0x0, 0x0, 0x0,

    /* U+4F4F "住" */
    0x0, 0x0, 0x0, 0x12, 0x0, 0x0, 0x0, 0x2,
    0x70, 0x0, 0x0, 0x0, 0x0, 0x0, 0x0, 0x0,
    0x8, 0xfd, 0x10, 0x0, 0x4, 0xff, 0x70, 0x0,
    0x0, 0x0, 0x0, 0x0, 0x0, 0x0, 0xef, 0xd0,
    0x0, 0x0, 0xd, 0xff, 0x10, 0x0, 0x0, 0x0,
    0x0, 0x0, 0x0, 0x6f, 0xf6, 0x0, 0x0, 0x0,
    0x5f, 0xf9, 0x0, 0x0, 0x0, 0x0, 0x0, 0x0,
    0xe, 0xfe, 0x0, 0x0, 0x0, 0x0, 0xdf, 0xf0,
    0x0, 0x0, 0x0, 0x0, 0x0, 0x7, 0xff, 0x70,
    0x22, 0x22, 0x22, 0x28, 0x93, 0x22, 0x22, 0x22,
    0x10, 0x0, 0x2, 0xff, 0xe0, 0x3f, 0xff, 0xff,
    0xff, 0xff, 0xff, 0xff, 0xff, 0xfa, 0x0, 0x0,
    0xbf, 0xf9, 0x3, 0xff, 0xff, 0xff, 0xff, 0xff,
    0xff, 0xff, 0xff, 0xa0, 0x0, 0x5f, 0xff, 0x80,
    0x15, 0x55, 0x55, 0x56, 0xff, 0xb5, 0x55, 0x55,
    0x53, 0x0, 0x2f, 0xff, 0xf8, 0x0, 0x0, 0x0,
    0x0, 0x1f, 0xf8, 0x0, 0x0, 0x0, 0x0, 0x1d,
    0xff, 0xff, 0x80, 0x0, 0x0, 0x0, 0x1, 0xff,
    0x80, 0x0, 0x0, 0x0, 0xa, 0xff, 0xdf, 0xf8,
    0x0, 0x0, 0x0, 0x0, 0x1f, 0xf8, 0x0, 0x0,
    0x0, 0x0, 0x3f, 0xe3, 0xff, 0x80, 0x0, 0x0,
    0x0, 0x1, 0xff, 0x80, 0x0, 0x0, 0x0, 0x0,
    0x93, 0x1f, 0xf8, 0x0, 0x0, 0x0, 0x0, 0x2f,
    0xf8, 0x0, 0x0, 0x0, 0x0, 0x0, 0x1, 0xff,
    0x80, 0x4, 0xff, 0xff, 0xff, 0xff, 0xff, 0xff,
    0xff, 0xd0, 0x0, 0x0, 0x1f, 0xf8, 0x0, 0x4f,
    0xff, 0xff, 0xff, 0xff, 0xff, 0xff, 0xfd, 0x0,
    0x0, 0x1, 0xff, 0x80, 0x1, 0x66, 0x66, 0x67,
    0xff, 0xb6, 0x66, 0x66, 0x50, 0x0, 0x0, 0x1f,
    0xf8, 0x0, 0x0, 0x0, 0x0, 0x1f, 0xf8, 0x0,
    0x0, 0x0, 0x0, 0x0, 0x1, 0xff, 0x80, 0x0,
    0x0, 0x0, 0x1, 0xff, 0x80, 0x0, 0x0, 0x0,
    0x0, 0x0, 0x1f, 0xf8, 0x0, 0x0, 0x0, 0x0,
    0x1f, 0xf8, 0x0, 0x0, 0x0, 0x0, 0x0, 0x1,
    0xff, 0x80, 0x0, 0x0, 0x0, 0x1, 0xff, 0x80,
    0x0, 0x0, 0x0, 0x0, 0x0, 0x1f, 0xf8, 0x0,
    0x0, 0x0, 0x0, 0x1f, 0xf8, 0x0, 0x0, 0x0,
    0x0, 0x0, 0x1, 0xff, 0x80, 0x33, 0x33, 0x33,
    0x34, 0xff, 0xa3, 0x33, 0x33, 0x33, 0x0, 0x0,
    0x1f, 0xf8, 0xe, 0xff, 0xff, 0xff, 0xff, 0xff,
    0xff, 0xff, 0xff, 0xf1, 0x0, 0x1, 0xff, 0x80,
    0xef, 0xff, 0xff, 0xff, 0xff, 0xff, 0xff, 0xff,
    0xff, 0x10, 0x0, 0x1f, 0xf8, 0x3, 0x44, 0x44,
    0x44, 0x44, 0x44, 0x44, 0x44, 0x44, 0x40,

    /* U+4F53 "体" */
    0x0, 0x0, 0x0, 0x5, 0x10, 0x0, 0x0, 0x0,
    0x58, 0x70, 0x0, 0x0, 0x0, 0x0, 0x0, 0x0,
    0x0, 0x6f, 0xf4, 0x0, 0x0, 0x0, 0xaf, 0xe0,
    0x0, 0x0, 0x0, 0x0, 0x0, 0x0, 0x0, 0xcf,
    0xe0, 0x0, 0x0, 0x0, 0xaf, 0xe0, 0x0, 0x0,
    0x0, 0x0, 0x0, 0x0, 0x3, 0xff, 0x80, 0x0,
    0x0, 0x0, 0xaf, 0xe0, 0x0, 0x0, 0x0, 0x0,
    0x0, 0x0, 0xa, 0xff, 0x20, 0x0, 0x0, 0x0,
    0xaf, 0xe0, 0x0, 0x0, 0x0, 0x0, 0x0, 0x0,
    0x3f, 0xfa, 0x2, 0x22, 0x22, 0x22, 0xbf, 0xe2,
    0x22, 0x22, 0x22, 0x20, 0x0, 0x0, 0xbf, 0xf2,
    0x2f, 0xff, 0xff, 0xff, 0xff, 0xff, 0xff, 0xff,
    0xff, 0xe0, 0x0, 0x4, 0xff, 0xe0, 0x2f, 0xff,
    0xff, 0xff, 0xff, 0xff, 0xff, 0xff, 0xff, 0xe0,
    0x0, 0xd, 0xff, 0xe0, 0x5, 0x55, 0x55, 0x6f,
    0xff, 0xff, 0xa5, 0x55, 0x55, 0x40, 0x0, 0x8f,
    0xff, 0xe0, 0x0, 0x0, 0x0, 0x8f, 0xff, 0xff,
    0xd0, 0x0, 0x0, 0x0, 0x5, 0xff, 0xff, 0xe0,
    0x0, 0x0, 0x0, 0xef, 0xff, 0xff, 0xf3, 0x0,
    0x0, 0x0, 0xe, 0xff, 0xdf, 0xe0, 0x0, 0x0,
    0x6, 0xfe, 0xaf, 0xe9, 0xfa, 0x0, 0x0, 0x0,
    0x7, 0xf8, 0x9f, 0xe0, 0x0, 0x0, 0xd, 0xf8,
    0xaf, 0xe2, 0xff, 0x20, 0x0, 0x0, 0x0, 0xa0,
    0x9f, 0xe0, 0x0, 0x0, 0x7f, 0xf1, 0xaf, 0xe0,
    0xbf, 0xb0, 0x0, 0x0, 0x0, 0x0, 0x9f, 0xe0,
    0x0, 0x1, 0xff, 0x90, 0xaf, 0xe0, 0x5f, 0xf4,
    0x0, 0x0, 0x0, 0x0, 0x9f, 0xe0, 0x0, 0xa,
    0xff, 0x10, 0xaf, 0xe0, 0xc, 0xfe, 0x0, 0x0,
    0x0, 0x0, 0x9f, 0xe0, 0x0, 0x6f, 0xf8, 0x0,
    0xaf, 0xe0, 0x4, 0xff, 0x90, 0x0, 0x0, 0x0,
    0x9f, 0xe0, 0x3, 0xff, 0xe0, 0x0, 0xaf, 0xe0,
    0x0, 0xaf, 0xf6, 0x0, 0x0, 0x0, 0x9f, 0xe0,
    0x2e, 0xff, 0x51, 0x11, 0xaf, 0xe1, 0x11, 0x3f,
    0xff, 0x40, 0x0, 0x0, 0x9f, 0xe2, 0xef, 0xf8,
    0xdf, 0xff, 0xff, 0xff, 0xff, 0xf6, 0xff, 0xf4,
    0x0, 0x0, 0x9f, 0xe1, 0xcf, 0xb0, 0xdf, 0xff,
    0xff, 0xff, 0xff, 0xf0, 0x9f, 0xb0, 0x0, 0x0,
    0x9f, 0xe0, 0x9, 0x0, 0x34, 0x44, 0xbf, 0xe4,
    0x44, 0x40, 0x8, 0x0, 0x0, 0x0, 0x9f, 0xe0,
    0x0, 0x0, 0x0, 0x0, 0xaf, 0xe0, 0x0, 0x0,
    0x0, 0x0, 0x0, 0x0, 0x9f, 0xe0, 0x0, 0x0,
    0x0, 0x0, 0xaf, 0xe0, 0x0, 0x0, 0x0, 0x0,
    0x0, 0x0, 0x9f, 0xe0, 0x0, 0x0, 0x0, 0x0,
    0xaf, 0xe0, 0x0, 0x0, 0x0, 0x0, 0x0, 0x0,
    0x9f, 0xe0, 0x0, 0x0, 0x0, 0x0, 0x9e, 0xc0,
    0x0, 0x0, 0x0, 0x0,

    /* U+4F7F "使" */
    0x0, 0x0, 0x0, 0x3, 0x40, 0x0, 0x0, 0x0,
    0x25, 0x51, 0x0, 0x0, 0x0, 0x0, 0x0, 0x0,
    0x0, 0xc, 0xfd, 0x0, 0x0, 0x0, 0x6f, 0xf3,
    0x0, 0x0, 0x0, 0x0, 0x0, 0x0, 0x0, 0x3f,
    0xf8, 0x0, 0x0, 0x0, 0x6f, 0xf3, 0x0, 0x0,
    0x0, 0x0, 0x0, 0x0, 0x0, 0xcf, 0xf6, 0x66,
    0x66, 0x66, 0xaf, 0xf8, 0x66, 0x66, 0x66, 0x60,
    0x0, 0x0, 0x4, 0xff, 0x8c, 0xff, 0xff, 0xff,
    0xff, 0xff, 0xff, 0xff, 0xff, 0xe0, 0x0, 0x0,
    0xe, 0xfe, 0x1b, 0xff, 0xff, 0xff, 0xff, 0xff,
    0xff, 0xff, 0xff, 0xe0, 0x0, 0x0, 0x9f, 0xf7,
    0x0, 0x0, 0x0, 0x0, 0x6f, 0xf3, 0x0, 0x0,
    0x0, 0x0, 0x0, 0x4, 0xff, 0xf4, 0x0, 0x0,
    0x0, 0x0, 0x6f, 0xf3, 0x0, 0x0, 0x0, 0x0,
    0x0, 0x1e, 0xff, 0xf4, 0x0, 0xff, 0xff, 0xff,
    0xff, 0xff, 0xff, 0xff, 0xff, 0x10, 0x0, 0xcf,
    0xff, 0xf4, 0x0, 0xff, 0xff, 0xff, 0xff, 0xff,
    0xff, 0xff, 0xff, 0x10, 0xc, 0xff, 0xef, 0xf4,
    0x0, 0xff, 0x73, 0x33, 0x8f, 0xf5, 0x33, 0x38,
    0xff, 0x10, 0x2f, 0xfe, 0x5f, 0xf4, 0x0, 0xff,
    0x50, 0x0, 0x6f, 0xf3, 0x0, 0x6, 0xff, 0x10,
    0x8, 0xf3, 0x3f, 0xf4, 0x0, 0xff, 0x50, 0x0,
    0x6f, 0xf3, 0x0, 0x6, 0xff, 0x10, 0x1, 0x50,
    0x3f, 0xf4, 0x0, 0xff, 0x61, 0x11, 0x7f, 0xf4,
    0x11, 0x17, 0xff, 0x10, 0x0, 0x0, 0x3f, 0xf4,
    0x0, 0xff, 0xff, 0xff, 0xff, 0xff, 0xff, 0xff,
    0xff, 0x10, 0x0, 0x0, 0x3f, 0xf4, 0x0, 0xff,
    0xff, 0xff, 0xff, 0xff, 0xff, 0xff, 0xff, 0x10,
    0x0, 0x0, 0x3f, 0xf4, 0x0, 0x16, 0x31, 0x11,
    0xaf, 0xe1, 0x11, 0x11, 0x11, 0x0, 0x0, 0x0,
    0x3f, 0xf4, 0x0, 0xcf, 0xc0, 0x0, 0xef, 0xb0,
    0x0, 0x0, 0x0, 0x0, 0x0, 0x0, 0x3f, 0xf4,
    0x0, 0x2f, 0xfb, 0x2, 0xff, 0x70, 0x0, 0x0,
    0x0, 0x0, 0x0, 0x0, 0x3f, 0xf4, 0x0, 0x5,
    0xff, 0xcb, 0xff, 0x20, 0x0, 0x0, 0x0, 0x0,
    0x0, 0x0, 0x3f, 0xf4, 0x0, 0x0, 0x5f, 0xff,
    0xf9, 0x0, 0x0, 0x0, 0x0, 0x0, 0x0, 0x0,
    0x3f, 0xf4, 0x0, 0x0, 0xa, 0xff, 0xfe, 0x71,
    0x0, 0x0, 0x0, 0x0, 0x0, 0x0, 0x3f, 0xf4,
    0x0, 0x4, 0xcf, 0xff, 0xff, 0xff, 0xb6, 0x20,
    0x0, 0x0, 0x0, 0x0, 0x3f, 0xf4, 0x38, 0xdf,
    0xff, 0xc2, 0x2a, 0xff, 0xff, 0xfe, 0xb9, 0x70,
    0x0, 0x0, 0x3f, 0xf4, 0x4f, 0xff, 0xe7, 0x0,
    0x0, 0x17, 0xcf, 0xff, 0xff, 0x90, 0x0, 0x0,
    0x3f, 0xf4, 0x8, 0xb5, 0x0, 0x0, 0x0, 0x0,
    0x1, 0x48, 0xbc, 0x0,

    /* U+4FDD "保" */
    0x0, 0x0, 0x0, 0x2, 0x20, 0x0, 0x0, 0x0,
    0x0, 0x0, 0x0, 0x0, 0x0, 0x0, 0x0, 0x0,
    0x0, 0xb, 0xfc, 0x3, 0x33, 0x33, 0x33, 0x33,
    0x33, 0x33, 0x31, 0x0, 0x0, 0x0, 0x0, 0x2f,
    0xf9, 0x2f, 0xff, 0xff, 0xff, 0xff, 0xff, 0xff,
    0xf5, 0x0, 0x0, 0x0, 0x0, 0xaf, 0xf2, 0x2f,
    0xff, 0xff, 0xff, 0xff, 0xff, 0xff, 0xf5, 0x0,
    0x0, 0x0, 0x2, 0xff, 0xa0, 0x2f, 0xf6, 0x11,
    0x11, 0x11, 0x11, 0x5f, 0xf5, 0x0, 0x0, 0x0,
    0xb, 0xff, 0x20, 0x2f, 0xf5, 0x0, 0x0, 0x0,
    0x0, 0x4f, 0xf5, 0x0, 0x0, 0x0, 0x5f, 0xf9,
    0x0, 0x2f, 0xf5, 0x0, 0x0, 0x0, 0x0, 0x4f,
    0xf5, 0x0, 0x0, 0x1, 0xef, 0xf4, 0x0, 0x2f,
    0xf5, 0x0, 0x0, 0x0, 0x0, 0x4f, 0xf5, 0x0,
    0x0, 0xb, 0xff, 0xf4, 0x0, 0x2f, 0xf9, 0x55,
    0x55, 0x55, 0x55, 0x8f, 0xf5, 0x0, 0x0, 0x9f,
    0xff, 0xf4, 0x0, 0x2f, 0xff, 0xff, 0xff, 0xff,
    0xff, 0xff, 0xf5, 0x0, 0x7, 0xff, 0xff, 0xf4,
    0x0, 0x1f, 0xff, 0xff, 0xff, 0xff, 0xff, 0xff,
    0xf5, 0x0, 0x1f, 0xff, 0x8f, 0xf4, 0x0, 0x0,
    0x0, 0x0, 0x5f, 0xf4, 0x0, 0x0, 0x0, 0x0,
    0x8, 0xf7, 0x3f, 0xf4, 0x0, 0x0, 0x0, 0x0,
    0x5f, 0xf4, 0x0, 0x0, 0x0, 0x0, 0x1, 0x80,
    0x3f, 0xf4, 0x0, 0x0, 0x0, 0x0, 0x5f, 0xf4,
    0x0, 0x0, 0x0, 0x0, 0x0, 0x0, 0x3f, 0xf4,
    0x1f, 0xff, 0xff, 0xff, 0xff, 0xff, 0xff, 0xff,
    0xff, 0xd0, 0x0, 0x0, 0x3f, 0xf4, 0x1f, 0xff,
    0xff, 0xff, 0xff, 0xff, 0xff, 0xff, 0xff, 0xd0,
    0x0, 0x0, 0x3f, 0xf4, 0x5, 0x55, 0x55, 0x5f,
    0xff, 0xff, 0xe5, 0x55, 0x55, 0x40, 0x0, 0x0,
    0x3f, 0xf4, 0x0, 0x0, 0x0, 0xaf, 0xff, 0xff,
    0xf8, 0x0, 0x0, 0x0, 0x0, 0x0, 0x3f, 0xf4,
    0x0, 0x0, 0x7, 0xff, 0xcf, 0xfb, 0xff, 0x40,
    0x0, 0x0, 0x0, 0x0, 0x3f, 0xf4, 0x0, 0x0,
    0x7f, 0xfb, 0x5f, 0xf4, 0xcf, 0xf4, 0x0, 0x0,
    0x0, 0x0, 0x3f, 0xf4, 0x0, 0x8, 0xff, 0xd1,
    0x5f, 0xf4, 0x1e, 0xff, 0x40, 0x0, 0x0, 0x0,
    0x3f, 0xf4, 0x1, 0xbf, 0xfe, 0x10, 0x5f, 0xf4,
    0x3, 0xff, 0xf7, 0x0, 0x0, 0x0, 0x3f, 0xf4,
    0x7f, 0xff, 0xd2, 0x0, 0x5f, 0xf4, 0x0, 0x4f,
    0xff, 0xc2, 0x0, 0x0, 0x3f, 0xf4, 0x6f, 0xfb,
    0x10, 0x0, 0x5f, 0xf4, 0x0, 0x3, 0xef, 0xd1,
    0x0, 0x0, 0x3f, 0xf4, 0x7, 0x70, 0x0, 0x0,
    0x5f, 0xf4, 0x0, 0x0, 0x1b, 0x20, 0x0, 0x0,
    0x3f, 0xf4, 0x0, 0x0, 0x0, 0x0, 0x5f, 0xf4,
    0x0, 0x0, 0x0, 0x0, 0x0, 0x0, 0x0, 0x0,
    0x0, 0x0, 0x0, 0x0, 0x1, 0x10, 0x0, 0x0,
    0x0, 0x0,

    /* U+4FE1 "信" */
    0x0, 0x0, 0x0, 0x3, 0x0, 0x0, 0x0, 0x0,
    0x24, 0x0, 0x0, 0x0, 0x0, 0x0, 0x0, 0x0,
    0x3, 0xff, 0x40, 0x0, 0x0, 0x7f, 0xf2, 0x0,
    0x0, 0x0, 0x0, 0x0, 0x0, 0x0, 0xaf, 0xf0,
    0x0, 0x0, 0x2, 0xff, 0xa0, 0x0, 0x0, 0x0,
    0x0, 0x0, 0x0, 0x1f, 0xf9, 0x0, 0x0, 0x0,
    0x9, 0xff, 0x30, 0x0, 0x0, 0x0, 0x0, 0x0,
    0x8, 0xff, 0x20, 0x0, 0x0, 0x0, 0x1e, 0x92,
    0x0, 0x0, 0x0, 0x0, 0x0, 0x1, 0xff, 0x91,
    0xff, 0xff, 0xff, 0xff, 0xff, 0xff, 0xff, 0xff,
    0xfa, 0x0, 0x0, 0xaf, 0xf2, 0x1f, 0xff, 0xff,
    0xff, 0xff, 0xff, 0xff, 0xff, 0xff, 0xa0, 0x0,
    0x3f, 0xff, 0x10, 0x11, 0x11, 0x11, 0x11, 0x11,
    0x11, 0x11, 0x11, 0x11, 0x0, 0xc, 0xff, 0xf1,
    0x0, 0x0, 0x0, 0x0, 0x0, 0x0, 0x0, 0x0,
    0x0, 0x0, 0x7, 0xff, 0xff, 0x10, 0x1, 0xff,
    0xff, 0xff, 0xff, 0xff, 0xff, 0xf8, 0x0, 0x4,
    0xff, 0xff, 0xf1, 0x0, 0x1f, 0xff, 0xff, 0xff,
    0xff, 0xff, 0xff, 0x80, 0x0, 0xdf, 0xf7, 0xff,
    0x10, 0x0, 0x22, 0x22, 0x22, 0x22, 0x22, 0x22,
    0x21, 0x0, 0x6, 0xf7, 0x4f, 0xf1, 0x0, 0x0,
    0x0, 0x0, 0x0, 0x0, 0x0, 0x0, 0x0, 0x0,
    0x8, 0x4, 0xff, 0x10, 0x1, 0xff, 0xff, 0xff,
    0xff, 0xff, 0xff, 0xf8, 0x0, 0x0, 0x0, 0x4f,
    0xf1, 0x0, 0x1f, 0xff, 0xff, 0xff, 0xff, 0xff,
    0xff, 0x80, 0x0, 0x0, 0x4, 0xff, 0x10, 0x0,
    0x11, 0x11, 0x11, 0x11, 0x11, 0x11, 0x10, 0x0,
    0x0, 0x0, 0x4f, 0xf1, 0x0, 0x0, 0x0, 0x0,
    0x0, 0x0, 0x0, 0x0, 0x0, 0x0, 0x0, 0x4,
    0xff, 0x10, 0x7, 0xff, 0xff, 0xff, 0xff, 0xff,
    0xff, 0xfc, 0x0, 0x0, 0x0, 0x4f, 0xf1, 0x0,
    0x7f, 0xff, 0xff, 0xff, 0xff, 0xff, 0xff, 0xd0,
    0x0, 0x0, 0x4, 0xff, 0x10, 0x7, 0xfc, 0x22,
    0x22, 0x22, 0x22, 0x28, 0xfd, 0x0, 0x0, 0x0,
    0x4f, 0xf1, 0x0, 0x7f, 0xb0, 0x0, 0x0, 0x0,
    0x0, 0x7f, 0xd0, 0x0, 0x0, 0x4, 0xff, 0x10,
    0x7, 0xfb, 0x0, 0x0, 0x0, 0x0, 0x7, 0xfd,
    0x0, 0x0, 0x0, 0x4f, 0xf1, 0x0, 0x7f, 0xb0,
    0x0, 0x0, 0x0, 0x0, 0x7f, 0xd0, 0x0, 0x0,
    0x4, 0xff, 0x10, 0x7, 0xff, 0xff, 0xff, 0xff,
    0xff, 0xff, 0xfd, 0x0, 0x0, 0x0, 0x4f, 0xf1,
    0x0, 0x7f, 0xff, 0xff, 0xff, 0xff, 0xff, 0xff,
    0xd0, 0x0, 0x0, 0x4, 0xff, 0x10, 0x7, 0xeb,
    0x22, 0x22, 0x22, 0x22, 0x27, 0xdb, 0x0,

    /* U+50A8 "储" */
    0x0, 0x0, 0x1, 0x51, 0x0, 0x0, 0x0, 0x0,
    0x5, 0x74, 0x0, 0x0, 0x0, 0x0, 0x0, 0x0,
    0x7f, 0xf0, 0x0, 0x0, 0x0, 0x0, 0xcf, 0xa0,
    0x0, 0x8, 0x51, 0x0, 0x0, 0xd, 0xfa, 0x7,
    0x40, 0x0, 0x0, 0xc, 0xfa, 0x0, 0x3, 0xff,
    0x50, 0x0, 0x2, 0xff, 0x48, 0xff, 0x30, 0x4,
    0x44, 0xdf, 0xb4, 0x42, 0xaf, 0xd0, 0x0, 0x0,
    0x7f, 0xe0, 0xc, 0xfe, 0x21, 0xff, 0xff, 0xff,
    0xff, 0xaf, 0xf5, 0x0, 0x0, 0xe, 0xf8, 0x0,
    0x1e, 0xfd, 0x1e, 0xee, 0xff, 0xfe, 0xef, 0xfd,
    0x0, 0x0, 0x6, 0xff, 0x10, 0x0, 0x3f, 0x80,
    0x0, 0xc, 0xfa, 0x5, 0xff, 0x30, 0x0, 0x0,
    0xdf, 0xf0, 0x0, 0x0, 0x10, 0x0, 0x0, 0xcf,
    0xa1, 0xef, 0x90, 0x0, 0x0, 0x5f, 0xff, 0x0,
    0x0, 0x0, 0x5, 0x66, 0x6d, 0xfc, 0xcf, 0xf7,
    0x66, 0x40, 0xd, 0xff, 0xf0, 0xdf, 0xff, 0xe0,
    0xef, 0xff, 0xff, 0xff, 0xff, 0xff, 0xfb, 0x8,
    0xff, 0xff, 0xe, 0xff, 0xfe, 0xd, 0xee, 0xee,
    0xff, 0xfe, 0xee, 0xee, 0xa1, 0xff, 0xcf, 0xf0,
    0x78, 0xaf, 0xe0, 0x0, 0x0, 0x9f, 0xfa, 0x0,
    0x0, 0x0, 0xb, 0xe5, 0xff, 0x0, 0x4, 0xfe,
    0x0, 0x0, 0x9f, 0xfc, 0x0, 0x0, 0x0, 0x0,
    0x44, 0x4f, 0xf0, 0x0, 0x4f, 0xe0, 0x0, 0xaf,
    0xfe, 0x32, 0x22, 0x22, 0x10, 0x0, 0x4, 0xff,
    0x0, 0x4, 0xfe, 0x3, 0xdf, 0xff, 0xff, 0xff,
    0xff, 0xf9, 0x0, 0x0, 0x4f, 0xf0, 0x0, 0x4f,
    0xe4, 0xff, 0xff, 0xff, 0xff, 0xff, 0xff, 0x90,
    0x0, 0x4, 0xff, 0x0, 0x4, 0xfe, 0xb, 0xfb,
    0xfe, 0x0, 0x0, 0xb, 0xf9, 0x0, 0x0, 0x4f,
    0xf0, 0x0, 0x4f, 0xe0, 0x12, 0x5f, 0xe0, 0x0,
    0x0, 0xbf, 0x90, 0x0, 0x4, 0xff, 0x0, 0x4,
    0xfe, 0x0, 0x5, 0xff, 0xee, 0xee, 0xef, 0xf9,
    0x0, 0x0, 0x4f, 0xf0, 0x0, 0x4f, 0xe0, 0x11,
    0x5f, 0xff, 0xff, 0xff, 0xff, 0x90, 0x0, 0x4,
    0xff, 0x0, 0x4, 0xfe, 0x6f, 0x65, 0xfe, 0x0,
    0x0, 0xb, 0xf9, 0x0, 0x0, 0x4f, 0xf0, 0x0,
    0x5f, 0xff, 0xf9, 0x5f, 0xe0, 0x0, 0x0, 0xbf,
    0x90, 0x0, 0x4, 0xff, 0x0, 0xb, 0xff, 0xf9,
    0x5, 0xfe, 0x22, 0x22, 0x2b, 0xf9, 0x0, 0x0,
    0x4f, 0xf0, 0x3, 0xff, 0xd3, 0x0, 0x5f, 0xff,
    0xff, 0xff, 0xff, 0x90, 0x0, 0x4, 0xff, 0x0,
    0x9, 0xa0, 0x0, 0x5, 0xff, 0xff, 0xff, 0xff,
    0xf9, 0x0, 0x0, 0x4f, 0xf0, 0x0, 0x0, 0x0,
    0x0, 0x5f, 0xd0, 0x0, 0x0, 0x9d, 0x80,

    /* U+513F "儿" */
    0x0, 0x0, 0x0, 0x2, 0x32, 0x0, 0x0, 0x0,
    0x2, 0x33, 0x0, 0x0, 0x0, 0x0, 0x0, 0x0,
    0x0, 0xef, 0xb0, 0x0, 0x0, 0x0, 0xbf, 0xe0,
    0x0, 0x0, 0x0, 0x0, 0x0, 0x0, 0xe, 0xfb,
    0x0, 0x0, 0x0, 0xb, 0xfe, 0x0, 0x0, 0x0,
    0x0, 0x0, 0x0, 0x0, 0xef, 0xb0, 0x0, 0x0,
    0x0, 0xbf, 0xe0, 0x0, 0x0, 0x0, 0x0, 0x0,
    0x0, 0xe, 0xfb, 0x0, 0x0, 0x0, 0xb, 0xfe,
    0x0, 0x0, 0x0, 0x0, 0x0, 0x0, 0x0, 0xef,
    0xb0, 0x0, 0x0, 0x0, 0xbf, 0xe0, 0x0, 0x0,
    0x0, 0x0, 0x0, 0x0, 0xe, 0xfb, 0x0, 0x0,
    0x0, 0xb, 0xfe, 0x0, 0x0, 0x0, 0x0, 0x0,
    0x0, 0x0, 0xef, 0xb0, 0x0, 0x0, 0x0, 0xbf,
    0xe0, 0x0, 0x0, 0x0, 0x0, 0x0, 0x0, 0xe,
    0xfb, 0x0, 0x0, 0x0, 0xb, 0xfe, 0x0, 0x0,
    0x0, 0x0, 0x0, 0x0, 0x0, 0xef, 0xa0, 0x0,
    0x0, 0x0, 0xbf, 0xe0, 0x0, 0x0, 0x0, 0x0,
    0x0, 0x0, 0xf, 0xfa, 0x0, 0x0, 0x0, 0xb,
    0xfe, 0x0, 0x0, 0x0, 0x0, 0x0, 0x0, 0x0,
    0xff, 0x90, 0x0, 0x0, 0x0, 0xbf, 0xe0, 0x0,
    0x0, 0x0, 0x0, 0x0, 0x0, 0x1f, 0xf8, 0x0,
    0x0, 0x0, 0xb, 0xfe, 0x0, 0x0, 0x0, 0x0,
    0x0, 0x0, 0x2, 0xff, 0x70, 0x0, 0x0, 0x0,
    0xbf, 0xe0, 0x0, 0x0, 0x0, 0x0, 0x0, 0x0,
    0x4f, 0xf5, 0x0, 0x0, 0x0, 0xb, 0xfe, 0x0,
    0x0, 0x0, 0x0, 0x0, 0x0, 0x8, 0xff, 0x30,
    0x0, 0x0, 0x0, 0xbf, 0xe0, 0x0, 0x0, 0x0,
    0x0, 0x0, 0x0, 0xcf, 0xf0, 0x0, 0x0, 0x0,
    0xb, 0xfe, 0x0, 0x0, 0x0, 0x0, 0x0, 0x0,
    0x2f, 0xfb, 0x0, 0x0, 0x0, 0x0, 0xbf, 0xe0,
    0x0, 0x7, 0x81, 0x0, 0x0, 0x9, 0xff, 0x60,
    0x0, 0x0, 0x0, 0xb, 0xfe, 0x0, 0x0, 0x8f,
    0xe0, 0x0, 0x3, 0xff, 0xe0, 0x0, 0x0, 0x0,
    0x0, 0xbf, 0xe0, 0x0, 0x9, 0xfd, 0x0, 0x1,
    0xdf, 0xf7, 0x0, 0x0, 0x0, 0x0, 0xb, 0xfe,
    0x0, 0x0, 0xaf, 0xb0, 0x0, 0xcf, 0xfc, 0x0,
    0x0, 0x0, 0x0, 0x0, 0xaf, 0xf0, 0x0, 0xd,
    0xf9, 0x2, 0xdf, 0xfe, 0x10, 0x0, 0x0, 0x0,
    0x0, 0x9, 0xff, 0x97, 0x79, 0xff, 0x50, 0xcf,
    0xfe, 0x20, 0x0, 0x0, 0x0, 0x0, 0x0, 0x5f,
    0xff, 0xff, 0xff, 0xf1, 0x1, 0xec, 0x10, 0x0,
    0x0, 0x0, 0x0, 0x0, 0x0, 0x8e, 0xff, 0xff,
    0xd4, 0x0, 0x2, 0x0, 0x0, 0x0, 0x0, 0x0,
    0x0, 0x0, 0x0, 0x0, 0x0, 0x0, 0x0,

    /* U+5145 "充" */
    0x0, 0x0, 0x0, 0x0, 0x0, 0x0, 0x43, 0x0,
    0x0, 0x0, 0x0, 0x0, 0x0, 0x0, 0x0, 0x0,
    0x0, 0x0, 0x1f, 0xfe, 0x10, 0x0, 0x0, 0x0,
    0x0, 0x0, 0x0, 0x0, 0x0, 0x0, 0x0, 0x9,
    0xff, 0x90, 0x0, 0x0, 0x0, 0x0, 0x0, 0x0,
    0x0, 0x0, 0x0, 0x0, 0x1, 0xef, 0xf2, 0x0,
    0x0, 0x0, 0x0, 0x0, 0x0, 0x0, 0x0, 0x0,
    0x0, 0x0, 0x8e, 0x93, 0x0, 0x0, 0x0, 0x0,
    0x0, 0x1f, 0xff, 0xff, 0xff, 0xff, 0xff, 0xff,
    0xff, 0xff, 0xff, 0xff, 0xff, 0xf2, 0x1f, 0xff,
    0xff, 0xff, 0xff, 0xff, 0xff, 0xff, 0xff, 0xff,
    0xff, 0xff, 0xf2, 0x8, 0x88, 0x88, 0x89, 0xff,
    0xfa, 0x88, 0x88, 0x88, 0x88, 0x88, 0x88, 0x81,
    0x0, 0x0, 0x0, 0xb, 0xff, 0xb0, 0x0, 0x0,
    0x3c, 0x60, 0x0, 0x0, 0x0, 0x0, 0x0, 0x0,
    0xaf, 0xfc, 0x0, 0x0, 0x1, 0xdf, 0xf8, 0x0,
    0x0, 0x0, 0x0, 0x0, 0x9, 0xff, 0xc1, 0x0,
    0x0, 0x0, 0x1c, 0xff, 0xb0, 0x0, 0x0, 0x0,
    0x0, 0xaf, 0xfc, 0x0, 0x0, 0x0, 0x0, 0x1,
    0xcf, 0xfc, 0x0, 0x0, 0x0, 0x3c, 0xff, 0xfb,
    0xbc, 0xcd, 0xee, 0xff, 0xff, 0xff, 0xff, 0xd1,
    0x0, 0x0, 0x5f, 0xff, 0xff, 0xff, 0xff, 0xff,
    0xff, 0xff, 0xff, 0xff, 0xfc, 0x0, 0x0, 0xf,
    0xff, 0xfe, 0xff, 0xfa, 0x98, 0x9f, 0xfb, 0x43,
    0x2c, 0xff, 0x80, 0x0, 0x4, 0x20, 0x0, 0xdf,
    0xf0, 0x0, 0x3f, 0xf9, 0x0, 0x1, 0xe8, 0x0,
    0x0, 0x0, 0x0, 0x0, 0xff, 0xe0, 0x0, 0x3f,
    0xf9, 0x0, 0x0, 0x0, 0x0, 0x0, 0x0, 0x0,
    0x3, 0xff, 0xb0, 0x0, 0x3f, 0xf9, 0x0, 0x0,
    0x0, 0x0, 0x0, 0x0, 0x0, 0x7, 0xff, 0x70,
    0x0, 0x3f, 0xf9, 0x0, 0x0, 0x0, 0x0, 0x0,
    0x0, 0x0, 0xd, 0xff, 0x20, 0x0, 0x3f, 0xf9,
    0x0, 0x0, 0x8, 0x71, 0x0, 0x0, 0x0, 0x7f,
    0xfc, 0x0, 0x0, 0x3f, 0xf9, 0x0, 0x0, 0xa,
    0xfd, 0x0, 0x0, 0x4, 0xff, 0xf4, 0x0, 0x0,
    0x3f, 0xf9, 0x0, 0x0, 0xb, 0xfc, 0x0, 0x0,
    0x7f, 0xff, 0x90, 0x0, 0x0, 0x3f, 0xf9, 0x0,
    0x0, 0xe, 0xfa, 0x1, 0x6d, 0xff, 0xfb, 0x0,
    0x0, 0x0, 0x2f, 0xfe, 0x77, 0x77, 0x9f, 0xf6,
    0x2f, 0xff, 0xff, 0x90, 0x0, 0x0, 0x0, 0xe,
    0xff, 0xff, 0xff, 0xff, 0xf1, 0x8, 0xff, 0xb3,
    0x0, 0x0, 0x0, 0x0, 0x3, 0xcf, 0xff, 0xff,
    0xfd, 0x40, 0x0, 0x82, 0x0, 0x0, 0x0, 0x0,
    0x0, 0x0, 0x0, 0x0, 0x0, 0x0, 0x0,

    /* U+5165 "入" */
    0x0, 0x0, 0x0, 0x0, 0x0, 0x0, 0x0, 0x0,
    0x0, 0x0, 0x0, 0x0, 0x0, 0x0, 0x0, 0x0,
    0x0, 0xb6, 0x0, 0x0, 0x0, 0x0, 0x0, 0x0,
    0x0, 0x0, 0x0, 0x0, 0x0, 0x7, 0xff, 0x90,
    0x0, 0x0, 0x0, 0x0, 0x0, 0x0, 0x0, 0x0,
    0x0, 0x0, 0x7, 0xff, 0xf9, 0x0, 0x0, 0x0,
    0x0, 0x0, 0x0, 0x0, 0x0, 0x0, 0x0, 0x0,
    0x4f, 0xff, 0x70, 0x0, 0x0, 0x0, 0x0, 0x0,
    0x0, 0x0, 0x0, 0x0, 0x0, 0x4, 0xff, 0xf4,
    0x0, 0x0, 0x0, 0x0, 0x0, 0x0, 0x0, 0x0,
    0x0, 0x0, 0x0, 0x7f, 0xfe, 0x0, 0x0, 0x0,
    0x0, 0x0, 0x0, 0x0, 0x0, 0x0, 0x0, 0x0,
    0xb, 0xff, 0x90, 0x0, 0x0, 0x0, 0x0, 0x0,
    0x0, 0x0, 0x0, 0x0, 0x0, 0xc, 0xff, 0xf3,
    0x0, 0x0, 0x0, 0x0, 0x0, 0x0, 0x0, 0x0,
    0x0, 0x0, 0x1f, 0xff, 0xfb, 0x0, 0x0, 0x0,
    0x0, 0x0, 0x0, 0x0, 0x0, 0x0, 0x0, 0x5f,
    0xff, 0xff, 0x40, 0x0, 0x0, 0x0, 0x0, 0x0,
    0x0, 0x0, 0x0, 0x0, 0xbf, 0xf9, 0xff, 0xc0,
    0x0, 0x0, 0x0, 0x0, 0x0, 0x0, 0x0, 0x0,
    0x1, 0xff, 0xf1, 0xbf, 0xf5, 0x0, 0x0, 0x0,
    0x0, 0x0, 0x0, 0x0, 0x0, 0x7, 0xff, 0xb0,
    0x2f, 0xfd, 0x0, 0x0, 0x0, 0x0, 0x0, 0x0,
    0x0, 0x0, 0xe, 0xff, 0x40, 0xa, 0xff, 0x70,
    0x0, 0x0, 0x0, 0x0, 0x0, 0x0, 0x0, 0x6f,
    0xfd, 0x0, 0x2, 0xff, 0xe1, 0x0, 0x0, 0x0,
    0x0, 0x0, 0x0, 0x1, 0xef, 0xf5, 0x0, 0x0,
    0x9f, 0xf9, 0x0, 0x0, 0x0, 0x0, 0x0, 0x0,
    0x9, 0xff, 0xc0, 0x0, 0x0, 0x1e, 0xff, 0x40,
    0x0, 0x0, 0x0, 0x0, 0x0, 0x5f, 0xff, 0x30,
    0x0, 0x0, 0x7, 0xff, 0xe1, 0x0, 0x0, 0x0,
    0x0, 0x3, 0xff, 0xf8, 0x0, 0x0, 0x0, 0x0,
    0xdf, 0xfc, 0x0, 0x0, 0x0, 0x0, 0x3e, 0xff,
    0xc0, 0x0, 0x0, 0x0, 0x0, 0x3f, 0xff, 0xc0,
    0x0, 0x0, 0x4, 0xef, 0xfe, 0x10, 0x0, 0x0,
    0x0, 0x0, 0x6, 0xff, 0xfc, 0x10, 0x0, 0x8f,
    0xff, 0xe2, 0x0, 0x0, 0x0, 0x0, 0x0, 0x0,
    0x9f, 0xff, 0xf5, 0x4e, 0xff, 0xfd, 0x20, 0x0,
    0x0, 0x0, 0x0, 0x0, 0x0, 0x9, 0xff, 0xfb,
    0x2d, 0xff, 0xb0, 0x0, 0x0, 0x0, 0x0, 0x0,
    0x0, 0x0, 0x0, 0x7f, 0xf3, 0x1, 0xc5, 0x0,
    0x0, 0x0, 0x0, 0x0, 0x0, 0x0, 0x0, 0x0,
    0x2, 0xa0,

    /* U+5173 "关" */
    0x0, 0x0, 0x0, 0x0, 0x0, 0x0, 0x0, 0x0,
    0x0, 0x21, 0x0, 0x0, 0x0, 0x0, 0x0, 0x4,
    0xcc, 0x0, 0x0, 0x0, 0x0, 0x0, 0xbf, 0xb2,
    0x0, 0x0, 0x0, 0x0, 0x7, 0xff, 0x80, 0x0,
    0x0, 0x0, 0x3, 0xff, 0xd0, 0x0, 0x0, 0x0,
    0x0, 0x0, 0xcf, 0xf3, 0x0, 0x0, 0x0, 0xb,
    0xff, 0x50, 0x0, 0x0, 0x0, 0x0, 0x0, 0x2f,
    0xfc, 0x0, 0x0, 0x0, 0x3f, 0xfb, 0x0, 0x0,
    0x0, 0x0, 0x0, 0x0, 0xa, 0xfc, 0x10, 0x0,
    0x0, 0xcf, 0xf2, 0x0, 0x0, 0x0, 0x0, 0x29,
    0x99, 0x9b, 0xe9, 0x99, 0x99, 0x9b, 0xff, 0xd9,
    0x99, 0x96, 0x0, 0x0, 0x4f, 0xff, 0xff, 0xff,
    0xff, 0xff, 0xff, 0xff, 0xff, 0xff, 0xfa, 0x0,
    0x0, 0x4f, 0xff, 0xff, 0xff, 0xff, 0xff, 0xff,
    0xff, 0xff, 0xff, 0xfa, 0x0, 0x0, 0x0, 0x0,
    0x0, 0x0, 0x5, 0xff, 0xa0, 0x0, 0x0, 0x0,
    0x0, 0x0, 0x0, 0x0, 0x0, 0x0, 0x0, 0x5,
    0xff, 0xa0, 0x0, 0x0, 0x0, 0x0, 0x0, 0x0,
    0x0, 0x0, 0x0, 0x0, 0x5, 0xff, 0xa0, 0x0,
    0x0, 0x0, 0x0, 0x0, 0x0, 0x0, 0x0, 0x0,
    0x0, 0x5, 0xff, 0xa0, 0x0, 0x0, 0x0, 0x0,
    0x0, 0xa, 0xaa, 0xaa, 0xaa, 0xaa, 0xac, 0xff,
    0xda, 0xaa, 0xaa, 0xaa, 0xaa, 0xa1, 0xf, 0xff,
    0xff, 0xff, 0xff, 0xff, 0xff, 0xff, 0xff, 0xff,
    0xff, 0xff, 0xf2, 0xf, 0xff, 0xff, 0xff, 0xff,
    0xff, 0xff, 0xff, 0xff, 0xff, 0xff, 0xff, 0xf2,
    0x0, 0x0, 0x0, 0x0, 0x0, 0x2f, 0xff, 0xf9,
    0x0, 0x0, 0x0, 0x0, 0x0, 0x0, 0x0, 0x0,
    0x0, 0x0, 0xaf, 0xff, 0xff, 0x40, 0x0, 0x0,
    0x0, 0x0, 0x0, 0x0, 0x0, 0x0, 0x6, 0xff,
    0xf6, 0xff, 0xf2, 0x0, 0x0, 0x0, 0x0, 0x0,
    0x0, 0x0, 0x0, 0x5f, 0xff, 0xa0, 0x5f, 0xfe,
    0x20, 0x0, 0x0, 0x0, 0x0, 0x0, 0x0, 0x8,
    0xff, 0xfc, 0x0, 0xa, 0xff, 0xf5, 0x0, 0x0,
    0x0, 0x0, 0x0, 0x3, 0xcf, 0xff, 0xc1, 0x0,
    0x0, 0xaf, 0xff, 0xa2, 0x0, 0x0, 0x0, 0x4,
    0xbf, 0xff, 0xfa, 0x0, 0x0, 0x0, 0x9, 0xff,
    0xff, 0xa3, 0x0, 0x28, 0xdf, 0xff, 0xfe, 0x50,
    0x0, 0x0, 0x0, 0x0, 0x6f, 0xff, 0xff, 0xe7,
    0x3f, 0xff, 0xfe, 0x70, 0x0, 0x0, 0x0, 0x0,
    0x0, 0x2, 0xaf, 0xff, 0xf2, 0x5, 0xfc, 0x60,
    0x0, 0x0, 0x0, 0x0, 0x0, 0x0, 0x0, 0x2,
    0x8e, 0x70, 0x0, 0x10, 0x0, 0x0, 0x0, 0x0,
    0x0, 0x0, 0x0, 0x0, 0x0, 0x0, 0x0,

    /* U+518C "册" */
    0x0, 0xd, 0xff, 0xff, 0xff, 0xf6, 0x0, 0xff,
    0xff, 0xff, 0xff, 0xc0, 0x0, 0x0, 0xe, 0xff,
    0xff, 0xff, 0xf6, 0x0, 0xff, 0xff, 0xff, 0xff,
    0xd0, 0x0, 0x0, 0xe, 0xfc, 0x77, 0x8f, 0xf6,
    0x0, 0xff, 0xb7, 0x77, 0xdf, 0xd0, 0x0, 0x0,
    0xe, 0xf9, 0x0, 0x1f, 0xf6, 0x0, 0xff, 0x70,
    0x0, 0xbf, 0xd0, 0x0, 0x0, 0xe, 0xf9, 0x0,
    0x1f, 0xf6, 0x0, 0xff, 0x70, 0x0, 0xbf, 0xd0,
    0x0, 0x0, 0xe, 0xf9, 0x0, 0x1f, 0xf6, 0x0,
    0xff, 0x70, 0x0, 0xbf, 0xd0, 0x0, 0x0, 0xe,
    0xf9, 0x0, 0x1f, 0xf6, 0x0, 0xff, 0x70, 0x0,
    0xbf, 0xd0, 0x0, 0x0, 0xe, 0xf9, 0x0, 0x1f,
    0xf6, 0x0, 0xff, 0x70, 0x0, 0xbf, 0xd0, 0x0,
    0x0, 0xe, 0xf9, 0x0, 0x1f, 0xf6, 0x0, 0xff,
    0x70, 0x0, 0xbf, 0xd0, 0x0, 0x88, 0x8f, 0xfd,
    0x88, 0x9f, 0xfb, 0x88, 0xff, 0xc8, 0x88, 0xef,
    0xe8, 0x85, 0xef, 0xff, 0xff, 0xff, 0xff, 0xff,
    0xff, 0xff, 0xff, 0xff, 0xff, 0xff, 0xfa, 0xef,
    0xff, 0xff, 0xff, 0xff, 0xff, 0xff, 0xff, 0xff,
    0xff, 0xff, 0xff, 0xfa, 0x0, 0xf, 0xf7, 0x0,
    0x1f, 0xf6, 0x2, 0xff, 0x60, 0x0, 0xbf, 0xd0,
    0x0, 0x0, 0x1f, 0xf5, 0x0, 0x1f, 0xf6, 0x3,
    0xff, 0x40, 0x0, 0xbf, 0xd0, 0x0, 0x0, 0x3f,
    0xf3, 0x0, 0x1f, 0xf6, 0x5, 0xff, 0x20, 0x0,
    0xbf, 0xd0, 0x0, 0x0, 0x5f, 0xf1, 0x0, 0x1f,
    0xf6, 0x6, 0xff, 0x10, 0x0, 0xbf, 0xd0, 0x0,
    0x0, 0x8f, 0xf0, 0x0, 0x1f, 0xf6, 0x9, 0xfe,
    0x0, 0x0, 0xbf, 0xd0, 0x0, 0x0, 0xbf, 0xc0,
    0x0, 0x1f, 0xf6, 0xc, 0xfb, 0x0, 0x0, 0xbf,
    0xd0, 0x0, 0x1, 0xff, 0x80, 0x0, 0x1f, 0xf6,
    0x1f, 0xf8, 0x0, 0x0, 0xbf, 0xd0, 0x0, 0x6,
    0xff, 0x30, 0x0, 0x1f, 0xf6, 0x6f, 0xf4, 0x0,
    0x0, 0xbf, 0xd0, 0x0, 0xd, 0xfe, 0x0, 0x0,
    0x1f, 0xf6, 0xcf, 0xf0, 0x0, 0x0, 0xbf, 0xd0,
    0x0, 0x6f, 0xf7, 0x2, 0x76, 0x9f, 0xfa, 0xff,
    0x90, 0x16, 0x66, 0xef, 0xd0, 0x0, 0xbf, 0xe1,
    0x1, 0xff, 0xff, 0xf9, 0xff, 0x20, 0xd, 0xff,
    0xff, 0x90, 0x0, 0xb, 0x60, 0x0, 0xad, 0xca,
    0x40, 0x69, 0x0, 0x8, 0xff, 0xd9, 0x10, 0x0,
    0x0, 0x0, 0x0, 0x0, 0x0, 0x0, 0x0, 0x0,
    0x0, 0x0, 0x0, 0x0, 0x0,

    /* U+518D "再" */
    0xb, 0xff, 0xff, 0xff, 0xff, 0xff, 0xff, 0xff,
    0xff, 0xff, 0xff, 0xff, 0xc0, 0xc, 0xff, 0xff,
    0xff, 0xff, 0xff, 0xff, 0xff, 0xff, 0xff, 0xff,
    0xff, 0xd0, 0x5, 0x77, 0x77, 0x77, 0x77, 0x7a,
    0xff, 0x97, 0x77, 0x77, 0x77, 0x77, 0x60, 0x0,
    0x0, 0x0, 0x0, 0x0, 0x6, 0xff, 0x30, 0x0,
    0x0, 0x0, 0x0, 0x0, 0x0, 0x1, 0x22, 0x22,
    0x22, 0x27, 0xff, 0x42, 0x22, 0x22, 0x22, 0x10,
    0x0, 0x0, 0x9, 0xff, 0xff, 0xff, 0xff, 0xff,
    0xff, 0xff, 0xff, 0xff, 0x90, 0x0, 0x0, 0x9,
    0xff, 0xff, 0xff, 0xff, 0xff, 0xff, 0xff, 0xff,
    0xff, 0x90, 0x0, 0x0, 0x9, 0xff, 0x33, 0x33,
    0x38, 0xff, 0x53, 0x33, 0x33, 0xff, 0x90, 0x0,
    0x0, 0x9, 0xff, 0x0, 0x0, 0x6, 0xff, 0x30,
    0x0, 0x0, 0xff, 0x90, 0x0, 0x0, 0x9, 0xff,
    0x0, 0x0, 0x6, 0xff, 0x30, 0x0, 0x0, 0xff,
    0x90, 0x0, 0x0, 0x9, 0xff, 0xff, 0xff, 0xff,
    0xff, 0xff, 0xff, 0xff, 0xff, 0x90, 0x0, 0x0,
    0x9, 0xff, 0xff, 0xff, 0xff, 0xff, 0xff, 0xff,
    0xff, 0xff, 0x90, 0x0, 0x0, 0x9, 0xff, 0x44,
    0x44, 0x48, 0xff, 0x64, 0x44, 0x44, 0xff, 0x90,
    0x0, 0x0, 0x9, 0xff, 0x0, 0x0, 0x6, 0xff,
    0x30, 0x0, 0x0, 0xff, 0x90, 0x0, 0x0, 0x9,
    0xff, 0x0, 0x0, 0x6, 0xff, 0x30, 0x0, 0x0,
    0xff, 0x90, 0x0, 0xcf, 0xff, 0xff, 0xff, 0xff,
    0xff, 0xff, 0xff, 0xff, 0xff, 0xff, 0xff, 0xfe,
    0xdf, 0xff, 0xff, 0xff, 0xff, 0xff, 0xff, 0xff,
    0xff, 0xff, 0xff, 0xff, 0xfe, 0x67, 0x7c, 0xff,
    0x77, 0x77, 0x77, 0x77, 0x77, 0x77, 0x77, 0xff,
    0xc7, 0x76, 0x0, 0x9, 0xff, 0x0, 0x0, 0x0,
    0x0, 0x0, 0x0, 0x0, 0xff, 0x90, 0x0, 0x0,
    0x9, 0xff, 0x0, 0x0, 0x0, 0x0, 0x0, 0x0,
    0x0, 0xff, 0x90, 0x0, 0x0, 0x9, 0xff, 0x0,
    0x0, 0x0, 0x0, 0x0, 0x0, 0x0, 0xff, 0x90,
    0x0, 0x0, 0x9, 0xff, 0x0, 0x0, 0x0, 0x0,
    0x3, 0x55, 0x56, 0xff, 0x90, 0x0, 0x0, 0x9,
    0xff, 0x0, 0x0, 0x0, 0x0, 0x3, 0xff, 0xff,
    0xff, 0x50, 0x0, 0x0, 0x9, 0xff, 0x0, 0x0,
    0x0, 0x0, 0x0, 0xdf, 0xff, 0xd7, 0x0, 0x0,
    0x0, 0x0, 0x11, 0x0, 0x0, 0x0, 0x0, 0x0,
    0x1, 0x0, 0x0, 0x0, 0x0,

    /* U+51C6 "准" */
    0x0, 0x0, 0x0, 0x0, 0x0, 0x0, 0x0, 0x0,
    0x0, 0x0, 0x0, 0x0, 0x0, 0x0, 0x0, 0x0,
    0x0, 0x0, 0xd, 0xb5, 0x0, 0x6d, 0x80, 0x0,
    0x0, 0x0, 0x29, 0xe1, 0x0, 0x0, 0x0, 0x3f,
    0xf6, 0x0, 0xcf, 0xf2, 0x0, 0x0, 0x0, 0x5f,
    0xfb, 0x0, 0x0, 0x0, 0xaf, 0xf0, 0x0, 0x3f,
    0xfb, 0x0, 0x0, 0x0, 0xc, 0xff, 0x50, 0x0,
    0x1, 0xff, 0x90, 0x0, 0xa, 0xff, 0x20, 0x0,
    0x0, 0x2, 0xff, 0xe0, 0x0, 0x9, 0xff, 0x86,
    0x66, 0x68, 0xfa, 0x66, 0x66, 0x61, 0x0, 0x9f,
    0xf8, 0x0, 0x2f, 0xff, 0xff, 0xff, 0xff, 0xff,
    0xff, 0xff, 0xf3, 0x0, 0x1f, 0xff, 0x10, 0xbf,
    0xff, 0xee, 0xee, 0xef, 0xff, 0xee, 0xee, 0xe3,
    0x0, 0x8, 0xf9, 0x15, 0xff, 0xf7, 0x0, 0x0,
    0xf, 0xf8, 0x0, 0x0, 0x0, 0x0, 0x1, 0x10,
    0x2f, 0xff, 0xf7, 0x0, 0x0, 0xf, 0xf8, 0x0,
    0x0, 0x0, 0x0, 0x0, 0x1, 0xdf, 0xff, 0xf7,
    0x11, 0x11, 0x1f, 0xf8, 0x11, 0x11, 0x0, 0x0,
    0x0, 0xc, 0xff, 0x8e, 0xff, 0xff, 0xff, 0xff,
    0xff, 0xff, 0xff, 0xa0, 0x0, 0x0, 0x8, 0xfb,
    0xe, 0xff, 0xff, 0xff, 0xff, 0xff, 0xff, 0xff,
    0xa0, 0x0, 0x0, 0x0, 0x71, 0xe, 0xf8, 0x33,
    0x33, 0x3f, 0xf9, 0x33, 0x33, 0x20, 0x0, 0x0,
    0x41, 0x0, 0xe, 0xf7, 0x0, 0x0, 0xf, 0xf8,
    0x0, 0x0, 0x0, 0x0, 0x0, 0xef, 0x60, 0xe,
    0xf7, 0x0, 0x0, 0xf, 0xf8, 0x0, 0x0, 0x0,
    0x0, 0x5, 0xff, 0x90, 0xe, 0xfa, 0x66, 0x66,
    0x6f, 0xfb, 0x66, 0x66, 0x30, 0x0, 0xc, 0xff,
    0x30, 0xe, 0xff, 0xff, 0xff, 0xff, 0xff, 0xff,
    0xff, 0xa0, 0x0, 0x2f, 0xfc, 0x0, 0xe, 0xfe,
    0xee, 0xee, 0xef, 0xff, 0xee, 0xee, 0x90, 0x0,
    0xaf, 0xf6, 0x0, 0xe, 0xf7, 0x0, 0x0, 0xf,
    0xf8, 0x0, 0x0, 0x0, 0x1, 0xff, 0xf0, 0x0,
    0xe, 0xf7, 0x0, 0x0, 0xf, 0xf8, 0x0, 0x0,
    0x0, 0x8, 0xff, 0x80, 0x0, 0xe, 0xf7, 0x0,
    0x0, 0xf, 0xf8, 0x0, 0x0, 0x0, 0x1f, 0xff,
    0x20, 0x0, 0xe, 0xff, 0xff, 0xff, 0xff, 0xff,
    0xff, 0xff, 0xfb, 0x7f, 0xfb, 0x0, 0x0, 0xe,
    0xff, 0xff, 0xff, 0xff, 0xff, 0xff, 0xff, 0xfb,
    0x4, 0xb3, 0x0, 0x0, 0xe, 0xf9, 0x55, 0x55,
    0x55, 0x55, 0x55, 0x55, 0x53, 0x0, 0x0, 0x0,
    0x0, 0xe, 0xf7, 0x0, 0x0, 0x0, 0x0, 0x0,
    0x0, 0x0,

    /* U+51FA "出" */
    0x0, 0x0, 0x0, 0x0, 0x0, 0x17, 0x75, 0x0,
    0x0, 0x0, 0x0, 0x0, 0x0, 0x0, 0x0, 0x0,
    0x0, 0x2f, 0xfb, 0x0, 0x0, 0x0, 0x0, 0x0,
    0x0, 0x23, 0x30, 0x0, 0x0, 0x2f, 0xfb, 0x0,
    0x0, 0x2, 0x33, 0x0, 0x0, 0xbf, 0xf1, 0x0,
    0x0, 0x2f, 0xfb, 0x0, 0x0, 0xc, 0xff, 0x10,
    0x0, 0xbf, 0xf1, 0x0, 0x0, 0x2f, 0xfb, 0x0,
    0x0, 0xc, 0xff, 0x10, 0x0, 0xbf, 0xf1, 0x0,
    0x0, 0x2f, 0xfb, 0x0, 0x0, 0xc, 0xff, 0x10,
    0x0, 0xbf, 0xf1, 0x0, 0x0, 0x2f, 0xfb, 0x0,
    0x0, 0xc, 0xff, 0x10, 0x0, 0xbf, 0xf1, 0x0,
    0x0, 0x2f, 0xfb, 0x0, 0x0, 0xc, 0xff, 0x10,
    0x0, 0xbf, 0xf1, 0x0, 0x0, 0x2f, 0xfb, 0x0,
    0x0, 0xc, 0xff, 0x10, 0x0, 0xbf, 0xf1, 0x0,
    0x0, 0x2f, 0xfb, 0x0, 0x0, 0xc, 0xff, 0x10,
    0x0, 0xbf, 0xff, 0xff, 0xff, 0xff, 0xff, 0xff,
    0xff, 0xff, 0xff, 0x10, 0x0, 0xbf, 0xff, 0xff,
    0xff, 0xff, 0xff, 0xff, 0xff, 0xff, 0xff, 0x10,
    0x0, 0x69, 0x99, 0x99, 0x99, 0xaf, 0xfe, 0x99,
    0x99, 0x99, 0x99, 0x0, 0x0, 0x0, 0x0, 0x0,
    0x0, 0x2f, 0xfb, 0x0, 0x0, 0x0, 0x0, 0x0,
    0x1d, 0xdb, 0x0, 0x0, 0x0, 0x2f, 0xfb, 0x0,
    0x0, 0x0, 0x9d, 0xd2, 0x1f, 0xfd, 0x0, 0x0,
    0x0, 0x2f, 0xfb, 0x0, 0x0, 0x0, 0xbf, 0xf2,
    0x1f, 0xfd, 0x0, 0x0, 0x0, 0x2f, 0xfb, 0x0,
    0x0, 0x0, 0xbf, 0xf2, 0x1f, 0xfd, 0x0, 0x0,
    0x0, 0x2f, 0xfb, 0x0, 0x0, 0x0, 0xbf, 0xf2,
    0x1f, 0xfd, 0x0, 0x0, 0x0, 0x2f, 0xfb, 0x0,
    0x0, 0x0, 0xbf, 0xf2, 0x1f, 0xfd, 0x0, 0x0,
    0x0, 0x2f, 0xfb, 0x0, 0x0, 0x0, 0xbf, 0xf2,
    0x1f, 0xfd, 0x0, 0x0, 0x0, 0x2f, 0xfb, 0x0,
    0x0, 0x0, 0xbf, 0xf2, 0x1f, 0xfd, 0x0, 0x0,
    0x0, 0x2f, 0xfb, 0x0, 0x0, 0x0, 0xbf, 0xf2,
    0x1f, 0xff, 0xff, 0xff, 0xff, 0xff, 0xff, 0xff,
    0xff, 0xff, 0xff, 0xf2, 0x1f, 0xff, 0xff, 0xff,
    0xff, 0xff, 0xff, 0xff, 0xff, 0xff, 0xff, 0xf2,
    0xa, 0xaa, 0xaa, 0xaa, 0xaa, 0xaa, 0xaa, 0xaa,
    0xaa, 0xaa, 0xef, 0xf2, 0x0, 0x0, 0x0, 0x0,
    0x0, 0x0, 0x0, 0x0, 0x0, 0x0, 0xbf, 0xf2,

    /* U+51FB "击" */
    0x0, 0x0, 0x0, 0x0, 0x0, 0x0, 0x44, 0x20,
    0x0, 0x0, 0x0, 0x0, 0x0, 0x0, 0x0, 0x0,
    0x0, 0x0, 0x2, 0xff, 0xa0, 0x0, 0x0, 0x0,
    0x0, 0x0, 0x0, 0x0, 0x0, 0x0, 0x0, 0x2,
    0xff, 0xa0, 0x0, 0x0, 0x0, 0x0, 0x0, 0x0,
    0x0, 0x0, 0x0, 0x0, 0x2, 0xff, 0xa0, 0x0,
    0x0, 0x0, 0x0, 0x0, 0x0, 0x8, 0x88, 0x88,
    0x88, 0x89, 0xff, 0xd8, 0x88, 0x88, 0x88, 0x84,
    0x0, 0x0, 0xf, 0xff, 0xff, 0xff, 0xff, 0xff,
    0xff, 0xff, 0xff, 0xff, 0xf8, 0x0, 0x0, 0xf,
    0xff, 0xff, 0xff, 0xff, 0xff, 0xff, 0xff, 0xff,
    0xff, 0xf8, 0x0, 0x0, 0x0, 0x0, 0x0, 0x0,
    0x2, 0xff, 0xa0, 0x0, 0x0, 0x0, 0x0, 0x0,
    0x0, 0x0, 0x0, 0x0, 0x0, 0x2, 0xff, 0xa0,
    0x0, 0x0, 0x0, 0x0, 0x0, 0x0, 0x0, 0x0,
    0x0, 0x0, 0x2, 0xff, 0xa0, 0x0, 0x0, 0x0,
    0x0, 0x0, 0x0, 0x0, 0x0, 0x0, 0x0, 0x2,
    0xff, 0xa0, 0x0, 0x0, 0x0, 0x0, 0x0, 0x1f,
    0xff, 0xff, 0xff, 0xff, 0xff, 0xff, 0xff, 0xff,
    0xff, 0xff, 0xff, 0xf6, 0x1f, 0xff, 0xff, 0xff,
    0xff, 0xff, 0xff, 0xff, 0xff, 0xff, 0xff, 0xff,
    0xf6, 0x9, 0x99, 0x99, 0x99, 0x99, 0x9a, 0xff,
    0xd9, 0x99, 0x99, 0x99, 0x99, 0x94, 0x0, 0x0,
    0x0, 0x0, 0x0, 0x2, 0xff, 0xa0, 0x0, 0x0,
    0x0, 0x0, 0x0, 0x0, 0x8, 0xa9, 0x0, 0x0,
    0x2, 0xff, 0xa0, 0x0, 0x0, 0x6a, 0xa0, 0x0,
    0x0, 0xd, 0xff, 0x0, 0x0, 0x2, 0xff, 0xa0,
    0x0, 0x0, 0xaf, 0xf1, 0x0, 0x0, 0xd, 0xff,
    0x0, 0x0, 0x2, 0xff, 0xa0, 0x0, 0x0, 0xaf,
    0xf1, 0x0, 0x0, 0xd, 0xff, 0x0, 0x0, 0x2,
    0xff, 0xa0, 0x0, 0x0, 0xaf, 0xf1, 0x0, 0x0,
    0xd, 0xff, 0x0, 0x0, 0x2, 0xff, 0xa0, 0x0,
    0x0, 0xaf, 0xf1, 0x0, 0x0, 0xd, 0xff, 0x0,
    0x0, 0x2, 0xff, 0xa0, 0x0, 0x0, 0xaf, 0xf1,
    0x0, 0x0, 0xd, 0xff, 0x0, 0x0, 0x2, 0xff,
    0xa0, 0x0, 0x0, 0xaf, 0xf1, 0x0, 0x0, 0xd,
    0xff, 0x99, 0x99, 0x9a, 0xff, 0xd9, 0x99, 0x99,
    0xdf, 0xf1, 0x0, 0x0, 0xd, 0xff, 0xff, 0xff,
    0xff, 0xff, 0xff, 0xff, 0xff, 0xff, 0xf1, 0x0,
    0x0, 0xc, 0xff, 0xff, 0xff, 0xff, 0xff, 0xff,
    0xff, 0xff, 0xff, 0xf1, 0x0, 0x0, 0x0, 0x0,
    0x0, 0x0, 0x0, 0x0, 0x0, 0x0, 0x0, 0xaf,
    0xf1, 0x0,

    /* U+5219 "则" */
    0x0, 0x0, 0x0, 0x0, 0x0, 0x0, 0x0, 0x0,
    0x0, 0x0, 0x0, 0x44, 0x20, 0x1, 0x11, 0x11,
    0x11, 0x11, 0x11, 0x10, 0x0, 0x0, 0x0, 0x1f,
    0xf8, 0x5, 0xff, 0xff, 0xff, 0xff, 0xff, 0xff,
    0x0, 0x0, 0x0, 0x1, 0xff, 0x80, 0x5f, 0xff,
    0xff, 0xff, 0xff, 0xff, 0xf0, 0x3, 0xff, 0x20,
    0x1f, 0xf8, 0x5, 0xff, 0x43, 0x33, 0x33, 0x39,
    0xff, 0x0, 0x4f, 0xf3, 0x1, 0xff, 0x80, 0x5f,
    0xf1, 0x0, 0x0, 0x0, 0x7f, 0xf0, 0x4, 0xff,
    0x30, 0x1f, 0xf8, 0x5, 0xff, 0x10, 0x7f, 0xf0,
    0x7, 0xff, 0x0, 0x4f, 0xf3, 0x1, 0xff, 0x80,
    0x5f, 0xf1, 0x7, 0xff, 0x0, 0x7f, 0xf0, 0x4,
    0xff, 0x30, 0x1f, 0xf8, 0x5, 0xff, 0x10, 0x7f,
    0xf0, 0x7, 0xff, 0x0, 0x4f, 0xf3, 0x1, 0xff,
    0x80, 0x5f, 0xf1, 0x7, 0xff, 0x0, 0x7f, 0xf0,
    0x4, 0xff, 0x30, 0x1f, 0xf8, 0x5, 0xff, 0x10,
    0x7f, 0xf0, 0x7, 0xff, 0x0, 0x4f, 0xf3, 0x1,
    0xff, 0x80, 0x5f, 0xf1, 0x7, 0xff, 0x0, 0x7f,
    0xf0, 0x4, 0xff, 0x30, 0x1f, 0xf8, 0x5, 0xff,
    0x10, 0x7f, 0xf0, 0x7, 0xff, 0x0, 0x4f, 0xf3,
    0x1, 0xff, 0x80, 0x5f, 0xf1, 0x7, 0xff, 0x0,
    0x7f, 0xf0, 0x4, 0xff, 0x30, 0x1f, 0xf8, 0x5,
    0xff, 0x10, 0x8f, 0xf0, 0x7, 0xff, 0x0, 0x4f,
    0xf3, 0x1, 0xff, 0x80, 0x5f, 0xf1, 0x9, 0xfe,
    0x0, 0x7f, 0xf0, 0x4, 0xff, 0x30, 0x1f, 0xf8,
    0x5, 0xff, 0x10, 0xaf, 0xc0, 0x7, 0xff, 0x0,
    0x4f, 0xf3, 0x1, 0xff, 0x80, 0x5f, 0xf1, 0xd,
    0xfa, 0x0, 0x7f, 0xf0, 0x4, 0xff, 0x30, 0x1f,
    0xf8, 0x4, 0xdd, 0x12, 0xff, 0x60, 0x5, 0xcc,
    0x0, 0x4f, 0xf3, 0x1, 0xff, 0x80, 0x0, 0x0,
    0x9f, 0xf2, 0x81, 0x0, 0x0, 0x3, 0xdd, 0x20,
    0x1f, 0xf8, 0x0, 0x0, 0x3f, 0xfb, 0xbf, 0xd2,
    0x0, 0x0, 0x0, 0x0, 0x1, 0xff, 0x80, 0x0,
    0x1e, 0xff, 0x25, 0xff, 0xf4, 0x0, 0x0, 0x0,
    0x0, 0x1f, 0xf8, 0x0, 0x3e, 0xff, 0x70, 0x3,
    0xef, 0xf6, 0x0, 0x0, 0x0, 0x1, 0xff, 0x81,
    0x8f, 0xff, 0x90, 0x0, 0x2, 0xef, 0xf6, 0x0,
    0x9a, 0x99, 0xcf, 0xf7, 0x8f, 0xff, 0x70, 0x0,
    0x0, 0x1, 0xdd, 0x10, 0x8, 0xff, 0xff, 0xff,
    0x20, 0xbc, 0x30, 0x0, 0x0, 0x0, 0x2, 0x10,
    0x0, 0x3f, 0xff, 0xda, 0x40, 0x0, 0x0, 0x0,
    0x0, 0x0, 0x0, 0x0, 0x0, 0x0, 0x0, 0x0,
    0x0, 0x0,

    /* U+521B "创" */
    0x0, 0x0, 0x0, 0x0, 0x34, 0x0, 0x0, 0x0,
    0x0, 0x0, 0x0, 0x1, 0x10, 0x0, 0x0, 0x0,
    0x0, 0xdf, 0xd0, 0x0, 0x0, 0x0, 0x0, 0x0,
    0xf, 0xf9, 0x0, 0x0, 0x0, 0x5, 0xff, 0xa0,
    0x0, 0x0, 0x0, 0x0, 0x0, 0xf, 0xf9, 0x0,
    0x0, 0x0, 0xe, 0xff, 0xf8, 0x0, 0x0, 0x2,
    0x55, 0x0, 0xf, 0xf9, 0x0, 0x0, 0x0, 0x9f,
    0xfd, 0xff, 0x60, 0x0, 0x6, 0xff, 0x10, 0xf,
    0xf9, 0x0, 0x0, 0x4, 0xff, 0xa0, 0xdf, 0xf5,
    0x0, 0x6, 0xff, 0x10, 0xf, 0xf9, 0x0, 0x0,
    0x2f, 0xfe, 0x10, 0x1e, 0xff, 0x30, 0x6, 0xff,
    0x10, 0xf, 0xf9, 0x0, 0x1, 0xef, 0xf4, 0x0,
    0x3, 0xff, 0xe1, 0x6, 0xff, 0x10, 0xf, 0xf9,
    0x0, 0x2e, 0xff, 0x70, 0x0, 0x0, 0x5f, 0xfc,
    0x6, 0xff, 0x10, 0xf, 0xf9, 0x4, 0xef, 0xf8,
    0x0, 0x0, 0x0, 0x9, 0xff, 0x76, 0xff, 0x10,
    0xf, 0xf9, 0xd, 0xff, 0xd5, 0x55, 0x55, 0x55,
    0x55, 0xfc, 0x16, 0xff, 0x10, 0xf, 0xf9, 0x1,
    0xd8, 0xff, 0xff, 0xff, 0xff, 0xff, 0x90, 0x6,
    0xff, 0x10, 0xf, 0xf9, 0x0, 0x0, 0xff, 0xff,
    0xff, 0xff, 0xff, 0x50, 0x6, 0xff, 0x10, 0xf,
    0xf9, 0x0, 0x0, 0xff, 0x80, 0x0, 0x3, 0xff,
    0x40, 0x6, 0xff, 0x10, 0xf, 0xf9, 0x0, 0x0,
    0xff, 0x80, 0x0, 0x4, 0xff, 0x30, 0x6, 0xff,
    0x10, 0xf, 0xf9, 0x0, 0x0, 0xff, 0x80, 0x0,
    0x5, 0xff, 0x20, 0x6, 0xff, 0x10, 0xf, 0xf9,
    0x0, 0x0, 0xff, 0x80, 0x0, 0x8, 0xff, 0x0,
    0x6, 0xff, 0x10, 0xf, 0xf9, 0x0, 0x0, 0xff,
    0x80, 0x44, 0x4e, 0xfd, 0x0, 0x6, 0xff, 0x10,
    0xf, 0xf9, 0x0, 0x0, 0xff, 0x80, 0x9f, 0xff,
    0xf8, 0x0, 0x6, 0xff, 0x10, 0xf, 0xf9, 0x0,
    0x0, 0xff, 0x80, 0x5d, 0xdd, 0x80, 0x0, 0x2,
    0x55, 0x0, 0xf, 0xf9, 0x0, 0x0, 0xff, 0x80,
    0x0, 0x0, 0x0, 0xd6, 0x0, 0x0, 0x0, 0xf,
    0xf9, 0x0, 0x0, 0xff, 0x80, 0x0, 0x0, 0x0,
    0xff, 0x30, 0x0, 0x0, 0xf, 0xf9, 0x0, 0x0,
    0xff, 0x80, 0x0, 0x0, 0x3, 0xff, 0x10, 0x0,
    0x0, 0xf, 0xf9, 0x0, 0x0, 0xef, 0xc4, 0x44,
    0x44, 0x4b, 0xfe, 0x0, 0x66, 0x55, 0x8f, 0xf8,
    0x0, 0x0, 0xaf, 0xff, 0xff, 0xff, 0xff, 0xf8,
    0x0, 0x9f, 0xff, 0xff, 0xf4, 0x0, 0x0, 0x1a,
    0xef, 0xff, 0xff, 0xfe, 0x90, 0x0, 0x4f, 0xff,
    0xfc, 0x60, 0x0, 0x0, 0x0, 0x0, 0x0, 0x0,
    0x0, 0x0, 0x0, 0x1, 0x0, 0x0, 0x0,

    /* U+5220 "删" */
    0x0, 0x0, 0x0, 0x0, 0x0, 0x0, 0x0, 0x0,
    0x0, 0x0, 0x0, 0x1, 0x33, 0x0, 0x3c, 0xcc,
    0xcc, 0xc1, 0x2c, 0xcc, 0xcc, 0xc2, 0x0, 0x0,
    0x6, 0xfd, 0x0, 0x4f, 0xff, 0xff, 0xf2, 0x3f,
    0xff, 0xff, 0xf2, 0x0, 0x0, 0x6, 0xfd, 0x0,
    0x4f, 0xf7, 0x7f, 0xf2, 0x3f, 0xf7, 0x7f, 0xf2,
    0x9, 0xb2, 0x6, 0xfd, 0x0, 0x4f, 0xe0, 0xf,
    0xf2, 0x3f, 0xe0, 0xf, 0xf2, 0xc, 0xf3, 0x6,
    0xfd, 0x0, 0x4f, 0xe0, 0xf, 0xf2, 0x3f, 0xe0,
    0xf, 0xf2, 0xc, 0xf3, 0x6, 0xfd, 0x0, 0x4f,
    0xe0, 0xf, 0xf2, 0x3f, 0xe0, 0xf, 0xf2, 0xc,
    0xf3, 0x6, 0xfd, 0x0, 0x4f, 0xe0, 0xf, 0xf2,
    0x3f, 0xe0, 0xf, 0xf2, 0xc, 0xf3, 0x6, 0xfd,
    0x0, 0x4f, 0xe0, 0xf, 0xf2, 0x3f, 0xe0, 0xf,
    0xf2, 0xc, 0xf3, 0x6, 0xfd, 0x0, 0x4f, 0xe0,
    0xf, 0xf2, 0x3f, 0xe0, 0xf, 0xf2, 0xc, 0xf3,
    0x6, 0xfd, 0x0, 0x4f, 0xe0, 0xf, 0xf2, 0x3f,
    0xe0, 0xf, 0xf2, 0xc, 0xf3, 0x6, 0xfd, 0xe,
    0xff, 0xff, 0xff, 0xff, 0xff, 0xff, 0xff, 0xff,
    0x6c, 0xf3, 0x6, 0xfd, 0xe, 0xff, 0xff, 0xff,
    0xff, 0xff, 0xff, 0xff, 0xff, 0x6c, 0xf3, 0x6,
    0xfd, 0x5, 0x8f, 0xe5, 0x5f, 0xf7, 0x7f, 0xe5,
    0x5f, 0xf7, 0x2c, 0xf3, 0x6, 0xfd, 0x0, 0x4f,
    0xe0, 0xf, 0xf2, 0x3f, 0xd0, 0xf, 0xf2, 0xc,
    0xf3, 0x6, 0xfd, 0x0, 0x4f, 0xd0, 0xf, 0xf2,
    0x4f, 0xd0, 0xf, 0xf2, 0xc, 0xf3, 0x6, 0xfd,
    0x0, 0x4f, 0xd0, 0xf, 0xf2, 0x4f, 0xc0, 0xf,
    0xf2, 0xc, 0xf3, 0x6, 0xfd, 0x0, 0x5f, 0xc0,
    0xf, 0xf2, 0x5f, 0xb0, 0xf, 0xf2, 0xc, 0xf3,
    0x6, 0xfd, 0x0, 0x5f, 0xb0, 0xf, 0xf2, 0x6f,
    0xa0, 0xf, 0xf2, 0xc, 0xf3, 0x6, 0xfd, 0x0,
    0x7f, 0xa0, 0xf, 0xf2, 0x8f, 0x80, 0xf, 0xf2,
    0x2, 0x30, 0x6, 0xfd, 0x0, 0x9f, 0x80, 0xf,
    0xf2, 0xaf, 0x60, 0xf, 0xf2, 0x0, 0x0, 0x6,
    0xfd, 0x0, 0xcf, 0x60, 0xf, 0xf2, 0xcf, 0x40,
    0xf, 0xf2, 0x0, 0x0, 0x6, 0xfd, 0x0, 0xff,
    0x30, 0xf, 0xf2, 0xff, 0x20, 0xf, 0xf2, 0x0,
    0x0, 0x6, 0xfd, 0x5, 0xfe, 0x13, 0x3f, 0xf5,
    0xfe, 0x13, 0x3f, 0xf2, 0x0, 0x44, 0x49, 0xfd,
    0xc, 0xf9, 0x2f, 0xff, 0xf9, 0xfa, 0x2f, 0xff,
    0xf0, 0x0, 0xef, 0xff, 0xfa, 0x4, 0xd2, 0xe,
    0xfc, 0x43, 0xb4, 0xd, 0xfc, 0x50, 0x0, 0xaf,
    0xfd, 0x91, 0x0, 0x0, 0x0, 0x0, 0x0, 0x0,
    0x0, 0x0, 0x0, 0x0, 0x0, 0x0, 0x0,

    /* U+524D "前" */
    0x0, 0x0, 0x0, 0x33, 0x0, 0x0, 0x0, 0x0,
    0x0, 0x7, 0x20, 0x0, 0x0, 0x0, 0x0, 0xc,
    0xff, 0x20, 0x0, 0x0, 0x0, 0x0, 0x7f, 0xf9,
    0x0, 0x0, 0x0, 0x0, 0x4, 0xff, 0xd0, 0x0,
    0x0, 0x0, 0x1, 0xef, 0xf2, 0x0, 0x0, 0x0,
    0x0, 0x0, 0x8f, 0xf9, 0x0, 0x0, 0x0, 0x9,
    0xff, 0x70, 0x0, 0x0, 0x3, 0x33, 0x33, 0x4f,
    0xf9, 0x33, 0x33, 0x33, 0x5f, 0xfd, 0x33, 0x33,
    0x32, 0x3f, 0xff, 0xff, 0xff, 0xff, 0xff, 0xff,
    0xff, 0xff, 0xff, 0xff, 0xff, 0xfb, 0x3f, 0xff,
    0xff, 0xff, 0xff, 0xff, 0xff, 0xff, 0xff, 0xff,
    0xff, 0xff, 0xfb, 0x2, 0x22, 0x22, 0x22, 0x22,
    0x22, 0x22, 0x22, 0x22, 0x22, 0x22, 0x22, 0x21,
    0x0, 0x0, 0x0, 0x0, 0x0, 0x0, 0x0, 0x0,
    0x0, 0x0, 0x1, 0x22, 0x0, 0x0, 0x5a, 0xaa,
    0xaa, 0xaa, 0xaa, 0x80, 0x0, 0x66, 0x10, 0x9,
    0xff, 0x0, 0x0, 0x9f, 0xff, 0xff, 0xff, 0xff,
    0xe0, 0x2, 0xff, 0x40, 0x9, 0xff, 0x0, 0x0,
    0x9f, 0xf9, 0x99, 0x99, 0xdf, 0xe0, 0x2, 0xff,
    0x40, 0x9, 0xff, 0x0, 0x0, 0x9f, 0xd0, 0x0,
    0x0, 0x9f, 0xe0, 0x2, 0xff, 0x40, 0x9, 0xff,
    0x0, 0x0, 0x9f, 0xd1, 0x11, 0x11, 0xaf, 0xe0,
    0x2, 0xff, 0x40, 0x9, 0xff, 0x0, 0x0, 0x9f,
    0xff, 0xff, 0xff, 0xff, 0xe0, 0x2, 0xff, 0x40,
    0x9, 0xff, 0x0, 0x0, 0x9f, 0xfe, 0xee, 0xee,
    0xff, 0xe0, 0x2, 0xff, 0x40, 0x9, 0xff, 0x0,
    0x0, 0x9f, 0xd0, 0x0, 0x0, 0x9f, 0xe0, 0x2,
    0xff, 0x40, 0x9, 0xff, 0x0, 0x0, 0x9f, 0xd0,
    0x0, 0x0, 0x9f, 0xe0, 0x2, 0xff, 0x40, 0x9,
    0xff, 0x0, 0x0, 0x9f, 0xfc, 0xcc, 0xcc, 0xef,
    0xe0, 0x2, 0xff, 0x40, 0x9, 0xff, 0x0, 0x0,
    0x9f, 0xff, 0xff, 0xff, 0xff, 0xe0, 0x2, 0xff,
    0x40, 0x9, 0xff, 0x0, 0x0, 0x9f, 0xe4, 0x44,
    0x44, 0xbf, 0xe0, 0x2, 0xff, 0x40, 0x9, 0xff,
    0x0, 0x0, 0x9f, 0xd0, 0x0, 0x0, 0x9f, 0xe0,
    0x0, 0x0, 0x0, 0x9, 0xff, 0x0, 0x0, 0x9f,
    0xd0, 0x0, 0x0, 0x9f, 0xe0, 0x0, 0x0, 0x0,
    0x9, 0xff, 0x0, 0x0, 0x9f, 0xd0, 0x3, 0x33,
    0xcf, 0xd0, 0x0, 0x4, 0x76, 0x7d, 0xff, 0x0,
    0x0, 0x9f, 0xd0, 0x9, 0xff, 0xff, 0xb0, 0x0,
    0x3, 0xff, 0xff, 0xfb, 0x0, 0x0, 0x8f, 0xc0,
    0x3, 0xff, 0xea, 0x10, 0x0, 0x0, 0xef, 0xfd,
    0x91, 0x0,

    /* U+529F "功" */
    0x0, 0x0, 0x0, 0x0, 0x0, 0x0, 0x0, 0x1,
    0x22, 0x0, 0x0, 0x0, 0x0, 0x0, 0x0, 0x0,
    0x0, 0x0, 0x0, 0x0, 0x9, 0xff, 0x0, 0x0,
    0x0, 0x0, 0x0, 0x0, 0x0, 0x0, 0x0, 0x0,
    0x0, 0x9, 0xff, 0x0, 0x0, 0x0, 0x0, 0x47,
    0x77, 0x77, 0x77, 0x77, 0x50, 0x0, 0x9, 0xff,
    0x0, 0x0, 0x0, 0x0, 0x9f, 0xff, 0xff, 0xff,
    0xff, 0xb0, 0x0, 0xa, 0xff, 0x0, 0x0, 0x0,
    0x0, 0x9f, 0xff, 0xff, 0xff, 0xff, 0xb0, 0x0,
    0xa, 0xff, 0x0, 0x0, 0x0, 0x0, 0x0, 0x0,
    0xaf, 0xe0, 0x0, 0x7, 0x77, 0x7d, 0xff, 0x77,
    0x77, 0x77, 0x71, 0x0, 0x0, 0xaf, 0xe0, 0x0,
    0xf, 0xff, 0xff, 0xff, 0xff, 0xff, 0xff, 0xf3,
    0x0, 0x0, 0xaf, 0xe0, 0x0, 0xf, 0xff, 0xff,
    0xff, 0xff, 0xff, 0xff, 0xf3, 0x0, 0x0, 0xaf,
    0xe0, 0x0, 0x0, 0x0, 0xd, 0xfc, 0x0, 0x0,
    0x6f, 0xf2, 0x0, 0x0, 0xaf, 0xe0, 0x0, 0x0,
    0x0, 0xe, 0xfb, 0x0, 0x0, 0x7f, 0xf1, 0x0,
    0x0, 0xaf, 0xe0, 0x0, 0x0, 0x0, 0xf, 0xf9,
    0x0, 0x0, 0x7f, 0xf1, 0x0, 0x0, 0xaf, 0xe0,
    0x0, 0x0, 0x0, 0x2f, 0xf7, 0x0, 0x0, 0x8f,
    0xf0, 0x0, 0x0, 0xaf, 0xe0, 0x0, 0x0, 0x0,
    0x5f, 0xf5, 0x0, 0x0, 0x9f, 0xf0, 0x0, 0x0,
    0xaf, 0xe0, 0x0, 0x0, 0x0, 0x8f, 0xf2, 0x0,
    0x0, 0x9f, 0xe0, 0x0, 0x0, 0xaf, 0xe0, 0x0,
    0x10, 0x0, 0xbf, 0xf0, 0x0, 0x0, 0xaf, 0xe0,
    0x0, 0x0, 0xaf, 0xe4, 0x8d, 0xf3, 0x1, 0xff,
    0xb0, 0x0, 0x0, 0xbf, 0xd0, 0x0, 0x3, 0xcf,
    0xff, 0xff, 0xf5, 0x6, 0xff, 0x60, 0x0, 0x0,
    0xcf, 0xc0, 0x7b, 0xff, 0xff, 0xff, 0xfc, 0x82,
    0xd, 0xff, 0x10, 0x0, 0x0, 0xef, 0xb0, 0xbf,
    0xff, 0xff, 0xa6, 0x10, 0x0, 0x6f, 0xfa, 0x0,
    0x0, 0x0, 0xff, 0x90, 0x7f, 0xd8, 0x30, 0x0,
    0x0, 0x1, 0xef, 0xf2, 0x0, 0x0, 0x1, 0xff,
    0x80, 0x11, 0x0, 0x0, 0x0, 0x0, 0xc, 0xff,
    0x90, 0x0, 0x0, 0x4, 0xff, 0x60, 0x0, 0x0,
    0x0, 0x0, 0x1, 0xcf, 0xfd, 0x0, 0x0, 0x0,
    0x9, 0xff, 0x30, 0x0, 0x0, 0x0, 0x0, 0x4e,
    0xff, 0xe2, 0x0, 0x58, 0x77, 0x8f, 0xff, 0x0,
    0x0, 0x0, 0x0, 0x1, 0xdf, 0xfe, 0x20, 0x0,
    0x3f, 0xff, 0xff, 0xf8, 0x0, 0x0, 0x0, 0x0,
    0x0, 0x2e, 0xa1, 0x0, 0x0, 0xe, 0xff, 0xfd,
    0x80, 0x0, 0x0, 0x0, 0x0, 0x0, 0x1, 0x0,
    0x0, 0x0, 0x0, 0x0, 0x0, 0x0, 0x0,

    /* U+52A1 "务" */
    0x0, 0x0, 0x0, 0x0, 0x8, 0x74, 0x0, 0x0,
    0x0, 0x0, 0x0, 0x0, 0x0, 0x0, 0x0, 0x0,
    0x0, 0x6f, 0xfa, 0x0, 0x0, 0x0, 0x0, 0x0,
    0x0, 0x0, 0x0, 0x0, 0x0, 0x3, 0xff, 0xe1,
    0x0, 0x0, 0x0, 0x0, 0x0, 0x0, 0x0, 0x0,
    0x0, 0x0, 0x3f, 0xff, 0xff, 0xff, 0xff, 0xff,
    0xff, 0xff, 0xa1, 0x0, 0x0, 0x0, 0x5, 0xff,
    0xff, 0xff, 0xff, 0xff, 0xff, 0xff, 0xff, 0xf2,
    0x0, 0x0, 0x0, 0x8f, 0xff, 0x94, 0x44, 0x44,
    0x44, 0x44, 0x6f, 0xff, 0x40, 0x0, 0x0, 0x4d,
    0xff, 0xff, 0xe3, 0x0, 0x0, 0x0, 0x5, 0xef,
    0xf5, 0x0, 0x0, 0x3, 0xff, 0xfc, 0x3d, 0xff,
    0x70, 0x0, 0x2, 0xbf, 0xfe, 0x40, 0x0, 0x0,
    0x0, 0x8f, 0x70, 0x1, 0xcf, 0xfd, 0x53, 0xaf,
    0xff, 0xb1, 0x0, 0x0, 0x0, 0x0, 0x1, 0x0,
    0x0, 0x7, 0xff, 0xff, 0xff, 0xe5, 0x0, 0x0,
    0x0, 0x0, 0x0, 0x0, 0x0, 0x26, 0xae, 0xff,
    0xff, 0xff, 0xeb, 0x74, 0x20, 0x0, 0x0, 0x26,
    0x8a, 0xcf, 0xff, 0xff, 0xfe, 0x98, 0xdf, 0xff,
    0xff, 0xff, 0xed, 0xb6, 0x3f, 0xff, 0xff, 0xff,
    0xc8, 0x40, 0x0, 0x3, 0x7b, 0xef, 0xff, 0xff,
    0xf1, 0xc, 0xec, 0xa7, 0x40, 0x0, 0x9, 0x96,
    0x0, 0x0, 0x1, 0x46, 0x8a, 0x60, 0x0, 0x0,
    0x0, 0x0, 0x0, 0xf, 0xfa, 0x0, 0x0, 0x0,
    0x0, 0x0, 0x0, 0x0, 0x0, 0x0, 0x0, 0x0,
    0x4f, 0xf7, 0x0, 0x0, 0x0, 0x0, 0x0, 0x0,
    0x0, 0x7f, 0xff, 0xff, 0xff, 0xff, 0xff, 0xff,
    0xff, 0xff, 0xff, 0xf6, 0x0, 0x0, 0x7f, 0xff,
    0xff, 0xff, 0xff, 0xff, 0xff, 0xff, 0xff, 0xff,
    0xf4, 0x0, 0x0, 0x13, 0x33, 0x33, 0x39, 0xff,
    0x83, 0x33, 0x33, 0x33, 0x9f, 0xf2, 0x0, 0x0,
    0x0, 0x0, 0x0, 0x1e, 0xfe, 0x0, 0x0, 0x0,
    0x0, 0x9f, 0xf0, 0x0, 0x0, 0x0, 0x0, 0x1,
    0xcf, 0xf5, 0x0, 0x0, 0x0, 0x0, 0xcf, 0xc0,
    0x0, 0x0, 0x0, 0x0, 0x2d, 0xff, 0x90, 0x0,
    0x0, 0x0, 0x0, 0xff, 0x90, 0x0, 0x0, 0x0,
    0x18, 0xff, 0xfa, 0x0, 0x0, 0x0, 0x0, 0x5,
    0xff, 0x50, 0x0, 0x1, 0x5a, 0xff, 0xff, 0x70,
    0x0, 0x2, 0x32, 0x22, 0x3e, 0xff, 0x10, 0x0,
    0x1e, 0xff, 0xff, 0xa2, 0x0, 0x0, 0x4, 0xff,
    0xff, 0xff, 0xf8, 0x0, 0x0, 0x5, 0xfe, 0x82,
    0x0, 0x0, 0x0, 0x0, 0xef, 0xff, 0xfe, 0x80,
    0x0, 0x0, 0x0, 0x20, 0x0, 0x0, 0x0, 0x0,
    0x0, 0x0, 0x0, 0x0, 0x0, 0x0, 0x0,

    /* U+52A8 "动" */
    0x0, 0x0, 0x0, 0x0, 0x0, 0x0, 0x0, 0x0,
    0x1f, 0xf7, 0x0, 0x0, 0x0, 0x1, 0x44, 0x44,
    0x44, 0x44, 0x44, 0x10, 0x0, 0x1f, 0xf7, 0x0,
    0x0, 0x0, 0x6, 0xff, 0xff, 0xff, 0xff, 0xff,
    0x60, 0x0, 0x1f, 0xf7, 0x0, 0x0, 0x0, 0x6,
    0xff, 0xff, 0xff, 0xff, 0xff, 0x60, 0x0, 0x1f,
    0xf6, 0x0, 0x0, 0x0, 0x0, 0x0, 0x0, 0x0,
    0x0, 0x0, 0x0, 0x0, 0x2f, 0xf6, 0x0, 0x0,
    0x0, 0x0, 0x0, 0x0, 0x0, 0x0, 0x0, 0x4,
    0x55, 0x7f, 0xf9, 0x55, 0x55, 0x52, 0x0, 0x0,
    0x0, 0x0, 0x0, 0x0, 0xc, 0xff, 0xff, 0xff,
    0xff, 0xff, 0xf6, 0x0, 0x0, 0x0, 0x0, 0x0,
    0x0, 0xc, 0xff, 0xff, 0xff, 0xff, 0xff, 0xf6,
    0x4f, 0xff, 0xff, 0xff, 0xff, 0xff, 0xd0, 0x0,
    0x4f, 0xf4, 0x0, 0x3f, 0xf5, 0x5f, 0xff, 0xff,
    0xff, 0xff, 0xff, 0xe0, 0x0, 0x5f, 0xf2, 0x0,
    0x3f, 0xf5, 0x26, 0x66, 0xdf, 0xf6, 0x66, 0x66,
    0x50, 0x0, 0x6f, 0xf1, 0x0, 0x3f, 0xf4, 0x0,
    0x0, 0xef, 0xb0, 0x0, 0x0, 0x0, 0x0, 0x8f,
    0xf0, 0x0, 0x4f, 0xf4, 0x0, 0x2, 0xff, 0x70,
    0x0, 0x30, 0x0, 0x0, 0xaf, 0xe0, 0x0, 0x5f,
    0xf3, 0x0, 0x6, 0xff, 0x20, 0x1f, 0xf3, 0x0,
    0x0, 0xcf, 0xb0, 0x0, 0x5f, 0xf2, 0x0, 0xa,
    0xfd, 0x0, 0xc, 0xf9, 0x0, 0x0, 0xff, 0x90,
    0x0, 0x6f, 0xf2, 0x0, 0xf, 0xf8, 0x0, 0x6,
    0xff, 0x0, 0x3, 0xff, 0x60, 0x0, 0x7f, 0xf1,
    0x0, 0x5f, 0xf3, 0x0, 0x1, 0xff, 0x50, 0x6,
    0xff, 0x20, 0x0, 0x8f, 0xf0, 0x0, 0xaf, 0xd0,
    0x2, 0x59, 0xff, 0xb0, 0xb, 0xff, 0x0, 0x0,
    0x9f, 0xf0, 0x2, 0xff, 0xca, 0xef, 0xff, 0xff,
    0xf1, 0x1f, 0xfa, 0x0, 0x0, 0xaf, 0xe0, 0xc,
    0xff, 0xff, 0xff, 0xfd, 0x9f, 0xf5, 0x7f, 0xf4,
    0x0, 0x0, 0xcf, 0xc0, 0xc, 0xff, 0xfe, 0xa5,
    0x10, 0xd, 0xc5, 0xff, 0xe0, 0x0, 0x0, 0xff,
    0xb0, 0x7, 0xd7, 0x20, 0x0, 0x0, 0x1, 0x9,
    0xff, 0x60, 0x0, 0x2, 0xff, 0x80, 0x0, 0x0,
    0x0, 0x0, 0x0, 0x0, 0x6f, 0xfd, 0x6, 0x77,
    0x7c, 0xff, 0x50, 0x0, 0x0, 0x0, 0x0, 0x0,
    0x0, 0xdf, 0xf4, 0x6, 0xff, 0xff, 0xfe, 0x0,
    0x0, 0x0, 0x0, 0x0, 0x0, 0x0, 0x1e, 0x60,
    0x2, 0xff, 0xff, 0xb2, 0x0, 0x0, 0x0, 0x0,
    0x0, 0x0, 0x0, 0x1, 0x0, 0x0, 0x0, 0x0,
    0x0, 0x0,

    /* U+5305 "包" */
    0x0, 0x0, 0x0, 0x0, 0x96, 0x20, 0x0, 0x0,
    0x0, 0x0, 0x0, 0x0, 0x0, 0x0, 0x0, 0x0,
    0x0, 0x4f, 0xfc, 0x0, 0x0, 0x0, 0x0, 0x0,
    0x0, 0x0, 0x0, 0x0, 0x0, 0x0, 0xc, 0xff,
    0x40, 0x0, 0x0, 0x0, 0x0, 0x0, 0x0, 0x0,
    0x0, 0x0, 0x0, 0x6, 0xff, 0xc0, 0x0, 0x0,
    0x0, 0x0, 0x0, 0x0, 0x0, 0x0, 0x0, 0x0,
    0x1, 0xff, 0xff, 0xff, 0xff, 0xff, 0xff, 0xff,
    0xff, 0xff, 0x70, 0x0, 0x0, 0x0, 0xbf, 0xff,
    0xff, 0xff, 0xff, 0xff, 0xff, 0xff, 0xff, 0xf7,
    0x0, 0x0, 0x0, 0x9f, 0xfd, 0x88, 0x88, 0x88,
    0x88, 0x88, 0x88, 0x89, 0xff, 0x60, 0x0, 0x0,
    0x7f, 0xff, 0x20, 0x0, 0x0, 0x0, 0x0, 0x0,
    0x0, 0x3f, 0xf6, 0x0, 0x0, 0x8f, 0xff, 0x50,
    0x0, 0x0, 0x0, 0x0, 0x0, 0x0, 0x4, 0xff,
    0x50, 0x0, 0xaf, 0xff, 0xdf, 0xff, 0xff, 0xff,
    0xff, 0xff, 0x0, 0x0, 0x5f, 0xf4, 0x0, 0x3,
    0xef, 0x78, 0xff, 0xff, 0xff, 0xff, 0xff, 0xf0,
    0x0, 0x5, 0xff, 0x30, 0x0, 0x2, 0x50, 0x8f,
    0xf5, 0x55, 0x55, 0x5a, 0xff, 0x0, 0x0, 0x6f,
    0xf3, 0x0, 0x0, 0x0, 0x8, 0xff, 0x10, 0x0,
    0x0, 0x8f, 0xf0, 0x0, 0x7, 0xff, 0x20, 0x0,
    0x0, 0x0, 0x8f, 0xf1, 0x0, 0x0, 0x8, 0xff,
    0x0, 0x0, 0x8f, 0xf1, 0x0, 0x0, 0x0, 0x8,
    0xff, 0x10, 0x0, 0x0, 0x8f, 0xf0, 0x0, 0xa,
    0xff, 0x0, 0x0, 0x0, 0x0, 0x8f, 0xfa, 0xaa,
    0xaa, 0xad, 0xff, 0x0, 0x0, 0xcf, 0xe0, 0x0,
    0x0, 0x0, 0x8, 0xff, 0xff, 0xff, 0xff, 0xff,
    0xf0, 0x0, 0xf, 0xfc, 0x0, 0x0, 0x0, 0x0,
    0x8f, 0xfc, 0xcc, 0xcc, 0xcc, 0xcc, 0x48, 0x8b,
    0xff, 0x90, 0x0, 0x0, 0x0, 0x8, 0xff, 0x10,
    0x0, 0x0, 0x0, 0x3, 0xff, 0xff, 0xf3, 0x0,
    0x0, 0x0, 0x0, 0x8f, 0xf1, 0x0, 0x0, 0x0,
    0x0, 0xd, 0xdd, 0xb5, 0x0, 0x0, 0x0, 0x0,
    0x8, 0xff, 0x10, 0x0, 0x0, 0x0, 0x0, 0x0,
    0x0, 0x0, 0xb7, 0x20, 0x0, 0x0, 0x8f, 0xf1,
    0x0, 0x0, 0x0, 0x0, 0x0, 0x0, 0x0, 0xf,
    0xfb, 0x0, 0x0, 0x7, 0xff, 0x30, 0x0, 0x0,
    0x0, 0x0, 0x0, 0x0, 0x4, 0xff, 0x80, 0x0,
    0x0, 0x4f, 0xfe, 0x97, 0x77, 0x77, 0x77, 0x77,
    0x77, 0x79, 0xff, 0xf3, 0x0, 0x0, 0x0, 0xcf,
    0xff, 0xff, 0xff, 0xff, 0xff, 0xff, 0xff, 0xff,
    0xfb, 0x0, 0x0, 0x0, 0x0, 0x7c, 0xef, 0xff,
    0xff, 0xff, 0xff, 0xff, 0xfe, 0xc8, 0x0,

    /* U+5347 "升" */
    0x0, 0x0, 0x0, 0x0, 0x0, 0x0, 0x20, 0x0,
    0x1, 0x22, 0x0, 0x0, 0x0, 0x0, 0x0, 0x0,
    0x0, 0x0, 0x29, 0xfa, 0x0, 0xb, 0xff, 0x0,
    0x0, 0x0, 0x0, 0x0, 0x0, 0x0, 0x5b, 0xff,
    0xff, 0x70, 0xb, 0xff, 0x0, 0x0, 0x0, 0x0,
    0x0, 0x5, 0xaf, 0xff, 0xff, 0xd6, 0x0, 0xb,
    0xff, 0x0, 0x0, 0x0, 0x3, 0x7c, 0xff, 0xff,
    0xff, 0xa4, 0x0, 0x0, 0xb, 0xff, 0x0, 0x0,
    0x0, 0xc, 0xff, 0xff, 0xef, 0xf7, 0x0, 0x0,
    0x0, 0xb, 0xff, 0x0, 0x0, 0x0, 0x6, 0xeb,
    0x72, 0x2f, 0xf7, 0x0, 0x0, 0x0, 0xb, 0xff,
    0x0, 0x0, 0x0, 0x0, 0x0, 0x0, 0x2f, 0xf7,
    0x0, 0x0, 0x0, 0xb, 0xff, 0x0, 0x0, 0x0,
    0x0, 0x0, 0x0, 0x2f, 0xf7, 0x0, 0x0, 0x0,
    0xb, 0xff, 0x0, 0x0, 0x0, 0x0, 0x0, 0x0,
    0x2f, 0xf7, 0x0, 0x0, 0x0, 0xb, 0xff, 0x0,
    0x0, 0x0, 0x0, 0x0, 0x0, 0x2f, 0xf7, 0x0,
    0x0, 0x0, 0xb, 0xff, 0x0, 0x0, 0x0, 0x27,
    0x77, 0x77, 0x8f, 0xfb, 0x77, 0x77, 0x77, 0x7d,
    0xff, 0x77, 0x77, 0x76, 0x5f, 0xff, 0xff, 0xff,
    0xff, 0xff, 0xff, 0xff, 0xff, 0xff, 0xff, 0xff,
    0xfd, 0x5f, 0xff, 0xff, 0xff, 0xff, 0xff, 0xff,
    0xff, 0xff, 0xff, 0xff, 0xff, 0xfd, 0x0, 0x0,
    0x0, 0x5f, 0xf5, 0x0, 0x0, 0x0, 0xb, 0xff,
    0x0, 0x0, 0x0, 0x0, 0x0, 0x0, 0x6f, 0xf3,
    0x0, 0x0, 0x0, 0xb, 0xff, 0x0, 0x0, 0x0,
    0x0, 0x0, 0x0, 0x9f, 0xf1, 0x0, 0x0, 0x0,
    0xb, 0xff, 0x0, 0x0, 0x0, 0x0, 0x0, 0x0,
    0xef, 0xd0, 0x0, 0x0, 0x0, 0xb, 0xff, 0x0,
    0x0, 0x0, 0x0, 0x0, 0x4, 0xff, 0x90, 0x0,
    0x0, 0x0, 0xb, 0xff, 0x0, 0x0, 0x0, 0x0,
    0x0, 0xb, 0xff, 0x30, 0x0, 0x0, 0x0, 0xb,
    0xff, 0x0, 0x0, 0x0, 0x0, 0x0, 0x6f, 0xfd,
    0x0, 0x0, 0x0, 0x0, 0xb, 0xff, 0x0, 0x0,
    0x0, 0x0, 0x3, 0xff, 0xf3, 0x0, 0x0, 0x0,
    0x0, 0xb, 0xff, 0x0, 0x0, 0x0, 0x0, 0x4f,
    0xff, 0x90, 0x0, 0x0, 0x0, 0x0, 0xb, 0xff,
    0x0, 0x0, 0x0, 0x9, 0xff, 0xfa, 0x0, 0x0,
    0x0, 0x0, 0x0, 0xb, 0xff, 0x0, 0x0, 0x0,
    0x2e, 0xff, 0x90, 0x0, 0x0, 0x0, 0x0, 0x0,
    0xb, 0xff, 0x0, 0x0, 0x0, 0x3, 0xd4, 0x0,
    0x0, 0x0, 0x0, 0x0, 0x0, 0xb, 0xff, 0x0,
    0x0, 0x0, 0x0, 0x0, 0x0, 0x0, 0x0, 0x0,
    0x0, 0x0, 0x0, 0x0, 0x0, 0x0, 0x0,

    /* U+5355 "单" */
    0x0, 0x0, 0x0, 0x6, 0x10, 0x0, 0x0, 0x0,
    0x0, 0x34, 0x0, 0x0, 0x0, 0x0, 0x0, 0x1,
    0xef, 0xc0, 0x0, 0x0, 0x0, 0x0, 0xcf, 0xf4,
    0x0, 0x0, 0x0, 0x0, 0x0, 0x8f, 0xf9, 0x0,
    0x0, 0x0, 0x5, 0xff, 0xc0, 0x0, 0x0, 0x0,
    0x0, 0x0, 0xc, 0xff, 0x40, 0x0, 0x0, 0xe,
    0xff, 0x20, 0x0, 0x0, 0x0, 0x0, 0x0, 0x3,
    0xff, 0x80, 0x0, 0x0, 0x8f, 0xf6, 0x0, 0x0,
    0x0, 0x0, 0x9, 0xee, 0xee, 0xff, 0xee, 0xee,
    0xee, 0xff, 0xfe, 0xee, 0xe5, 0x0, 0x0, 0xa,
    0xff, 0xff, 0xff, 0xff, 0xff, 0xff, 0xff, 0xff,
    0xff, 0xf6, 0x0, 0x0, 0xa, 0xfe, 0x33, 0x33,
    0x35, 0xff, 0x93, 0x33, 0x33, 0x6f, 0xf6, 0x0,
    0x0, 0xa, 0xfe, 0x0, 0x0, 0x2, 0xff, 0x80,
    0x0, 0x0, 0x4f, 0xf6, 0x0, 0x0, 0xa, 0xfe,
    0x11, 0x11, 0x13, 0xff, 0x81, 0x11, 0x11, 0x5f,
    0xf6, 0x0, 0x0, 0xa, 0xff, 0xff, 0xff, 0xff,
    0xff, 0xff, 0xff, 0xff, 0xff, 0xf6, 0x0, 0x0,
    0xa, 0xff, 0xff, 0xff, 0xff, 0xff, 0xff, 0xff,
    0xff, 0xff, 0xf6, 0x0, 0x0, 0xa, 0xfe, 0x0,
    0x0, 0x2, 0xff, 0x80, 0x0, 0x0, 0x4f, 0xf6,
    0x0, 0x0, 0xa, 0xfe, 0x0, 0x0, 0x2, 0xff,
    0x80, 0x0, 0x0, 0x4f, 0xf6, 0x0, 0x0, 0xa,
    0xfe, 0x44, 0x44, 0x46, 0xff, 0xa4, 0x44, 0x44,
    0x7f, 0xf6, 0x0, 0x0, 0xa, 0xff, 0xff, 0xff,
    0xff, 0xff, 0xff, 0xff, 0xff, 0xff, 0xf6, 0x0,
    0x0, 0x8, 0xdd, 0xdd, 0xdd, 0xdd, 0xff, 0xed,
    0xdd, 0xdd, 0xdd, 0xd5, 0x0, 0x0, 0x0, 0x0,
    0x0, 0x0, 0x2, 0xff, 0x80, 0x0, 0x0, 0x0,
    0x0, 0x0, 0x0, 0x0, 0x0, 0x0, 0x0, 0x3,
    0xff, 0x80, 0x0, 0x0, 0x0, 0x0, 0x0, 0x3f,
    0xff, 0xff, 0xff, 0xff, 0xff, 0xff, 0xff, 0xff,
    0xff, 0xff, 0xff, 0xfb, 0x3f, 0xff, 0xff, 0xff,
    0xff, 0xff, 0xff, 0xff, 0xff, 0xff, 0xff, 0xff,
    0xfb, 0x15, 0x55, 0x55, 0x55, 0x55, 0x57, 0xff,
    0xa5, 0x55, 0x55, 0x55, 0x55, 0x54, 0x0, 0x0,
    0x0, 0x0, 0x0, 0x2, 0xff, 0x80, 0x0, 0x0,
    0x0, 0x0, 0x0, 0x0, 0x0, 0x0, 0x0, 0x0,
    0x2, 0xff, 0x80, 0x0, 0x0, 0x0, 0x0, 0x0,
    0x0, 0x0, 0x0, 0x0, 0x0, 0x2, 0xff, 0x80,
    0x0, 0x0, 0x0, 0x0, 0x0, 0x0, 0x0, 0x0,
    0x0, 0x0, 0x2, 0xff, 0x80, 0x0, 0x0, 0x0,
    0x0, 0x0,

    /* U+535A "博" */
    0x0, 0x6, 0xaa, 0x0, 0x0, 0x0, 0x0, 0x0,
    0x99, 0x20, 0x64, 0x0, 0x0, 0x0, 0x9, 0xff,
    0x0, 0x0, 0x0, 0x0, 0x1, 0xff, 0x43, 0xff,
    0xd7, 0x0, 0x0, 0x9, 0xff, 0x0, 0x0, 0x0,
    0x0, 0x1, 0xff, 0x40, 0x3b, 0xff, 0x10, 0x0,
    0x9, 0xff, 0x0, 0x4d, 0xdd, 0xdd, 0xdd, 0xff,
    0xdd, 0xdd, 0xff, 0xd7, 0x0, 0x9, 0xff, 0x0,
    0x5f, 0xff, 0xff, 0xff, 0xff, 0xff, 0xff, 0xff,
    0xf9, 0x0, 0x9, 0xff, 0x0, 0x13, 0x33, 0x33,
    0x34, 0xff, 0x73, 0x33, 0x33, 0x32, 0x0, 0x9,
    0xff, 0x0, 0x0, 0x66, 0x66, 0x67, 0xff, 0x96,
    0x66, 0x66, 0x20, 0x68, 0x8c, 0xff, 0x88, 0x60,
    0xff, 0xff, 0xff, 0xff, 0xff, 0xff, 0xff, 0x50,
    0xdf, 0xff, 0xff, 0xff, 0xd0, 0xff, 0x87, 0x77,
    0xff, 0x97, 0x77, 0xff, 0x50, 0xce, 0xef, 0xff,
    0xee, 0xb0, 0xff, 0x53, 0x34, 0xff, 0x73, 0x33,
    0xff, 0x50, 0x0, 0x9, 0xff, 0x0, 0x0, 0xff,
    0xff, 0xff, 0xff, 0xff, 0xff, 0xff, 0x50, 0x0,
    0x9, 0xff, 0x0, 0x0, 0xff, 0x87, 0x77, 0xff,
    0x97, 0x77, 0xff, 0x50, 0x0, 0x9, 0xff, 0x0,
    0x0, 0xff, 0x53, 0x34, 0xff, 0x73, 0x33, 0xff,
    0x50, 0x0, 0x9, 0xff, 0x0, 0x0, 0xff, 0xff,
    0xff, 0xff, 0xff, 0xff, 0xff, 0x50, 0x0, 0x9,
    0xff, 0x0, 0x0, 0xff, 0x87, 0x77, 0xff, 0x97,
    0x77, 0xff, 0x50, 0x0, 0x9, 0xff, 0x0, 0x0,
    0xff, 0x30, 0x0, 0xff, 0x40, 0x0, 0xff, 0x50,
    0x0, 0x9, 0xff, 0x0, 0x0, 0x77, 0x10, 0x0,
    0x0, 0x4, 0xcc, 0x10, 0x0, 0x0, 0x9, 0xff,
    0x0, 0x33, 0x33, 0x33, 0x33, 0x33, 0x37, 0xff,
    0x43, 0x32, 0x0, 0x9, 0xff, 0x0, 0xff, 0xff,
    0xff, 0xff, 0xff, 0xff, 0xff, 0xff, 0xfc, 0x0,
    0x9, 0xff, 0x0, 0xff, 0xff, 0xff, 0xff, 0xff,
    0xff, 0xff, 0xff, 0xfb, 0x0, 0x9, 0xff, 0x0,
    0x0, 0x9, 0xc2, 0x0, 0x0, 0x6, 0xff, 0x10,
    0x0, 0x0, 0x9, 0xff, 0x0, 0x0, 0x1d, 0xff,
    0x70, 0x0, 0x6, 0xff, 0x10, 0x0, 0x0, 0x9,
    0xff, 0x0, 0x0, 0x0, 0xaf, 0xfc, 0x0, 0x6,
    0xff, 0x10, 0x0, 0x0, 0x9, 0xff, 0x0, 0x0,
    0x0, 0x7, 0xf7, 0x0, 0x7, 0xff, 0x10, 0x0,
    0x0, 0x9, 0xff, 0x0, 0x0, 0x0, 0x0, 0x20,
    0x9f, 0xff, 0xff, 0x0, 0x0, 0x0, 0x9, 0xff,
    0x0, 0x0, 0x0, 0x0, 0x0, 0x3f, 0xff, 0xd5,
    0x0, 0x0, 0x0, 0x0, 0x0, 0x0, 0x0, 0x0,
    0x0, 0x0, 0x0, 0x0, 0x0, 0x0, 0x0,

    /* U+5373 "即" */
    0x0, 0x22, 0x22, 0x22, 0x22, 0x22, 0x20, 0x0,
    0x0, 0x0, 0x0, 0x0, 0x0, 0x1f, 0xff, 0xff,
    0xff, 0xff, 0xff, 0x10, 0xef, 0xff, 0xff, 0xff,
    0xf9, 0x1, 0xff, 0xff, 0xff, 0xff, 0xff, 0xf1,
    0xe, 0xff, 0xff, 0xff, 0xff, 0xa0, 0x1f, 0xfa,
    0x22, 0x22, 0x29, 0xff, 0x10, 0xef, 0xd6, 0x66,
    0x6f, 0xfa, 0x1, 0xff, 0x90, 0x0, 0x0, 0x8f,
    0xf1, 0xe, 0xfb, 0x0, 0x0, 0xef, 0xa0, 0x1f,
    0xf9, 0x0, 0x0, 0x8, 0xff, 0x10, 0xef, 0xb0,
    0x0, 0xe, 0xfa, 0x1, 0xff, 0xc6, 0x66, 0x66,
    0xbf, 0xf1, 0xe, 0xfb, 0x0, 0x0, 0xef, 0xa0,
    0x1f, 0xff, 0xff, 0xff, 0xff, 0xff, 0x10, 0xef,
    0xb0, 0x0, 0xe, 0xfa, 0x1, 0xff, 0xfe, 0xee,
    0xee, 0xff, 0xf1, 0xe, 0xfb, 0x0, 0x0, 0xef,
    0xa0, 0x1f, 0xf9, 0x0, 0x0, 0x8, 0xff, 0x10,
    0xef, 0xb0, 0x0, 0xe, 0xfa, 0x1, 0xff, 0x90,
    0x0, 0x0, 0x8f, 0xf1, 0xe, 0xfb, 0x0, 0x0,
    0xef, 0xa0, 0x1f, 0xf9, 0x0, 0x0, 0x8, 0xff,
    0x10, 0xef, 0xb0, 0x0, 0xe, 0xfa, 0x1, 0xff,
    0xff, 0xff, 0xff, 0xff, 0xf1, 0xe, 0xfb, 0x0,
    0x0, 0xef, 0xa0, 0x1f, 0xff, 0xff, 0xff, 0xff,
    0xff, 0x10, 0xef, 0xb0, 0x0, 0xe, 0xfa, 0x1,
    0xff, 0xb4, 0x44, 0x44, 0x44, 0x40, 0xe, 0xfb,
    0x0, 0x0, 0xef, 0xa0, 0x1f, 0xf9, 0x0, 0x0,
    0x50, 0x0, 0x0, 0xef, 0xb0, 0x0, 0xe, 0xfa,
    0x1, 0xff, 0x90, 0x1, 0xdf, 0x90, 0x0, 0xe,
    0xfb, 0x0, 0x0, 0xef, 0xa0, 0x1f, 0xf9, 0x0,
    0xb, 0xff, 0x30, 0x0, 0xef, 0xb1, 0x66, 0x7f,
    0xf9, 0x1, 0xff, 0x90, 0x0, 0x2f, 0xfb, 0x0,
    0xe, 0xfb, 0xd, 0xff, 0xff, 0x60, 0x1f, 0xf9,
    0x0, 0x5a, 0xff, 0xf4, 0x0, 0xef, 0xb0, 0x9f,
    0xfd, 0x80, 0x3, 0xff, 0xdb, 0xff, 0xff, 0xff,
    0xd0, 0xe, 0xfb, 0x0, 0x0, 0x0, 0x1, 0xdf,
    0xff, 0xff, 0xfc, 0x7a, 0xff, 0x50, 0xef, 0xb0,
    0x0, 0x0, 0x0, 0xd, 0xff, 0xfc, 0x72, 0x0,
    0x2f, 0xf7, 0xe, 0xfb, 0x0, 0x0, 0x0, 0x0,
    0x7e, 0x82, 0x0, 0x0, 0x0, 0x62, 0x0, 0xef,
    0xb0, 0x0, 0x0, 0x0, 0x1, 0x0, 0x0, 0x0,
    0x0, 0x0, 0x0, 0xe, 0xfb, 0x0, 0x0, 0x0,
    0x0,

    /* U+5382 "厂" */
    0x0, 0xa, 0xbb, 0xbb, 0xbb, 0xbb, 0xbb, 0xbb,
    0xbb, 0xbb, 0xbb, 0xbb, 0xb1, 0x0, 0xf, 0xff,
    0xff, 0xff, 0xff, 0xff, 0xff, 0xff, 0xff, 0xff,
    0xff, 0xf2, 0x0, 0xf, 0xff, 0xff, 0xff, 0xff,
    0xff, 0xff, 0xff, 0xff, 0xff, 0xff, 0xf2, 0x0,
    0xf, 0xfd, 0x0, 0x0, 0x0, 0x0, 0x0, 0x0,
    0x0, 0x0, 0x0, 0x0, 0x0, 0xf, 0xfd, 0x0,
    0x0, 0x0, 0x0, 0x0, 0x0, 0x0, 0x0, 0x0,
    0x0, 0x0, 0xf, 0xfd, 0x0, 0x0, 0x0, 0x0,
    0x0, 0x0, 0x0, 0x0, 0x0, 0x0, 0x0, 0xf,
    0xfd, 0x0, 0x0, 0x0, 0x0, 0x0, 0x0, 0x0,
    0x0, 0x0, 0x0, 0x0, 0xf, 0xfd, 0x0, 0x0,
    0x0, 0x0, 0x0, 0x0, 0x0, 0x0, 0x0, 0x0,
    0x0, 0xf, 0xfd, 0x0, 0x0, 0x0, 0x0, 0x0,
    0x0, 0x0, 0x0, 0x0, 0x0, 0x0, 0xf, 0xfd,
    0x0, 0x0, 0x0, 0x0, 0x0, 0x0, 0x0, 0x0,
    0x0, 0x0, 0x0, 0xf, 0xfc, 0x0, 0x0, 0x0,
    0x0, 0x0, 0x0, 0x0, 0x0, 0x0, 0x0, 0x0,
    0xf, 0xfc, 0x0, 0x0, 0x0, 0x0, 0x0, 0x0,
    0x0, 0x0, 0x0, 0x0, 0x0, 0x1f, 0xfb, 0x0,
    0x0, 0x0, 0x0, 0x0, 0x0, 0x0, 0x0, 0x0,
    0x0, 0x0, 0x3f, 0xf9, 0x0, 0x0, 0x0, 0x0,
    0x0, 0x0, 0x0, 0x0, 0x0, 0x0, 0x0, 0x4f,
    0xf7, 0x0, 0x0, 0x0, 0x0, 0x0, 0x0, 0x0,
    0x0, 0x0, 0x0, 0x0, 0x6f, 0xf5, 0x0, 0x0,
    0x0, 0x0, 0x0, 0x0, 0x0, 0x0, 0x0, 0x0,
    0x0, 0x9f, 0xf3, 0x0, 0x0, 0x0, 0x0, 0x0,
    0x0, 0x0, 0x0, 0x0, 0x0, 0x0, 0xcf, 0xf0,
    0x0, 0x0, 0x0, 0x0, 0x0, 0x0, 0x0, 0x0,
    0x0, 0x0, 0x0, 0xff, 0xd0, 0x0, 0x0, 0x0,
    0x0, 0x0, 0x0, 0x0, 0x0, 0x0, 0x0, 0x5,
    0xff, 0x90, 0x0, 0x0, 0x0, 0x0, 0x0, 0x0,
    0x0, 0x0, 0x0, 0x0, 0xb, 0xff, 0x40, 0x0,
    0x0, 0x0, 0x0, 0x0, 0x0, 0x0, 0x0, 0x0,
    0x0, 0x3f, 0xfe, 0x0, 0x0, 0x0, 0x0, 0x0,
    0x0, 0x0, 0x0, 0x0, 0x0, 0x0, 0xaf, 0xf7,
    0x0, 0x0, 0x0, 0x0, 0x0, 0x0, 0x0, 0x0,
    0x0, 0x0, 0x0, 0x6, 0xd0, 0x0, 0x0, 0x0,
    0x0, 0x0, 0x0, 0x0, 0x0, 0x0, 0x0, 0x0,
    0x0, 0x0, 0x0, 0x0, 0x0, 0x0, 0x0, 0x0,
    0x0, 0x0, 0x0, 0x0, 0x0,

    /* U+539F "原" */
    0x0, 0x0, 0x11, 0x11, 0x11, 0x11, 0x11, 0x11,
    0x11, 0x11, 0x11, 0x11, 0x11, 0x0, 0x0, 0x7f,
    0xff, 0xff, 0xff, 0xff, 0xff, 0xff, 0xff, 0xff,
    0xff, 0xff, 0xf5, 0x0, 0x7, 0xff, 0xff, 0xff,
    0xff, 0xff, 0xff, 0xff, 0xff, 0xff, 0xff, 0xff,
    0x50, 0x0, 0x7f, 0xf6, 0x44, 0x44, 0x44, 0x48,
    0xa8, 0x54, 0x44, 0x44, 0x44, 0x41, 0x0, 0x7,
    0xff, 0x20, 0x0, 0x0, 0x0, 0xdf, 0xf4, 0x0,
    0x0, 0x0, 0x0, 0x0, 0x0, 0x7f, 0xf2, 0x0,
    0x11, 0x11, 0x4f, 0xfc, 0x11, 0x11, 0x11, 0x10,
    0x0, 0x0, 0x7, 0xff, 0x20, 0xaf, 0xff, 0xff,
    0xff, 0xff, 0xff, 0xff, 0xff, 0x10, 0x0, 0x0,
    0x7f, 0xf2, 0xa, 0xff, 0xff, 0xff, 0xff, 0xff,
    0xff, 0xff, 0xf1, 0x0, 0x0, 0x7, 0xff, 0x20,
    0xaf, 0xe0, 0x0, 0x0, 0x0, 0x0, 0x9, 0xff,
    0x10, 0x0, 0x0, 0x7f, 0xf2, 0xa, 0xfe, 0x0,
    0x0, 0x0, 0x0, 0x0, 0x9f, 0xf1, 0x0, 0x0,
    0x7, 0xff, 0x10, 0xaf, 0xfe, 0xee, 0xee, 0xee,
    0xee, 0xef, 0xff, 0x10, 0x0, 0x0, 0x7f, 0xf1,
    0xa, 0xff, 0xff, 0xff, 0xff, 0xff, 0xff, 0xff,
    0xf1, 0x0, 0x0, 0x8, 0xff, 0x0, 0xaf, 0xe0,
    0x0, 0x0, 0x0, 0x0, 0x9, 0xff, 0x10, 0x0,
    0x0, 0xaf, 0xe0, 0xa, 0xfe, 0x0, 0x0, 0x0,
    0x0, 0x0, 0x9f, 0xf1, 0x0, 0x0, 0xb, 0xfd,
    0x0, 0xaf, 0xff, 0xff, 0xff, 0xff, 0xff, 0xff,
    0xff, 0x10, 0x0, 0x0, 0xcf, 0xb0, 0xa, 0xff,
    0xff, 0xff, 0xff, 0xff, 0xff, 0xff, 0xf1, 0x0,
    0x0, 0xe, 0xfa, 0x0, 0x0, 0x0, 0x0, 0xf,
    0xf8, 0x0, 0x0, 0x0, 0x0, 0x0, 0x1, 0xff,
    0x70, 0x0, 0x1a, 0x61, 0x0, 0xff, 0x80, 0x6,
    0x80, 0x0, 0x0, 0x0, 0x4f, 0xf4, 0x0, 0xa,
    0xff, 0x60, 0xf, 0xf8, 0x7, 0xff, 0x80, 0x0,
    0x0, 0x8, 0xff, 0x10, 0x7, 0xff, 0xa0, 0x0,
    0xff, 0x80, 0xb, 0xff, 0x70, 0x0, 0x0, 0xdf,
    0xd0, 0x4, 0xff, 0xd0, 0x0, 0xf, 0xf8, 0x0,
    0xd, 0xff, 0x60, 0x0, 0x3f, 0xf8, 0x4, 0xff,
    0xf2, 0x0, 0x0, 0xff, 0x80, 0x0, 0x2e, 0xff,
    0x50, 0xb, 0xff, 0x21, 0xef, 0xf4, 0x2, 0x33,
    0x4f, 0xf7, 0x0, 0x0, 0x4f, 0xff, 0x20, 0x6e,
    0xb0, 0x1, 0xa5, 0x0, 0x7f, 0xff, 0xff, 0x50,
    0x0, 0x0, 0x7c, 0x40, 0x0, 0x12, 0x0, 0x0,
    0x0, 0x2, 0xff, 0xfd, 0x80, 0x0, 0x0, 0x0,
    0x0, 0x0, 0x0, 0x0, 0x0, 0x0, 0x0, 0x0,
    0x0, 0x0, 0x0, 0x0, 0x0, 0x0, 0x0,

    /* U+53D1 "发" */
    0x0, 0x0, 0x0, 0x0, 0x0, 0x0, 0x58, 0x61,
    0x0, 0x0, 0x20, 0x0, 0x0, 0x0, 0x0, 0x0,
    0x0, 0xca, 0x60, 0x0, 0x9f, 0xf5, 0x0, 0x8,
    0xf8, 0x0, 0x0, 0x0, 0x0, 0x0, 0x4, 0xff,
    0x90, 0x0, 0xcf, 0xf3, 0x0, 0xb, 0xff, 0x70,
    0x0, 0x0, 0x0, 0x0, 0x9, 0xff, 0x30, 0x0,
    0xef, 0xf0, 0x0, 0x0, 0xcf, 0xf5, 0x0, 0x0,
    0x0, 0x0, 0xe, 0xfd, 0x0, 0x2, 0xff, 0xd0,
    0x0, 0x0, 0x1e, 0xfe, 0x0, 0x0, 0x0, 0x0,
    0x7f, 0xf6, 0x0, 0x5, 0xff, 0xa0, 0x0, 0x0,
    0x3, 0xb2, 0x0, 0x0, 0x0, 0x2, 0xef, 0xf7,
    0x77, 0x7b, 0xff, 0xb7, 0x77, 0x77, 0x77, 0x77,
    0x77, 0x0, 0x0, 0xa, 0xff, 0xff, 0xff, 0xff,
    0xff, 0xff, 0xff, 0xff, 0xff, 0xff, 0xff, 0x10,
    0x0, 0x4, 0xff, 0xff, 0xff, 0xff, 0xff, 0xff,
    0xff, 0xff, 0xff, 0xff, 0xff, 0x10, 0x0, 0x0,
    0x52, 0x0, 0x0, 0x7f, 0xfa, 0x0, 0x0, 0x0,
    0x0, 0x0, 0x0, 0x0, 0x0, 0x0, 0x0, 0x0,
    0x0, 0xcf, 0xf5, 0x0, 0x0, 0x0, 0x0, 0x0,
    0x0, 0x0, 0x0, 0x0, 0x0, 0x0, 0x2, 0xff,
    0xf1, 0x0, 0x0, 0x0, 0x0, 0x0, 0x0, 0x0,
    0x0, 0x0, 0x0, 0x0, 0x9, 0xff, 0xff, 0xff,
    0xff, 0xff, 0xff, 0xf8, 0x0, 0x0, 0x0, 0x0,
    0x0, 0x0, 0x2f, 0xff, 0xff, 0xff, 0xff, 0xff,
    0xff, 0xfa, 0x0, 0x0, 0x0, 0x0, 0x0, 0x0,
    0xaf, 0xff, 0xc7, 0x77, 0x77, 0x77, 0xdf, 0xf4,
    0x0, 0x0, 0x0, 0x0, 0x0, 0x4, 0xff, 0xff,
    0xf2, 0x0, 0x0, 0x3, 0xff, 0xd0, 0x0, 0x0,
    0x0, 0x0, 0x0, 0xd, 0xff, 0xbf, 0xfc, 0x0,
    0x0, 0xc, 0xff, 0x40, 0x0, 0x0, 0x0, 0x0,
    0x0, 0xbf, 0xfe, 0x16, 0xff, 0x80, 0x0, 0xaf,
    0xfa, 0x0, 0x0, 0x0, 0x0, 0x0, 0x9, 0xff,
    0xf4, 0x0, 0xbf, 0xf8, 0x9, 0xff, 0xd1, 0x0,
    0x0, 0x0, 0x0, 0x0, 0x9f, 0xff, 0x60, 0x0,
    0xd, 0xff, 0xcf, 0xff, 0x30, 0x0, 0x0, 0x0,
    0x0, 0x1b, 0xff, 0xf8, 0x0, 0x0, 0x1, 0xdf,
    0xff, 0xf3, 0x0, 0x0, 0x0, 0x0, 0x4, 0xef,
    0xff, 0x60, 0x0, 0x0, 0x7, 0xff, 0xff, 0xf8,
    0x0, 0x0, 0x0, 0x0, 0xa, 0xff, 0xe5, 0x0,
    0x0, 0x7, 0xef, 0xff, 0xdf, 0xff, 0xe8, 0x20,
    0x0, 0x0, 0x0, 0xbb, 0x10, 0x1, 0x5a, 0xff,
    0xff, 0xe5, 0x4, 0xdf, 0xff, 0xfd, 0x84, 0x0,
    0x0, 0x0, 0x0, 0xe, 0xff, 0xff, 0xe7, 0x0,
    0x0, 0x6, 0xdf, 0xff, 0xff, 0xa0, 0x0, 0x0,
    0x0, 0x4, 0xff, 0xa4, 0x0, 0x0, 0x0, 0x0,
    0x4, 0xae, 0xfe, 0x0, 0x0, 0x0, 0x0, 0x0,
    0x40, 0x0, 0x0, 0x0, 0x0, 0x0, 0x0, 0x0,
    0x33, 0x0,

    /* U+53D6 "取" */
    0x24, 0x44, 0x44, 0x44, 0x44, 0x44, 0x40, 0x0,
    0x0, 0x0, 0x0, 0x0, 0x0, 0x8, 0xff, 0xff,
    0xff, 0xff, 0xff, 0xff, 0x10, 0x0, 0x0, 0x0,
    0x0, 0x0, 0x0, 0x8f, 0xff, 0xff, 0xff, 0xff,
    0xff, 0xf7, 0x77, 0x77, 0x77, 0x77, 0x77, 0x40,
    0x0, 0x1d, 0xfb, 0x11, 0x16, 0xff, 0x41, 0xcf,
    0xff, 0xff, 0xff, 0xff, 0xff, 0x0, 0x0, 0xdf,
    0xa0, 0x0, 0x5f, 0xf3, 0xc, 0xff, 0xff, 0xff,
    0xff, 0xff, 0xd0, 0x0, 0xd, 0xfa, 0x0, 0x5,
    0xff, 0x30, 0x8, 0xfd, 0x0, 0x0, 0xb, 0xfa,
    0x0, 0x0, 0xdf, 0xb4, 0x44, 0x8f, 0xf3, 0x0,
    0x5f, 0xf0, 0x0, 0x0, 0xff, 0x80, 0x0, 0xd,
    0xff, 0xff, 0xff, 0xff, 0x30, 0x2, 0xff, 0x40,
    0x0, 0x2f, 0xf5, 0x0, 0x0, 0xdf, 0xff, 0xff,
    0xff, 0xf3, 0x0, 0xe, 0xf7, 0x0, 0x6, 0xff,
    0x10, 0x0, 0xd, 0xfa, 0x0, 0x5, 0xff, 0x30,
    0x0, 0xbf, 0xb0, 0x0, 0xaf, 0xd0, 0x0, 0x0,
    0xdf, 0xa0, 0x0, 0x5f, 0xf3, 0x0, 0x7, 0xff,
    0x0, 0xf, 0xf9, 0x0, 0x0, 0xd, 0xfa, 0x0,
    0x5, 0xff, 0x30, 0x0, 0x3f, 0xf4, 0x5, 0xff,
    0x40, 0x0, 0x0, 0xdf, 0xfe, 0xee, 0xef, 0xf3,
    0x0, 0x0, 0xef, 0x90, 0xaf, 0xe0, 0x0, 0x0,
    0xd, 0xff, 0xff, 0xff, 0xff, 0x30, 0x0, 0x8,
    0xfe, 0x2f, 0xf9, 0x0, 0x0, 0x0, 0xdf, 0xc5,
    0x55, 0x9f, 0xf3, 0x0, 0x0, 0x3f, 0xfd, 0xff,
    0x30, 0x0, 0x0, 0xd, 0xfa, 0x0, 0x5, 0xff,
    0x30, 0x0, 0x0, 0xcf, 0xff, 0xb0, 0x0, 0x0,
    0x0, 0xdf, 0xa0, 0x0, 0x5f, 0xf3, 0x0, 0x0,
    0x5, 0xff, 0xf3, 0x0, 0x0, 0x0, 0xd, 0xfa,
    0x1, 0x38, 0xff, 0xef, 0x80, 0x0, 0x3f, 0xff,
    0x0, 0x0, 0x0, 0x25, 0xef, 0xfe, 0xff, 0xff,
    0xff, 0xf9, 0x0, 0xd, 0xff, 0xf9, 0x0, 0x0,
    0xb, 0xff, 0xff, 0xff, 0xff, 0xff, 0x84, 0x10,
    0xa, 0xff, 0xff, 0xf5, 0x0, 0x0, 0x7f, 0xfe,
    0xb8, 0x63, 0x5f, 0xf3, 0x0, 0x8, 0xff, 0xc2,
    0xef, 0xf3, 0x0, 0x2, 0x41, 0x0, 0x0, 0x5,
    0xff, 0x30, 0x9, 0xff, 0xd1, 0x4, 0xff, 0xf5,
    0x0, 0x0, 0x0, 0x0, 0x0, 0x5f, 0xf3, 0x1b,
    0xff, 0xe2, 0x0, 0x7, 0xff, 0xf9, 0x0, 0x0,
    0x0, 0x0, 0x5, 0xff, 0x33, 0xff, 0xd2, 0x0,
    0x0, 0x7, 0xff, 0x50, 0x0, 0x0, 0x0, 0x0,
    0x5f, 0xf3, 0x5, 0xb1, 0x0, 0x0, 0x0, 0x4,
    0x70, 0x0, 0x0, 0x0, 0x0, 0x0, 0x0, 0x0,
    0x0, 0x0, 0x0, 0x0, 0x0, 0x0, 0x0,

    /* U+53D8 "变" */
    0x0, 0x0, 0x0, 0x0, 0x0, 0x8, 0xba, 0x0,
    0x0, 0x0, 0x0, 0x0, 0x0, 0x0, 0x0, 0x0,
    0x0, 0x0, 0xa, 0xff, 0x40, 0x0, 0x0, 0x0,
    0x0, 0x0, 0x0, 0x0, 0x0, 0x0, 0x0, 0x2,
    0xff, 0xd0, 0x0, 0x0, 0x0, 0x0, 0x0, 0xf,
    0xff, 0xff, 0xff, 0xff, 0xff, 0xff, 0xff, 0xff,
    0xff, 0xff, 0xff, 0xf0, 0xf, 0xff, 0xff, 0xff,
    0xff, 0xff, 0xff, 0xff, 0xff, 0xff, 0xff, 0xff,
    0xf0, 0x5, 0x55, 0x55, 0x55, 0xbf, 0xf5, 0x55,
    0x6f, 0xfb, 0x55, 0x55, 0x55, 0x50, 0x0, 0x0,
    0x28, 0x40, 0x9f, 0xf0, 0x0, 0x1f, 0xf8, 0x4,
    0x30, 0x0, 0x0, 0x0, 0x0, 0xaf, 0xe0, 0x9f,
    0xf0, 0x0, 0x1f, 0xf8, 0x8f, 0xf4, 0x0, 0x0,
    0x0, 0x4, 0xff, 0x70, 0x9f, 0xf0, 0x0, 0x1f,
    0xf8, 0x1d, 0xff, 0x50, 0x0, 0x0, 0x1e, 0xfd,
    0x0, 0x9f, 0xf0, 0x0, 0x1f, 0xf8, 0x1, 0xdf,
    0xf4, 0x0, 0x1, 0xdf, 0xf3, 0x0, 0x9f, 0xf0,
    0x0, 0x1f, 0xf8, 0x0, 0x1e, 0xff, 0x30, 0x5,
    0xff, 0x60, 0x0, 0x9f, 0xf0, 0x0, 0x1f, 0xf8,
    0x0, 0x2, 0xff, 0x70, 0x0, 0x26, 0x0, 0x0,
    0x9f, 0xf0, 0x0, 0x1f, 0xf8, 0x0, 0x0, 0x53,
    0x0, 0x0, 0x0, 0x0, 0x0, 0x47, 0x70, 0x0,
    0x7, 0x73, 0x0, 0x0, 0x0, 0x0, 0x0, 0x16,
    0x66, 0x66, 0x66, 0x66, 0x66, 0x66, 0x66, 0x66,
    0x60, 0x0, 0x0, 0x0, 0x4f, 0xff, 0xff, 0xff,
    0xff, 0xff, 0xff, 0xff, 0xff, 0xfd, 0x10, 0x0,
    0x0, 0x4e, 0xef, 0xff, 0xee, 0xee, 0xee, 0xee,
    0xee, 0xff, 0xfa, 0x0, 0x0, 0x0, 0x0, 0x9,
    0xff, 0x50, 0x0, 0x0, 0x0, 0x4, 0xff, 0xe1,
    0x0, 0x0, 0x0, 0x0, 0x0, 0xcf, 0xf7, 0x0,
    0x0, 0x0, 0x5f, 0xfe, 0x20, 0x0, 0x0, 0x0,
    0x0, 0x0, 0xc, 0xff, 0xa1, 0x0, 0x9, 0xff,
    0xe3, 0x0, 0x0, 0x0, 0x0, 0x0, 0x0, 0x0,
    0x9f, 0xfe, 0x66, 0xef, 0xfc, 0x10, 0x0, 0x0,
    0x0, 0x0, 0x0, 0x0, 0x0, 0x5, 0xff, 0xff,
    0xff, 0x70, 0x0, 0x0, 0x0, 0x0, 0x0, 0x0,
    0x0, 0x2, 0x7c, 0xff, 0xff, 0xff, 0xb6, 0x10,
    0x0, 0x0, 0x0, 0x0, 0x25, 0x7a, 0xef, 0xff,
    0xff, 0x9a, 0xff, 0xff, 0xfd, 0x96, 0x31, 0x0,
    0x4f, 0xff, 0xff, 0xff, 0xfb, 0x60, 0x0, 0x17,
    0xcf, 0xff, 0xff, 0xff, 0xf5, 0xc, 0xff, 0xfc,
    0x84, 0x0, 0x0, 0x0, 0x0, 0x1, 0x69, 0xdf,
    0xff, 0xc0, 0x3, 0x52, 0x0, 0x0, 0x0, 0x0,
    0x0, 0x0, 0x0, 0x0, 0x0, 0x35, 0x20,

    /* U+53E3 "口" */
    0x6a, 0xaa, 0xaa, 0xaa, 0xaa, 0xaa, 0xaa, 0xaa,
    0xaa, 0xaa, 0xa8, 0x9f, 0xff, 0xff, 0xff, 0xff,
    0xff, 0xff, 0xff, 0xff, 0xff, 0xfc, 0x9f, 0xff,
    0xff, 0xff, 0xff, 0xff, 0xff, 0xff, 0xff, 0xff,
    0xfc, 0x9f, 0xf1, 0x0, 0x0, 0x0, 0x0, 0x0,
    0x0, 0x0, 0x1f, 0xfc, 0x9f, 0xf1, 0x0, 0x0,
    0x0, 0x0, 0x0, 0x0, 0x0, 0x1f, 0xfc, 0x9f,
    0xf1, 0x0, 0x0, 0x0, 0x0, 0x0, 0x0, 0x0,
    0x1f, 0xfc, 0x9f, 0xf1, 0x0, 0x0, 0x0, 0x0,
    0x0, 0x0, 0x0, 0x1f, 0xfc, 0x9f, 0xf1, 0x0,
    0x0, 0x0, 0x0, 0x0, 0x0, 0x0, 0x1f, 0xfc,
    0x9f, 0xf1, 0x0, 0x0, 0x0, 0x0, 0x0, 0x0,
    0x0, 0x1f, 0xfc, 0x9f, 0xf1, 0x0, 0x0, 0x0,
    0x0, 0x0, 0x0, 0x0, 0x1f, 0xfc, 0x9f, 0xf1,
    0x0, 0x0, 0x0, 0x0, 0x0, 0x0, 0x0, 0x1f,
    0xfc, 0x9f, 0xf1, 0x0, 0x0, 0x0, 0x0, 0x0,
    0x0, 0x0, 0x1f, 0xfc, 0x9f, 0xf1, 0x0, 0x0,
    0x0, 0x0, 0x0, 0x0, 0x0, 0x1f, 0xfc, 0x9f,
    0xf1, 0x0, 0x0, 0x0, 0x0, 0x0, 0x0, 0x0,
    0x1f, 0xfc, 0x9f, 0xf1, 0x0, 0x0, 0x0, 0x0,
    0x0, 0x0, 0x0, 0x1f, 0xfc, 0x9f, 0xf1, 0x0,
    0x0, 0x0, 0x0, 0x0, 0x0, 0x0, 0x1f, 0xfc,
    0x9f, 0xf1, 0x0, 0x0, 0x0, 0x0, 0x0, 0x0,
    0x0, 0x1f, 0xfc, 0x9f, 0xfa, 0x99, 0x99, 0x99,
    0x99, 0x99, 0x99, 0x99, 0xaf, 0xfc, 0x9f, 0xff,
    0xff, 0xff, 0xff, 0xff, 0xff, 0xff, 0xff, 0xff,
    0xfc, 0x9f, 0xff, 0xff, 0xff, 0xff, 0xff, 0xff,
    0xff, 0xff, 0xff, 0xfc, 0x9f, 0xf2, 0x11, 0x11,
    0x11, 0x11, 0x11, 0x11, 0x11, 0x2f, 0xfc, 0x9f,
    0xf1, 0x0, 0x0, 0x0, 0x0, 0x0, 0x0, 0x0,
    0x1f, 0xfc, 0x59, 0x90, 0x0, 0x0, 0x0, 0x0,
    0x0, 0x0, 0x0, 0x8, 0x86,

    /* U+53EF "可" */
    0x19, 0x99, 0x99, 0x99, 0x99, 0x99, 0x99, 0x99,
    0x99, 0x99, 0x99, 0x99, 0x96, 0x3f, 0xff, 0xff,
    0xff, 0xff, 0xff, 0xff, 0xff, 0xff, 0xff, 0xff,
    0xff, 0xfa, 0x3f, 0xff, 0xff, 0xff, 0xff, 0xff,
    0xff, 0xff, 0xff, 0xff, 0xff, 0xff, 0xfa, 0x0,
    0x0, 0x0, 0x0, 0x0, 0x0, 0x0, 0x0, 0x0,
    0x6, 0xff, 0x50, 0x0, 0x0, 0x0, 0x0, 0x0,
    0x0, 0x0, 0x0, 0x0, 0x0, 0x6, 0xff, 0x50,
    0x0, 0x0, 0x0, 0x0, 0x0, 0x0, 0x0, 0x0,
    0x0, 0x0, 0x6, 0xff, 0x50, 0x0, 0x0, 0x2,
    0x44, 0x44, 0x44, 0x44, 0x44, 0x40, 0x0, 0x6,
    0xff, 0x50, 0x0, 0x0, 0x7, 0xff, 0xff, 0xff,
    0xff, 0xff, 0xf1, 0x0, 0x6, 0xff, 0x50, 0x0,
    0x0, 0x7, 0xff, 0xff, 0xff, 0xff, 0xff, 0xf1,
    0x0, 0x6, 0xff, 0x50, 0x0, 0x0, 0x7, 0xff,
    0x32, 0x22, 0x22, 0x9f, 0xf1, 0x0, 0x6, 0xff,
    0x50, 0x0, 0x0, 0x7, 0xff, 0x10, 0x0, 0x0,
    0x7f, 0xf1, 0x0, 0x6, 0xff, 0x50, 0x0, 0x0,
    0x7, 0xff, 0x10, 0x0, 0x0, 0x7f, 0xf1, 0x0,
    0x6, 0xff, 0x50, 0x0, 0x0, 0x7, 0xff, 0x10,
    0x0, 0x0, 0x7f, 0xf1, 0x0, 0x6, 0xff, 0x50,
    0x0, 0x0, 0x7, 0xff, 0x10, 0x0, 0x0, 0x7f,
    0xf1, 0x0, 0x6, 0xff, 0x50, 0x0, 0x0, 0x7,
    0xff, 0x43, 0x33, 0x33, 0x9f, 0xf1, 0x0, 0x6,
    0xff, 0x50, 0x0, 0x0, 0x7, 0xff, 0xff, 0xff,
    0xff, 0xff, 0xf1, 0x0, 0x6, 0xff, 0x50, 0x0,
    0x0, 0x7, 0xff, 0xff, 0xff, 0xff, 0xff, 0xf1,
    0x0, 0x6, 0xff, 0x50, 0x0, 0x0, 0x7, 0xff,
    0x43, 0x33, 0x33, 0x33, 0x30, 0x0, 0x6, 0xff,
    0x50, 0x0, 0x0, 0x7, 0xff, 0x10, 0x0, 0x0,
    0x0, 0x0, 0x0, 0x6, 0xff, 0x50, 0x0, 0x0,
    0x3, 0x66, 0x0, 0x0, 0x0, 0x0, 0x0, 0x0,
    0x6, 0xff, 0x50, 0x0, 0x0, 0x0, 0x0, 0x0,
    0x0, 0x0, 0x0, 0x0, 0x0, 0x6, 0xff, 0x50,
    0x0, 0x0, 0x0, 0x0, 0x0, 0x0, 0x0, 0x1,
    0xba, 0xaa, 0xad, 0xff, 0x40, 0x0, 0x0, 0x0,
    0x0, 0x0, 0x0, 0x0, 0x0, 0xbf, 0xff, 0xff,
    0xfe, 0x0, 0x0, 0x0, 0x0, 0x0, 0x0, 0x0,
    0x0, 0x0, 0x6f, 0xff, 0xfd, 0x92, 0x0, 0x0,
    0x0, 0x0, 0x0, 0x0, 0x0, 0x0, 0x0, 0x0,
    0x0, 0x0, 0x0, 0x0, 0x0,

    /* U+540C "同" */
    0x12, 0x22, 0x22, 0x22, 0x22, 0x22, 0x22, 0x22,
    0x22, 0x22, 0x22, 0x21, 0x8f, 0xff, 0xff, 0xff,
    0xff, 0xff, 0xff, 0xff, 0xff, 0xff, 0xff, 0xf9,
    0x8f, 0xff, 0xff, 0xff, 0xff, 0xff, 0xff, 0xff,
    0xff, 0xff, 0xff, 0xf9, 0x8f, 0xf5, 0x55, 0x55,
    0x55, 0x55, 0x55, 0x55, 0x55, 0x55, 0x5f, 0xf9,
    0x8f, 0xf0, 0x0, 0x0, 0x0, 0x0, 0x0, 0x0,
    0x0, 0x0, 0xf, 0xf9, 0x8f, 0xf0, 0x1, 0x22,
    0x22, 0x22, 0x22, 0x22, 0x22, 0x20, 0xf, 0xf9,
    0x8f, 0xf0, 0xf, 0xff, 0xff, 0xff, 0xff, 0xff,
    0xff, 0xf0, 0xf, 0xf9, 0x8f, 0xf0, 0xf, 0xff,
    0xff, 0xff, 0xff, 0xff, 0xff, 0xf0, 0xf, 0xf9,
    0x8f, 0xf0, 0x0, 0x11, 0x11, 0x11, 0x11, 0x11,
    0x11, 0x10, 0xf, 0xf9, 0x8f, 0xf0, 0x0, 0x0,
    0x0, 0x0, 0x0, 0x0, 0x0, 0x0, 0xf, 0xf9,
    0x8f, 0xf0, 0x0, 0x23, 0x33, 0x33, 0x33, 0x33,
    0x32, 0x0, 0xf, 0xf9, 0x8f, 0xf0, 0x0, 0x9f,
    0xff, 0xff, 0xff, 0xff, 0xfa, 0x0, 0xf, 0xf9,
    0x8f, 0xf0, 0x0, 0x9f, 0xff, 0xff, 0xff, 0xff,
    0xfa, 0x0, 0xf, 0xf9, 0x8f, 0xf0, 0x0, 0x9f,
    0xd0, 0x0, 0x0, 0xc, 0xfa, 0x0, 0xf, 0xf9,
    0x8f, 0xf0, 0x0, 0x9f, 0xd0, 0x0, 0x0, 0xc,
    0xfa, 0x0, 0xf, 0xf9, 0x8f, 0xf0, 0x0, 0x9f,
    0xd0, 0x0, 0x0, 0xc, 0xfa, 0x0, 0xf, 0xf9,
    0x8f, 0xf0, 0x0, 0x9f, 0xd0, 0x0, 0x0, 0xc,
    0xfa, 0x0, 0xf, 0xf9, 0x8f, 0xf0, 0x0, 0x9f,
    0xd4, 0x44, 0x44, 0x4d, 0xfa, 0x0, 0xf, 0xf9,
    0x8f, 0xf0, 0x0, 0x9f, 0xff, 0xff, 0xff, 0xff,
    0xfa, 0x0, 0xf, 0xf9, 0x8f, 0xf0, 0x0, 0x9f,
    0xfe, 0xee, 0xee, 0xee, 0xe8, 0x0, 0xf, 0xf9,
    0x8f, 0xf0, 0x0, 0x9f, 0xd0, 0x0, 0x0, 0x0,
    0x0, 0x0, 0xf, 0xf9, 0x8f, 0xf0, 0x0, 0x6b,
    0x90, 0x0, 0x0, 0x0, 0x0, 0x0, 0xf, 0xf9,
    0x8f, 0xf0, 0x0, 0x0, 0x0, 0x0, 0x0, 0x0,
    0x18, 0x88, 0x9f, 0xf8, 0x8f, 0xf0, 0x0, 0x0,
    0x0, 0x0, 0x0, 0x0, 0xd, 0xff, 0xff, 0xf4,
    0x8f, 0xf0, 0x0, 0x0, 0x0, 0x0, 0x0, 0x0,
    0x8, 0xff, 0xec, 0x60, 0x0, 0x0, 0x0, 0x0,
    0x0, 0x0, 0x0, 0x0, 0x0, 0x0, 0x0, 0x0,

    /* U+540E "后" */
    0x0, 0x0, 0x0, 0x0, 0x0, 0x0, 0x0, 0x0,
    0x0, 0x0, 0x2, 0x50, 0x0, 0x0, 0x0, 0x0,
    0x0, 0x0, 0x0, 0x0, 0x0, 0x25, 0x79, 0xcf,
    0xff, 0xb0, 0x0, 0x0, 0x0, 0x24, 0x56, 0x78,
    0xac, 0xdf, 0xff, 0xff, 0xff, 0xff, 0xff, 0x70,
    0x0, 0x0, 0xd, 0xff, 0xff, 0xff, 0xff, 0xff,
    0xff, 0xfd, 0xb8, 0x52, 0x0, 0x0, 0x0, 0x0,
    0xdf, 0xfe, 0xdc, 0xb9, 0x86, 0x43, 0x10, 0x0,
    0x0, 0x0, 0x0, 0x0, 0x0, 0xd, 0xfd, 0x0,
    0x0, 0x0, 0x0, 0x0, 0x0, 0x0, 0x0, 0x0,
    0x0, 0x0, 0x0, 0xdf, 0xd0, 0x0, 0x0, 0x0,
    0x0, 0x0, 0x0, 0x0, 0x0, 0x0, 0x0, 0x0,
    0xd, 0xfd, 0x0, 0x0, 0x0, 0x0, 0x0, 0x0,
    0x0, 0x0, 0x0, 0x0, 0x0, 0x0, 0xdf, 0xff,
    0xff, 0xff, 0xff, 0xff, 0xff, 0xff, 0xff, 0xff,
    0xff, 0xb0, 0x0, 0xd, 0xff, 0xff, 0xff, 0xff,
    0xff, 0xff, 0xff, 0xff, 0xff, 0xff, 0xfc, 0x0,
    0x0, 0xdf, 0xe8, 0x88, 0x88, 0x88, 0x88, 0x88,
    0x88, 0x88, 0x88, 0x88, 0x60, 0x0, 0xd, 0xfd,
    0x0, 0x0, 0x0, 0x0, 0x0, 0x0, 0x0, 0x0,
    0x0, 0x0, 0x0, 0x0, 0xef, 0xc0, 0x0, 0x0,
    0x0, 0x0, 0x0, 0x0, 0x0, 0x0, 0x0, 0x0,
    0x0, 0xe, 0xfb, 0x0, 0x0, 0x0, 0x0, 0x0,
    0x0, 0x0, 0x0, 0x0, 0x0, 0x0, 0x0, 0xff,
    0xa0, 0x1f, 0xff, 0xff, 0xff, 0xff, 0xff, 0xff,
    0xff, 0xb0, 0x0, 0x0, 0x2f, 0xf9, 0x1, 0xff,
    0xff, 0xff, 0xff, 0xff, 0xff, 0xff, 0xfc, 0x0,
    0x0, 0x3, 0xff, 0x70, 0x1f, 0xfb, 0x77, 0x77,
    0x77, 0x77, 0x77, 0xff, 0xc0, 0x0, 0x0, 0x5f,
    0xf4, 0x1, 0xff, 0x80, 0x0, 0x0, 0x0, 0x0,
    0xf, 0xfc, 0x0, 0x0, 0x9, 0xff, 0x10, 0x1f,
    0xf8, 0x0, 0x0, 0x0, 0x0, 0x0, 0xff, 0xc0,
    0x0, 0x0, 0xcf, 0xe0, 0x1, 0xff, 0x80, 0x0,
    0x0, 0x0, 0x0, 0xf, 0xfc, 0x0, 0x0, 0x1f,
    0xfa, 0x0, 0x1f, 0xf8, 0x0, 0x0, 0x0, 0x0,
    0x0, 0xff, 0xc0, 0x0, 0x7, 0xff, 0x50, 0x1,
    0xff, 0x80, 0x0, 0x0, 0x0, 0x0, 0xf, 0xfc,
    0x0, 0x0, 0xdf, 0xf0, 0x0, 0x1f, 0xfb, 0x77,
    0x77, 0x77, 0x77, 0x77, 0xff, 0xc0, 0x0, 0x6f,
    0xf8, 0x0, 0x1, 0xff, 0xff, 0xff, 0xff, 0xff,
    0xff, 0xff, 0xfc, 0x0, 0xd, 0xff, 0x10, 0x0,
    0x1f, 0xff, 0xff, 0xff, 0xff, 0xff, 0xff, 0xff,
    0xc0, 0x0, 0xa, 0x70, 0x0, 0x1, 0xff, 0x80,
    0x0, 0x0, 0x0, 0x0, 0xf, 0xfc, 0x0, 0x0,
    0x0, 0x0, 0x0, 0x1, 0x10, 0x0, 0x0, 0x0,
    0x0, 0x0, 0x0, 0x0, 0x0,

    /* U+5426 "否" */
    0x0, 0x0, 0x0, 0x0, 0x0, 0x0, 0x0, 0x0,
    0x0, 0x0, 0x0, 0x0, 0x0, 0x0, 0x1f, 0xff,
    0xff, 0xff, 0xff, 0xff, 0xff, 0xff, 0xff, 0xff,
    0xff, 0xff, 0xf1, 0x1, 0xff, 0xff, 0xff, 0xff,
    0xff, 0xff, 0xff, 0xff, 0xff, 0xff, 0xff, 0xff,
    0x10, 0x6, 0x66, 0x66, 0x66, 0x66, 0x66, 0xdf,
    0xff, 0x76, 0x66, 0x66, 0x66, 0x60, 0x0, 0x0,
    0x0, 0x0, 0x0, 0x0, 0x8f, 0xff, 0x40, 0x0,
    0x0, 0x0, 0x0, 0x0, 0x0, 0x0, 0x0, 0x0,
    0x1, 0xbf, 0xff, 0x60, 0x0, 0x0, 0x0, 0x0,
    0x0, 0x0, 0x0, 0x0, 0x0, 0x4, 0xef, 0xff,
    0xf4, 0x9, 0xe7, 0x10, 0x0, 0x0, 0x0, 0x0,
    0x0, 0x0, 0x2b, 0xff, 0xff, 0xff, 0x46, 0xff,
    0xff, 0x80, 0x0, 0x0, 0x0, 0x0, 0x2, 0xaf,
    0xff, 0xf7, 0x6f, 0xf4, 0x3, 0xbf, 0xff, 0xe6,
    0x0, 0x0, 0x0, 0x4b, 0xff, 0xff, 0xc2, 0x6,
    0xff, 0x40, 0x0, 0x3c, 0xff, 0xfd, 0x30, 0x8,
    0xef, 0xff, 0xfd, 0x50, 0x0, 0x6f, 0xf4, 0x0,
    0x0, 0x5, 0xef, 0xff, 0x70, 0x4f, 0xff, 0xd6,
    0x0, 0x0, 0x6, 0xff, 0x40, 0x0, 0x0, 0x0,
    0x9f, 0xe2, 0x0, 0x8b, 0x40, 0x0, 0x0, 0x0,
    0x6f, 0xf4, 0x0, 0x0, 0x0, 0x0, 0x43, 0x0,
    0x0, 0x0, 0x0, 0x0, 0x0, 0x4, 0xcc, 0x30,
    0x0, 0x0, 0x0, 0x0, 0x0, 0x0, 0x0, 0x5,
    0x55, 0x55, 0x55, 0x55, 0x55, 0x55, 0x55, 0x55,
    0x51, 0x0, 0x0, 0x0, 0x1, 0xff, 0xff, 0xff,
    0xff, 0xff, 0xff, 0xff, 0xff, 0xff, 0x50, 0x0,
    0x0, 0x0, 0x1f, 0xff, 0xff, 0xff, 0xff, 0xff,
    0xff, 0xff, 0xff, 0xf5, 0x0, 0x0, 0x0, 0x1,
    0xff, 0x90, 0x0, 0x0, 0x0, 0x0, 0x0, 0x8,
    0xff, 0x50, 0x0, 0x0, 0x0, 0x1f, 0xf9, 0x0,
    0x0, 0x0, 0x0, 0x0, 0x0, 0x8f, 0xf5, 0x0,
    0x0, 0x0, 0x1, 0xff, 0x90, 0x0, 0x0, 0x0,
    0x0, 0x0, 0x8, 0xff, 0x50, 0x0, 0x0, 0x0,
    0x1f, 0xf9, 0x0, 0x0, 0x0, 0x0, 0x0, 0x0,
    0x8f, 0xf5, 0x0, 0x0, 0x0, 0x1, 0xff, 0xb4,
    0x44, 0x44, 0x44, 0x44, 0x44, 0x4a, 0xff, 0x50,
    0x0, 0x0, 0x0, 0x1f, 0xff, 0xff, 0xff, 0xff,
    0xff, 0xff, 0xff, 0xff, 0xf5, 0x0, 0x0, 0x0,
    0x1, 0xff, 0xff, 0xff, 0xff, 0xff, 0xff, 0xff,
    0xff, 0xff, 0x50, 0x0, 0x0, 0x0, 0x1f, 0xf9,
    0x0, 0x0, 0x0, 0x0, 0x0, 0x0, 0x8f, 0xf5,
    0x0, 0x0, 0x0, 0x0, 0x0, 0x0, 0x0, 0x0,
    0x0, 0x0, 0x0, 0x0, 0x0, 0x0, 0x0,

    /* U+548C "和" */
    0x0, 0x0, 0x0, 0x0, 0x0, 0x1, 0x10, 0x0,
    0x0, 0x0, 0x0, 0x0, 0x0, 0x0, 0x0, 0x0,
    0x0, 0x26, 0xbf, 0xc0, 0x0, 0x0, 0x0, 0x0,
    0x0, 0x0, 0x0, 0x3, 0x58, 0xbf, 0xff, 0xff,
    0xf8, 0x0, 0x0, 0x0, 0x0, 0x0, 0x0, 0x1,
    0xff, 0xff, 0xff, 0xff, 0xb7, 0x30, 0x2f, 0xff,
    0xff, 0xff, 0xff, 0xf8, 0x0, 0xbf, 0xdb, 0xaf,
    0xf6, 0x0, 0x0, 0x2f, 0xff, 0xff, 0xff, 0xff,
    0xf9, 0x0, 0x0, 0x0, 0x3f, 0xf6, 0x0, 0x0,
    0x2f, 0xfb, 0x88, 0x88, 0x9f, 0xf9, 0x0, 0x0,
    0x0, 0x3f, 0xf6, 0x0, 0x0, 0x2f, 0xf6, 0x0,
    0x0, 0x1f, 0xf9, 0x0, 0x0, 0x0, 0x3f, 0xf6,
    0x0, 0x0, 0x2f, 0xf6, 0x0, 0x0, 0x1f, 0xf9,
    0x1, 0x44, 0x44, 0x6f, 0xf9, 0x44, 0x43, 0x2f,
    0xf6, 0x0, 0x0, 0x1f, 0xf9, 0x6, 0xff, 0xff,
    0xff, 0xff, 0xff, 0xfe, 0x2f, 0xf6, 0x0, 0x0,
    0x1f, 0xf9, 0x6, 0xff, 0xff, 0xff, 0xff, 0xff,
    0xfe, 0x2f, 0xf6, 0x0, 0x0, 0x1f, 0xf9, 0x0,
    0x22, 0x23, 0xff, 0xf8, 0x22, 0x22, 0x2f, 0xf6,
    0x0, 0x0, 0x1f, 0xf9, 0x0, 0x0, 0x7, 0xff,
    0xfe, 0x20, 0x0, 0x2f, 0xf6, 0x0, 0x0, 0x1f,
    0xf9, 0x0, 0x0, 0xd, 0xff, 0xff, 0xe1, 0x0,
    0x2f, 0xf6, 0x0, 0x0, 0x1f, 0xf9, 0x0, 0x0,
    0x5f, 0xff, 0xff, 0xfd, 0x10, 0x2f, 0xf6, 0x0,
    0x0, 0x1f, 0xf9, 0x0, 0x0, 0xdf, 0xaf, 0xf8,
    0xef, 0xc0, 0x2f, 0xf6, 0x0, 0x0, 0x1f, 0xf9,
    0x0, 0x7, 0xfe, 0x4f, 0xf6, 0x4f, 0xf9, 0x2f,
    0xf6, 0x0, 0x0, 0x1f, 0xf9, 0x0, 0x2f, 0xf7,
    0x3f, 0xf6, 0x9, 0xf6, 0x2f, 0xf6, 0x0, 0x0,
    0x1f, 0xf9, 0x0, 0xcf, 0xe0, 0x3f, 0xf6, 0x0,
    0x90, 0x2f, 0xf6, 0x0, 0x0, 0x1f, 0xf9, 0xa,
    0xff, 0x60, 0x3f, 0xf6, 0x0, 0x0, 0x2f, 0xf6,
    0x0, 0x0, 0x1f, 0xf9, 0xb, 0xfc, 0x0, 0x3f,
    0xf6, 0x0, 0x0, 0x2f, 0xff, 0xff, 0xff, 0xff,
    0xf9, 0x2, 0xe1, 0x0, 0x3f, 0xf6, 0x0, 0x0,
    0x2f, 0xff, 0xff, 0xff, 0xff, 0xf9, 0x0, 0x10,
    0x0, 0x3f, 0xf6, 0x0, 0x0, 0x2f, 0xfb, 0x88,
    0x88, 0x9f, 0xf9, 0x0, 0x0, 0x0, 0x3f, 0xf6,
    0x0, 0x0, 0x2f, 0xf6, 0x0, 0x0, 0x1f, 0xf9,
    0x0, 0x0, 0x0, 0x3f, 0xf6, 0x0, 0x0, 0x2e,
    0xe5, 0x0, 0x0, 0xa, 0xa5, 0x0, 0x0, 0x0,
    0x3f, 0xf6, 0x0, 0x0, 0x0, 0x0, 0x0, 0x0,
    0x0, 0x0,

    /* U+5668 "器" */
    0x0, 0x14, 0x44, 0x44, 0x44, 0x42, 0x0, 0x24,
    0x44, 0x44, 0x44, 0x43, 0x0, 0x0, 0x6, 0xff,
    0xff, 0xff, 0xff, 0xa0, 0xa, 0xff, 0xff, 0xff,
    0xff, 0xc0, 0x0, 0x0, 0x6f, 0xff, 0xff, 0xff,
    0xfa, 0x0, 0xaf, 0xff, 0xff, 0xff, 0xfc, 0x0,
    0x0, 0x6, 0xff, 0x0, 0x0, 0xcf, 0xa0, 0xa,
    0xfc, 0x0, 0x0, 0xbf, 0xc0, 0x0, 0x0, 0x6f,
    0xf0, 0x0, 0xc, 0xfa, 0x0, 0xaf, 0xc0, 0x0,
    0xb, 0xfc, 0x0, 0x0, 0x6, 0xff, 0x0, 0x0,
    0xcf, 0xa0, 0xa, 0xfc, 0x0, 0x0, 0xbf, 0xc0,
    0x0, 0x0, 0x6f, 0xff, 0xff, 0xff, 0xfa, 0x0,
    0xaf, 0xff, 0xff, 0xff, 0xfc, 0x0, 0x0, 0x6,
    0xff, 0xff, 0xff, 0xff, 0xa0, 0xa, 0xff, 0xff,
    0xff, 0xff, 0xc0, 0x0, 0x0, 0x14, 0x44, 0x44,
    0x44, 0x7f, 0xe6, 0x24, 0x5f, 0xd6, 0x44, 0x43,
    0x0, 0x0, 0x0, 0x0, 0x0, 0x0, 0xc, 0xff,
    0x20, 0x7, 0xff, 0xf8, 0x0, 0x0, 0x0, 0x0,
    0x0, 0x0, 0x0, 0x7, 0xff, 0x80, 0x0, 0x1,
    0xaf, 0xf5, 0x0, 0x0, 0x4, 0xff, 0xff, 0xff,
    0xff, 0xff, 0xff, 0xff, 0xff, 0xff, 0xff, 0xff,
    0xff, 0xb0, 0x4f, 0xff, 0xff, 0xff, 0xff, 0xff,
    0xff, 0xff, 0xff, 0xff, 0xff, 0xff, 0xfb, 0x1,
    0x55, 0x55, 0x5b, 0xff, 0xf6, 0x55, 0x55, 0x7f,
    0xff, 0x75, 0x55, 0x55, 0x30, 0x0, 0x0, 0x1a,
    0xff, 0xe3, 0x0, 0x0, 0x0, 0x5f, 0xff, 0x80,
    0x0, 0x0, 0x0, 0x0, 0x6e, 0xff, 0xd2, 0x0,
    0x0, 0x0, 0x0, 0x4e, 0xff, 0xe7, 0x10, 0x0,
    0x6, 0xdf, 0xff, 0xe5, 0x55, 0x54, 0x0, 0x35,
    0x55, 0x6e, 0xff, 0xff, 0xa5, 0x7, 0xff, 0xff,
    0xff, 0xff, 0xff, 0xf0, 0xb, 0xff, 0xff, 0xff,
    0xff, 0xff, 0xb0, 0xc, 0xce, 0xff, 0xff, 0xff,
    0xff, 0x0, 0xbf, 0xff, 0xff, 0xff, 0xfc, 0xc1,
    0x0, 0x0, 0xdf, 0x80, 0x0, 0x8f, 0xf0, 0xb,
    0xfa, 0x0, 0x1, 0xff, 0x60, 0x0, 0x0, 0xd,
    0xf8, 0x0, 0x8, 0xff, 0x0, 0xbf, 0xa0, 0x0,
    0x1f, 0xf6, 0x0, 0x0, 0x0, 0xdf, 0x80, 0x0,
    0x8f, 0xf0, 0xb, 0xfa, 0x0, 0x1, 0xff, 0x60,
    0x0, 0x0, 0xd, 0xff, 0xff, 0xff, 0xff, 0x0,
    0xbf, 0xff, 0xff, 0xff, 0xf6, 0x0, 0x0, 0x0,
    0xdf, 0xff, 0xff, 0xff, 0xf0, 0xb, 0xff, 0xff,
    0xff, 0xff, 0x60, 0x0, 0x0, 0xd, 0xfa, 0x44,
    0x4a, 0xff, 0x0, 0xbf, 0xb4, 0x44, 0x5f, 0xf6,
    0x0, 0x0, 0x0, 0x12, 0x10, 0x0, 0x0, 0x0,
    0x1, 0x21, 0x0, 0x0, 0x0, 0x0, 0x0,

    /* U+56FE "图" */
    0x25, 0x55, 0x55, 0x55, 0x55, 0x55, 0x55, 0x55,
    0x55, 0x55, 0x55, 0x53, 0x9f, 0xff, 0xff, 0xff,
    0xff, 0xff, 0xff, 0xff, 0xff, 0xff, 0xff, 0xfa,
    0x9f, 0xff, 0xff, 0xff, 0xff, 0xff, 0xff, 0xff,
    0xff, 0xff, 0xff, 0xfa, 0x9f, 0xe0, 0x0, 0x0,
    0x8, 0x72, 0x0, 0x0, 0x0, 0x0, 0xe, 0xfa,
    0x9f, 0xe0, 0x0, 0x0, 0x5f, 0xf4, 0x0, 0x0,
    0x0, 0x0, 0xe, 0xfa, 0x9f, 0xe0, 0x0, 0x4,
    0xff, 0xfb, 0xbb, 0xbb, 0xbb, 0x50, 0xe, 0xfa,
    0x9f, 0xe0, 0x0, 0x5f, 0xff, 0xff, 0xff, 0xff,
    0xff, 0xd0, 0xe, 0xfa, 0x9f, 0xe0, 0x8, 0xff,
    0xf8, 0x44, 0x44, 0x5e, 0xfe, 0x20, 0xe, 0xfa,
    0x9f, 0xe2, 0xdf, 0xfd, 0xff, 0x50, 0x2, 0xdf,
    0xf3, 0x0, 0xe, 0xfa, 0x9f, 0xe0, 0x8f, 0x70,
    0x9f, 0xfb, 0x8f, 0xfe, 0x20, 0x0, 0xe, 0xfa,
    0x9f, 0xe0, 0x2, 0x0, 0x6, 0xff, 0xff, 0xc1,
    0x0, 0x0, 0xe, 0xfa, 0x9f, 0xe0, 0x0, 0x4,
    0xaf, 0xff, 0xff, 0xfc, 0x60, 0x0, 0xe, 0xfa,
    0x9f, 0xe2, 0x6a, 0xef, 0xff, 0xe7, 0x4a, 0xff,
    0xff, 0xc8, 0x4e, 0xfa, 0x9f, 0xe8, 0xff, 0xff,
    0xc8, 0x10, 0x0, 0x29, 0xef, 0xff, 0x5e, 0xfa,
    0x9f, 0xe0, 0xec, 0x82, 0x2f, 0xfd, 0x83, 0x0,
    0x2, 0x78, 0xe, 0xfa, 0x9f, 0xe0, 0x0, 0x0,
    0x28, 0xcf, 0xff, 0xd7, 0x0, 0x0, 0xe, 0xfa,
    0x9f, 0xe0, 0x0, 0x0, 0x0, 0x1, 0x6c, 0xfb,
    0x0, 0x0, 0xe, 0xfa, 0x9f, 0xe0, 0x0, 0x6d,
    0xb9, 0x63, 0x0, 0x31, 0x0, 0x0, 0xe, 0xfa,
    0x9f, 0xe0, 0x0, 0xdf, 0xff, 0xff, 0xfc, 0x95,
    0x10, 0x0, 0xe, 0xfa, 0x9f, 0xe0, 0x0, 0x1,
    0x36, 0x9d, 0xff, 0xff, 0xfb, 0x0, 0xe, 0xfa,
    0x9f, 0xe0, 0x0, 0x0, 0x0, 0x0, 0x14, 0x9d,
    0xf7, 0x0, 0xe, 0xfa, 0x9f, 0xe2, 0x22, 0x22,
    0x22, 0x22, 0x22, 0x22, 0x53, 0x22, 0x2e, 0xfa,
    0x9f, 0xff, 0xff, 0xff, 0xff, 0xff, 0xff, 0xff,
    0xff, 0xff, 0xff, 0xfa, 0x9f, 0xff, 0xff, 0xff,
    0xff, 0xff, 0xff, 0xff, 0xff, 0xff, 0xff, 0xfa,
    0x9f, 0xe2, 0x22, 0x22, 0x22, 0x22, 0x22, 0x22,
    0x22, 0x22, 0x2e, 0xfa,

    /* U+5728 "在" */
    0x0, 0x0, 0x0, 0x0, 0x3, 0x51, 0x0, 0x0,
    0x0, 0x0, 0x0, 0x0, 0x0, 0x0, 0x0, 0x0,
    0x0, 0x9, 0xff, 0x40, 0x0, 0x0, 0x0, 0x0,
    0x0, 0x0, 0x0, 0x0, 0x0, 0x0, 0xe, 0xff,
    0x0, 0x0, 0x0, 0x0, 0x0, 0x0, 0x0, 0x0,
    0x0, 0x0, 0x0, 0x4f, 0xfa, 0x0, 0x0, 0x0,
    0x0, 0x0, 0x0, 0x0, 0x17, 0x77, 0x77, 0x77,
    0xcf, 0xfa, 0x77, 0x77, 0x77, 0x77, 0x77, 0x77,
    0x71, 0x3f, 0xff, 0xff, 0xff, 0xff, 0xff, 0xff,
    0xff, 0xff, 0xff, 0xff, 0xff, 0xf3, 0x3f, 0xff,
    0xff, 0xff, 0xff, 0xff, 0xff, 0xff, 0xff, 0xff,
    0xff, 0xff, 0xf3, 0x0, 0x0, 0x0, 0x2f, 0xfe,
    0x10, 0x0, 0x0, 0x0, 0x0, 0x0, 0x0, 0x0,
    0x0, 0x0, 0x0, 0x9f, 0xf6, 0x0, 0x0, 0x4,
    0xaa, 0x10, 0x0, 0x0, 0x0, 0x0, 0x0, 0x2,
    0xff, 0xe0, 0x0, 0x0, 0x7, 0xff, 0x30, 0x0,
    0x0, 0x0, 0x0, 0x0, 0xd, 0xff, 0x50, 0x0,
    0x0, 0x7, 0xff, 0x30, 0x0, 0x0, 0x0, 0x0,
    0x0, 0x8f, 0xfa, 0x0, 0x0, 0x0, 0x7, 0xff,
    0x30, 0x0, 0x0, 0x0, 0x0, 0x5, 0xff, 0xf1,
    0x0, 0x0, 0x0, 0x7, 0xff, 0x30, 0x0, 0x0,
    0x0, 0x0, 0x4f, 0xff, 0xd0, 0x3, 0x77, 0x77,
    0x7b, 0xff, 0x87, 0x77, 0x77, 0x10, 0x5, 0xff,
    0xff, 0xd0, 0x7, 0xff, 0xff, 0xff, 0xff, 0xff,
    0xff, 0xff, 0x20, 0x8f, 0xff, 0xff, 0xd0, 0x6,
    0xff, 0xff, 0xff, 0xff, 0xff, 0xff, 0xff, 0x20,
    0x8f, 0xf7, 0xcf, 0xd0, 0x0, 0x0, 0x0, 0x7,
    0xff, 0x30, 0x0, 0x0, 0x0, 0x1e, 0x50, 0xcf,
    0xd0, 0x0, 0x0, 0x0, 0x7, 0xff, 0x30, 0x0,
    0x0, 0x0, 0x0, 0x0, 0xcf, 0xd0, 0x0, 0x0,
    0x0, 0x7, 0xff, 0x30, 0x0, 0x0, 0x0, 0x0,
    0x0, 0xcf, 0xd0, 0x0, 0x0, 0x0, 0x7, 0xff,
    0x30, 0x0, 0x0, 0x0, 0x0, 0x0, 0xcf, 0xd0,
    0x0, 0x0, 0x0, 0x7, 0xff, 0x30, 0x0, 0x0,
    0x0, 0x0, 0x0, 0xcf, 0xd0, 0x0, 0x0, 0x0,
    0x7, 0xff, 0x30, 0x0, 0x0, 0x0, 0x0, 0x0,
    0xcf, 0xd0, 0x0, 0x0, 0x0, 0x7, 0xff, 0x30,
    0x0, 0x0, 0x0, 0x0, 0x0, 0xcf, 0xd0, 0x7f,
    0xff, 0xff, 0xff, 0xff, 0xff, 0xff, 0xff, 0xf3,
    0x0, 0x0, 0xcf, 0xd0, 0x8f, 0xff, 0xff, 0xff,
    0xff, 0xff, 0xff, 0xff, 0xf3, 0x0, 0x0, 0xcf,
    0xd0, 0x48, 0x88, 0x88, 0x88, 0x88, 0x88, 0x88,
    0x88, 0x81,

    /* U+57DF "域" */
    0x0, 0x1, 0x10, 0x0, 0x0, 0x0, 0x0, 0x0,
    0x4, 0x53, 0x1, 0x10, 0x0, 0x0, 0xf, 0xf6,
    0x0, 0x0, 0x0, 0x0, 0x0, 0xd, 0xfa, 0x2d,
    0xe3, 0x0, 0x0, 0xf, 0xf6, 0x0, 0x0, 0x0,
    0x0, 0x0, 0xd, 0xfa, 0x1b, 0xff, 0x50, 0x0,
    0xf, 0xf6, 0x0, 0x0, 0x0, 0x0, 0x0, 0xc,
    0xfa, 0x0, 0xaf, 0xe1, 0x0, 0xf, 0xf6, 0x0,
    0x56, 0x66, 0x66, 0x66, 0x6d, 0xfc, 0x66, 0x6e,
    0x92, 0x0, 0xf, 0xf6, 0x0, 0xef, 0xff, 0xff,
    0xff, 0xff, 0xff, 0xff, 0xff, 0xf6, 0x0, 0xf,
    0xf6, 0x0, 0xef, 0xff, 0xff, 0xff, 0xff, 0xff,
    0xff, 0xff, 0xf6, 0x8b, 0xbf, 0xfd, 0xb9, 0x0,
    0x0, 0x0, 0x0, 0xa, 0xfc, 0x0, 0x0, 0x0,
    0xcf, 0xff, 0xff, 0xfc, 0x0, 0x0, 0x0, 0x0,
    0x9, 0xfd, 0x0, 0x0, 0x0, 0x69, 0x9f, 0xfb,
    0x97, 0x1f, 0xff, 0xff, 0xfd, 0x8, 0xfe, 0x0,
    0x7c, 0x80, 0x0, 0xf, 0xf6, 0x0, 0x1f, 0xff,
    0xff, 0xfe, 0x8, 0xff, 0x0, 0xdf, 0x90, 0x0,
    0xf, 0xf6, 0x0, 0x1f, 0xe1, 0x13, 0xfe, 0x6,
    0xff, 0x1, 0xff, 0x50, 0x0, 0xf, 0xf6, 0x0,
    0x1f, 0xe0, 0x2, 0xfe, 0x5, 0xff, 0x16, 0xff,
    0x0, 0x0, 0xf, 0xf6, 0x0, 0x1f, 0xe0, 0x2,
    0xfe, 0x4, 0xff, 0x3d, 0xfa, 0x0, 0x0, 0xf,
    0xf6, 0x0, 0x1f, 0xe0, 0x2, 0xfe, 0x2, 0xff,
    0x8f, 0xf4, 0x0, 0x0, 0xf, 0xf6, 0x0, 0x1f,
    0xfe, 0xee, 0xfe, 0x0, 0xff, 0xff, 0xd0, 0x0,
    0x0, 0xf, 0xf6, 0x48, 0x1f, 0xff, 0xff, 0xfe,
    0x0, 0xef, 0xff, 0x60, 0x0, 0x0, 0xf, 0xfe,
    0xff, 0x2, 0x22, 0x22, 0x22, 0x0, 0xbf, 0xfd,
    0x0, 0x0, 0x0, 0x4f, 0xff, 0xfd, 0x20, 0x0,
    0x0, 0x37, 0xb0, 0x9f, 0xf5, 0x0, 0x0, 0x5c,
    0xff, 0xfe, 0x70, 0x0, 0x37, 0xbf, 0xff, 0xf2,
    0xef, 0xf2, 0x0, 0x0, 0xbf, 0xff, 0x81, 0x5,
    0xcf, 0xff, 0xff, 0xfd, 0x9d, 0xff, 0xf6, 0x0,
    0xc1, 0x5f, 0xa1, 0x0, 0x6, 0xff, 0xff, 0xa6,
    0x10, 0xbf, 0xfe, 0xfb, 0x1, 0xfc, 0x2, 0x0,
    0x0, 0x2, 0xc8, 0x30, 0x0, 0x1c, 0xff, 0x67,
    0xff, 0x23, 0xfb, 0x0, 0x0, 0x0, 0x0, 0x0,
    0x0, 0x3, 0xdf, 0xf7, 0x1, 0xff, 0xdb, 0xf7,
    0x0, 0x0, 0x0, 0x0, 0x0, 0x0, 0x8, 0xff,
    0x60, 0x0, 0x7f, 0xff, 0xf2, 0x0, 0x0, 0x0,
    0x0, 0x0, 0x0, 0x0, 0x64, 0x0, 0x0, 0x8,
    0xfe, 0x60,

    /* U+58EB "士" */
    0x0, 0x0, 0x0, 0x0, 0x0, 0x0, 0x44, 0x20,
    0x0, 0x0, 0x0, 0x0, 0x0, 0x0, 0x0, 0x0,
    0x0, 0x0, 0x3, 0xff, 0x90, 0x0, 0x0, 0x0,
    0x0, 0x0, 0x0, 0x0, 0x0, 0x0, 0x0, 0x3,
    0xff, 0x90, 0x0, 0x0, 0x0, 0x0, 0x0, 0x0,
    0x0, 0x0, 0x0, 0x0, 0x3, 0xff, 0x90, 0x0,
    0x0, 0x0, 0x0, 0x0, 0x0, 0x0, 0x0, 0x0,
    0x0, 0x3, 0xff, 0x90, 0x0, 0x0, 0x0, 0x0,
    0x0, 0x0, 0x0, 0x0, 0x0, 0x0, 0x3, 0xff,
    0x90, 0x0, 0x0, 0x0, 0x0, 0x0, 0x0, 0x0,
    0x0, 0x0, 0x0, 0x3, 0xff, 0x90, 0x0, 0x0,
    0x0, 0x0, 0x0, 0x0, 0x0, 0x0, 0x0, 0x0,
    0x3, 0xff, 0x90, 0x0, 0x0, 0x0, 0x0, 0x0,
    0x0, 0x0, 0x0, 0x0, 0x0, 0x3, 0xff, 0x90,
    0x0, 0x0, 0x0, 0x0, 0x0, 0x3f, 0xff, 0xff,
    0xff, 0xff, 0xff, 0xff, 0xff, 0xff, 0xff, 0xff,
    0xff, 0xfb, 0x3f, 0xff, 0xff, 0xff, 0xff, 0xff,
    0xff, 0xff, 0xff, 0xff, 0xff, 0xff, 0xfc, 0x2a,
    0xaa, 0xaa, 0xaa, 0xaa, 0xab, 0xff, 0xda, 0xaa,
    0xaa, 0xaa, 0xaa, 0xa7, 0x0, 0x0, 0x0, 0x0,
    0x0, 0x3, 0xff, 0x90, 0x0, 0x0, 0x0, 0x0,
    0x0, 0x0, 0x0, 0x0, 0x0, 0x0, 0x3, 0xff,
    0x90, 0x0, 0x0, 0x0, 0x0, 0x0, 0x0, 0x0,
    0x0, 0x0, 0x0, 0x3, 0xff, 0x90, 0x0, 0x0,
    0x0, 0x0, 0x0, 0x0, 0x0, 0x0, 0x0, 0x0,
    0x3, 0xff, 0x90, 0x0, 0x0, 0x0, 0x0, 0x0,
    0x0, 0x0, 0x0, 0x0, 0x0, 0x3, 0xff, 0x90,
    0x0, 0x0, 0x0, 0x0, 0x0, 0x0, 0x0, 0x0,
    0x0, 0x0, 0x3, 0xff, 0x90, 0x0, 0x0, 0x0,
    0x0, 0x0, 0x0, 0x0, 0x0, 0x0, 0x0, 0x3,
    0xff, 0x90, 0x0, 0x0, 0x0, 0x0, 0x0, 0x0,
    0x0, 0x0, 0x0, 0x0, 0x3, 0xff, 0x90, 0x0,
    0x0, 0x0, 0x0, 0x0, 0x0, 0x0, 0x0, 0x0,
    0x0, 0x3, 0xff, 0x90, 0x0, 0x0, 0x0, 0x0,
    0x0, 0x0, 0x0, 0x0, 0x0, 0x0, 0x3, 0xff,
    0x90, 0x0, 0x0, 0x0, 0x0, 0x0, 0x0, 0x7a,
    0xaa, 0xaa, 0xaa, 0xab, 0xff, 0xda, 0xaa, 0xaa,
    0xaa, 0xaa, 0x20, 0x0, 0xbf, 0xff, 0xff, 0xff,
    0xff, 0xff, 0xff, 0xff, 0xff, 0xff, 0xff, 0x40,
    0x0, 0xaf, 0xff, 0xff, 0xff, 0xff, 0xff, 0xff,
    0xff, 0xff, 0xff, 0xff, 0x40,

    /* U+5907 "备" */
    0x0, 0x0, 0x0, 0x0, 0x1, 0x74, 0x10, 0x0,
    0x0, 0x0, 0x0, 0x0, 0x0, 0x0, 0x0, 0x0,
    0x0, 0x0, 0xb, 0xff, 0x70, 0x0, 0x0, 0x0,
    0x0, 0x0, 0x0, 0x0, 0x0, 0x0, 0x0, 0x0,
    0x8f, 0xfd, 0x22, 0x22, 0x22, 0x22, 0x30, 0x0,
    0x0, 0x0, 0x0, 0x0, 0x0, 0x8, 0xff, 0xff,
    0xff, 0xff, 0xff, 0xff, 0xfe, 0x40, 0x0, 0x0,
    0x0, 0x0, 0x0, 0x9f, 0xff, 0xff, 0xff, 0xff,
    0xff, 0xff, 0xfe, 0x10, 0x0, 0x0, 0x0, 0x0,
    0x2d, 0xff, 0xf9, 0x11, 0x11, 0x11, 0x14, 0xff,
    0xf4, 0x0, 0x0, 0x0, 0x0, 0x19, 0xff, 0xff,
    0xff, 0x90, 0x0, 0x0, 0x5f, 0xff, 0x50, 0x0,
    0x0, 0x0, 0x0, 0xcf, 0xff, 0x71, 0xcf, 0xfd,
    0x50, 0x2b, 0xff, 0xf4, 0x0, 0x0, 0x0, 0x0,
    0x0, 0x1d, 0xb2, 0x0, 0x9, 0xff, 0xfd, 0xff,
    0xfc, 0x20, 0x0, 0x0, 0x0, 0x0, 0x0, 0x0,
    0x0, 0x0, 0x0, 0x9f, 0xff, 0xff, 0xe4, 0x0,
    0x0, 0x0, 0x0, 0x0, 0x0, 0x0, 0x0, 0x15,
    0xaf, 0xff, 0xff, 0xff, 0xff, 0xea, 0x62, 0x0,
    0x0, 0x0, 0x2, 0x47, 0xad, 0xff, 0xff, 0xfe,
    0x81, 0x4a, 0xff, 0xff, 0xff, 0xfc, 0xa8, 0x50,
    0x1f, 0xff, 0xff, 0xff, 0xe9, 0x40, 0x0, 0x0,
    0x15, 0xaf, 0xff, 0xff, 0xff, 0x50, 0x9, 0xff,
    0xfb, 0x73, 0x0, 0x0, 0x0, 0x0, 0x0, 0x0,
    0x26, 0x9c, 0xfb, 0x0, 0x2, 0x52, 0x9f, 0xff,
    0xff, 0xff, 0xff, 0xff, 0xff, 0xff, 0xff, 0xf0,
    0x0, 0x0, 0x0, 0x0, 0x9f, 0xff, 0xff, 0xff,
    0xff, 0xff, 0xff, 0xff, 0xff, 0xf0, 0x0, 0x0,
    0x0, 0x0, 0x9f, 0xf5, 0x44, 0x44, 0xbf, 0xf5,
    0x44, 0x44, 0xef, 0xf0, 0x0, 0x0, 0x0, 0x0,
    0x9f, 0xf1, 0x0, 0x0, 0xaf, 0xf0, 0x0, 0x0,
    0xdf, 0xf0, 0x0, 0x0, 0x0, 0x0, 0x9f, 0xf5,
    0x44, 0x44, 0xbf, 0xf4, 0x44, 0x44, 0xef, 0xf0,
    0x0, 0x0, 0x0, 0x0, 0x9f, 0xff, 0xff, 0xff,
    0xff, 0xff, 0xff, 0xff, 0xff, 0xf0, 0x0, 0x0,
    0x0, 0x0, 0x9f, 0xfc, 0xcc, 0xcc, 0xef, 0xfc,
    0xcc, 0xcc, 0xff, 0xf0, 0x0, 0x0, 0x0, 0x0,
    0x9f, 0xf1, 0x0, 0x0, 0xaf, 0xf0, 0x0, 0x0,
    0xdf, 0xf0, 0x0, 0x0, 0x0, 0x0, 0x9f, 0xf1,
    0x0, 0x0, 0xaf, 0xf0, 0x0, 0x0, 0xdf, 0xf0,
    0x0, 0x0, 0x0, 0x0, 0x9f, 0xff, 0xff, 0xff,
    0xff, 0xff, 0xff, 0xff, 0xff, 0xf0, 0x0, 0x0,
    0x0, 0x0, 0x9f, 0xff, 0xff, 0xff, 0xff, 0xff,
    0xff, 0xff, 0xff, 0xf0, 0x0, 0x0, 0x0, 0x0,
    0x9f, 0xf6, 0x55, 0x55, 0x55, 0x55, 0x55, 0x55,
    0xef, 0xf0, 0x0, 0x0, 0x0, 0x0, 0x1, 0x10,
    0x0, 0x0, 0x0, 0x0, 0x0, 0x0, 0x0, 0x0,
    0x0, 0x0,

    /* U+590D "复" */
    0x0, 0x0, 0x0, 0x52, 0x0, 0x0, 0x0, 0x0,
    0x0, 0x0, 0x0, 0x0, 0x0, 0x0, 0x0, 0x0,
    0x3f, 0xf7, 0x0, 0x0, 0x0, 0x0, 0x0, 0x0,
    0x0, 0x0, 0x0, 0x0, 0x0, 0xc, 0xff, 0x10,
    0x0, 0x0, 0x0, 0x0, 0x0, 0x0, 0x0, 0x0,
    0x0, 0x0, 0x8, 0xff, 0xff, 0xff, 0xff, 0xff,
    0xff, 0xff, 0xff, 0xff, 0xf9, 0x0, 0x0, 0x5,
    0xff, 0xff, 0xff, 0xff, 0xff, 0xff, 0xff, 0xff,
    0xff, 0xff, 0x90, 0x0, 0x4, 0xff, 0xd3, 0x33,
    0x33, 0x33, 0x33, 0x33, 0x33, 0x33, 0x33, 0x31,
    0x0, 0x6, 0xff, 0xe2, 0x0, 0x0, 0x0, 0x0,
    0x0, 0x0, 0x0, 0x0, 0x0, 0x0, 0x4, 0xff,
    0xf4, 0xff, 0xff, 0xff, 0xff, 0xff, 0xff, 0xff,
    0xff, 0xfa, 0x0, 0x0, 0xa, 0xe3, 0x1f, 0xfe,
    0xcc, 0xcc, 0xcc, 0xcc, 0xcc, 0xcd, 0xff, 0xa0,
    0x0, 0x0, 0x1, 0x1, 0xff, 0x80, 0x0, 0x0,
    0x0, 0x0, 0x0, 0x1f, 0xfa, 0x0, 0x0, 0x0,
    0x0, 0x1f, 0xff, 0xff, 0xff, 0xff, 0xff, 0xff,
    0xff, 0xff, 0xa0, 0x0, 0x0, 0x0, 0x1, 0xff,
    0xeb, 0xbb, 0xbb, 0xbb, 0xbb, 0xbb, 0xcf, 0xfa,
    0x0, 0x0, 0x0, 0x0, 0x1f, 0xf8, 0x0, 0x0,
    0x0, 0x0, 0x0, 0x1, 0xff, 0xa0, 0x0, 0x0,
    0x0, 0x1, 0xff, 0xec, 0xcc, 0xcc, 0xcc, 0xcc,
    0xcc, 0xcf, 0xfa, 0x0, 0x0, 0x0, 0x0, 0x1f,
    0xff, 0xff, 0xff, 0xff, 0xff, 0xff, 0xff, 0xff,
    0xa0, 0x0, 0x0, 0x0, 0x0, 0x0, 0x7f, 0xf9,
    0x0, 0x0, 0x0, 0x0, 0x0, 0x0, 0x0, 0x0,
    0x0, 0x0, 0x0, 0x4f, 0xfe, 0x22, 0x22, 0x22,
    0x22, 0x22, 0x20, 0x0, 0x0, 0x0, 0x0, 0x0,
    0x5f, 0xff, 0xff, 0xff, 0xff, 0xff, 0xff, 0xff,
    0xb1, 0x0, 0x0, 0x0, 0x0, 0x8f, 0xff, 0xed,
    0xdd, 0xdd, 0xdd, 0xdd, 0xff, 0xfc, 0x0, 0x0,
    0x0, 0x3, 0xcf, 0xfe, 0xff, 0x50, 0x0, 0x0,
    0x1, 0xaf, 0xfc, 0x10, 0x0, 0x0, 0x1, 0xef,
    0xfa, 0x7, 0xff, 0xa2, 0x0, 0x6, 0xef, 0xfb,
    0x0, 0x0, 0x0, 0x0, 0x2, 0xc5, 0x0, 0x5,
    0xef, 0xfb, 0x9f, 0xff, 0xf6, 0x0, 0x0, 0x0,
    0x0, 0x0, 0x0, 0x0, 0x0, 0x15, 0xff, 0xff,
    0xff, 0xe4, 0x0, 0x0, 0x0, 0x0, 0x0, 0x1,
    0x35, 0x7a, 0xef, 0xff, 0xff, 0xff, 0xff, 0xff,
    0xc9, 0x76, 0x43, 0x10, 0xaf, 0xff, 0xff, 0xff,
    0xff, 0xd8, 0x30, 0x4a, 0xef, 0xff, 0xff, 0xff,
    0xfb, 0x5, 0xff, 0xff, 0xdb, 0x84, 0x10, 0x0,
    0x0, 0x0, 0x25, 0x8b, 0xdf, 0xff, 0x10, 0x6,
    0x42, 0x0, 0x0, 0x0, 0x0, 0x0, 0x0, 0x0,
    0x0, 0x0, 0x1, 0x20, 0x0,

    /* U+5938 "夸" */
    0x0, 0x0, 0x0, 0x0, 0x0, 0x25, 0x30, 0x0,
    0x0, 0x0, 0x0, 0x0, 0x0, 0x0, 0x0, 0x0,
    0x0, 0x0, 0x9, 0xff, 0x30, 0x0, 0x0, 0x0,
    0x0, 0x0, 0x0, 0x0, 0x0, 0x0, 0x0, 0x1,
    0xff, 0xd0, 0x0, 0x0, 0x0, 0x0, 0x0, 0x0,
    0x0, 0x22, 0x22, 0x22, 0x22, 0x9f, 0xf7, 0x22,
    0x22, 0x22, 0x22, 0x22, 0x22, 0x0, 0x1f, 0xff,
    0xff, 0xff, 0xff, 0xff, 0xff, 0xff, 0xff, 0xff,
    0xff, 0xff, 0xf6, 0x1, 0xff, 0xff, 0xff, 0xff,
    0xff, 0xff, 0xff, 0xff, 0xff, 0xff, 0xff, 0xff,
    0x60, 0x3, 0x33, 0x33, 0x3c, 0xff, 0x93, 0x33,
    0x33, 0xef, 0xe3, 0x33, 0x33, 0x31, 0x0, 0x0,
    0x0, 0x9, 0xff, 0xb0, 0x0, 0x0, 0x4, 0xff,
    0xc0, 0x0, 0x0, 0x0, 0x0, 0x0, 0xa, 0xff,
    0xc0, 0x0, 0x0, 0x0, 0x6, 0xff, 0xd2, 0x0,
    0x0, 0x0, 0x0, 0x3d, 0xff, 0xee, 0xdd, 0xdd,
    0xdd, 0xdd, 0xde, 0xff, 0xf6, 0x0, 0x0, 0x1,
    0x8f, 0xff, 0xa5, 0xff, 0xff, 0xff, 0xff, 0xff,
    0xa6, 0xff, 0xfd, 0x50, 0x6, 0xff, 0xff, 0x70,
    0x14, 0x44, 0x44, 0x44, 0x44, 0x42, 0x4, 0xef,
    0xff, 0xe1, 0x2f, 0xfd, 0x40, 0x0, 0x0, 0x0,
    0x0, 0x0, 0x0, 0x0, 0x1, 0xaf, 0xfc, 0x0,
    0x78, 0x33, 0x33, 0x33, 0x33, 0x33, 0x33, 0x33,
    0x33, 0x33, 0x33, 0x5c, 0x70, 0x0, 0x1f, 0xff,
    0xff, 0xff, 0xff, 0xff, 0xff, 0xff, 0xff, 0xff,
    0xf3, 0x0, 0x0, 0x0, 0xff, 0xff, 0xff, 0xff,
    0xff, 0xff, 0xff, 0xff, 0xff, 0xff, 0x30, 0x0,
    0x0, 0x0, 0x0, 0x3f, 0xf7, 0x0, 0x0, 0x0,
    0x0, 0x0, 0x0, 0x0, 0x0, 0x0, 0x0, 0x0,
    0x9, 0xff, 0x10, 0x0, 0x0, 0x0, 0x0, 0x0,
    0x0, 0x0, 0x0, 0x0, 0x0, 0x0, 0xef, 0xff,
    0xff, 0xff, 0xff, 0xff, 0xff, 0xf3, 0x0, 0x0,
    0x0, 0x0, 0x0, 0x6f, 0xff, 0xff, 0xff, 0xff,
    0xff, 0xff, 0xff, 0x0, 0x0, 0x0, 0x0, 0x0,
    0x1, 0x33, 0x22, 0x22, 0x22, 0x22, 0x22, 0xdf,
    0xd0, 0x0, 0x0, 0x0, 0x0, 0x0, 0x0, 0x0,
    0x0, 0x0, 0x0, 0x0, 0x1f, 0xfa, 0x0, 0x0,
    0x0, 0x0, 0x0, 0x0, 0x0, 0x0, 0x0, 0x0,
    0x0, 0x6, 0xff, 0x50, 0x0, 0x0, 0x0, 0x0,
    0x0, 0x0, 0x0, 0x0, 0x44, 0x33, 0x34, 0xef,
    0xf0, 0x0, 0x0, 0x0, 0x0, 0x0, 0x0, 0x0,
    0x0, 0x7, 0xff, 0xff, 0xff, 0xf7, 0x0, 0x0,
    0x0, 0x0, 0x0, 0x0, 0x0, 0x0, 0x0, 0x2f,
    0xff, 0xff, 0xe7, 0x0, 0x0, 0x0, 0x0, 0x0,
    0x0, 0x0, 0x0, 0x0, 0x0, 0x0, 0x0, 0x0,
    0x0, 0x0, 0x0, 0x0, 0x0,

    /* U+5973 "女" */
    0x0, 0x0, 0x0, 0x0, 0x0, 0x59, 0x61, 0x0,
    0x0, 0x0, 0x0, 0x0, 0x0, 0x0, 0x0, 0x0,
    0x0, 0x0, 0xcf, 0xf2, 0x0, 0x0, 0x0, 0x0,
    0x0, 0x0, 0x0, 0x0, 0x0, 0x0, 0x1, 0xff,
    0xd0, 0x0, 0x0, 0x0, 0x0, 0x0, 0x0, 0x0,
    0x0, 0x0, 0x0, 0x6, 0xff, 0x90, 0x0, 0x0,
    0x0, 0x0, 0x0, 0x0, 0x0, 0x0, 0x0, 0x0,
    0xc, 0xff, 0x30, 0x0, 0x0, 0x0, 0x0, 0x0,
    0x0, 0x0, 0x0, 0x0, 0x0, 0x1f, 0xfe, 0x0,
    0x0, 0x0, 0x0, 0x0, 0x0, 0x0, 0x0, 0x0,
    0x0, 0x0, 0x7f, 0xf9, 0x0, 0x0, 0x0, 0x0,
    0x0, 0x0, 0x0, 0x1f, 0xff, 0xff, 0xff, 0xff,
    0xff, 0xff, 0xff, 0xff, 0xff, 0xff, 0xff, 0xf8,
    0x1f, 0xff, 0xff, 0xff, 0xff, 0xff, 0xff, 0xff,
    0xff, 0xff, 0xff, 0xff, 0xf8, 0xc, 0xcc, 0xcc,
    0xcf, 0xff, 0xcc, 0xcc, 0xcc, 0xce, 0xff, 0xdc,
    0xcc, 0xc6, 0x0, 0x0, 0x0, 0x2f, 0xff, 0x0,
    0x0, 0x0, 0xb, 0xff, 0x40, 0x0, 0x0, 0x0,
    0x0, 0x0, 0x9f, 0xf9, 0x0, 0x0, 0x0, 0xf,
    0xff, 0x0, 0x0, 0x0, 0x0, 0x0, 0x1, 0xff,
    0xf2, 0x0, 0x0, 0x0, 0x4f, 0xfb, 0x0, 0x0,
    0x0, 0x0, 0x0, 0x7, 0xff, 0xb0, 0x0, 0x0,
    0x0, 0xbf, 0xf6, 0x0, 0x0, 0x0, 0x0, 0x0,
    0xe, 0xff, 0x40, 0x0, 0x0, 0x2, 0xff, 0xf0,
    0x0, 0x0, 0x0, 0x0, 0x0, 0x7f, 0xff, 0x71,
    0x0, 0x0, 0xa, 0xff, 0x90, 0x0, 0x0, 0x0,
    0x0, 0x0, 0xbf, 0xff, 0xff, 0x93, 0x0, 0x4f,
    0xff, 0x10, 0x0, 0x0, 0x0, 0x0, 0x0, 0x2,
    0x9f, 0xff, 0xff, 0xc6, 0xef, 0xf8, 0x0, 0x0,
    0x0, 0x0, 0x0, 0x0, 0x0, 0x0, 0x7e, 0xff,
    0xff, 0xff, 0xc0, 0x0, 0x0, 0x0, 0x0, 0x0,
    0x0, 0x0, 0x0, 0x0, 0x5e, 0xff, 0xff, 0xe6,
    0x0, 0x0, 0x0, 0x0, 0x0, 0x0, 0x0, 0x0,
    0x1, 0xaf, 0xff, 0xff, 0xff, 0xd5, 0x0, 0x0,
    0x0, 0x0, 0x0, 0x0, 0x3, 0x9f, 0xff, 0xfc,
    0x5c, 0xff, 0xff, 0xd4, 0x0, 0x0, 0x0, 0x1,
    0x59, 0xdf, 0xff, 0xff, 0x70, 0x0, 0x5d, 0xff,
    0xff, 0xb2, 0x0, 0x3c, 0xef, 0xff, 0xff, 0xfe,
    0x81, 0x0, 0x0, 0x0, 0x7e, 0xff, 0xff, 0x80,
    0xc, 0xff, 0xff, 0xfb, 0x60, 0x0, 0x0, 0x0,
    0x0, 0x1, 0x9f, 0xff, 0x80, 0x5, 0xeb, 0x84,
    0x0, 0x0, 0x0, 0x0, 0x0, 0x0, 0x0, 0x3,
    0xda, 0x0, 0x0, 0x0, 0x0, 0x0, 0x0, 0x0,
    0x0, 0x0, 0x0, 0x0, 0x0, 0x0, 0x0,

    /* U+597D "好" */
    0x0, 0x0, 0x17, 0x62, 0x0, 0x0, 0x0, 0x0,
    0x0, 0x0, 0x0, 0x0, 0x0, 0x0, 0x0, 0x5,
    0xff, 0x40, 0x0, 0x0, 0x0, 0x0, 0x0, 0x0,
    0x0, 0x0, 0x0, 0x0, 0x0, 0x7f, 0xf1, 0x0,
    0x0, 0x5, 0x77, 0x77, 0x77, 0x77, 0x77, 0x60,
    0x0, 0x0, 0x9, 0xff, 0x0, 0x0, 0x0, 0xcf,
    0xff, 0xff, 0xff, 0xff, 0xff, 0xc0, 0x0, 0x0,
    0xbf, 0xc0, 0x0, 0x0, 0xb, 0xff, 0xff, 0xff,
    0xff, 0xff, 0xf9, 0x0, 0x0, 0xe, 0xf9, 0x0,
    0x0, 0x0, 0x0, 0x0, 0x0, 0x0, 0x7f, 0xfc,
    0x0, 0xb, 0xff, 0xff, 0xff, 0xff, 0xfc, 0x10,
    0x0, 0x0, 0x0, 0x3f, 0xfe, 0x10, 0x0, 0xcf,
    0xff, 0xff, 0xff, 0xff, 0xf0, 0x0, 0x0, 0x0,
    0x2e, 0xfe, 0x20, 0x0, 0x5, 0x7c, 0xff, 0x77,
    0x7c, 0xfe, 0x0, 0x0, 0x0, 0x2e, 0xfe, 0x30,
    0x0, 0x0, 0x0, 0xbf, 0xc0, 0x0, 0xbf, 0xc0,
    0x0, 0x0, 0xb, 0xff, 0x20, 0x0, 0x0, 0x0,
    0xf, 0xf9, 0x0, 0xd, 0xfa, 0x0, 0x0, 0x0,
    0xbf, 0xf0, 0x0, 0x0, 0x0, 0x3, 0xff, 0x50,
    0x1, 0xff, 0x60, 0x0, 0x0, 0xb, 0xff, 0x0,
    0x0, 0x0, 0x0, 0x7f, 0xf1, 0x0, 0x4f, 0xf3,
    0xef, 0xff, 0xff, 0xff, 0xff, 0xff, 0xff, 0xc0,
    0xb, 0xfd, 0x0, 0x9, 0xff, 0xe, 0xff, 0xff,
    0xff, 0xff, 0xff, 0xff, 0xfd, 0x0, 0xff, 0xb0,
    0x0, 0xdf, 0xb0, 0x88, 0x88, 0x88, 0xef, 0xf8,
    0x88, 0x88, 0x70, 0x2f, 0xff, 0xb1, 0x3f, 0xf7,
    0x0, 0x0, 0x0, 0xb, 0xff, 0x0, 0x0, 0x0,
    0x0, 0x3e, 0xff, 0xdb, 0xff, 0x10, 0x0, 0x0,
    0x0, 0xbf, 0xf0, 0x0, 0x0, 0x0, 0x0, 0x1b,
    0xff, 0xff, 0xb0, 0x0, 0x0, 0x0, 0xb, 0xff,
    0x0, 0x0, 0x0, 0x0, 0x0, 0x8, 0xff, 0xf9,
    0x0, 0x0, 0x0, 0x0, 0xbf, 0xf0, 0x0, 0x0,
    0x0, 0x0, 0x0, 0x4f, 0xff, 0xf9, 0x0, 0x0,
    0x0, 0xb, 0xff, 0x0, 0x0, 0x0, 0x0, 0x0,
    0x1e, 0xff, 0xff, 0xf9, 0x0, 0x0, 0x0, 0xbf,
    0xf0, 0x0, 0x0, 0x0, 0x0, 0x1d, 0xff, 0x73,
    0xff, 0xf4, 0x0, 0x0, 0xb, 0xff, 0x0, 0x0,
    0x0, 0x0, 0x2d, 0xff, 0xa0, 0x4, 0xfb, 0x0,
    0x0, 0x0, 0xbf, 0xf0, 0x0, 0x0, 0x0, 0x7f,
    0xff, 0xb0, 0x0, 0x5, 0x10, 0x5, 0x66, 0x6e,
    0xfe, 0x0, 0x0, 0x0, 0xb, 0xff, 0x90, 0x0,
    0x0, 0x0, 0x0, 0x8f, 0xff, 0xff, 0xb0, 0x0,
    0x0, 0x0, 0x1c, 0x50, 0x0, 0x0, 0x0, 0x0,
    0x2, 0xff, 0xfe, 0xa1, 0x0, 0x0, 0x0, 0x0,
    0x0, 0x0, 0x0, 0x0, 0x0, 0x0, 0x1, 0x0,
    0x0, 0x0, 0x0, 0x0, 0x0,

    /* U+5B50 "子" */
    0x0, 0x4, 0x99, 0x99, 0x99, 0x99, 0x99, 0x99,
    0x99, 0x99, 0x9a, 0x20, 0x0, 0x0, 0x8, 0xff,
    0xff, 0xff, 0xff, 0xff, 0xff, 0xff, 0xff, 0xff,
    0xf5, 0x0, 0x0, 0x8, 0xff, 0xff, 0xff, 0xff,
    0xff, 0xff, 0xff, 0xff, 0xff, 0xd1, 0x0, 0x0,
    0x0, 0x0, 0x0, 0x0, 0x0, 0x0, 0x0, 0x6,
    0xff, 0xfb, 0x10, 0x0, 0x0, 0x0, 0x0, 0x0,
    0x0, 0x0, 0x0, 0x1, 0xbf, 0xff, 0x80, 0x0,
    0x0, 0x0, 0x0, 0x0, 0x0, 0x0, 0x0, 0x0,
    0x6e, 0xff, 0xe4, 0x0, 0x0, 0x0, 0x0, 0x0,
    0x0, 0x0, 0x0, 0x0, 0x5d, 0xff, 0xfa, 0x10,
    0x0, 0x0, 0x0, 0x0, 0x0, 0x0, 0x0, 0x0,
    0x0, 0xff, 0xfd, 0x40, 0x0, 0x0, 0x0, 0x0,
    0x0, 0x0, 0x0, 0x0, 0x0, 0x0, 0xff, 0xc0,
    0x0, 0x0, 0x0, 0x0, 0x0, 0x0, 0x0, 0x0,
    0x0, 0x0, 0x0, 0xff, 0xb0, 0x0, 0x0, 0x0,
    0x0, 0x0, 0x1, 0x11, 0x11, 0x11, 0x11, 0x11,
    0xff, 0xb1, 0x11, 0x11, 0x11, 0x11, 0x10, 0x4f,
    0xff, 0xff, 0xff, 0xff, 0xff, 0xff, 0xff, 0xff,
    0xff, 0xff, 0xff, 0xfd, 0x4f, 0xff, 0xff, 0xff,
    0xff, 0xff, 0xff, 0xff, 0xff, 0xff, 0xff, 0xff,
    0xfd, 0x28, 0x88, 0x88, 0x88, 0x88, 0x88, 0xff,
    0xd8, 0x88, 0x88, 0x88, 0x88, 0x87, 0x0, 0x0,
    0x0, 0x0, 0x0, 0x0, 0xff, 0xb0, 0x0, 0x0,
    0x0, 0x0, 0x0, 0x0, 0x0, 0x0, 0x0, 0x0,
    0x0, 0xff, 0xb0, 0x0, 0x0, 0x0, 0x0, 0x0,
    0x0, 0x0, 0x0, 0x0, 0x0, 0x0, 0xff, 0xb0,
    0x0, 0x0, 0x0, 0x0, 0x0, 0x0, 0x0, 0x0,
    0x0, 0x0, 0x0, 0xff, 0xb0, 0x0, 0x0, 0x0,
    0x0, 0x0, 0x0, 0x0, 0x0, 0x0, 0x0, 0x0,
    0xff, 0xb0, 0x0, 0x0, 0x0, 0x0, 0x0, 0x0,
    0x0, 0x0, 0x0, 0x0, 0x0, 0xff, 0xb0, 0x0,
    0x0, 0x0, 0x0, 0x0, 0x0, 0x0, 0x0, 0x0,
    0x0, 0x0, 0xff, 0xb0, 0x0, 0x0, 0x0, 0x0,
    0x0, 0x0, 0x0, 0x0, 0x49, 0x88, 0x8a, 0xff,
    0xa0, 0x0, 0x0, 0x0, 0x0, 0x0, 0x0, 0x0,
    0x0, 0x1f, 0xff, 0xff, 0xff, 0x60, 0x0, 0x0,
    0x0, 0x0, 0x0, 0x0, 0x0, 0x0, 0xb, 0xff,
    0xfe, 0xc6, 0x0, 0x0, 0x0, 0x0, 0x0, 0x0,
    0x0, 0x0, 0x0, 0x0, 0x10, 0x0, 0x0, 0x0,
    0x0, 0x0, 0x0, 0x0, 0x0,

    /* U+5B57 "字" */
    0x0, 0x0, 0x0, 0x0, 0x0, 0x0, 0x43, 0x0,
    0x0, 0x0, 0x0, 0x0, 0x0, 0x0, 0x0, 0x0,
    0x0, 0x1, 0xef, 0xd0, 0x0, 0x0, 0x0, 0x0,
    0x0, 0x0, 0x0, 0x0, 0x0, 0x0, 0x9, 0xff,
    0x70, 0x0, 0x0, 0x0, 0x0, 0x0, 0x68, 0x88,
    0x88, 0x88, 0x88, 0xaf, 0xff, 0x88, 0x88, 0x88,
    0x88, 0x86, 0xc, 0xff, 0xff, 0xff, 0xff, 0xff,
    0xff, 0xff, 0xff, 0xff, 0xff, 0xff, 0xb0, 0xcf,
    0xff, 0xff, 0xff, 0xff, 0xff, 0xff, 0xff, 0xff,
    0xff, 0xff, 0xfb, 0xc, 0xfc, 0x0, 0x0, 0x0,
    0x0, 0x0, 0x0, 0x0, 0x0, 0x0, 0xef, 0xb0,
    0xcf, 0xc0, 0x0, 0x0, 0x0, 0x0, 0x0, 0x0,
    0x0, 0x0, 0xe, 0xfb, 0xc, 0xfc, 0x2, 0x77,
    0x77, 0x77, 0x77, 0x77, 0x77, 0x73, 0x0, 0xef,
    0xb0, 0x57, 0x60, 0x6f, 0xff, 0xff, 0xff, 0xff,
    0xff, 0xff, 0xf5, 0x7, 0x75, 0x0, 0x0, 0x5,
    0xff, 0xff, 0xff, 0xff, 0xff, 0xff, 0xfe, 0x30,
    0x0, 0x0, 0x0, 0x0, 0x0, 0x0, 0x0, 0x0,
    0x1, 0xcf, 0xfd, 0x20, 0x0, 0x0, 0x0, 0x0,
    0x0, 0x0, 0x0, 0x0, 0x5, 0xef, 0xfa, 0x0,
    0x0, 0x0, 0x0, 0x0, 0x0, 0x0, 0x0, 0x0,
    0x1b, 0xff, 0xe6, 0x0, 0x0, 0x0, 0x0, 0x0,
    0x0, 0x0, 0x0, 0x0, 0x6, 0xff, 0xa1, 0x0,
    0x0, 0x0, 0x0, 0x0, 0x88, 0x88, 0x88, 0x88,
    0x88, 0xbf, 0xfb, 0x88, 0x88, 0x88, 0x88, 0x88,
    0xf, 0xff, 0xff, 0xff, 0xff, 0xff, 0xff, 0xff,
    0xff, 0xff, 0xff, 0xff, 0xf0, 0xff, 0xff, 0xff,
    0xff, 0xff, 0xff, 0xff, 0xff, 0xff, 0xff, 0xff,
    0xff, 0x0, 0x0, 0x0, 0x0, 0x0, 0x6, 0xff,
    0x50, 0x0, 0x0, 0x0, 0x0, 0x0, 0x0, 0x0,
    0x0, 0x0, 0x0, 0x6f, 0xf5, 0x0, 0x0, 0x0,
    0x0, 0x0, 0x0, 0x0, 0x0, 0x0, 0x0, 0x6,
    0xff, 0x50, 0x0, 0x0, 0x0, 0x0, 0x0, 0x0,
    0x0, 0x0, 0x0, 0x0, 0x6f, 0xf5, 0x0, 0x0,
    0x0, 0x0, 0x0, 0x0, 0x0, 0x0, 0x0, 0x0,
    0x6, 0xff, 0x50, 0x0, 0x0, 0x0, 0x0, 0x0,
    0x0, 0x0, 0x1, 0x88, 0x88, 0xcf, 0xf5, 0x0,
    0x0, 0x0, 0x0, 0x0, 0x0, 0x0, 0x0, 0xc,
    0xff, 0xff, 0xff, 0x10, 0x0, 0x0, 0x0, 0x0,
    0x0, 0x0, 0x0, 0x0, 0x6f, 0xff, 0xeb, 0x40,
    0x0, 0x0, 0x0, 0x0, 0x0, 0x0, 0x0, 0x0,
    0x0, 0x0, 0x0, 0x0, 0x0, 0x0, 0x0, 0x0,
    0x0, 0x0,

    /* U+5B58 "存" */
    0x0, 0x0, 0x0, 0x0, 0x0, 0x35, 0x20, 0x0,
    0x0, 0x0, 0x0, 0x0, 0x0, 0x0, 0x0, 0x0,
    0x0, 0x0, 0xb, 0xff, 0x20, 0x0, 0x0, 0x0,
    0x0, 0x0, 0x0, 0x0, 0x0, 0x0, 0x0, 0x0,
    0xff, 0xd0, 0x0, 0x0, 0x0, 0x0, 0x0, 0x0,
    0x0, 0x0, 0x0, 0x0, 0x0, 0x5f, 0xf8, 0x0,
    0x0, 0x0, 0x0, 0x0, 0x0, 0x0, 0x3, 0xff,
    0xff, 0xff, 0xff, 0xff, 0xff, 0xff, 0xff, 0xff,
    0xff, 0xff, 0xff, 0x30, 0x3f, 0xff, 0xff, 0xff,
    0xff, 0xff, 0xff, 0xff, 0xff, 0xff, 0xff, 0xff,
    0xf3, 0x1, 0x88, 0x88, 0x88, 0xef, 0xf9, 0x88,
    0x88, 0x88, 0x88, 0x88, 0x88, 0x88, 0x20, 0x0,
    0x0, 0x0, 0x2f, 0xfc, 0x0, 0x0, 0x0, 0x0,
    0x0, 0x0, 0x0, 0x0, 0x0, 0x0, 0x0, 0xa,
    0xff, 0x40, 0x0, 0x0, 0x0, 0x0, 0x0, 0x0,
    0x0, 0x0, 0x0, 0x0, 0x4, 0xff, 0xc0, 0x7,
    0x77, 0x77, 0x77, 0x77, 0x77, 0x60, 0x0, 0x0,
    0x0, 0x0, 0xef, 0xf3, 0x2, 0xff, 0xff, 0xff,
    0xff, 0xff, 0xff, 0xb0, 0x0, 0x0, 0x0, 0xaf,
    0xf9, 0x0, 0x1e, 0xee, 0xee, 0xee, 0xef, 0xff,
    0xf5, 0x0, 0x0, 0x0, 0x7f, 0xfe, 0x10, 0x0,
    0x0, 0x0, 0x0, 0x5, 0xff, 0xf4, 0x0, 0x0,
    0x0, 0x5f, 0xff, 0xc0, 0x0, 0x0, 0x0, 0x0,
    0x8, 0xff, 0xd2, 0x0, 0x0, 0x0, 0x6f, 0xff,
    0xfc, 0x0, 0x0, 0x0, 0x0, 0xd, 0xff, 0x90,
    0x0, 0x0, 0x0, 0x9f, 0xff, 0xff, 0xc0, 0x0,
    0x0, 0x0, 0x0, 0xff, 0xa0, 0x0, 0x0, 0x0,
    0xc, 0xff, 0x7d, 0xfc, 0x3, 0x77, 0x77, 0x77,
    0x7f, 0xfd, 0x77, 0x77, 0x77, 0x50, 0x3f, 0x50,
    0xdf, 0xc0, 0x6f, 0xff, 0xff, 0xff, 0xff, 0xff,
    0xff, 0xff, 0xfb, 0x0, 0x10, 0xd, 0xfc, 0x6,
    0xff, 0xff, 0xff, 0xff, 0xff, 0xff, 0xff, 0xff,
    0xa0, 0x0, 0x0, 0xdf, 0xc0, 0x0, 0x0, 0x0,
    0x0, 0xff, 0xa0, 0x0, 0x0, 0x0, 0x0, 0x0,
    0xd, 0xfc, 0x0, 0x0, 0x0, 0x0, 0xf, 0xfa,
    0x0, 0x0, 0x0, 0x0, 0x0, 0x0, 0xdf, 0xc0,
    0x0, 0x0, 0x0, 0x0, 0xff, 0xa0, 0x0, 0x0,
    0x0, 0x0, 0x0, 0xd, 0xfc, 0x0, 0x0, 0x0,
    0x0, 0xf, 0xfa, 0x0, 0x0, 0x0, 0x0, 0x0,
    0x0, 0xdf, 0xc0, 0x0, 0x1, 0x76, 0x67, 0xff,
    0xa0, 0x0, 0x0, 0x0, 0x0, 0x0, 0xd, 0xfc,
    0x0, 0x0, 0xf, 0xff, 0xff, 0xf7, 0x0, 0x0,
    0x0, 0x0, 0x0, 0x0, 0xdf, 0xc0, 0x0, 0x0,
    0xbf, 0xff, 0xd8, 0x0, 0x0, 0x0, 0x0, 0x0,
    0x0, 0x0, 0x0, 0x0, 0x0, 0x0, 0x0, 0x0,
    0x0, 0x0, 0x0, 0x0, 0x0,

    /* U+5B66 "学" */
    0x0, 0x0, 0x1, 0x0, 0x0, 0x2, 0x83, 0x0,
    0x0, 0x0, 0x20, 0x0, 0x0, 0x0, 0x2, 0xbf,
    0x40, 0x0, 0xe, 0xfd, 0x0, 0x0, 0x0, 0xdf,
    0xa1, 0x0, 0x0, 0x0, 0xdf, 0xe1, 0x0, 0x6,
    0xff, 0x70, 0x0, 0x6, 0xff, 0xa0, 0x0, 0x0,
    0x0, 0x3f, 0xfb, 0x0, 0x0, 0xef, 0xe0, 0x0,
    0x1e, 0xfd, 0x10, 0x0, 0x0, 0x0, 0xa, 0xfd,
    0x10, 0x0, 0x7f, 0xc2, 0x0, 0xbf, 0xf3, 0x0,
    0x0, 0x9, 0xff, 0xff, 0xff, 0xff, 0xff, 0xff,
    0xff, 0xff, 0xff, 0xff, 0xff, 0xf1, 0x9, 0xff,
    0xff, 0xff, 0xff, 0xff, 0xff, 0xff, 0xff, 0xff,
    0xff, 0xff, 0xf1, 0x9, 0xfd, 0x55, 0x55, 0x55,
    0x55, 0x55, 0x55, 0x55, 0x55, 0x55, 0xaf, 0xf1,
    0x9, 0xfb, 0x0, 0x0, 0x0, 0x0, 0x0, 0x0,
    0x0, 0x0, 0x0, 0x7f, 0xf1, 0x9, 0xfb, 0x0,
    0x11, 0x11, 0x11, 0x11, 0x11, 0x11, 0x11, 0x0,
    0x7f, 0xf1, 0x7, 0xc9, 0x7, 0xff, 0xff, 0xff,
    0xff, 0xff, 0xff, 0xff, 0x50, 0x6c, 0xc1, 0x0,
    0x0, 0x7, 0xff, 0xff, 0xff, 0xff, 0xff, 0xff,
    0xff, 0x80, 0x0, 0x0, 0x0, 0x0, 0x1, 0x33,
    0x33, 0x33, 0x33, 0x4d, 0xff, 0xe4, 0x0, 0x0,
    0x0, 0x0, 0x0, 0x0, 0x0, 0x0, 0x0, 0x29,
    0xff, 0xf8, 0x0, 0x0, 0x0, 0x0, 0x0, 0x0,
    0x0, 0x0, 0x0, 0x4, 0xff, 0xf9, 0x10, 0x0,
    0x0, 0x0, 0x0, 0x0, 0x0, 0x0, 0x0, 0x0,
    0x5, 0xff, 0x50, 0x0, 0x0, 0x0, 0x0, 0x0,
    0x1f, 0xff, 0xff, 0xff, 0xff, 0xff, 0xff, 0xff,
    0xff, 0xff, 0xff, 0xff, 0xf8, 0x1f, 0xff, 0xff,
    0xff, 0xff, 0xff, 0xff, 0xff, 0xff, 0xff, 0xff,
    0xff, 0xf8, 0x7, 0x77, 0x77, 0x77, 0x77, 0x7a,
    0xff, 0xa7, 0x77, 0x77, 0x77, 0x77, 0x73, 0x0,
    0x0, 0x0, 0x0, 0x0, 0x5, 0xff, 0x50, 0x0,
    0x0, 0x0, 0x0, 0x0, 0x0, 0x0, 0x0, 0x0,
    0x0, 0x5, 0xff, 0x50, 0x0, 0x0, 0x0, 0x0,
    0x0, 0x0, 0x0, 0x0, 0x0, 0x0, 0x5, 0xff,
    0x50, 0x0, 0x0, 0x0, 0x0, 0x0, 0x0, 0x0,
    0x0, 0x0, 0x0, 0x5, 0xff, 0x50, 0x0, 0x0,
    0x0, 0x0, 0x0, 0x0, 0x0, 0x0, 0x36, 0x66,
    0x6a, 0xff, 0x40, 0x0, 0x0, 0x0, 0x0, 0x0,
    0x0, 0x0, 0x0, 0x1f, 0xff, 0xff, 0xff, 0x10,
    0x0, 0x0, 0x0, 0x0, 0x0, 0x0, 0x0, 0x0,
    0xa, 0xff, 0xfe, 0xb4, 0x0, 0x0, 0x0, 0x0,
    0x0, 0x0, 0x0, 0x0, 0x0, 0x0, 0x10, 0x0,
    0x0, 0x0, 0x0, 0x0, 0x0, 0x0, 0x0,

    /* U+5B89 "安" */
    0x0, 0x0, 0x0, 0x0, 0x0, 0x3, 0x71, 0x0,
    0x0, 0x0, 0x0, 0x0, 0x0, 0x0, 0x0, 0x0,
    0x0, 0x0, 0x7f, 0xf9, 0x0, 0x0, 0x0, 0x0,
    0x0, 0x0, 0x0, 0x0, 0x0, 0x0, 0x0, 0xf,
    0xff, 0x20, 0x0, 0x0, 0x0, 0x0, 0x0, 0x2,
    0x66, 0x66, 0x66, 0x66, 0x6c, 0xff, 0xb6, 0x66,
    0x66, 0x66, 0x66, 0x30, 0x7, 0xff, 0xff, 0xff,
    0xff, 0xff, 0xff, 0xff, 0xff, 0xff, 0xff, 0xff,
    0x80, 0x7, 0xff, 0xff, 0xff, 0xff, 0xff, 0xff,
    0xff, 0xff, 0xff, 0xff, 0xff, 0x80, 0x7, 0xff,
    0x30, 0x0, 0x0, 0x0, 0x0, 0x0, 0x0, 0x0,
    0x4, 0xff, 0x80, 0x7, 0xff, 0x30, 0x0, 0x0,
    0xad, 0xa2, 0x0, 0x0, 0x0, 0x4, 0xff, 0x80,
    0x7, 0xff, 0x30, 0x0, 0x1, 0xff, 0xf1, 0x0,
    0x0, 0x0, 0x4, 0xff, 0x80, 0x3, 0x88, 0x10,
    0x0, 0x8, 0xff, 0x90, 0x0, 0x0, 0x0, 0x2,
    0x88, 0x40, 0x0, 0x0, 0x0, 0x0, 0x1f, 0xff,
    0x20, 0x0, 0x0, 0x0, 0x0, 0x0, 0x0, 0x8,
    0x88, 0x88, 0x88, 0xbf, 0xfe, 0x88, 0x88, 0x88,
    0x88, 0x88, 0x88, 0x81, 0x1f, 0xff, 0xff, 0xff,
    0xff, 0xff, 0xff, 0xff, 0xff, 0xff, 0xff, 0xff,
    0xf3, 0x1f, 0xff, 0xff, 0xff, 0xff, 0xff, 0xff,
    0xff, 0xff, 0xff, 0xff, 0xff, 0xf2, 0x0, 0x0,
    0x0, 0x4f, 0xfd, 0x0, 0x0, 0x0, 0x4f, 0xfb,
    0x0, 0x0, 0x0, 0x0, 0x0, 0x0, 0xef, 0xf4,
    0x0, 0x0, 0x0, 0xdf, 0xf4, 0x0, 0x0, 0x0,
    0x0, 0x0, 0x9, 0xff, 0xa0, 0x0, 0x0, 0x6,
    0xff, 0xc0, 0x0, 0x0, 0x0, 0x0, 0x0, 0x5f,
    0xff, 0xfa, 0x50, 0x0, 0x3f, 0xff, 0x30, 0x0,
    0x0, 0x0, 0x0, 0x0, 0x28, 0xef, 0xff, 0xfe,
    0x94, 0xef, 0xf7, 0x0, 0x0, 0x0, 0x0, 0x0,
    0x0, 0x0, 0x3, 0x9f, 0xff, 0xff, 0xff, 0xa0,
    0x0, 0x0, 0x0, 0x0, 0x0, 0x0, 0x0, 0x0,
    0x0, 0x6f, 0xff, 0xff, 0xe8, 0x10, 0x0, 0x0,
    0x0, 0x0, 0x0, 0x0, 0x0, 0x6, 0xef, 0xff,
    0xff, 0xff, 0xf9, 0x20, 0x0, 0x0, 0x0, 0x0,
    0x0, 0x49, 0xff, 0xff, 0xd3, 0x18, 0xef, 0xff,
    0xfa, 0x20, 0x0, 0x1, 0x47, 0xbf, 0xff, 0xff,
    0xe7, 0x0, 0x0, 0x7, 0xef, 0xff, 0xf9, 0x10,
    0x6, 0xff, 0xff, 0xff, 0xc5, 0x0, 0x0, 0x0,
    0x0, 0x7, 0xff, 0xff, 0x60, 0x0, 0xbf, 0xeb,
    0x61, 0x0, 0x0, 0x0, 0x0, 0x0, 0x0, 0x19,
    0xf7, 0x0, 0x0, 0x12, 0x0, 0x0, 0x0, 0x0,
    0x0, 0x0, 0x0, 0x0, 0x0, 0x20, 0x0,

    /* U+5B8C "完" */
    0x0, 0x0, 0x0, 0x0, 0x0, 0x4, 0x94, 0x0,
    0x0, 0x0, 0x0, 0x0, 0x0, 0x0, 0x0, 0x0,
    0x0, 0x0, 0x3f, 0xfd, 0x0, 0x0, 0x0, 0x0,
    0x0, 0x0, 0x0, 0x0, 0x0, 0x0, 0x0, 0xb,
    0xff, 0x50, 0x0, 0x0, 0x0, 0x0, 0x0, 0x6,
    0x77, 0x77, 0x77, 0x77, 0x7a, 0xff, 0xd7, 0x77,
    0x77, 0x77, 0x77, 0x20, 0xe, 0xff, 0xff, 0xff,
    0xff, 0xff, 0xff, 0xff, 0xff, 0xff, 0xff, 0xff,
    0x60, 0xe, 0xff, 0xff, 0xff, 0xff, 0xff, 0xff,
    0xff, 0xff, 0xff, 0xff, 0xff, 0x60, 0xe, 0xfc,
    0x0, 0x0, 0x0, 0x0, 0x0, 0x0, 0x0, 0x0,
    0x4, 0xff, 0x60, 0xe, 0xfc, 0x0, 0x0, 0x0,
    0x0, 0x0, 0x0, 0x0, 0x0, 0x4, 0xff, 0x60,
    0xe, 0xfc, 0x3, 0x66, 0x66, 0x66, 0x66, 0x66,
    0x66, 0x66, 0x4, 0xff, 0x60, 0xe, 0xfc, 0x8,
    0xff, 0xff, 0xff, 0xff, 0xff, 0xff, 0xff, 0x24,
    0xff, 0x60, 0x0, 0x0, 0x8, 0xff, 0xff, 0xff,
    0xff, 0xff, 0xff, 0xff, 0x20, 0x0, 0x0, 0x0,
    0x0, 0x0, 0x0, 0x0, 0x0, 0x0, 0x0, 0x0,
    0x0, 0x0, 0x0, 0x0, 0x0, 0x0, 0x0, 0x0,
    0x0, 0x0, 0x0, 0x0, 0x0, 0x0, 0x0, 0x0,
    0x0, 0x24, 0x44, 0x44, 0x44, 0x44, 0x44, 0x44,
    0x44, 0x44, 0x44, 0x44, 0x44, 0x40, 0x9f, 0xff,
    0xff, 0xff, 0xff, 0xff, 0xff, 0xff, 0xff, 0xff,
    0xff, 0xff, 0xf1, 0x9f, 0xff, 0xff, 0xff, 0xff,
    0xff, 0xff, 0xff, 0xff, 0xff, 0xff, 0xff, 0xf1,
    0x13, 0x33, 0x33, 0x35, 0xff, 0x83, 0x33, 0x5f,
    0xf8, 0x33, 0x33, 0x33, 0x30, 0x0, 0x0, 0x0,
    0x4, 0xff, 0x50, 0x0, 0x2f, 0xf7, 0x0, 0x0,
    0x0, 0x0, 0x0, 0x0, 0x0, 0x6, 0xff, 0x30,
    0x0, 0x2f, 0xf7, 0x0, 0x0, 0x0, 0x0, 0x0,
    0x0, 0x0, 0xa, 0xff, 0x0, 0x0, 0x2f, 0xf7,
    0x0, 0x0, 0x0, 0x0, 0x0, 0x0, 0x0, 0x1f,
    0xfb, 0x0, 0x0, 0x2f, 0xf7, 0x0, 0x0, 0xa,
    0x50, 0x0, 0x0, 0x0, 0xbf, 0xf5, 0x0, 0x0,
    0x2f, 0xf7, 0x0, 0x0, 0xd, 0xf7, 0x0, 0x0,
    0x2c, 0xff, 0xc0, 0x0, 0x0, 0x2f, 0xf7, 0x0,
    0x0, 0xf, 0xf6, 0x1, 0x5b, 0xff, 0xfd, 0x10,
    0x0, 0x0, 0x1f, 0xfc, 0x66, 0x66, 0x9f, 0xf3,
    0x9f, 0xff, 0xff, 0x91, 0x0, 0x0, 0x0, 0xe,
    0xff, 0xff, 0xff, 0xff, 0xe0, 0x1f, 0xfe, 0x92,
    0x0, 0x0, 0x0, 0x0, 0x3, 0xcf, 0xff, 0xff,
    0xfc, 0x30, 0x4, 0x20, 0x0, 0x0, 0x0, 0x0,
    0x0, 0x0, 0x0, 0x0, 0x0, 0x0, 0x0,

    /* U+5B9A "定" */
    0x0, 0x0, 0x0, 0x0, 0x0, 0x3, 0x76, 0x0,
    0x0, 0x0, 0x0, 0x0, 0x0, 0x0, 0x0, 0x0,
    0x0, 0x0, 0xe, 0xff, 0x10, 0x0, 0x0, 0x0,
    0x0, 0x0, 0x0, 0x0, 0x0, 0x0, 0x0, 0x7,
    0xff, 0x80, 0x0, 0x0, 0x0, 0x0, 0x0, 0x4,
    0x77, 0x77, 0x77, 0x77, 0x78, 0xff, 0xe7, 0x77,
    0x77, 0x77, 0x77, 0x50, 0xa, 0xff, 0xff, 0xff,
    0xff, 0xff, 0xff, 0xff, 0xff, 0xff, 0xff, 0xff,
    0xb0, 0xa, 0xff, 0xff, 0xff, 0xff, 0xff, 0xff,
    0xff, 0xff, 0xff, 0xff, 0xff, 0xb0, 0xa, 0xfe,
    0x0, 0x0, 0x0, 0x0, 0x0, 0x0, 0x0, 0x0,
    0x0, 0xef, 0xb0, 0xa, 0xfe, 0x0, 0x0, 0x0,
    0x0, 0x0, 0x0, 0x0, 0x0, 0x0, 0xef, 0xb0,
    0xa, 0xfe, 0x0, 0x0, 0x0, 0x0, 0x0, 0x0,
    0x0, 0x0, 0x0, 0xef, 0xb0, 0x9, 0xfe, 0xb,
    0xff, 0xff, 0xff, 0xff, 0xff, 0xff, 0xff, 0xf0,
    0xef, 0xb0, 0x0, 0x0, 0xc, 0xff, 0xff, 0xff,
    0xff, 0xff, 0xff, 0xff, 0xf0, 0x0, 0x0, 0x0,
    0x0, 0x6, 0x88, 0x88, 0x8a, 0xff, 0xb8, 0x88,
    0x88, 0x80, 0x0, 0x0, 0x0, 0x0, 0x0, 0x0,
    0x0, 0x5, 0xff, 0x50, 0x0, 0x0, 0x0, 0x0,
    0x0, 0x0, 0x0, 0x8, 0x74, 0x0, 0x5, 0xff,
    0x50, 0x0, 0x0, 0x0, 0x0, 0x0, 0x0, 0x0,
    0xf, 0xfa, 0x0, 0x5, 0xff, 0x50, 0x0, 0x0,
    0x0, 0x0, 0x0, 0x0, 0x0, 0x3f, 0xf8, 0x0,
    0x5, 0xff, 0xa6, 0x66, 0x66, 0x66, 0x20, 0x0,
    0x0, 0x0, 0x5f, 0xf4, 0x0, 0x5, 0xff, 0xff,
    0xff, 0xff, 0xff, 0x50, 0x0, 0x0, 0x0, 0xaf,
    0xf4, 0x0, 0x5, 0xff, 0xff, 0xff, 0xff, 0xff,
    0x50, 0x0, 0x0, 0x0, 0xef, 0xfb, 0x0, 0x5,
    0xff, 0x50, 0x0, 0x0, 0x0, 0x0, 0x0, 0x0,
    0x4, 0xff, 0xff, 0x50, 0x5, 0xff, 0x50, 0x0,
    0x0, 0x0, 0x0, 0x0, 0x0, 0xa, 0xff, 0xef,
    0xf3, 0x5, 0xff, 0x50, 0x0, 0x0, 0x0, 0x0,
    0x0, 0x0, 0x2f, 0xfb, 0x3f, 0xff, 0x55, 0xff,
    0x50, 0x0, 0x0, 0x0, 0x0, 0x0, 0x0, 0xcf,
    0xf3, 0x7, 0xff, 0xfe, 0xff, 0x50, 0x0, 0x0,
    0x0, 0x0, 0x0, 0x9, 0xff, 0xa0, 0x0, 0x6f,
    0xff, 0xff, 0xec, 0xaa, 0x99, 0x99, 0x99, 0x96,
    0x8f, 0xfe, 0x10, 0x0, 0x2, 0xaf, 0xff, 0xff,
    0xff, 0xff, 0xff, 0xff, 0xf5, 0x1c, 0xf3, 0x0,
    0x0, 0x0, 0x1, 0x69, 0xce, 0xef, 0xff, 0xff,
    0xff, 0xf0, 0x0, 0x30, 0x0, 0x0, 0x0, 0x0,
    0x0, 0x0, 0x0, 0x0, 0x0, 0x0, 0x0,

    /* U+5BB6 "家" */
    0x0, 0x0, 0x0, 0x0, 0x0, 0x2, 0x67, 0x0,
    0x0, 0x0, 0x0, 0x0, 0x0, 0x0, 0x0, 0x0,
    0x0, 0x0, 0x0, 0xef, 0xf3, 0x0, 0x0, 0x0,
    0x0, 0x0, 0x0, 0x1, 0x11, 0x11, 0x11, 0x11,
    0x19, 0xff, 0xa1, 0x11, 0x11, 0x11, 0x11, 0x10,
    0x0, 0x9f, 0xff, 0xff, 0xff, 0xff, 0xff, 0xff,
    0xff, 0xff, 0xff, 0xff, 0xfe, 0x0, 0x9, 0xff,
    0xff, 0xff, 0xff, 0xff, 0xff, 0xff, 0xff, 0xff,
    0xff, 0xff, 0xe0, 0x0, 0x9f, 0xf3, 0x33, 0x33,
    0x33, 0x33, 0x33, 0x33, 0x33, 0x33, 0x3c, 0xfe,
    0x0, 0x9, 0xfe, 0x0, 0x0, 0x0, 0x0, 0x0,
    0x0, 0x0, 0x0, 0x0, 0xbf, 0xe0, 0x0, 0x9f,
    0xe0, 0x45, 0x55, 0x55, 0x55, 0x55, 0x55, 0x55,
    0x55, 0xb, 0xfe, 0x0, 0x8, 0xdc, 0xe, 0xff,
    0xff, 0xff, 0xff, 0xff, 0xff, 0xff, 0xf0, 0x9d,
    0xc0, 0x0, 0x0, 0x0, 0xce, 0xee, 0xee, 0xff,
    0xfe, 0xee, 0xee, 0xee, 0x0, 0x0, 0x0, 0x0,
    0x0, 0x0, 0x0, 0x6, 0xef, 0xf8, 0x0, 0x0,
    0x0, 0x10, 0x0, 0x0, 0x0, 0x0, 0x0, 0x1,
    0x7d, 0xff, 0xfc, 0x0, 0x0, 0x0, 0x2e, 0xd2,
    0x0, 0x0, 0x0, 0x2, 0x6b, 0xff, 0xfd, 0x8f,
    0xf9, 0x0, 0x0, 0x5f, 0xff, 0xa0, 0x0, 0x0,
    0x4e, 0xff, 0xff, 0xc4, 0x0, 0x9f, 0xf5, 0x0,
    0x9f, 0xff, 0x80, 0x0, 0x0, 0x0, 0xdf, 0xd8,
    0x20, 0x1, 0x9f, 0xff, 0xe3, 0xdf, 0xfd, 0x30,
    0x0, 0x0, 0x0, 0x2, 0x20, 0x0, 0x29, 0xff,
    0xf9, 0xff, 0xff, 0xff, 0x40, 0x0, 0x0, 0x0,
    0x0, 0x0, 0x5, 0xbf, 0xff, 0x91, 0xd, 0xff,
    0xce, 0xfb, 0x0, 0x0, 0x0, 0x0, 0x26, 0xaf,
    0xff, 0xf8, 0x20, 0x8, 0xff, 0xf0, 0x7f, 0xf3,
    0x0, 0x0, 0x0, 0x6, 0xff, 0xfd, 0x70, 0x0,
    0x3c, 0xff, 0xff, 0x30, 0xef, 0xd0, 0x0, 0x0,
    0x0, 0xa, 0x93, 0x0, 0x2, 0xbf, 0xfe, 0x9f,
    0xf5, 0x6, 0xff, 0x90, 0x0, 0x0, 0x0, 0x0,
    0x0, 0x4a, 0xff, 0xfa, 0x14, 0xff, 0x50, 0xb,
    0xff, 0x80, 0x0, 0x0, 0x0, 0x27, 0xdf, 0xff,
    0xc3, 0x0, 0x7f, 0xf3, 0x0, 0x1e, 0xff, 0xa1,
    0x0, 0x9, 0xdf, 0xff, 0xfb, 0x30, 0x0, 0xd,
    0xff, 0x0, 0x0, 0x1d, 0xff, 0xe7, 0x0, 0xaf,
    0xff, 0x92, 0x2, 0x65, 0x6b, 0xff, 0xa0, 0x0,
    0x0, 0x1b, 0xff, 0x60, 0x1, 0xa5, 0x0, 0x0,
    0xf, 0xff, 0xff, 0xe2, 0x0, 0x0, 0x0, 0x5,
    0x80, 0x0, 0x0, 0x0, 0x0, 0x0, 0xcf, 0xff,
    0xa1, 0x0, 0x0, 0x0, 0x0, 0x0, 0x0, 0x0,
    0x0, 0x0, 0x0, 0x0, 0x0, 0x0, 0x0, 0x0,
    0x0, 0x0, 0x0, 0x0, 0x0,

    /* U+5BC6 "密" */
    0x0, 0x0, 0x0, 0x0, 0x0, 0x0, 0x7a, 0x60,
    0x0, 0x0, 0x0, 0x0, 0x0, 0x0, 0x0, 0x0,
    0x0, 0x0, 0x0, 0xd, 0xfe, 0x0, 0x0, 0x0,
    0x0, 0x0, 0x0, 0x0, 0x33, 0x33, 0x33, 0x33,
    0x33, 0xaf, 0xf5, 0x33, 0x33, 0x33, 0x33, 0x32,
    0x0, 0xe, 0xff, 0xff, 0xff, 0xff, 0xff, 0xff,
    0xff, 0xff, 0xff, 0xff, 0xff, 0xb0, 0x0, 0xef,
    0xff, 0xff, 0xff, 0xff, 0xff, 0xff, 0xff, 0xff,
    0xff, 0xff, 0xfb, 0x0, 0xe, 0xfa, 0x11, 0x11,
    0x1a, 0x82, 0x11, 0x11, 0x11, 0x11, 0x11, 0xff,
    0xb0, 0x0, 0xef, 0xa0, 0x0, 0x4, 0xff, 0xf7,
    0x0, 0x0, 0x89, 0x10, 0xf, 0xfb, 0x0, 0xe,
    0xfa, 0x0, 0x0, 0x3, 0xbf, 0xfd, 0x30, 0x8f,
    0xfa, 0x0, 0xff, 0xb0, 0x0, 0x56, 0x63, 0x0,
    0xdf, 0x50, 0x5e, 0xf3, 0x9f, 0xfb, 0x1, 0x5,
    0x64, 0x0, 0x0, 0xb, 0xf9, 0xe, 0xf6, 0x0,
    0x16, 0xcf, 0xfb, 0x5, 0xfc, 0x10, 0x0, 0x0,
    0x5, 0xff, 0x50, 0xef, 0x60, 0x7, 0xff, 0xf8,
    0x0, 0x4f, 0xfd, 0x10, 0x0, 0x2, 0xef, 0xc0,
    0xe, 0xf6, 0x4d, 0xff, 0xe4, 0x0, 0x73, 0x4f,
    0xfd, 0x10, 0x1, 0xdf, 0xf2, 0x0, 0xef, 0xef,
    0xff, 0xa1, 0x0, 0xd, 0xf5, 0x5f, 0xfc, 0x0,
    0x5e, 0xf5, 0x1, 0x7f, 0xff, 0xfc, 0x30, 0x0,
    0x2, 0xff, 0x30, 0x7f, 0xf6, 0x0, 0x15, 0x5b,
    0xff, 0xff, 0xff, 0xff, 0xff, 0xff, 0xff, 0xe0,
    0x0, 0x95, 0x0, 0x7c, 0xff, 0xff, 0xfb, 0xbf,
    0xff, 0xff, 0xff, 0xff, 0xd4, 0x0, 0x0, 0x0,
    0x6, 0xff, 0xfd, 0x71, 0x0, 0x1, 0x23, 0x31,
    0x11, 0x0, 0x0, 0x0, 0x0, 0x0, 0x9, 0x72,
    0x0, 0x0, 0x0, 0x8, 0xff, 0x10, 0x0, 0x0,
    0x0, 0x0, 0x0, 0x0, 0x0, 0x7b, 0x90, 0x0,
    0x0, 0x8f, 0xf1, 0x0, 0x0, 0xf, 0xf9, 0x0,
    0x0, 0x0, 0xa, 0xfc, 0x0, 0x0, 0x8, 0xff,
    0x10, 0x0, 0x0, 0xff, 0x90, 0x0, 0x0, 0x0,
    0xaf, 0xc0, 0x0, 0x0, 0x8f, 0xf1, 0x0, 0x0,
    0xf, 0xf9, 0x0, 0x0, 0x0, 0xa, 0xfc, 0x0,
    0x0, 0x8, 0xff, 0x10, 0x0, 0x0, 0xff, 0x90,
    0x0, 0x0, 0x0, 0xaf, 0xe8, 0x88, 0x88, 0xcf,
    0xf9, 0x88, 0x88, 0x8f, 0xf9, 0x0, 0x0, 0x0,
    0xa, 0xff, 0xff, 0xff, 0xff, 0xff, 0xff, 0xff,
    0xff, 0xff, 0x90, 0x0, 0x0, 0x0, 0x9f, 0xff,
    0xff, 0xff, 0xff, 0xff, 0xff, 0xff, 0xff, 0xf9,
    0x0, 0x0, 0x0, 0x0, 0x0, 0x0, 0x0, 0x0,
    0x0, 0x0, 0x0, 0x0, 0xff, 0x90, 0x0,

    /* U+5BF9 "对" */
    0x0, 0x0, 0x0, 0x0, 0x0, 0x0, 0x0, 0x0,
    0x0, 0x0, 0x5, 0x75, 0x0, 0x0, 0x0, 0x0,
    0x0, 0x0, 0x0, 0x0, 0x0, 0x0, 0x0, 0x0,
    0xdf, 0xb0, 0x0, 0x0, 0x0, 0x0, 0x0, 0x0,
    0x0, 0x0, 0x0, 0x0, 0x0, 0xd, 0xfb, 0x0,
    0x0, 0x36, 0x66, 0x66, 0x66, 0x66, 0x40, 0x0,
    0x0, 0x0, 0x0, 0xdf, 0xb0, 0x0, 0x9, 0xff,
    0xff, 0xff, 0xff, 0xff, 0x80, 0x0, 0x0, 0x0,
    0xd, 0xfb, 0x0, 0x0, 0x8e, 0xee, 0xee, 0xee,
    0xef, 0xf5, 0x0, 0x0, 0x0, 0x0, 0xdf, 0xb0,
    0x0, 0x0, 0x0, 0x0, 0x0, 0x6, 0xff, 0x34,
    0x88, 0x88, 0x88, 0x8e, 0xfe, 0x88, 0x70, 0x1,
    0x50, 0x0, 0x0, 0xaf, 0xf0, 0x8f, 0xff, 0xff,
    0xff, 0xff, 0xff, 0xfe, 0x1, 0xdf, 0x40, 0x0,
    0xe, 0xfc, 0x7, 0xff, 0xff, 0xff, 0xff, 0xff,
    0xff, 0xe0, 0x1e, 0xfe, 0x10, 0x2, 0xff, 0x80,
    0x0, 0x0, 0x0, 0x0, 0xdf, 0xb0, 0x0, 0x0,
    0x3f, 0xfc, 0x0, 0x7f, 0xf3, 0x0, 0x0, 0x0,
    0x0, 0xd, 0xfb, 0x0, 0x0, 0x0, 0x7f, 0xf9,
    0xd, 0xfe, 0x0, 0x0, 0x31, 0x0, 0x0, 0xdf,
    0xb0, 0x0, 0x0, 0x0, 0xbf, 0xf7, 0xff, 0x90,
    0x0, 0xbf, 0x90, 0x0, 0xd, 0xfb, 0x0, 0x0,
    0x0, 0x1, 0xef, 0xff, 0xf3, 0x0, 0x9, 0xff,
    0x40, 0x0, 0xdf, 0xb0, 0x0, 0x0, 0x0, 0x4,
    0xff, 0xfc, 0x0, 0x0, 0xe, 0xfc, 0x0, 0xd,
    0xfb, 0x0, 0x0, 0x0, 0x0, 0xb, 0xff, 0x90,
    0x0, 0x0, 0x7f, 0xf5, 0x0, 0xdf, 0xb0, 0x0,
    0x0, 0x0, 0x2, 0xff, 0xff, 0x30, 0x0, 0x0,
    0xef, 0xc0, 0xd, 0xfb, 0x0, 0x0, 0x0, 0x0,
    0xbf, 0xff, 0xfd, 0x0, 0x0, 0x7, 0xff, 0x30,
    0xdf, 0xb0, 0x0, 0x0, 0x0, 0x6f, 0xfc, 0x9f,
    0xf7, 0x0, 0x0, 0x1f, 0xa1, 0xd, 0xfb, 0x0,
    0x0, 0x0, 0x3f, 0xff, 0x21, 0xef, 0xf1, 0x0,
    0x0, 0x10, 0x0, 0xdf, 0xb0, 0x0, 0x0, 0x2e,
    0xff, 0x60, 0x5, 0xff, 0x60, 0x0, 0x0, 0x0,
    0xd, 0xfb, 0x0, 0x0, 0x4e, 0xff, 0xa0, 0x0,
    0xc, 0x90, 0x0, 0x0, 0x0, 0x0, 0xdf, 0xb0,
    0x0, 0xb, 0xff, 0xb0, 0x0, 0x0, 0x20, 0x0,
    0x0, 0x0, 0x0, 0xd, 0xfb, 0x0, 0x0, 0xc,
    0xa0, 0x0, 0x0, 0x0, 0x0, 0x0, 0x0, 0xaa,
    0xaa, 0xff, 0xa0, 0x0, 0x0, 0x10, 0x0, 0x0,
    0x0, 0x0, 0x0, 0x0, 0xb, 0xff, 0xff, 0xf6,
    0x0, 0x0, 0x0, 0x0, 0x0, 0x0, 0x0, 0x0,
    0x0, 0x0, 0x6f, 0xfe, 0xb6, 0x0, 0x0,

    /* U+5C06 "将" */
    0x0, 0x0, 0xa, 0xb6, 0x0, 0x0, 0x0, 0x0,
    0x74, 0x0, 0x0, 0x0, 0x0, 0x0, 0x0, 0xe,
    0xf9, 0x0, 0x0, 0x0, 0x9, 0xff, 0xa0, 0x0,
    0x0, 0x0, 0x0, 0x0, 0xe, 0xf9, 0x0, 0x0,
    0x0, 0x8f, 0xff, 0x32, 0x22, 0x22, 0x0, 0x0,
    0x0, 0xe, 0xf9, 0x0, 0x0, 0x9, 0xff, 0xff,
    0xff, 0xff, 0xff, 0xc1, 0x4, 0x10, 0xe, 0xf9,
    0x0, 0x3, 0xdf, 0xff, 0xff, 0xff, 0xff, 0xff,
    0xc0, 0x8f, 0xd1, 0xe, 0xf9, 0x1, 0x9f, 0xff,
    0x90, 0x0, 0x0, 0xc, 0xff, 0x30, 0x4f, 0xfd,
    0xe, 0xf9, 0xc, 0xff, 0xd5, 0x96, 0x0, 0x0,
    0xbf, 0xf7, 0x0, 0x5, 0xff, 0xbe, 0xf9, 0x1,
    0xb6, 0x9, 0xff, 0x70, 0x3d, 0xff, 0x80, 0x0,
    0x0, 0x8f, 0xff, 0xf9, 0x0, 0x0, 0x0, 0xaf,
    0xfa, 0xff, 0xf8, 0x0, 0x0, 0x0, 0xc, 0x7e,
    0xf9, 0x0, 0x0, 0x0, 0x1e, 0xff, 0xfe, 0x40,
    0x0, 0x0, 0x0, 0x0, 0xe, 0xf9, 0x0, 0x0,
    0x5b, 0xff, 0xff, 0x91, 0x33, 0x10, 0x0, 0x0,
    0x0, 0xe, 0xf9, 0x7, 0xcf, 0xff, 0xff, 0xa2,
    0x2, 0xff, 0x70, 0x0, 0x0, 0x0, 0xe, 0xf9,
    0x4, 0xff, 0xfc, 0x61, 0x0, 0x2, 0xff, 0x70,
    0x0, 0x0, 0x0, 0xf, 0xf9, 0x0, 0x85, 0x10,
    0x0, 0x0, 0x2, 0xff, 0x70, 0x0, 0x0, 0x1,
    0xbf, 0xf9, 0x1f, 0xff, 0xff, 0xff, 0xff, 0xff,
    0xff, 0xff, 0xfa, 0x0, 0x2d, 0xff, 0xf9, 0x1f,
    0xff, 0xff, 0xff, 0xff, 0xff, 0xff, 0xff, 0xfa,
    0x4, 0xef, 0xff, 0xf9, 0x7, 0x77, 0x77, 0x77,
    0x77, 0x78, 0xff, 0xa7, 0x74, 0x7f, 0xff, 0x5e,
    0xf9, 0x0, 0x7, 0xe6, 0x0, 0x0, 0x2, 0xff,
    0x70, 0x0, 0xaf, 0xf4, 0xe, 0xf9, 0x0, 0xc,
    0xff, 0x40, 0x0, 0x2, 0xff, 0x70, 0x0, 0x1c,
    0x20, 0xe, 0xf9, 0x0, 0x1, 0xef, 0xe1, 0x0,
    0x2, 0xff, 0x70, 0x0, 0x0, 0x0, 0xe, 0xf9,
    0x0, 0x0, 0x4f, 0xfb, 0x0, 0x2, 0xff, 0x70,
    0x0, 0x0, 0x0, 0xe, 0xf9, 0x0, 0x0, 0x9,
    0xff, 0x30, 0x2, 0xff, 0x70, 0x0, 0x0, 0x0,
    0xe, 0xf9, 0x0, 0x0, 0x1, 0x91, 0x0, 0x2,
    0xff, 0x70, 0x0, 0x0, 0x0, 0xe, 0xf9, 0x0,
    0x0, 0x0, 0x1, 0x65, 0x57, 0xff, 0x60, 0x0,
    0x0, 0x0, 0xe, 0xf9, 0x0, 0x0, 0x0, 0x0,
    0xef, 0xff, 0xff, 0x30, 0x0, 0x0, 0x0, 0xe,
    0xf9, 0x0, 0x0, 0x0, 0x0, 0xaf, 0xff, 0xc6,
    0x0, 0x0, 0x0, 0x0, 0x0, 0x0, 0x0, 0x0,
    0x0, 0x0, 0x0, 0x0, 0x0, 0x0, 0x0,

    /* U+5C0F "小" */
    0x0, 0x0, 0x0, 0x0, 0x0, 0x0, 0x33, 0x20,
    0x0, 0x0, 0x0, 0x0, 0x0, 0x0, 0x0, 0x0,
    0x0, 0x0, 0x0, 0x1f, 0xfb, 0x0, 0x0, 0x0,
    0x0, 0x0, 0x0, 0x0, 0x0, 0x0, 0x0, 0x0,
    0x1, 0xff, 0xb0, 0x0, 0x0, 0x0, 0x0, 0x0,
    0x0, 0x0, 0x0, 0x0, 0x0, 0x0, 0x1f, 0xfb,
    0x0, 0x0, 0x0, 0x0, 0x0, 0x0, 0x0, 0x0,
    0x0, 0x0, 0x0, 0x1, 0xff, 0xb0, 0x0, 0x0,
    0x0, 0x0, 0x0, 0x0, 0x0, 0x0, 0x0, 0x0,
    0x0, 0x1f, 0xfb, 0x0, 0x0, 0x0, 0x0, 0x0,
    0x0, 0x0, 0x0, 0x0, 0x0, 0x0, 0x1, 0xff,
    0xb0, 0x0, 0x0, 0x0, 0x0, 0x0, 0x0, 0x0,
    0x5, 0xa7, 0x30, 0x0, 0x1f, 0xfb, 0x0, 0x1,
    0x6c, 0x70, 0x0, 0x0, 0x0, 0x0, 0xaf, 0xf6,
    0x0, 0x1, 0xff, 0xb0, 0x0, 0x1f, 0xfe, 0x10,
    0x0, 0x0, 0x0, 0xd, 0xff, 0x10, 0x0, 0x1f,
    0xfb, 0x0, 0x0, 0x8f, 0xf9, 0x0, 0x0, 0x0,
    0x1, 0xff, 0xd0, 0x0, 0x1, 0xff, 0xb0, 0x0,
    0x1, 0xff, 0xf1, 0x0, 0x0, 0x0, 0x6f, 0xf9,
    0x0, 0x0, 0x1f, 0xfb, 0x0, 0x0, 0x8, 0xff,
    0x90, 0x0, 0x0, 0xb, 0xff, 0x30, 0x0, 0x1,
    0xff, 0xb0, 0x0, 0x0, 0x1f, 0xff, 0x10, 0x0,
    0x1, 0xff, 0xd0, 0x0, 0x0, 0x1f, 0xfb, 0x0,
    0x0, 0x0, 0xaf, 0xf7, 0x0, 0x0, 0x7f, 0xf8,
    0x0, 0x0, 0x1, 0xff, 0xb0, 0x0, 0x0, 0x3,
    0xff, 0xe0, 0x0, 0xe, 0xff, 0x20, 0x0, 0x0,
    0x1f, 0xfb, 0x0, 0x0, 0x0, 0xd, 0xff, 0x40,
    0x7, 0xff, 0xb0, 0x0, 0x0, 0x1, 0xff, 0xb0,
    0x0, 0x0, 0x0, 0x7f, 0xfa, 0x1, 0xef, 0xf3,
    0x0, 0x0, 0x0, 0x1f, 0xfb, 0x0, 0x0, 0x0,
    0x2, 0xff, 0xf0, 0x8f, 0xfa, 0x0, 0x0, 0x0,
    0x1, 0xff, 0xb0, 0x0, 0x0, 0x0, 0xd, 0xff,
    0x40, 0x4b, 0x10, 0x0, 0x0, 0x0, 0x1f, 0xfb,
    0x0, 0x0, 0x0, 0x0, 0x8f, 0xb3, 0x0, 0x0,
    0x0, 0x0, 0x0, 0x1, 0xff, 0xb0, 0x0, 0x0,
    0x0, 0x2, 0x20, 0x0, 0x0, 0x0, 0x0, 0x0,
    0x0, 0x1f, 0xfb, 0x0, 0x0, 0x0, 0x0, 0x0,
    0x0, 0x0, 0x0, 0x0, 0x0, 0x0, 0x1, 0xff,
    0xb0, 0x0, 0x0, 0x0, 0x0, 0x0, 0x0, 0x0,
    0x0, 0x2, 0x99, 0x99, 0xbf, 0xfa, 0x0, 0x0,
    0x0, 0x0, 0x0, 0x0, 0x0, 0x0, 0x0, 0xe,
    0xff, 0xff, 0xff, 0x50, 0x0, 0x0, 0x0, 0x0,
    0x0, 0x0, 0x0, 0x0, 0x0, 0x9f, 0xff, 0xfc,
    0x60, 0x0, 0x0, 0x0, 0x0, 0x0, 0x0, 0x0,
    0x0, 0x0, 0x0, 0x0, 0x0, 0x0, 0x0, 0x0,
    0x0, 0x0, 0x0, 0x0, 0x0,

    /* U+5C40 "局" */
    0x0, 0x0, 0x12, 0x22, 0x22, 0x22, 0x22, 0x22,
    0x22, 0x22, 0x22, 0x21, 0x0, 0x0, 0x0, 0xdf,
    0xff, 0xff, 0xff, 0xff, 0xff, 0xff, 0xff, 0xff,
    0xf9, 0x0, 0x0, 0x0, 0xdf, 0xff, 0xff, 0xff,
    0xff, 0xff, 0xff, 0xff, 0xff, 0xf9, 0x0, 0x0,
    0x0, 0xdf, 0xc1, 0x11, 0x11, 0x11, 0x11, 0x11,
    0x11, 0x1f, 0xf9, 0x0, 0x0, 0x0, 0xdf, 0xc0,
    0x0, 0x0, 0x0, 0x0, 0x0, 0x0, 0xf, 0xf9,
    0x0, 0x0, 0x0, 0xdf, 0xc0, 0x0, 0x0, 0x0,
    0x0, 0x0, 0x0, 0xf, 0xf9, 0x0, 0x0, 0x0,
    0xdf, 0xff, 0xff, 0xff, 0xff, 0xff, 0xff, 0xff,
    0xff, 0xf9, 0x0, 0x0, 0x0, 0xdf, 0xff, 0xff,
    0xff, 0xff, 0xff, 0xff, 0xff, 0xff, 0xf9, 0x0,
    0x0, 0x0, 0xdf, 0xd4, 0x44, 0x44, 0x44, 0x44,
    0x44, 0x44, 0x44, 0x42, 0x0, 0x0, 0x0, 0xdf,
    0xb0, 0x0, 0x0, 0x0, 0x0, 0x0, 0x0, 0x0,
    0x0, 0x0, 0x0, 0x0, 0xef, 0xc5, 0x55, 0x55,
    0x55, 0x55, 0x55, 0x55, 0x55, 0x55, 0x52, 0x0,
    0x0, 0xff, 0xff, 0xff, 0xff, 0xff, 0xff, 0xff,
    0xff, 0xff, 0xff, 0xf8, 0x0, 0x1, 0xff, 0xff,
    0xff, 0xff, 0xff, 0xff, 0xff, 0xff, 0xff, 0xff,
    0xf8, 0x0, 0x2, 0xff, 0x70, 0x0, 0x0, 0x0,
    0x0, 0x0, 0x0, 0x0, 0x2f, 0xf7, 0x0, 0x4,
    0xff, 0x40, 0x2, 0x22, 0x22, 0x22, 0x22, 0x20,
    0x0, 0x2f, 0xf6, 0x0, 0x7, 0xff, 0x20, 0x6f,
    0xff, 0xff, 0xff, 0xff, 0xf5, 0x0, 0x3f, 0xf6,
    0x0, 0xa, 0xff, 0x0, 0x6f, 0xff, 0xff, 0xff,
    0xff, 0xf5, 0x0, 0x4f, 0xf5, 0x0, 0xe, 0xfc,
    0x0, 0x6f, 0xf0, 0x0, 0x0, 0x1f, 0xf5, 0x0,
    0x5f, 0xf4, 0x0, 0x2f, 0xf8, 0x0, 0x6f, 0xf0,
    0x0, 0x0, 0x1f, 0xf5, 0x0, 0x7f, 0xf2, 0x0,
    0x8f, 0xf3, 0x0, 0x6f, 0xf0, 0x0, 0x0, 0x1f,
    0xf5, 0x0, 0x8f, 0xf1, 0x0, 0xef, 0xe0, 0x0,
    0x6f, 0xff, 0xff, 0xff, 0xff, 0xf5, 0x0, 0xbf,
    0xf0, 0x7, 0xff, 0x80, 0x0, 0x6f, 0xff, 0xff,
    0xff, 0xff, 0xf5, 0x0, 0xef, 0xd0, 0xf, 0xff,
    0x10, 0x0, 0x6f, 0xf2, 0x22, 0x22, 0x23, 0x86,
    0x59, 0xff, 0xa0, 0x3, 0xe7, 0x0, 0x0, 0x6e,
    0xe0, 0x0, 0x0, 0x0, 0xdf, 0xff, 0xff, 0x40,
    0x0, 0x20, 0x0, 0x0, 0x0, 0x0, 0x0, 0x0,
    0x0, 0x9f, 0xff, 0xd6, 0x0, 0x0, 0x0, 0x0,
    0x0, 0x0, 0x0, 0x0, 0x0, 0x0, 0x0, 0x0,
    0x0, 0x0,

    /* U+5C4F "屏" */
    0x0, 0x3, 0x33, 0x33, 0x33, 0x33, 0x33, 0x33,
    0x33, 0x33, 0x33, 0x33, 0x10, 0x0, 0x1f, 0xff,
    0xff, 0xff, 0xff, 0xff, 0xff, 0xff, 0xff, 0xff,
    0xff, 0x60, 0x0, 0x1f, 0xff, 0xff, 0xff, 0xff,
    0xff, 0xff, 0xff, 0xff, 0xff, 0xff, 0x60, 0x0,
    0x1f, 0xf9, 0x0, 0x0, 0x0, 0x0, 0x0, 0x0,
    0x0, 0x6, 0xff, 0x60, 0x0, 0x1f, 0xf9, 0x0,
    0x0, 0x0, 0x0, 0x0, 0x0, 0x0, 0x6, 0xff,
    0x60, 0x0, 0x1f, 0xfb, 0x55, 0x55, 0x55, 0x55,
    0x55, 0x55, 0x55, 0x59, 0xff, 0x60, 0x0, 0x1f,
    0xff, 0xff, 0xff, 0xff, 0xff, 0xff, 0xff, 0xff,
    0xff, 0xff, 0x60, 0x0, 0x1f, 0xfe, 0xdd, 0xdd,
    0xdd, 0xdd, 0xdd, 0xdd, 0xdd, 0xdd, 0xdd, 0x50,
    0x0, 0x1f, 0xf9, 0x0, 0x7, 0xcb, 0x0, 0x0,
    0x0, 0xb, 0xc9, 0x10, 0x0, 0x0, 0x1f, 0xf9,
    0x0, 0x7, 0xff, 0x60, 0x0, 0x0, 0x2f, 0xfb,
    0x0, 0x0, 0x0, 0x1f, 0xf9, 0x0, 0x0, 0xdb,
    0x50, 0x0, 0x0, 0xbf, 0xe1, 0x0, 0x0, 0x0,
    0x1f, 0xf9, 0x6f, 0xff, 0xff, 0xff, 0xff, 0xff,
    0xff, 0xff, 0xff, 0xe0, 0x0, 0x1f, 0xf8, 0x6f,
    0xff, 0xff, 0xff, 0xff, 0xff, 0xff, 0xff, 0xff,
    0xe0, 0x0, 0x2f, 0xf7, 0x13, 0x33, 0x8f, 0xf4,
    0x33, 0x33, 0xff, 0xb3, 0x33, 0x20, 0x0, 0x3f,
    0xf6, 0x0, 0x0, 0x7f, 0xf1, 0x0, 0x0, 0xff,
    0xa0, 0x0, 0x0, 0x0, 0x5f, 0xf5, 0x0, 0x0,
    0x7f, 0xf1, 0x0, 0x0, 0xff, 0xa0, 0x0, 0x0,
    0x0, 0x6f, 0xf3, 0x44, 0x44, 0x9f, 0xf5, 0x44,
    0x44, 0xff, 0xc4, 0x44, 0x43, 0x0, 0x8f, 0xf2,
    0xff, 0xff, 0xff, 0xff, 0xff, 0xff, 0xff, 0xff,
    0xff, 0xfb, 0x0, 0xbf, 0xe1, 0xff, 0xff, 0xff,
    0xff, 0xff, 0xff, 0xff, 0xff, 0xff, 0xfb, 0x0,
    0xff, 0xb0, 0x0, 0x2, 0xff, 0xa0, 0x0, 0x0,
    0xff, 0xa0, 0x0, 0x0, 0x4, 0xff, 0x70, 0x0,
    0xb, 0xff, 0x40, 0x0, 0x0, 0xff, 0xa0, 0x0,
    0x0, 0xa, 0xff, 0x20, 0x0, 0x9f, 0xfb, 0x0,
    0x0, 0x0, 0xff, 0xa0, 0x0, 0x0, 0x2f, 0xfc,
    0x0, 0x3c, 0xff, 0xe2, 0x0, 0x0, 0x0, 0xff,
    0xa0, 0x0, 0x0, 0x9f, 0xf5, 0x1, 0xef, 0xfd,
    0x20, 0x0, 0x0, 0x0, 0xff, 0xa0, 0x0, 0x0,
    0x7, 0xb0, 0x0, 0x2d, 0x70, 0x0, 0x0, 0x0,
    0x0, 0xff, 0xa0, 0x0, 0x0, 0x0, 0x0, 0x0,
    0x0, 0x0, 0x0, 0x0, 0x0, 0x0, 0x0, 0x0,
    0x0, 0x0,

    /* U+5DF2 "已" */
    0x4f, 0xff, 0xff, 0xff, 0xff, 0xff, 0xff, 0xff,
    0xff, 0xff, 0xf1, 0x0, 0x5, 0xff, 0xff, 0xff,
    0xff, 0xff, 0xff, 0xff, 0xff, 0xff, 0xff, 0x10,
    0x0, 0x29, 0x99, 0x99, 0x99, 0x99, 0x99, 0x99,
    0x99, 0x99, 0xdf, 0xf1, 0x0, 0x0, 0x0, 0x0,
    0x0, 0x0, 0x0, 0x0, 0x0, 0x0, 0xa, 0xff,
    0x10, 0x0, 0x0, 0x0, 0x0, 0x0, 0x0, 0x0,
    0x0, 0x0, 0x0, 0xaf, 0xf1, 0x0, 0x0, 0xd,
    0xd9, 0x0, 0x0, 0x0, 0x0, 0x0, 0x0, 0xa,
    0xff, 0x10, 0x0, 0x0, 0xff, 0xb0, 0x0, 0x0,
    0x0, 0x0, 0x0, 0x0, 0xaf, 0xf1, 0x0, 0x0,
    0xf, 0xfb, 0x0, 0x0, 0x0, 0x0, 0x0, 0x0,
    0xa, 0xff, 0x10, 0x0, 0x0, 0xff, 0xb0, 0x0,
    0x0, 0x0, 0x0, 0x0, 0x0, 0xaf, 0xf1, 0x0,
    0x0, 0xf, 0xfd, 0x88, 0x88, 0x88, 0x88, 0x88,
    0x88, 0x8d, 0xff, 0x10, 0x0, 0x0, 0xff, 0xff,
    0xff, 0xff, 0xff, 0xff, 0xff, 0xff, 0xff, 0xf1,
    0x0, 0x0, 0xf, 0xff, 0xff, 0xff, 0xff, 0xff,
    0xff, 0xff, 0xff, 0xff, 0x10, 0x0, 0x0, 0xff,
    0xb0, 0x0, 0x0, 0x0, 0x0, 0x0, 0x0, 0xaf,
    0xf1, 0x0, 0x0, 0xf, 0xfb, 0x0, 0x0, 0x0,
    0x0, 0x0, 0x0, 0x2, 0x33, 0x0, 0x0, 0x0,
    0xff, 0xb0, 0x0, 0x0, 0x0, 0x0, 0x0, 0x0,
    0x0, 0x0, 0x0, 0x0, 0xf, 0xfb, 0x0, 0x0,
    0x0, 0x0, 0x0, 0x0, 0x0, 0x0, 0x2, 0x0,
    0x0, 0xff, 0xb0, 0x0, 0x0, 0x0, 0x0, 0x0,
    0x0, 0x0, 0x1, 0xfa, 0x40, 0xf, 0xfb, 0x0,
    0x0, 0x0, 0x0, 0x0, 0x0, 0x0, 0x0, 0x3f,
    0xf8, 0x0, 0xff, 0xb0, 0x0, 0x0, 0x0, 0x0,
    0x0, 0x0, 0x0, 0x6, 0xff, 0x60, 0xf, 0xfc,
    0x0, 0x0, 0x0, 0x0, 0x0, 0x0, 0x0, 0x0,
    0xbf, 0xf3, 0x0, 0xdf, 0xf6, 0x21, 0x0, 0x0,
    0x0, 0x0, 0x0, 0x2, 0x8f, 0xfe, 0x0, 0x7,
    0xff, 0xff, 0xff, 0xff, 0xff, 0xff, 0xff, 0xff,
    0xff, 0xff, 0x70, 0x0, 0x9, 0xff, 0xff, 0xff,
    0xff, 0xff, 0xff, 0xff, 0xff, 0xff, 0x80, 0x0,
    0x0, 0x1, 0x57, 0x88, 0x88, 0x88, 0x88, 0x88,
    0x88, 0x75, 0x10, 0x0,

    /* U+5E38 "常" */
    0x0, 0x0, 0x0, 0x0, 0x0, 0x6, 0x63, 0x0,
    0x0, 0x1, 0x0, 0x0, 0x0, 0x18, 0xe8, 0x0,
    0x0, 0x1f, 0xf9, 0x0, 0x0, 0x4f, 0xb5, 0x0,
    0x0, 0xc, 0xff, 0x50, 0x0, 0x1f, 0xf9, 0x0,
    0x1, 0xef, 0xf3, 0x0, 0x0, 0x2, 0xff, 0xe0,
    0x0, 0x1f, 0xf9, 0x0, 0xa, 0xff, 0x50, 0x0,
    0x24, 0x44, 0xbf, 0x94, 0x44, 0x5f, 0xfb, 0x44,
    0x49, 0xeb, 0x44, 0x44, 0x9f, 0xff, 0xff, 0xff,
    0xff, 0xff, 0xff, 0xff, 0xff, 0xff, 0xff, 0xfe,
    0x9f, 0xff, 0xff, 0xff, 0xff, 0xff, 0xff, 0xff,
    0xff, 0xff, 0xff, 0xfe, 0x9f, 0xe0, 0x0, 0x0,
    0x0, 0x0, 0x0, 0x0, 0x0, 0x0, 0xa, 0xfe,
    0x9f, 0xe0, 0x2a, 0xaa, 0xaa, 0xaa, 0xaa, 0xaa,
    0xaa, 0xa6, 0xa, 0xfe, 0x9f, 0xe0, 0x3f, 0xff,
    0xff, 0xff, 0xff, 0xff, 0xff, 0xf9, 0xa, 0xfe,
    0x8f, 0xd0, 0x3f, 0xf7, 0x33, 0x33, 0x33, 0x33,
    0x4f, 0xf9, 0x9, 0xfd, 0x0, 0x0, 0x3f, 0xf4,
    0x0, 0x0, 0x0, 0x0, 0x1f, 0xf9, 0x0, 0x0,
    0x0, 0x0, 0x3f, 0xf4, 0x0, 0x0, 0x0, 0x0,
    0x1f, 0xf9, 0x0, 0x0, 0x0, 0x0, 0x3f, 0xff,
    0xff, 0xff, 0xff, 0xff, 0xff, 0xf9, 0x0, 0x0,
    0x0, 0x0, 0x2d, 0xdd, 0xdd, 0xdf, 0xff, 0xdd,
    0xdd, 0xd8, 0x0, 0x0, 0x0, 0x0, 0x0, 0x0,
    0x0, 0xd, 0xfd, 0x0, 0x0, 0x0, 0x0, 0x0,
    0x0, 0x35, 0x55, 0x55, 0x55, 0x5e, 0xfe, 0x55,
    0x55, 0x55, 0x55, 0x10, 0x0, 0xcf, 0xff, 0xff,
    0xff, 0xff, 0xff, 0xff, 0xff, 0xff, 0xff, 0x50,
    0x0, 0xcf, 0xff, 0xff, 0xff, 0xff, 0xff, 0xff,
    0xff, 0xff, 0xff, 0x50, 0x0, 0xcf, 0xd0, 0x0,
    0x0, 0xd, 0xfd, 0x0, 0x0, 0x5, 0xff, 0x50,
    0x0, 0xcf, 0xd0, 0x0, 0x0, 0xd, 0xfd, 0x0,
    0x0, 0x5, 0xff, 0x50, 0x0, 0xcf, 0xd0, 0x0,
    0x0, 0xd, 0xfd, 0x0, 0x0, 0x5, 0xff, 0x50,
    0x0, 0xcf, 0xd0, 0x0, 0x0, 0xd, 0xfd, 0x0,
    0x22, 0x27, 0xff, 0x50, 0x0, 0xcf, 0xd0, 0x0,
    0x0, 0xd, 0xfd, 0x0, 0xef, 0xff, 0xff, 0x30,
    0x0, 0xbf, 0xd0, 0x0, 0x0, 0xd, 0xfd, 0x0,
    0x9f, 0xff, 0xe8, 0x0, 0x0, 0x0, 0x0, 0x0,
    0x0, 0xd, 0xfd, 0x0, 0x12, 0x21, 0x0, 0x0,

    /* U+5E55 "幕" */
    0x0, 0x0, 0x0, 0x4, 0x54, 0x0, 0x0, 0x0,
    0x35, 0x50, 0x0, 0x0, 0x0, 0x0, 0x0, 0x0,
    0x0, 0xbf, 0xd0, 0x0, 0x0, 0x9, 0xff, 0x0,
    0x0, 0x0, 0x0, 0xb, 0xbb, 0xbb, 0xbe, 0xff,
    0xbb, 0xbb, 0xbb, 0xdf, 0xfb, 0xbb, 0xbb, 0xb5,
    0x1, 0xff, 0xff, 0xff, 0xff, 0xff, 0xff, 0xff,
    0xff, 0xff, 0xff, 0xff, 0xff, 0x70, 0x6, 0x66,
    0x66, 0x6d, 0xfe, 0x66, 0x66, 0x66, 0xbf, 0xf6,
    0x66, 0x66, 0x62, 0x0, 0x0, 0x0, 0x0, 0x58,
    0x60, 0x0, 0x0, 0x4, 0x87, 0x0, 0x0, 0x0,
    0x0, 0x0, 0x1, 0xff, 0xff, 0xff, 0xff, 0xff,
    0xff, 0xff, 0xff, 0xff, 0xa0, 0x0, 0x0, 0x0,
    0x1f, 0xfb, 0x88, 0x88, 0x88, 0x88, 0x88, 0x88,
    0x8f, 0xfa, 0x0, 0x0, 0x0, 0x1, 0xff, 0x60,
    0x0, 0x0, 0x0, 0x0, 0x0, 0x0, 0xff, 0xa0,
    0x0, 0x0, 0x0, 0x1f, 0xff, 0xff, 0xff, 0xff,
    0xff, 0xff, 0xff, 0xff, 0xfa, 0x0, 0x0, 0x0,
    0x1, 0xff, 0xa7, 0x77, 0x77, 0x77, 0x77, 0x77,
    0x77, 0xff, 0xa0, 0x0, 0x0, 0x0, 0x1f, 0xf6,
    0x0, 0x0, 0x0, 0x0, 0x0, 0x0, 0xf, 0xfa,
    0x0, 0x0, 0x0, 0x1, 0xff, 0xff, 0xff, 0xff,
    0xff, 0xff, 0xff, 0xff, 0xff, 0xa0, 0x0, 0x0,
    0x0, 0x1a, 0xaa, 0xaa, 0xff, 0xea, 0xaa, 0xaa,
    0xaa, 0xaa, 0xa6, 0x0, 0x0, 0x0, 0x0, 0x0,
    0x0, 0x9f, 0xf6, 0x0, 0x0, 0x0, 0x0, 0x0,
    0x0, 0x0, 0x3, 0xff, 0xff, 0xff, 0xff, 0xff,
    0xff, 0xff, 0xff, 0xff, 0xff, 0xff, 0xff, 0x90,
    0x3f, 0xff, 0xff, 0xff, 0xff, 0xff, 0xff, 0xff,
    0xff, 0xff, 0xff, 0xff, 0xf9, 0x0, 0x0, 0x0,
    0xaf, 0xfd, 0x10, 0x1b, 0xb3, 0x0, 0x7f, 0xf9,
    0x0, 0x0, 0x0, 0x0, 0x5, 0xef, 0xfb, 0x10,
    0x3, 0xff, 0x50, 0x0, 0x7f, 0xfe, 0x60, 0x0,
    0x1, 0x6d, 0xff, 0xff, 0xff, 0xff, 0xff, 0xff,
    0xff, 0xff, 0xff, 0xff, 0xe9, 0x40, 0x5f, 0xff,
    0xbe, 0xff, 0xff, 0xff, 0xff, 0xff, 0xff, 0xff,
    0xfd, 0xff, 0xfb, 0x0, 0xab, 0x40, 0xef, 0x90,
    0x0, 0x2f, 0xf5, 0x0, 0x0, 0xff, 0x81, 0x8c,
    0x10, 0x0, 0x0, 0xe, 0xf9, 0x0, 0x2, 0xff,
    0x50, 0x0, 0xf, 0xf8, 0x0, 0x0, 0x0, 0x0,
    0x0, 0xef, 0x90, 0x0, 0x2f, 0xf5, 0x1, 0x23,
    0xff, 0x70, 0x0, 0x0, 0x0, 0x0, 0xe, 0xf9,
    0x0, 0x2, 0xff, 0x50, 0x5f, 0xff, 0xf5, 0x0,
    0x0, 0x0, 0x0, 0x0, 0xbd, 0x80, 0x0, 0x2f,
    0xf5, 0x0, 0xcc, 0xb7, 0x0, 0x0, 0x0,

    /* U+5E74 "年" */
    0x0, 0x0, 0x0, 0x69, 0x40, 0x0, 0x0, 0x0,
    0x0, 0x0, 0x0, 0x0, 0x0, 0x0, 0x0, 0x0,
    0xdf, 0xf1, 0x0, 0x0, 0x0, 0x0, 0x0, 0x0,
    0x0, 0x0, 0x0, 0x0, 0x4, 0xff, 0xa0, 0x0,
    0x0, 0x0, 0x0, 0x0, 0x0, 0x0, 0x0, 0x0,
    0x0, 0xb, 0xff, 0xa7, 0x77, 0x77, 0x77, 0x77,
    0x77, 0x77, 0x77, 0x20, 0x0, 0x0, 0x4f, 0xff,
    0xff, 0xff, 0xff, 0xff, 0xff, 0xff, 0xff, 0xff,
    0x50, 0x0, 0x0, 0xdf, 0xff, 0xff, 0xff, 0xff,
    0xff, 0xff, 0xff, 0xff, 0xff, 0x50, 0x0, 0x8,
    0xff, 0x90, 0x0, 0x0, 0xc, 0xfe, 0x0, 0x0,
    0x0, 0x0, 0x0, 0x0, 0x3f, 0xfe, 0x10, 0x0,
    0x0, 0xc, 0xfe, 0x0, 0x0, 0x0, 0x0, 0x0,
    0x2, 0xef, 0xf5, 0x0, 0x0, 0x0, 0xc, 0xfe,
    0x0, 0x0, 0x0, 0x0, 0x0, 0x1e, 0xff, 0x90,
    0x0, 0x0, 0x0, 0xc, 0xfe, 0x0, 0x0, 0x0,
    0x0, 0x0, 0x6, 0xfc, 0xe, 0xff, 0xff, 0xff,
    0xff, 0xff, 0xff, 0xff, 0xff, 0xf9, 0x0, 0x0,
    0x31, 0xf, 0xff, 0xff, 0xff, 0xff, 0xff, 0xff,
    0xff, 0xff, 0xf9, 0x0, 0x0, 0x0, 0xf, 0xfd,
    0x77, 0x77, 0x7e, 0xfe, 0x77, 0x77, 0x77, 0x74,
    0x0, 0x0, 0x0, 0xf, 0xfa, 0x0, 0x0, 0xc,
    0xfe, 0x0, 0x0, 0x0, 0x0, 0x0, 0x0, 0x0,
    0xf, 0xfa, 0x0, 0x0, 0xc, 0xfe, 0x0, 0x0,
    0x0, 0x0, 0x0, 0x0, 0x0, 0xf, 0xfa, 0x0,
    0x0, 0xc, 0xfe, 0x0, 0x0, 0x0, 0x0, 0x0,
    0x0, 0x0, 0xf, 0xfa, 0x0, 0x0, 0xc, 0xfe,
    0x0, 0x0, 0x0, 0x0, 0x0, 0x38, 0x88, 0x8f,
    0xfd, 0x88, 0x88, 0x8e, 0xff, 0x88, 0x88, 0x88,
    0x88, 0x86, 0x6f, 0xff, 0xff, 0xff, 0xff, 0xff,
    0xff, 0xff, 0xff, 0xff, 0xff, 0xff, 0xfd, 0x6f,
    0xff, 0xff, 0xff, 0xff, 0xff, 0xff, 0xff, 0xff,
    0xff, 0xff, 0xff, 0xfd, 0x0, 0x0, 0x0, 0x0,
    0x0, 0x0, 0xc, 0xfe, 0x0, 0x0, 0x0, 0x0,
    0x0, 0x0, 0x0, 0x0, 0x0, 0x0, 0x0, 0xc,
    0xfe, 0x0, 0x0, 0x0, 0x0, 0x0, 0x0, 0x0,
    0x0, 0x0, 0x0, 0x0, 0xc, 0xfe, 0x0, 0x0,
    0x0, 0x0, 0x0, 0x0, 0x0, 0x0, 0x0, 0x0,
    0x0, 0xc, 0xfe, 0x0, 0x0, 0x0, 0x0, 0x0,
    0x0, 0x0, 0x0, 0x0, 0x0, 0x0, 0xc, 0xfe,
    0x0, 0x0, 0x0, 0x0, 0x0, 0x0, 0x0, 0x0,
    0x0, 0x0, 0x0, 0xc, 0xfe, 0x0, 0x0, 0x0,
    0x0, 0x0,

    /* U+5E76 "并" */
    0x0, 0x0, 0x0, 0x38, 0x0, 0x0, 0x0, 0x0,
    0x0, 0x66, 0x20, 0x0, 0x0, 0x0, 0x0, 0x7,
    0xff, 0x80, 0x0, 0x0, 0x0, 0x0, 0xef, 0xf5,
    0x0, 0x0, 0x0, 0x0, 0x0, 0xef, 0xf3, 0x0,
    0x0, 0x0, 0x4, 0xff, 0xd0, 0x0, 0x0, 0x0,
    0x0, 0x0, 0x4f, 0xfd, 0x0, 0x0, 0x0, 0xb,
    0xff, 0x50, 0x0, 0x0, 0x0, 0x0, 0x0, 0xc,
    0xff, 0x50, 0x0, 0x0, 0x2f, 0xfc, 0x0, 0x0,
    0x0, 0x0, 0x0, 0x0, 0x4, 0xe9, 0x20, 0x0,
    0x0, 0x9f, 0xf3, 0x0, 0x0, 0x0, 0x4, 0xff,
    0xff, 0xff, 0xff, 0xff, 0xff, 0xff, 0xff, 0xff,
    0xff, 0xff, 0xd0, 0x4, 0xff, 0xff, 0xff, 0xff,
    0xff, 0xff, 0xff, 0xff, 0xff, 0xff, 0xff, 0xe0,
    0x2, 0x88, 0x88, 0x8f, 0xfe, 0x88, 0x88, 0x88,
    0xaf, 0xfc, 0x88, 0x88, 0x70, 0x0, 0x0, 0x0,
    0xf, 0xfc, 0x0, 0x0, 0x0, 0x3f, 0xf8, 0x0,
    0x0, 0x0, 0x0, 0x0, 0x0, 0xf, 0xfc, 0x0,
    0x0, 0x0, 0x3f, 0xf8, 0x0, 0x0, 0x0, 0x0,
    0x0, 0x0, 0xf, 0xfc, 0x0, 0x0, 0x0, 0x3f,
    0xf8, 0x0, 0x0, 0x0, 0x0, 0x0, 0x0, 0xf,
    0xfc, 0x0, 0x0, 0x0, 0x3f, 0xf8, 0x0, 0x0,
    0x0, 0x0, 0x0, 0x0, 0xf, 0xfc, 0x0, 0x0,
    0x0, 0x3f, 0xf8, 0x0, 0x0, 0x0, 0x3f, 0xff,
    0xff, 0xff, 0xff, 0xff, 0xff, 0xff, 0xff, 0xff,
    0xff, 0xff, 0xfb, 0x3f, 0xff, 0xff, 0xff, 0xff,
    0xff, 0xff, 0xff, 0xff, 0xff, 0xff, 0xff, 0xfb,
    0x18, 0x88, 0x88, 0xaf, 0xfc, 0x88, 0x88, 0x88,
    0xaf, 0xfc, 0x88, 0x88, 0x86, 0x0, 0x0, 0x0,
    0x6f, 0xf7, 0x0, 0x0, 0x0, 0x3f, 0xf8, 0x0,
    0x0, 0x0, 0x0, 0x0, 0x0, 0xbf, 0xf3, 0x0,
    0x0, 0x0, 0x3f, 0xf8, 0x0, 0x0, 0x0, 0x0,
    0x0, 0x2, 0xff, 0xe0, 0x0, 0x0, 0x0, 0x3f,
    0xf8, 0x0, 0x0, 0x0, 0x0, 0x0, 0xb, 0xff,
    0x80, 0x0, 0x0, 0x0, 0x3f, 0xf8, 0x0, 0x0,
    0x0, 0x0, 0x0, 0x8f, 0xfe, 0x10, 0x0, 0x0,
    0x0, 0x3f, 0xf8, 0x0, 0x0, 0x0, 0x0, 0x9,
    0xff, 0xf5, 0x0, 0x0, 0x0, 0x0, 0x3f, 0xf8,
    0x0, 0x0, 0x0, 0x4, 0xdf, 0xff, 0x80, 0x0,
    0x0, 0x0, 0x0, 0x3f, 0xf8, 0x0, 0x0, 0x0,
    0xb, 0xff, 0xf7, 0x0, 0x0, 0x0, 0x0, 0x0,
    0x3f, 0xf8, 0x0, 0x0, 0x0, 0x0, 0xcc, 0x30,
    0x0, 0x0, 0x0, 0x0, 0x0, 0x3f, 0xf8, 0x0,
    0x0, 0x0, 0x0, 0x0, 0x0, 0x0, 0x0, 0x0,
    0x0, 0x0, 0x0, 0x0, 0x0, 0x0, 0x0,

    /* U+5EA6 "度" */
    0x0, 0x0, 0x0, 0x0, 0x0, 0x0, 0x26, 0x90,
    0x0, 0x0, 0x0, 0x0, 0x0, 0x0, 0x0, 0x0,
    0x0, 0x0, 0x0, 0x9f, 0xf5, 0x0, 0x0, 0x0,
    0x0, 0x0, 0x0, 0x0, 0x0, 0x0, 0x0, 0x0,
    0x2f, 0xfc, 0x0, 0x0, 0x0, 0x0, 0x0, 0x0,
    0x7f, 0xff, 0xff, 0xff, 0xff, 0xff, 0xff, 0xff,
    0xff, 0xff, 0xff, 0xf7, 0x0, 0x8f, 0xff, 0xff,
    0xff, 0xff, 0xff, 0xff, 0xff, 0xff, 0xff, 0xff,
    0xf7, 0x0, 0x8f, 0xf7, 0x77, 0x77, 0x77, 0x77,
    0x77, 0x77, 0x77, 0x77, 0x77, 0x73, 0x0, 0x8f,
    0xf0, 0x0, 0x1, 0xcc, 0x30, 0x0, 0x0, 0x7c,
    0xb0, 0x0, 0x0, 0x0, 0x8f, 0xf0, 0x0, 0x2,
    0xff, 0x40, 0x0, 0x0, 0xaf, 0xe0, 0x0, 0x0,
    0x0, 0x8f, 0xf4, 0xdd, 0xdd, 0xff, 0xdd, 0xdd,
    0xdd, 0xef, 0xfd, 0xdd, 0xd2, 0x0, 0x8f, 0xf5,
    0xff, 0xff, 0xff, 0xff, 0xff, 0xff, 0xff, 0xff,
    0xff, 0xf3, 0x0, 0x8f, 0xf2, 0x44, 0x46, 0xff,
    0x74, 0x44, 0x44, 0xbf, 0xf4, 0x44, 0x40, 0x0,
    0x8f, 0xf0, 0x0, 0x2, 0xff, 0x40, 0x0, 0x0,
    0xaf, 0xe0, 0x0, 0x0, 0x0, 0x8f, 0xf0, 0x0,
    0x2, 0xff, 0x50, 0x0, 0x0, 0xaf, 0xe0, 0x0,
    0x0, 0x0, 0x9f, 0xf0, 0x0, 0x2, 0xff, 0xff,
    0xff, 0xff, 0xff, 0xe0, 0x0, 0x0, 0x0, 0x9f,
    0xe0, 0x0, 0x2, 0xff, 0xff, 0xff, 0xff, 0xff,
    0xe0, 0x0, 0x0, 0x0, 0xbf, 0xd0, 0x0, 0x0,
    0x0, 0x0, 0x0, 0x0, 0x0, 0x0, 0x0, 0x0,
    0x0, 0xcf, 0xc0, 0x55, 0x55, 0x55, 0x55, 0x55,
    0x55, 0x55, 0x55, 0x10, 0x0, 0x0, 0xdf, 0xa0,
    0xff, 0xff, 0xff, 0xff, 0xff, 0xff, 0xff, 0xff,
    0xf4, 0x0, 0x0, 0xff, 0x90, 0xcc, 0xcf, 0xfc,
    0xcc, 0xcc, 0xcc, 0xce, 0xff, 0xd0, 0x0, 0x2,
    0xff, 0x60, 0x0, 0x5f, 0xfa, 0x0, 0x0, 0x0,
    0x3e, 0xfe, 0x20, 0x0, 0x5, 0xff, 0x40, 0x0,
    0x7, 0xff, 0xd3, 0x0, 0x8, 0xff, 0xe3, 0x0,
    0x0, 0x9, 0xff, 0x0, 0x0, 0x0, 0x6f, 0xff,
    0xa7, 0xef, 0xfd, 0x20, 0x0, 0x0, 0xd, 0xfd,
    0x0, 0x0, 0x0, 0x3, 0xff, 0xff, 0xff, 0xa0,
    0x0, 0x0, 0x0, 0x3f, 0xf8, 0x0, 0x24, 0x69,
    0xdf, 0xff, 0xff, 0xff, 0xfe, 0xa6, 0x42, 0x0,
    0xaf, 0xf3, 0x1f, 0xff, 0xff, 0xff, 0xfb, 0x54,
    0xaf, 0xff, 0xff, 0xff, 0xf8, 0x6d, 0xc0, 0x9,
    0xff, 0xda, 0x73, 0x0, 0x0, 0x0, 0x49, 0xcf,
    0xff, 0xe0, 0x0, 0x20, 0x1, 0x20, 0x0, 0x0,
    0x0, 0x0, 0x0, 0x0, 0x0, 0x24, 0x30,

    /* U+5F00 "开" */
    0x4, 0xff, 0xff, 0xff, 0xff, 0xff, 0xff, 0xff,
    0xff, 0xff, 0xff, 0xff, 0xd0, 0x4, 0xff, 0xff,
    0xff, 0xff, 0xff, 0xff, 0xff, 0xff, 0xff, 0xff,
    0xff, 0xe0, 0x2, 0x88, 0x88, 0x8e, 0xff, 0x88,
    0x88, 0x88, 0x8f, 0xfe, 0x88, 0x88, 0x70, 0x0,
    0x0, 0x0, 0xc, 0xfe, 0x0, 0x0, 0x0, 0xf,
    0xfc, 0x0, 0x0, 0x0, 0x0, 0x0, 0x0, 0xc,
    0xfe, 0x0, 0x0, 0x0, 0xf, 0xfc, 0x0, 0x0,
    0x0, 0x0, 0x0, 0x0, 0xc, 0xfe, 0x0, 0x0,
    0x0, 0xf, 0xfc, 0x0, 0x0, 0x0, 0x0, 0x0,
    0x0, 0xc, 0xfe, 0x0, 0x0, 0x0, 0xf, 0xfc,
    0x0, 0x0, 0x0, 0x0, 0x0, 0x0, 0xc, 0xfe,
    0x0, 0x0, 0x0, 0xf, 0xfc, 0x0, 0x0, 0x0,
    0x0, 0x0, 0x0, 0xc, 0xfe, 0x0, 0x0, 0x0,
    0xf, 0xfc, 0x0, 0x0, 0x0, 0x0, 0x0, 0x0,
    0xc, 0xfe, 0x0, 0x0, 0x0, 0xf, 0xfc, 0x0,
    0x0, 0x0, 0x3f, 0xff, 0xff, 0xff, 0xff, 0xff,
    0xff, 0xff, 0xff, 0xff, 0xff, 0xff, 0xfb, 0x3f,
    0xff, 0xff, 0xff, 0xff, 0xff, 0xff, 0xff, 0xff,
    0xff, 0xff, 0xff, 0xfc, 0x18, 0x88, 0x88, 0x8f,
    0xfd, 0x88, 0x88, 0x88, 0x8f, 0xfe, 0x88, 0x88,
    0x86, 0x0, 0x0, 0x0, 0x2f, 0xf9, 0x0, 0x0,
    0x0, 0xf, 0xfc, 0x0, 0x0, 0x0, 0x0, 0x0,
    0x0, 0x5f, 0xf6, 0x0, 0x0, 0x0, 0xf, 0xfc,
    0x0, 0x0, 0x0, 0x0, 0x0, 0x0, 0xaf, 0xf2,
    0x0, 0x0, 0x0, 0xf, 0xfc, 0x0, 0x0, 0x0,
    0x0, 0x0, 0x1, 0xff, 0xe0, 0x0, 0x0, 0x0,
    0xf, 0xfc, 0x0, 0x0, 0x0, 0x0, 0x0, 0x9,
    0xff, 0x80, 0x0, 0x0, 0x0, 0xf, 0xfc, 0x0,
    0x0, 0x0, 0x0, 0x0, 0x3f, 0xff, 0x10, 0x0,
    0x0, 0x0, 0xf, 0xfc, 0x0, 0x0, 0x0, 0x0,
    0x2, 0xef, 0xf7, 0x0, 0x0, 0x0, 0x0, 0xf,
    0xfc, 0x0, 0x0, 0x0, 0x0, 0x2e, 0xff, 0xc0,
    0x0, 0x0, 0x0, 0x0, 0xf, 0xfc, 0x0, 0x0,
    0x0, 0x5, 0xff, 0xfe, 0x10, 0x0, 0x0, 0x0,
    0x0, 0xf, 0xfc, 0x0, 0x0, 0x0, 0xc, 0xff,
    0xd1, 0x0, 0x0, 0x0, 0x0, 0x0, 0xf, 0xfc,
    0x0, 0x0, 0x0, 0x0, 0xaa, 0x0, 0x0, 0x0,
    0x0, 0x0, 0x0, 0xf, 0xfc, 0x0, 0x0, 0x0,
    0x0, 0x0, 0x0, 0x0, 0x0, 0x0, 0x0, 0x0,
    0x0, 0x0, 0x0, 0x0, 0x0,

    /* U+5F02 "异" */
    0x0, 0x2, 0x33, 0x33, 0x33, 0x33, 0x33, 0x33,
    0x33, 0x33, 0x33, 0x10, 0x0, 0x0, 0xd, 0xff,
    0xff, 0xff, 0xff, 0xff, 0xff, 0xff, 0xff, 0xff,
    0x60, 0x0, 0x0, 0xd, 0xff, 0xff, 0xff, 0xff,
    0xff, 0xff, 0xff, 0xff, 0xff, 0x60, 0x0, 0x0,
    0xd, 0xfb, 0x0, 0x0, 0x0, 0x0, 0x0, 0x0,
    0x2, 0xff, 0x60, 0x0, 0x0, 0xd, 0xfb, 0x0,
    0x0, 0x0, 0x0, 0x0, 0x0, 0x2, 0xff, 0x60,
    0x0, 0x0, 0xd, 0xfc, 0x33, 0x33, 0x33, 0x33,
    0x33, 0x33, 0x35, 0xff, 0x60, 0x0, 0x0, 0xd,
    0xff, 0xff, 0xff, 0xff, 0xff, 0xff, 0xff, 0xff,
    0xff, 0x60, 0x0, 0x0, 0xd, 0xff, 0xff, 0xff,
    0xff, 0xff, 0xff, 0xff, 0xff, 0xff, 0x60, 0x0,
    0x0, 0xd, 0xfb, 0x0, 0x0, 0x0, 0x0, 0x0,
    0x0, 0x0, 0x0, 0x37, 0x20, 0x0, 0xc, 0xfc,
    0x0, 0x0, 0x0, 0x0, 0x0, 0x0, 0x0, 0x0,
    0x7f, 0xf3, 0x0, 0xa, 0xff, 0x96, 0x55, 0x55,
    0x55, 0x55, 0x55, 0x55, 0x57, 0xff, 0xe0, 0x0,
    0x4, 0xff, 0xff, 0xff, 0xff, 0xff, 0xff, 0xff,
    0xff, 0xff, 0xff, 0x70, 0x0, 0x0, 0x39, 0xce,
    0xff, 0xff, 0xff, 0xff, 0xff, 0xff, 0xee, 0xb6,
    0x0, 0x0, 0x0, 0x0, 0x37, 0x70, 0x0, 0x0,
    0x0, 0x6, 0x75, 0x0, 0x0, 0x0, 0x0, 0x0,
    0x0, 0x9f, 0xf0, 0x0, 0x0, 0x0, 0xd, 0xfb,
    0x0, 0x0, 0x0, 0x0, 0x0, 0x0, 0x9f, 0xf0,
    0x0, 0x0, 0x0, 0xd, 0xfb, 0x0, 0x0, 0x0,
    0x26, 0x66, 0x66, 0xbf, 0xf6, 0x66, 0x66, 0x66,
    0x6e, 0xfd, 0x66, 0x66, 0x65, 0x4f, 0xff, 0xff,
    0xff, 0xff, 0xff, 0xff, 0xff, 0xff, 0xff, 0xff,
    0xff, 0xfc, 0x4f, 0xff, 0xff, 0xff, 0xff, 0xff,
    0xff, 0xff, 0xff, 0xff, 0xff, 0xff, 0xfc, 0x0,
    0x0, 0x5, 0xff, 0x80, 0x0, 0x0, 0x0, 0xd,
    0xfb, 0x0, 0x0, 0x0, 0x0, 0x0, 0x2e, 0xff,
    0x20, 0x0, 0x0, 0x0, 0xd, 0xfb, 0x0, 0x0,
    0x0, 0x0, 0x3, 0xef, 0xf8, 0x0, 0x0, 0x0,
    0x0, 0xd, 0xfb, 0x0, 0x0, 0x0, 0x1, 0x9f,
    0xff, 0xb0, 0x0, 0x0, 0x0, 0x0, 0xd, 0xfb,
    0x0, 0x0, 0x0, 0xc, 0xff, 0xf8, 0x0, 0x0,
    0x0, 0x0, 0x0, 0xd, 0xfb, 0x0, 0x0, 0x0,
    0x1, 0xea, 0x30, 0x0, 0x0, 0x0, 0x0, 0x0,
    0xd, 0xfb, 0x0, 0x0, 0x0, 0x0, 0x0, 0x0,
    0x0, 0x0, 0x0, 0x0, 0x0, 0x0, 0x0, 0x0,
    0x0, 0x0,

    /* U+5F15 "引" */
    0x0, 0x0, 0x0, 0x0, 0x0, 0x0, 0x0, 0x0,
    0x0, 0x2, 0x55, 0x0, 0x35, 0x55, 0x55, 0x55,
    0x55, 0x55, 0x20, 0x0, 0x0, 0x8f, 0xf1, 0xb,
    0xff, 0xff, 0xff, 0xff, 0xff, 0xf7, 0x0, 0x0,
    0x8, 0xff, 0x10, 0xbf, 0xff, 0xff, 0xff, 0xff,
    0xff, 0x70, 0x0, 0x0, 0x8f, 0xf1, 0x0, 0x11,
    0x11, 0x11, 0x11, 0x2f, 0xf7, 0x0, 0x0, 0x8,
    0xff, 0x10, 0x0, 0x0, 0x0, 0x0, 0x1, 0xff,
    0x70, 0x0, 0x0, 0x8f, 0xf1, 0x0, 0x0, 0x0,
    0x0, 0x0, 0x1f, 0xf7, 0x0, 0x0, 0x8, 0xff,
    0x10, 0x0, 0x0, 0x0, 0x0, 0x1, 0xff, 0x70,
    0x0, 0x0, 0x8f, 0xf1, 0x0, 0xff, 0xff, 0xff,
    0xff, 0xff, 0xf7, 0x0, 0x0, 0x8, 0xff, 0x10,
    0x1f, 0xff, 0xff, 0xff, 0xff, 0xff, 0x70, 0x0,
    0x0, 0x8f, 0xf1, 0x3, 0xff, 0xa6, 0x66, 0x66,
    0x66, 0x63, 0x0, 0x0, 0x8, 0xff, 0x10, 0x6f,
    0xf4, 0x0, 0x0, 0x0, 0x0, 0x0, 0x0, 0x0,
    0x8f, 0xf1, 0x9, 0xff, 0x10, 0x0, 0x0, 0x0,
    0x0, 0x0, 0x0, 0x8, 0xff, 0x10, 0xcf, 0xe0,
    0x0, 0x0, 0x0, 0x0, 0x0, 0x0, 0x0, 0x8f,
    0xf1, 0xf, 0xff, 0xff, 0xff, 0xff, 0xff, 0xfa,
    0x0, 0x0, 0x8, 0xff, 0x12, 0xff, 0xff, 0xff,
    0xff, 0xff, 0xff, 0x90, 0x0, 0x0, 0x8f, 0xf1,
    0x27, 0x77, 0x77, 0x77, 0x77, 0x8f, 0xf8, 0x0,
    0x0, 0x8, 0xff, 0x10, 0x0, 0x0, 0x0, 0x0,
    0x3, 0xff, 0x60, 0x0, 0x0, 0x8f, 0xf1, 0x0,
    0x0, 0x0, 0x0, 0x0, 0x5f, 0xf5, 0x0, 0x0,
    0x8, 0xff, 0x10, 0x0, 0x0, 0x0, 0x0, 0x7,
    0xff, 0x30, 0x0, 0x0, 0x8f, 0xf1, 0x0, 0x0,
    0x0, 0x0, 0x0, 0x9f, 0xf1, 0x0, 0x0, 0x8,
    0xff, 0x10, 0x0, 0x0, 0x0, 0x0, 0xc, 0xfe,
    0x0, 0x0, 0x0, 0x8f, 0xf1, 0x0, 0x0, 0x0,
    0x0, 0x1, 0xff, 0xb0, 0x0, 0x0, 0x8, 0xff,
    0x10, 0x0, 0x9, 0x98, 0x78, 0xdf, 0xf7, 0x0,
    0x0, 0x0, 0x8f, 0xf1, 0x0, 0x0, 0x7f, 0xff,
    0xff, 0xff, 0x10, 0x0, 0x0, 0x8, 0xff, 0x10,
    0x0, 0x3, 0xff, 0xff, 0xfc, 0x30, 0x0, 0x0,
    0x0, 0x8f, 0xf1, 0x0, 0x0, 0x0, 0x11, 0x10,
    0x0, 0x0, 0x0, 0x0, 0x0, 0x0, 0x0,

    /* U+5F80 "往" */
    0x0, 0x0, 0x1, 0x30, 0x0, 0x0, 0x0, 0x2,
    0x70, 0x0, 0x0, 0x0, 0x0, 0x0, 0x0, 0xa,
    0xfd, 0x20, 0x0, 0x0, 0x4f, 0xf7, 0x0, 0x0,
    0x0, 0x0, 0x0, 0x0, 0x7f, 0xfc, 0x0, 0x0,
    0x0, 0xd, 0xff, 0x10, 0x0, 0x0, 0x0, 0x0,
    0x7, 0xff, 0xe1, 0x0, 0x0, 0x0, 0x5, 0xff,
    0x90, 0x0, 0x0, 0x0, 0x0, 0x7f, 0xfe, 0x20,
    0x0, 0x0, 0x0, 0x0, 0xdf, 0xf0, 0x0, 0x0,
    0x0, 0xa, 0xff, 0xe2, 0x0, 0x3, 0x33, 0x33,
    0x33, 0x9b, 0x53, 0x33, 0x33, 0x30, 0x5f, 0xfe,
    0x20, 0x10, 0xe, 0xff, 0xff, 0xff, 0xff, 0xff,
    0xff, 0xff, 0xf3, 0xb, 0xc1, 0x0, 0xde, 0x7e,
    0xff, 0xff, 0xff, 0xff, 0xff, 0xff, 0xff, 0xf3,
    0x1, 0x0, 0x8, 0xff, 0x63, 0x33, 0x33, 0x34,
    0xff, 0xb3, 0x33, 0x33, 0x30, 0x0, 0x0, 0x5f,
    0xfb, 0x0, 0x0, 0x0, 0x1, 0xff, 0x90, 0x0,
    0x0, 0x0, 0x0, 0x3, 0xff, 0xe1, 0x0, 0x0,
    0x0, 0x1, 0xff, 0x90, 0x0, 0x0, 0x0, 0x0,
    0x2e, 0xff, 0x90, 0x0, 0x0, 0x0, 0x1, 0xff,
    0x90, 0x0, 0x0, 0x0, 0x2, 0xef, 0xff, 0x90,
    0x0, 0x0, 0x0, 0x1, 0xff, 0x90, 0x0, 0x0,
    0x0, 0x3e, 0xff, 0xff, 0x90, 0x0, 0x0, 0x0,
    0x2, 0xff, 0xa0, 0x0, 0x0, 0x0, 0xbf, 0xfc,
    0xff, 0x90, 0x0, 0xff, 0xff, 0xff, 0xff, 0xff,
    0xff, 0xff, 0x50, 0x3f, 0xb1, 0xff, 0x90, 0x0,
    0xff, 0xff, 0xff, 0xff, 0xff, 0xff, 0xff, 0x50,
    0x7, 0x1, 0xff, 0x90, 0x0, 0x67, 0x77, 0x78,
    0xff, 0xc7, 0x77, 0x77, 0x20, 0x0, 0x1, 0xff,
    0x90, 0x0, 0x0, 0x0, 0x1, 0xff, 0x90, 0x0,
    0x0, 0x0, 0x0, 0x1, 0xff, 0x90, 0x0, 0x0,
    0x0, 0x1, 0xff, 0x90, 0x0, 0x0, 0x0, 0x0,
    0x1, 0xff, 0x90, 0x0, 0x0, 0x0, 0x1, 0xff,
    0x90, 0x0, 0x0, 0x0, 0x0, 0x1, 0xff, 0x90,
    0x0, 0x0, 0x0, 0x1, 0xff, 0x90, 0x0, 0x0,
    0x0, 0x0, 0x1, 0xff, 0x90, 0x0, 0x0, 0x0,
    0x1, 0xff, 0x90, 0x0, 0x0, 0x0, 0x0, 0x1,
    0xff, 0x90, 0x0, 0x0, 0x0, 0x2, 0xff, 0xa0,
    0x0, 0x0, 0x0, 0x0, 0x1, 0xff, 0x90, 0xbf,
    0xff, 0xff, 0xff, 0xff, 0xff, 0xff, 0xff, 0xfe,
    0x0, 0x1, 0xff, 0x90, 0xbf, 0xff, 0xff, 0xff,
    0xff, 0xff, 0xff, 0xff, 0xfe, 0x0, 0x1, 0xff,
    0x90, 0x57, 0x77, 0x77, 0x77, 0x77, 0x77, 0x77,
    0x77, 0x76,

    /* U+5FFD "忽" */
    0x0, 0x0, 0x0, 0x3, 0x0, 0x0, 0x0, 0x0,
    0x0, 0x0, 0x0, 0x0, 0x0, 0x0, 0x0, 0x0,
    0x7f, 0xe4, 0x0, 0x0, 0x0, 0x0, 0x0, 0x0,
    0x0, 0x0, 0x0, 0x0, 0x0, 0xef, 0xe0, 0x0,
    0x0, 0x0, 0x0, 0x0, 0x0, 0x0, 0x0, 0x0,
    0x0, 0xa, 0xff, 0xb6, 0x66, 0x66, 0x66, 0x66,
    0x66, 0x66, 0x64, 0x0, 0x0, 0x0, 0x5f, 0xff,
    0xff, 0xff, 0xff, 0xff, 0xff, 0xff, 0xff, 0xfb,
    0x0, 0x0, 0x3, 0xff, 0xff, 0xff, 0xff, 0xff,
    0xff, 0xff, 0xff, 0xff, 0xfa, 0x0, 0x0, 0x2e,
    0xff, 0x40, 0x6, 0xff, 0x50, 0x6, 0xff, 0x40,
    0xf, 0xf9, 0x0, 0x4, 0xef, 0xf7, 0x0, 0x2f,
    0xfc, 0x0, 0xd, 0xfc, 0x0, 0x1f, 0xf8, 0x0,
    0x2f, 0xff, 0x80, 0x0, 0xcf, 0xf2, 0x0, 0x6f,
    0xf5, 0x0, 0x2f, 0xf7, 0x0, 0x3, 0xe7, 0x0,
    0xb, 0xff, 0x50, 0x1, 0xff, 0xc0, 0x0, 0x4f,
    0xf5, 0x0, 0x0, 0x0, 0x1, 0xbf, 0xf8, 0x0,
    0xb, 0xff, 0x20, 0x0, 0x6f, 0xf3, 0x0, 0x0,
    0x0, 0x2d, 0xff, 0x90, 0x0, 0x8f, 0xf8, 0x0,
    0x0, 0x8f, 0xf1, 0x0, 0x0, 0x7, 0xff, 0xf8,
    0x0, 0x7, 0xff, 0xb0, 0x0, 0x0, 0xbf, 0xf0,
    0x0, 0x0, 0x1c, 0xff, 0x60, 0x0, 0x9f, 0xfd,
    0x0, 0x0, 0x3, 0xff, 0xb0, 0x0, 0x0, 0x0,
    0x92, 0x0, 0xc, 0xff, 0xd1, 0x0, 0xef, 0xff,
    0xff, 0x60, 0x0, 0x0, 0x0, 0x0, 0x0, 0x4,
    0xfc, 0x10, 0x0, 0xaf, 0xff, 0xfb, 0x0, 0x0,
    0x0, 0x0, 0x0, 0x0, 0x0, 0x23, 0xb9, 0x0,
    0x25, 0x54, 0x20, 0x0, 0x0, 0x0, 0x69, 0x30,
    0xaf, 0xe0, 0xa, 0xff, 0x70, 0x0, 0x0, 0x27,
    0x50, 0x0, 0x0, 0xbf, 0xb0, 0xaf, 0xe0, 0x0,
    0xcf, 0xf4, 0x0, 0x0, 0xcf, 0xf1, 0x0, 0x0,
    0xff, 0x70, 0xaf, 0xe0, 0x0, 0x1e, 0xfe, 0x10,
    0x0, 0x4f, 0xf9, 0x0, 0x5, 0xff, 0x20, 0xaf,
    0xe0, 0x0, 0x5, 0xfe, 0x30, 0x81, 0xb, 0xff,
    0x20, 0xb, 0xfd, 0x0, 0xaf, 0xe0, 0x0, 0x0,
    0x50, 0x0, 0xff, 0x53, 0xff, 0xa0, 0x2f, 0xf8,
    0x0, 0xaf, 0xe0, 0x0, 0x0, 0x0, 0x2, 0xff,
    0x40, 0xcf, 0xf1, 0x9f, 0xf2, 0x0, 0x9f, 0xf7,
    0x54, 0x44, 0x44, 0x5b, 0xff, 0x10, 0x5f, 0xf4,
    0x5, 0x70, 0x0, 0x5f, 0xff, 0xff, 0xff, 0xff,
    0xff, 0xfb, 0x0, 0x4, 0x0, 0x0, 0x0, 0x0,
    0x7, 0xcf, 0xff, 0xff, 0xff, 0xfe, 0xa1, 0x0,
    0x0, 0x0,

    /* U+6001 "态" */
    0x0, 0x0, 0x0, 0x0, 0x0, 0x0, 0x44, 0x30,
    0x0, 0x0, 0x0, 0x0, 0x0, 0x0, 0x0, 0x0,
    0x0, 0x0, 0x0, 0x2f, 0xf9, 0x0, 0x0, 0x0,
    0x0, 0x0, 0x0, 0x0, 0x0, 0x0, 0x0, 0x0,
    0x4, 0xff, 0x60, 0x0, 0x0, 0x0, 0x0, 0x0,
    0x0, 0x0, 0x0, 0x0, 0x0, 0x0, 0x7f, 0xf3,
    0x0, 0x0, 0x0, 0x0, 0x0, 0x0, 0x2f, 0xff,
    0xff, 0xff, 0xff, 0xff, 0xff, 0xff, 0xff, 0xff,
    0xff, 0xff, 0xfa, 0x3, 0xff, 0xff, 0xff, 0xff,
    0xff, 0xff, 0xff, 0xff, 0xff, 0xff, 0xff, 0xff,
    0xb0, 0x17, 0x77, 0x77, 0x77, 0x77, 0xbf, 0xff,
    0xff, 0x97, 0x77, 0x77, 0x77, 0x75, 0x0, 0x0,
    0x0, 0x0, 0x0, 0xc, 0xff, 0x4f, 0xfb, 0x0,
    0x0, 0x0, 0x0, 0x0, 0x0, 0x0, 0x0, 0x0,
    0x5, 0xff, 0xb0, 0xaf, 0xf6, 0x0, 0x0, 0x0,
    0x0, 0x0, 0x0, 0x0, 0x0, 0x1, 0xef, 0xf2,
    0x1, 0xff, 0xf3, 0x0, 0x0, 0x0, 0x0, 0x0,
    0x0, 0x0, 0x1, 0xdf, 0xf8, 0x0, 0x5, 0xff,
    0xf4, 0x0, 0x0, 0x0, 0x0, 0x0, 0x0, 0x3,
    0xdf, 0xfb, 0x56, 0x0, 0x9, 0xff, 0xf7, 0x0,
    0x0, 0x0, 0x0, 0x0, 0x18, 0xff, 0xfc, 0xbf,
    0xfb, 0x20, 0x9, 0xff, 0xfd, 0x50, 0x0, 0x0,
    0x3, 0x9f, 0xff, 0xf9, 0x3, 0xdf, 0xff, 0x50,
    0x7, 0xff, 0xff, 0xe8, 0x30, 0x2e, 0xff, 0xff,
    0xd5, 0x0, 0x0, 0x9f, 0xff, 0x60, 0x3, 0xcf,
    0xff, 0xf9, 0x0, 0xaf, 0xfc, 0x60, 0x0, 0x0,
    0x4, 0x6f, 0x80, 0x0, 0x0, 0x5c, 0xfe, 0x0,
    0x1, 0x72, 0x0, 0x0, 0x0, 0x1b, 0xf9, 0x10,
    0x0, 0x0, 0x0, 0x1, 0x30, 0x0, 0x0, 0x76,
    0x12, 0xbb, 0x30, 0xaf, 0xf9, 0x0, 0x0, 0x8,
    0xeb, 0x0, 0x0, 0x0, 0xf, 0xf8, 0x3f, 0xf5,
    0x0, 0xbf, 0xf8, 0x0, 0x0, 0x8f, 0xf3, 0x0,
    0x0, 0x3, 0xff, 0x43, 0xff, 0x50, 0x0, 0xdf,
    0xf5, 0x0, 0x1, 0xff, 0xb0, 0x0, 0x0, 0x9f,
    0xf0, 0x3f, 0xf5, 0x0, 0x1, 0xef, 0x90, 0x24,
    0x8, 0xff, 0x20, 0x0, 0xe, 0xfb, 0x3, 0xff,
    0x50, 0x0, 0x4, 0x50, 0x5, 0xfe, 0x3f, 0xf9,
    0x0, 0x5, 0xff, 0x60, 0x3f, 0xf5, 0x0, 0x0,
    0x0, 0x0, 0x7f, 0xf0, 0xbf, 0xf1, 0x0, 0xcf,
    0xf1, 0x2, 0xff, 0xc5, 0x55, 0x55, 0x55, 0x6e,
    0xfb, 0x5, 0xff, 0x60, 0x1c, 0xf9, 0x0, 0xe,
    0xff, 0xff, 0xff, 0xff, 0xff, 0xff, 0x60, 0xf,
    0xe6, 0x0, 0x4, 0x10, 0x0, 0x2a, 0xef, 0xff,
    0xff, 0xff, 0xfd, 0x70, 0x0, 0x30, 0x0,

    /* U+603C "怼" */
    0x0, 0x0, 0x0, 0x0, 0x0, 0x0, 0x0, 0x0,
    0x0, 0x0, 0x3, 0x30, 0x0, 0x0, 0x0, 0x0,
    0x0, 0x0, 0x0, 0x0, 0x0, 0x0, 0x0, 0x3f,
    0xf4, 0x0, 0xa, 0xaa, 0xaa, 0xaa, 0xaa, 0xa7,
    0x10, 0x0, 0x0, 0x0, 0x3f, 0xf4, 0x0, 0xf,
    0xff, 0xff, 0xff, 0xff, 0xff, 0x30, 0x0, 0x0,
    0x0, 0x3f, 0xf4, 0x0, 0xc, 0xcc, 0xcc, 0xcc,
    0xcf, 0xff, 0x1f, 0xff, 0xff, 0xff, 0xff, 0xff,
    0xf9, 0x0, 0x0, 0x0, 0x0, 0x2f, 0xfa, 0x1f,
    0xff, 0xff, 0xff, 0xff, 0xff, 0xf9, 0x4, 0xd4,
    0x0, 0x0, 0x7f, 0xf5, 0x4, 0x44, 0x44, 0x44,
    0x6f, 0xf7, 0x42, 0x1f, 0xff, 0x90, 0x0, 0xef,
    0xe0, 0x0, 0x21, 0x0, 0x0, 0x3f, 0xf4, 0x0,
    0x3, 0xef, 0xfc, 0x26, 0xff, 0x70, 0x4, 0xfc,
    0x0, 0x0, 0x3f, 0xf4, 0x0, 0x0, 0xa, 0xff,
    0xfe, 0xfe, 0x10, 0x2, 0xef, 0xb0, 0x0, 0x3f,
    0xf4, 0x0, 0x0, 0x0, 0x7f, 0xff, 0xf6, 0x0,
    0x0, 0x4f, 0xf7, 0x0, 0x3f, 0xf4, 0x0, 0x0,
    0x0, 0xa, 0xff, 0xf9, 0x0, 0x0, 0x8, 0xff,
    0x0, 0x3f, 0xf4, 0x0, 0x0, 0x0, 0x6f, 0xff,
    0xff, 0xb0, 0x0, 0x0, 0xc4, 0x0, 0x3f, 0xf4,
    0x0, 0x0, 0x8, 0xff, 0xf5, 0xdf, 0xfb, 0x0,
    0x0, 0x0, 0x0, 0x3f, 0xf4, 0x0, 0x3, 0xcf,
    0xff, 0x40, 0x1d, 0xfb, 0x0, 0x0, 0x6, 0x77,
    0xaf, 0xf3, 0x0, 0x2f, 0xff, 0xd3, 0x0, 0x2,
    0xa0, 0x10, 0x0, 0x7, 0xff, 0xff, 0xf1, 0x0,
    0x6, 0xf9, 0x0, 0x0, 0x0, 0x8, 0xf9, 0x0,
    0x1, 0xfe, 0xda, 0x30, 0x0, 0x0, 0x20, 0x0,
    0x1, 0x0, 0x9, 0xff, 0x80, 0x0, 0x0, 0x6,
    0x80, 0x0, 0x0, 0x1d, 0x60, 0xaf, 0xe0, 0x0,
    0xbf, 0xf5, 0x0, 0x0, 0x9f, 0xf4, 0x0, 0x0,
    0x7f, 0xf2, 0xaf, 0xe0, 0x0, 0x1d, 0xff, 0x20,
    0x0, 0x1f, 0xfd, 0x0, 0x0, 0xdf, 0xc0, 0xaf,
    0xe0, 0x0, 0x3, 0xff, 0x70, 0x31, 0x8, 0xff,
    0x40, 0x4, 0xff, 0x60, 0xaf, 0xe0, 0x0, 0x0,
    0x73, 0x0, 0xaf, 0xa2, 0xff, 0xc0, 0xc, 0xff,
    0x0, 0xaf, 0xe0, 0x0, 0x0, 0x0, 0x0, 0xcf,
    0xb0, 0xbf, 0xf2, 0x5f, 0xf9, 0x0, 0x9f, 0xf8,
    0x66, 0x66, 0x66, 0x69, 0xff, 0x80, 0x5f, 0xf5,
    0x3b, 0xf2, 0x0, 0x5f, 0xff, 0xff, 0xff, 0xff,
    0xff, 0xff, 0x20, 0x7, 0x10, 0x0, 0x10, 0x0,
    0x6, 0xcf, 0xff, 0xff, 0xff, 0xff, 0xc4, 0x0,
    0x0, 0x0,

    /* U+6062 "恢" */
    0x0, 0x4, 0xbb, 0x0, 0x0, 0x0, 0x1a, 0x92,
    0x0, 0x0, 0x0, 0x0, 0x0, 0x0, 0x6, 0xff,
    0x0, 0x0, 0x0, 0x3f, 0xf3, 0x0, 0x0, 0x0,
    0x0, 0x0, 0x0, 0x6, 0xff, 0x0, 0x0, 0x0,
    0x4f, 0xf2, 0x0, 0x0, 0x0, 0x0, 0x0, 0x0,
    0x6, 0xff, 0x0, 0x0, 0x0, 0x6f, 0xf0, 0x0,
    0x0, 0x0, 0x0, 0x0, 0x0, 0x6, 0xff, 0x0,
    0x6, 0x66, 0xaf, 0xf6, 0x66, 0x66, 0x66, 0x66,
    0x62, 0x0, 0x6, 0xff, 0x8b, 0x1f, 0xff, 0xff,
    0xff, 0xff, 0xff, 0xff, 0xff, 0xf7, 0xa, 0xe9,
    0xff, 0xdf, 0x6f, 0xff, 0xff, 0xff, 0xff, 0xff,
    0xff, 0xff, 0xf7, 0xc, 0xf8, 0xff, 0x7f, 0xb0,
    0x0, 0xff, 0x70, 0x0, 0x1, 0x0, 0x0, 0x0,
    0xe, 0xf7, 0xff, 0x2f, 0xf1, 0x2, 0xff, 0x40,
    0x0, 0x6f, 0xc0, 0x0, 0x0, 0xf, 0xf6, 0xff,
    0xc, 0xf5, 0x5, 0xff, 0x0, 0x0, 0x7f, 0xb0,
    0x0, 0x0, 0x3f, 0xc6, 0xff, 0x8, 0xd3, 0x9,
    0xfd, 0x6, 0x61, 0x8f, 0xa0, 0xa, 0x70, 0x7f,
    0x96, 0xff, 0x0, 0x0, 0xd, 0xf9, 0xd, 0xf2,
    0x9f, 0x80, 0x3f, 0xe0, 0xcf, 0x56, 0xff, 0x0,
    0x0, 0x2f, 0xf5, 0x1f, 0xe0, 0xbf, 0x70, 0x7f,
    0xa0, 0x29, 0x16, 0xff, 0x0, 0x0, 0x7f, 0xf0,
    0x4f, 0xa0, 0xdf, 0x50, 0xbf, 0x50, 0x0, 0x6,
    0xff, 0x0, 0x0, 0xcf, 0xb0, 0x8f, 0x70, 0xff,
    0x31, 0xff, 0x10, 0x0, 0x6, 0xff, 0x0, 0x2,
    0xff, 0x60, 0xef, 0x23, 0xff, 0x6, 0xfb, 0x0,
    0x0, 0x6, 0xff, 0x0, 0xa, 0xff, 0x14, 0xfc,
    0x7, 0xff, 0xc, 0xf5, 0x0, 0x0, 0x6, 0xff,
    0x0, 0x2f, 0xf9, 0x0, 0x33, 0xc, 0xff, 0x60,
    0x60, 0x0, 0x0, 0x6, 0xff, 0x0, 0xcf, 0xf2,
    0x0, 0x0, 0x2f, 0xff, 0xc0, 0x0, 0x0, 0x0,
    0x6, 0xff, 0x8, 0xff, 0x90, 0x0, 0x0, 0xaf,
    0xff, 0xf5, 0x0, 0x0, 0x0, 0x6, 0xff, 0x1d,
    0xfe, 0x0, 0x0, 0x4, 0xff, 0x88, 0xfe, 0x0,
    0x0, 0x0, 0x6, 0xff, 0x0, 0xb3, 0x0, 0x0,
    0x2f, 0xfe, 0x11, 0xef, 0xb0, 0x0, 0x0, 0x6,
    0xff, 0x0, 0x0, 0x0, 0x5, 0xff, 0xf4, 0x0,
    0x5f, 0xfa, 0x0, 0x0, 0x6, 0xff, 0x0, 0x0,
    0x4, 0xbf, 0xff, 0x60, 0x0, 0x9, 0xff, 0xd4,
    0x0, 0x6, 0xff, 0x0, 0x0, 0xa, 0xff, 0xe4,
    0x0, 0x0, 0x0, 0x9f, 0xf6, 0x0, 0x6, 0xff,
    0x0, 0x0, 0x1, 0xd7, 0x0, 0x0, 0x0, 0x0,
    0x5, 0x80, 0x0, 0x0, 0x0, 0x0, 0x0, 0x0,
    0x0, 0x0, 0x0, 0x0, 0x0, 0x0, 0x0,

    /* U+606F "息" */
    0x0, 0x0, 0x0, 0x0, 0x0, 0x4, 0xa8, 0x50,
    0x0, 0x0, 0x0, 0x0, 0x0, 0x0, 0x0, 0x0,
    0x0, 0x0, 0x9, 0xff, 0x70, 0x0, 0x0, 0x0,
    0x0, 0x0, 0x0, 0x0, 0x0, 0x0, 0x0, 0xe,
    0xfe, 0x0, 0x0, 0x0, 0x0, 0x0, 0x0, 0x0,
    0x0, 0x9f, 0xff, 0xff, 0xff, 0xff, 0xff, 0xff,
    0xff, 0xf9, 0x0, 0x0, 0x0, 0x0, 0x9f, 0xff,
    0xff, 0xff, 0xff, 0xff, 0xff, 0xff, 0xfa, 0x0,
    0x0, 0x0, 0x0, 0x9f, 0xe1, 0x11, 0x11, 0x11,
    0x11, 0x11, 0x1f, 0xfa, 0x0, 0x0, 0x0, 0x0,
    0x9f, 0xe0, 0x0, 0x0, 0x0, 0x0, 0x0, 0xf,
    0xfa, 0x0, 0x0, 0x0, 0x0, 0x9f, 0xff, 0xff,
    0xff, 0xff, 0xff, 0xff, 0xff, 0xfa, 0x0, 0x0,
    0x0, 0x0, 0x9f, 0xfd, 0xdd, 0xdd, 0xdd, 0xdd,
    0xdd, 0xdf, 0xfa, 0x0, 0x0, 0x0, 0x0, 0x9f,
    0xe0, 0x0, 0x0, 0x0, 0x0, 0x0, 0xf, 0xfa,
    0x0, 0x0, 0x0, 0x0, 0x9f, 0xe2, 0x22, 0x22,
    0x22, 0x22, 0x22, 0x2f, 0xfa, 0x0, 0x0, 0x0,
    0x0, 0x9f, 0xff, 0xff, 0xff, 0xff, 0xff, 0xff,
    0xff, 0xfa, 0x0, 0x0, 0x0, 0x0, 0x9f, 0xfc,
    0xcc, 0xcc, 0xcc, 0xcc, 0xcc, 0xcf, 0xfa, 0x0,
    0x0, 0x0, 0x0, 0x9f, 0xe0, 0x0, 0x0, 0x0,
    0x0, 0x0, 0xf, 0xfa, 0x0, 0x0, 0x0, 0x0,
    0x9f, 0xfd, 0xdd, 0xdd, 0xdd, 0xdd, 0xdd, 0xdf,
    0xfa, 0x0, 0x0, 0x0, 0x0, 0x9f, 0xff, 0xff,
    0xff, 0xff, 0xff, 0xff, 0xff, 0xfa, 0x0, 0x0,
    0x0, 0x0, 0x23, 0x33, 0x33, 0x38, 0xf8, 0x33,
    0x33, 0x33, 0x32, 0x0, 0x0, 0x0, 0x0, 0x0,
    0x0, 0x0, 0xd, 0xff, 0x40, 0x0, 0x0, 0x2,
    0x40, 0x0, 0x0, 0x2d, 0x60, 0x8d, 0xd0, 0x2,
    0xef, 0xe2, 0x0, 0x0, 0x9f, 0xf2, 0x0, 0x0,
    0x8f, 0xf1, 0xaf, 0xf0, 0x0, 0x3f, 0xfd, 0x0,
    0x0, 0x4f, 0xfb, 0x0, 0x0, 0xef, 0xb0, 0xaf,
    0xf0, 0x0, 0x7, 0xff, 0x30, 0x51, 0xa, 0xff,
    0x30, 0x6, 0xff, 0x50, 0xaf, 0xf0, 0x0, 0x0,
    0x91, 0x0, 0xcf, 0x83, 0xff, 0xb0, 0xd, 0xfe,
    0x0, 0x9f, 0xf0, 0x0, 0x0, 0x0, 0x0, 0xff,
    0x80, 0xbf, 0xf2, 0x6f, 0xf8, 0x0, 0x8f, 0xf9,
    0x66, 0x66, 0x66, 0x6a, 0xff, 0x50, 0x4f, 0xe4,
    0x29, 0xe1, 0x0, 0x4f, 0xff, 0xff, 0xff, 0xff,
    0xff, 0xfe, 0x0, 0x6, 0x0, 0x0, 0x0, 0x0,
    0x6, 0xce, 0xff, 0xff, 0xff, 0xff, 0xc3, 0x0,
    0x0, 0x0,

    /* U+60A8 "您" */
    0x0, 0x0, 0x0, 0x54, 0x0, 0x1, 0x51, 0x0,
    0x0, 0x0, 0x0, 0x0, 0x0, 0x0, 0x0, 0x1,
    0xff, 0xa0, 0x7, 0xff, 0x20, 0x0, 0x0, 0x0,
    0x0, 0x0, 0x0, 0x0, 0xa, 0xff, 0x20, 0xe,
    0xfc, 0x0, 0x0, 0x0, 0x0, 0x0, 0x0, 0x0,
    0x0, 0x6f, 0xf8, 0x0, 0x7f, 0xff, 0xff, 0xff,
    0xff, 0xff, 0xff, 0xe3, 0x0, 0x3, 0xff, 0xd0,
    0x2, 0xff, 0xff, 0xff, 0xff, 0xff, 0xff, 0xff,
    0xe0, 0x0, 0x2e, 0xff, 0x80, 0xd, 0xff, 0x43,
    0x33, 0x44, 0x33, 0x33, 0xff, 0x70, 0x2, 0xef,
    0xff, 0x80, 0xcf, 0xf7, 0x0, 0x0, 0xff, 0x80,
    0x7, 0xff, 0x10, 0x4e, 0xff, 0xff, 0x80, 0xaf,
    0xa0, 0x0, 0x0, 0xff, 0x80, 0x8, 0xd8, 0x0,
    0xaf, 0xf8, 0xff, 0x80, 0x6, 0x4, 0xa6, 0x0,
    0xff, 0x80, 0x5b, 0x20, 0x0, 0xd, 0x80, 0xff,
    0x80, 0x0, 0xc, 0xfe, 0x0, 0xff, 0x81, 0xef,
    0xc0, 0x0, 0x1, 0x0, 0xff, 0x80, 0x0, 0x6f,
    0xf6, 0x0, 0xff, 0x80, 0x5f, 0xf8, 0x0, 0x0,
    0x0, 0xff, 0x80, 0x2, 0xff, 0xc0, 0x0, 0xff,
    0x80, 0xb, 0xff, 0x20, 0x0, 0x0, 0xff, 0x80,
    0x2e, 0xff, 0x20, 0x0, 0xff, 0x80, 0x2, 0xff,
    0xb0, 0x0, 0x0, 0xff, 0x80, 0x2d, 0xf5, 0x0,
    0x0, 0xff, 0x80, 0x0, 0x9f, 0xd0, 0x0, 0x0,
    0xff, 0x80, 0x0, 0x50, 0xd, 0xff, 0xff, 0x70,
    0x0, 0x15, 0x0, 0x0, 0x0, 0xff, 0x80, 0x0,
    0x0, 0x38, 0xff, 0xfd, 0x10, 0x0, 0x0, 0x0,
    0x0, 0x0, 0x67, 0x30, 0x0, 0x2c, 0xf8, 0x44,
    0x20, 0x0, 0x0, 0x0, 0x0, 0x0, 0x0, 0x0,
    0x12, 0x20, 0xb, 0xff, 0x50, 0x0, 0x0, 0x4,
    0x60, 0x0, 0x0, 0x1e, 0x71, 0xbf, 0xe0, 0x0,
    0xdf, 0xf3, 0x0, 0x0, 0x9f, 0xf2, 0x0, 0x0,
    0x7f, 0xf2, 0xbf, 0xe0, 0x0, 0x2f, 0xfd, 0x0,
    0x0, 0x3f, 0xfa, 0x0, 0x0, 0xdf, 0xd0, 0xbf,
    0xe0, 0x0, 0x6, 0xff, 0x40, 0x43, 0xa, 0xff,
    0x20, 0x4, 0xff, 0x70, 0xbf, 0xe0, 0x0, 0x0,
    0x92, 0x0, 0x8f, 0xc3, 0xff, 0x90, 0xb, 0xff,
    0x10, 0xaf, 0xe0, 0x0, 0x0, 0x0, 0x0, 0xbf,
    0xc0, 0xcf, 0xf0, 0x4f, 0xfa, 0x0, 0x9f, 0xf8,
    0x66, 0x66, 0x66, 0x68, 0xff, 0x90, 0x6f, 0xf5,
    0x3c, 0xf3, 0x0, 0x5f, 0xff, 0xff, 0xff, 0xff,
    0xff, 0xff, 0x30, 0x1c, 0x60, 0x0, 0x30, 0x0,
    0x7, 0xcf, 0xff, 0xff, 0xff, 0xff, 0xd5, 0x0,
    0x0, 0x0,

    /* U+610F "意" */
    0x0, 0x0, 0x0, 0x0, 0x0, 0x6, 0xbd, 0x0,
    0x0, 0x0, 0x0, 0x0, 0x0, 0x0, 0x0, 0x0,
    0x0, 0x0, 0x5, 0xff, 0x70, 0x0, 0x0, 0x0,
    0x0, 0x0, 0x0, 0x8d, 0xdd, 0xdd, 0xdd, 0xde,
    0xff, 0xfd, 0xdd, 0xdd, 0xdd, 0xd7, 0x0, 0x0,
    0xaf, 0xff, 0xff, 0xff, 0xff, 0xff, 0xff, 0xff,
    0xff, 0xff, 0xf8, 0x0, 0x0, 0x12, 0x22, 0x6c,
    0xf3, 0x22, 0x22, 0x22, 0x3f, 0xd8, 0x22, 0x21,
    0x0, 0x0, 0x0, 0x0, 0x3f, 0xf6, 0x0, 0x0,
    0x0, 0x6f, 0xf6, 0x0, 0x0, 0x0, 0x1, 0x11,
    0x11, 0x1e, 0xfc, 0x11, 0x11, 0x11, 0xdf, 0xe2,
    0x11, 0x11, 0x10, 0xe, 0xff, 0xff, 0xff, 0xff,
    0xff, 0xff, 0xff, 0xff, 0xff, 0xff, 0xff, 0xf0,
    0xe, 0xff, 0xff, 0xff, 0xff, 0xff, 0xff, 0xff,
    0xff, 0xff, 0xff, 0xff, 0xf0, 0x0, 0x0, 0x0,
    0x0, 0x0, 0x0, 0x0, 0x0, 0x0, 0x0, 0x0,
    0x0, 0x0, 0x0, 0x0, 0xaf, 0xff, 0xff, 0xff,
    0xff, 0xff, 0xff, 0xff, 0xfd, 0x0, 0x0, 0x0,
    0x0, 0xbf, 0xfc, 0xcc, 0xcc, 0xcc, 0xcc, 0xcc,
    0xce, 0xfe, 0x0, 0x0, 0x0, 0x0, 0xbf, 0xc0,
    0x0, 0x0, 0x0, 0x0, 0x0, 0xb, 0xfe, 0x0,
    0x0, 0x0, 0x0, 0xbf, 0xe9, 0x99, 0x99, 0x99,
    0x99, 0x99, 0x9e, 0xfe, 0x0, 0x0, 0x0, 0x0,
    0xbf, 0xff, 0xff, 0xff, 0xff, 0xff, 0xff, 0xff,
    0xfe, 0x0, 0x0, 0x0, 0x0, 0xbf, 0xc0, 0x0,
    0x0, 0x0, 0x0, 0x0, 0xb, 0xfe, 0x0, 0x0,
    0x0, 0x0, 0xbf, 0xc2, 0x22, 0x22, 0x22, 0x22,
    0x22, 0x2b, 0xfe, 0x0, 0x0, 0x0, 0x0, 0xbf,
    0xff, 0xff, 0xff, 0xff, 0xff, 0xff, 0xff, 0xfe,
    0x0, 0x0, 0x0, 0x0, 0x69, 0x99, 0x99, 0x9f,
    0xfa, 0x99, 0x99, 0x99, 0x98, 0x0, 0x0, 0x0,
    0x1, 0x30, 0x2, 0x32, 0x6f, 0xfe, 0x60, 0x0,
    0x0, 0x38, 0x0, 0x0, 0x0, 0x8, 0xfc, 0xc,
    0xfc, 0x2, 0xcf, 0xfc, 0x0, 0x3, 0xff, 0x90,
    0x0, 0x0, 0x2f, 0xf9, 0xc, 0xfc, 0x0, 0x7,
    0xf7, 0x6, 0x20, 0x7f, 0xf6, 0x0, 0x0, 0xcf,
    0xf1, 0xc, 0xfc, 0x0, 0x0, 0x20, 0xd, 0xf6,
    0xb, 0xff, 0x30, 0x9, 0xff, 0x60, 0xb, 0xfe,
    0x32, 0x22, 0x22, 0x4f, 0xf4, 0x1, 0xef, 0xc0,
    0x1c, 0xfa, 0x0, 0x8, 0xff, 0xff, 0xff, 0xff,
    0xff, 0xe0, 0x0, 0x7d, 0x60, 0x0, 0x50, 0x0,
    0x1, 0xae, 0xff, 0xff, 0xff, 0xfd, 0x40, 0x0,
    0x0, 0x0,

    /* U+6210 "成" */
    0x0, 0x0, 0x0, 0x0, 0x0, 0x0, 0x0, 0x17,
    0x74, 0x0, 0x50, 0x0, 0x0, 0x0, 0x0, 0x0,
    0x0, 0x0, 0x0, 0x0, 0x2, 0xff, 0x90, 0xcf,
    0xd3, 0x0, 0x0, 0x0, 0x0, 0x0, 0x0, 0x0,
    0x0, 0x0, 0x1f, 0xfa, 0x8, 0xff, 0xf9, 0x0,
    0x0, 0x0, 0x0, 0x0, 0x0, 0x0, 0x0, 0x1,
    0xff, 0xa0, 0x2, 0xcf, 0xfb, 0x0, 0x0, 0x0,
    0x0, 0x0, 0x0, 0x0, 0x0, 0xf, 0xfa, 0x0,
    0x0, 0x9f, 0x30, 0x0, 0x0, 0xaf, 0xff, 0xff,
    0xff, 0xff, 0xff, 0xff, 0xff, 0xff, 0xff, 0xff,
    0xf8, 0x0, 0xa, 0xff, 0xff, 0xff, 0xff, 0xff,
    0xff, 0xff, 0xff, 0xff, 0xff, 0xff, 0x80, 0x0,
    0xaf, 0xf9, 0x88, 0x88, 0x88, 0x88, 0xef, 0xe8,
    0x88, 0x88, 0x88, 0x84, 0x0, 0xa, 0xff, 0x10,
    0x0, 0x0, 0x0, 0xb, 0xfe, 0x0, 0x0, 0x0,
    0x0, 0x0, 0x0, 0xaf, 0xf1, 0x0, 0x0, 0x0,
    0x0, 0xaf, 0xf0, 0x0, 0x6, 0x41, 0x0, 0x0,
    0xa, 0xff, 0x21, 0x11, 0x11, 0x10, 0x8, 0xff,
    0x20, 0x1, 0xff, 0xc0, 0x0, 0x0, 0xaf, 0xff,
    0xff, 0xff, 0xff, 0x10, 0x6f, 0xf4, 0x0, 0x7f,
    0xf6, 0x0, 0x0, 0xa, 0xff, 0xff, 0xff, 0xff,
    0xf1, 0x4, 0xff, 0x60, 0xd, 0xff, 0x10, 0x0,
    0x0, 0xaf, 0xf5, 0x55, 0x59, 0xff, 0x10, 0x2f,
    0xf9, 0x4, 0xff, 0x90, 0x0, 0x0, 0xa, 0xff,
    0x0, 0x0, 0x7f, 0xf0, 0x0, 0xff, 0xc0, 0xcf,
    0xf2, 0x0, 0x0, 0x0, 0xbf, 0xf0, 0x0, 0x8,
    0xff, 0x0, 0xc, 0xff, 0x5f, 0xfa, 0x0, 0x0,
    0x0, 0xc, 0xff, 0x0, 0x0, 0x8f, 0xf0, 0x0,
    0x8f, 0xff, 0xff, 0x10, 0x0, 0x0, 0x0, 0xdf,
    0xd0, 0x0, 0x9, 0xfe, 0x0, 0x4, 0xff, 0xff,
    0x70, 0x0, 0x0, 0x0, 0xf, 0xfb, 0x0, 0x0,
    0xbf, 0xd0, 0x0, 0xf, 0xff, 0xc0, 0x0, 0x40,
    0x0, 0x2, 0xff, 0x92, 0x32, 0x3f, 0xfb, 0x0,
    0x4, 0xff, 0xf4, 0x0, 0x9, 0xd4, 0x0, 0x5f,
    0xf6, 0x4f, 0xff, 0xff, 0x80, 0x4, 0xff, 0xff,
    0x90, 0x0, 0xaf, 0xa0, 0xa, 0xff, 0x30, 0xff,
    0xff, 0xb1, 0x6, 0xff, 0xff, 0xff, 0x20, 0xc,
    0xf8, 0x0, 0xef, 0xe0, 0x2, 0x22, 0x10, 0x1b,
    0xff, 0xf7, 0x6f, 0xfc, 0x0, 0xff, 0x50, 0x6f,
    0xf9, 0x0, 0x0, 0x0, 0x6f, 0xff, 0xf6, 0x0,
    0xcf, 0xfe, 0xcf, 0xf1, 0xd, 0xff, 0x20, 0x0,
    0x0, 0x8, 0xff, 0xe4, 0x0, 0x1, 0xef, 0xff,
    0xfa, 0x0, 0x2d, 0xa0, 0x0, 0x0, 0x0, 0xa,
    0xa0, 0x0, 0x0, 0x1, 0xae, 0xfa, 0x10, 0x0,
    0x11, 0x0, 0x0, 0x0, 0x0, 0x0, 0x0, 0x0,
    0x0, 0x0, 0x0, 0x0, 0x0,

    /* U+6211 "我" */
    0x0, 0x0, 0x0, 0x0, 0x0, 0x1, 0x0, 0x14,
    0x41, 0x0, 0x0, 0x0, 0x0, 0x0, 0x0, 0x0,
    0x0, 0x3, 0x7b, 0xf7, 0x4, 0xff, 0x60, 0x8,
    0x30, 0x0, 0x0, 0x0, 0x3, 0x69, 0xcf, 0xff,
    0xff, 0xf5, 0x4f, 0xf6, 0xc, 0xff, 0x30, 0x0,
    0x0, 0xdf, 0xff, 0xff, 0xff, 0xfd, 0xa5, 0x13,
    0xff, 0x60, 0x3f, 0xff, 0x30, 0x0, 0x9, 0xff,
    0xfd, 0xdf, 0xf3, 0x0, 0x0, 0x3f, 0xf7, 0x0,
    0x4f, 0xfe, 0x20, 0x0, 0x24, 0x20, 0x8, 0xff,
    0x20, 0x0, 0x2, 0xff, 0x80, 0x0, 0x5f, 0xfd,
    0x0, 0x0, 0x0, 0x0, 0x8f, 0xf2, 0x0, 0x0,
    0x1f, 0xf9, 0x0, 0x0, 0x8e, 0x40, 0x0, 0x0,
    0x0, 0x8, 0xff, 0x20, 0x0, 0x0, 0xff, 0xa0,
    0x0, 0x0, 0x10, 0x0, 0x16, 0x66, 0x66, 0xbf,
    0xf7, 0x66, 0x66, 0x6f, 0xfd, 0x66, 0x66, 0x66,
    0x64, 0x2, 0xff, 0xff, 0xff, 0xff, 0xff, 0xff,
    0xff, 0xff, 0xff, 0xff, 0xff, 0xff, 0xa0, 0x2f,
    0xff, 0xff, 0xff, 0xff, 0xff, 0xff, 0xff, 0xff,
    0xff, 0xff, 0xff, 0xfa, 0x0, 0x0, 0x0, 0x8,
    0xff, 0x20, 0x0, 0x0, 0xaf, 0xf1, 0x0, 0x0,
    0x0, 0x0, 0x0, 0x0, 0x0, 0x8f, 0xf2, 0x0,
    0x0, 0x7, 0xff, 0x30, 0x1, 0xb5, 0x0, 0x0,
    0x0, 0x0, 0x8, 0xff, 0x20, 0x0, 0x0, 0x5f,
    0xf5, 0x0, 0xbf, 0xf3, 0x0, 0x0, 0x0, 0x0,
    0x8f, 0xf5, 0x69, 0xcc, 0x2, 0xff, 0x80, 0x5f,
    0xf8, 0x0, 0x0, 0x0, 0x14, 0x7d, 0xff, 0xff,
    0xff, 0xe0, 0xf, 0xfc, 0x2f, 0xfd, 0x0, 0x0,
    0x5c, 0xff, 0xff, 0xff, 0xff, 0xfc, 0x85, 0x0,
    0xcf, 0xfd, 0xff, 0x30, 0x0, 0x5, 0xff, 0xff,
    0xff, 0xff, 0x40, 0x0, 0x0, 0x8, 0xff, 0xff,
    0x50, 0x0, 0x0, 0xd, 0xb7, 0x41, 0x8f, 0xf2,
    0x0, 0x0, 0x0, 0x5f, 0xff, 0x70, 0x0, 0x10,
    0x0, 0x0, 0x0, 0x8, 0xff, 0x20, 0x0, 0x0,
    0x5f, 0xff, 0xe0, 0x0, 0xe, 0x50, 0x0, 0x0,
    0x0, 0x8f, 0xf2, 0x0, 0x0, 0x9f, 0xff, 0xff,
    0x40, 0x0, 0xff, 0x30, 0x0, 0x0, 0x8, 0xff,
    0x20, 0x4, 0xdf, 0xff, 0x7f, 0xfc, 0x0, 0x2f,
    0xf1, 0x0, 0x0, 0x0, 0x8f, 0xf1, 0x3b, 0xff,
    0xfc, 0x20, 0xaf, 0xf8, 0x5, 0xfe, 0x0, 0x9,
    0xaa, 0xbe, 0xff, 0x2, 0xef, 0xf8, 0x0, 0x2,
    0xff, 0xfc, 0xef, 0xa0, 0x0, 0x7f, 0xff, 0xff,
    0xc0, 0x3, 0xb2, 0x0, 0x0, 0x5, 0xff, 0xff,
    0xf4, 0x0, 0x2, 0xee, 0xdb, 0x81, 0x0, 0x0,
    0x0, 0x0, 0x0, 0x4, 0xcf, 0xe6, 0x0,

    /* U+6216 "或" */
    0x0, 0x0, 0x0, 0x0, 0x0, 0x0, 0x0, 0x34,
    0x40, 0x1, 0x10, 0x0, 0x0, 0x0, 0x0, 0x0,
    0x0, 0x0, 0x0, 0x0, 0xdf, 0xf0, 0xc, 0xf8,
    0x0, 0x0, 0x0, 0x0, 0x0, 0x0, 0x0, 0x0,
    0x0, 0xcf, 0xf0, 0x3e, 0xff, 0xe4, 0x0, 0x0,
    0x0, 0x0, 0x0, 0x0, 0x0, 0x0, 0xcf, 0xf0,
    0x0, 0x7f, 0xff, 0x40, 0x0, 0x0, 0x0, 0x0,
    0x0, 0x0, 0x0, 0xcf, 0xf0, 0x0, 0x3, 0xea,
    0x0, 0x2f, 0xff, 0xff, 0xff, 0xff, 0xff, 0xff,
    0xff, 0xff, 0xff, 0xff, 0xff, 0xf3, 0x2f, 0xff,
    0xff, 0xff, 0xff, 0xff, 0xff, 0xff, 0xff, 0xff,
    0xff, 0xff, 0xf3, 0x7, 0x77, 0x77, 0x77, 0x77,
    0x77, 0x77, 0xcf, 0xf9, 0x77, 0x77, 0x77, 0x71,
    0x0, 0x0, 0x0, 0x0, 0x0, 0x0, 0x0, 0x7f,
    0xf4, 0x0, 0x0, 0x0, 0x0, 0x0, 0x24, 0x44,
    0x44, 0x44, 0x44, 0x10, 0x5f, 0xf6, 0x0, 0x5,
    0x83, 0x0, 0x0, 0xaf, 0xff, 0xff, 0xff, 0xff,
    0x40, 0x4f, 0xf7, 0x0, 0xd, 0xff, 0x0, 0x0,
    0xaf, 0xff, 0xff, 0xff, 0xff, 0x40, 0x2f, 0xf9,
    0x0, 0x3f, 0xfa, 0x0, 0x0, 0xaf, 0xc0, 0x0,
    0x4, 0xff, 0x40, 0xf, 0xfb, 0x0, 0x9f, 0xf4,
    0x0, 0x0, 0xaf, 0xc0, 0x0, 0x4, 0xff, 0x40,
    0xd, 0xfe, 0x1, 0xff, 0xd0, 0x0, 0x0, 0xaf,
    0xc0, 0x0, 0x4, 0xff, 0x40, 0xa, 0xff, 0x19,
    0xff, 0x50, 0x0, 0x0, 0xaf, 0xc2, 0x22, 0x25,
    0xff, 0x40, 0x7, 0xff, 0x7f, 0xfd, 0x0, 0x0,
    0x0, 0xaf, 0xff, 0xff, 0xff, 0xff, 0x40, 0x4,
    0xff, 0xff, 0xf4, 0x0, 0x0, 0x0, 0xaf, 0xff,
    0xff, 0xff, 0xff, 0x40, 0x0, 0xff, 0xff, 0xb0,
    0x0, 0x0, 0x0, 0x1, 0x11, 0x11, 0x11, 0x11,
    0x0, 0x0, 0xbf, 0xfe, 0x10, 0x2, 0x0, 0x0,
    0x0, 0x0, 0x0, 0x1, 0x58, 0xb0, 0x2, 0xef,
    0xf8, 0x0, 0x6, 0xd4, 0x0, 0x0, 0x14, 0x7b,
    0xef, 0xff, 0xf2, 0x3e, 0xff, 0xfd, 0x0, 0x8,
    0xfc, 0x18, 0xbe, 0xff, 0xff, 0xff, 0xff, 0xc6,
    0xff, 0xff, 0xff, 0x60, 0xa, 0xfa, 0x1f, 0xff,
    0xff, 0xfe, 0xa7, 0x30, 0x7f, 0xff, 0x93, 0xff,
    0xe3, 0xe, 0xf8, 0xe, 0xeb, 0x84, 0x10, 0x0,
    0x3c, 0xff, 0xf9, 0x0, 0x9f, 0xff, 0xdf, 0xf4,
    0x1, 0x0, 0x0, 0x0, 0x0, 0x5f, 0xff, 0x60,
    0x0, 0xc, 0xff, 0xff, 0xd0, 0x0, 0x0, 0x0,
    0x0, 0x0, 0x4, 0xc2, 0x0, 0x0, 0x0, 0x8e,
    0xfb, 0x20, 0x0, 0x0, 0x0, 0x0, 0x0, 0x0,
    0x0, 0x0, 0x0, 0x0, 0x0, 0x0, 0x0,

    /* U+6218 "战" */
    0x0, 0x0, 0x14, 0x40, 0x0, 0x0, 0x0, 0x0,
    0x44, 0x10, 0x0, 0x0, 0x0, 0x0, 0x0, 0x6f,
    0xf1, 0x0, 0x0, 0x0, 0x1, 0xff, 0x40, 0x3,
    0x0, 0x0, 0x0, 0x0, 0x6f, 0xf1, 0x0, 0x0,
    0x0, 0x0, 0xff, 0x51, 0xef, 0x30, 0x0, 0x0,
    0x0, 0x6f, 0xf1, 0x0, 0x0, 0x0, 0x0, 0xff,
    0x50, 0xaf, 0xd0, 0x0, 0x0, 0x0, 0x6f, 0xf1,
    0x0, 0x0, 0x0, 0x0, 0xff, 0x60, 0xe, 0xfa,
    0x0, 0x0, 0x0, 0x6f, 0xf6, 0x55, 0x55, 0x30,
    0x0, 0xef, 0x70, 0x4, 0xfe, 0x10, 0x0, 0x0,
    0x6f, 0xff, 0xff, 0xff, 0xa0, 0x0, 0xdf, 0x80,
    0x0, 0x71, 0x0, 0x0, 0x0, 0x6f, 0xff, 0xff,
    0xff, 0xa0, 0x0, 0xcf, 0x80, 0x0, 0x24, 0x40,
    0x0, 0x0, 0x6f, 0xf1, 0x0, 0x0, 0x0, 0x2,
    0xcf, 0xdb, 0xdf, 0xff, 0xd0, 0x0, 0x0, 0x6f,
    0xf1, 0x0, 0x0, 0x6d, 0xff, 0xff, 0xff, 0xff,
    0xff, 0xd0, 0x0, 0x0, 0x6f, 0xf1, 0x0, 0x0,
    0x5f, 0xff, 0xff, 0xf9, 0x64, 0x20, 0x0, 0x0,
    0x0, 0x6f, 0xf1, 0x0, 0x0, 0x27, 0x52, 0x8f,
    0xe0, 0x0, 0x99, 0x10, 0x1, 0x11, 0x7f, 0xf2,
    0x11, 0x11, 0x0, 0x0, 0x6f, 0xf0, 0x0, 0xff,
    0x60, 0x6f, 0xff, 0xff, 0xff, 0xff, 0xff, 0x30,
    0x0, 0x4f, 0xf2, 0x6, 0xff, 0x10, 0x6f, 0xff,
    0xff, 0xff, 0xff, 0xff, 0x30, 0x0, 0x2f, 0xf4,
    0xd, 0xfa, 0x0, 0x6f, 0xe4, 0x44, 0x44, 0x46,
    0xff, 0x30, 0x0, 0xf, 0xf7, 0x7f, 0xf2, 0x0,
    0x6f, 0xe0, 0x0, 0x0, 0x3, 0xff, 0x30, 0x0,
    0xd, 0xfb, 0xff, 0xa0, 0x0, 0x6f, 0xe0, 0x0,
    0x0, 0x3, 0xff, 0x30, 0x0, 0xa, 0xff, 0xff,
    0x10, 0x0, 0x6f, 0xe0, 0x0, 0x0, 0x3, 0xff,
    0x30, 0x0, 0x7, 0xff, 0xf7, 0x0, 0x0, 0x6f,
    0xe0, 0x0, 0x0, 0x3, 0xff, 0x30, 0x0, 0x6,
    0xff, 0xc0, 0x3, 0x10, 0x6f, 0xe0, 0x0, 0x0,
    0x3, 0xff, 0x30, 0x0, 0x4f, 0xff, 0xa0, 0x7,
    0xe4, 0x6f, 0xe4, 0x44, 0x44, 0x46, 0xff, 0x30,
    0x5, 0xff, 0xff, 0xf1, 0xa, 0xf5, 0x6f, 0xff,
    0xff, 0xff, 0xff, 0xff, 0x30, 0x9f, 0xfe, 0x6f,
    0xfb, 0x1e, 0xf2, 0x6f, 0xff, 0xff, 0xff, 0xff,
    0xff, 0x8e, 0xff, 0xe2, 0xb, 0xff, 0xff, 0xe0,
    0x6f, 0xe1, 0x11, 0x11, 0x14, 0xff, 0x4d, 0xfb,
    0x10, 0x1, 0xef, 0xff, 0x70, 0x4b, 0x90, 0x0,
    0x0, 0x2, 0x99, 0x11, 0x60, 0x0, 0x0, 0x2b,
    0xfb, 0x0, 0x0, 0x0, 0x0, 0x0, 0x0, 0x0,
    0x0, 0x0, 0x0, 0x0, 0x0, 0x0, 0x0,

    /* U+6240 "所" */
    0x0, 0x0, 0x0, 0x0, 0x0, 0x0, 0x0, 0x0,
    0x0, 0x0, 0x0, 0x0, 0x0, 0x0, 0x0, 0x0,
    0x0, 0x0, 0x4, 0xa4, 0x0, 0x0, 0x0, 0x0,
    0x5, 0xad, 0x0, 0x0, 0x0, 0x3, 0x69, 0xcf,
    0xff, 0xe2, 0x0, 0x2, 0x58, 0xcf, 0xff, 0xfb,
    0x0, 0x6, 0xef, 0xff, 0xff, 0xff, 0xfc, 0x40,
    0xcf, 0xff, 0xff, 0xff, 0xfc, 0x71, 0x0, 0x8f,
    0xff, 0xfd, 0xa7, 0x40, 0x0, 0x1f, 0xff, 0xfe,
    0xb8, 0x51, 0x0, 0x0, 0x8, 0xff, 0x30, 0x0,
    0x0, 0x0, 0x1, 0xff, 0xa1, 0x0, 0x0, 0x0,
    0x0, 0x0, 0x8f, 0xf1, 0x0, 0x0, 0x0, 0x0,
    0x1f, 0xf8, 0x0, 0x0, 0x0, 0x0, 0x0, 0x8,
    0xff, 0x77, 0x77, 0x77, 0x73, 0x1, 0xff, 0x80,
    0x0, 0x0, 0x0, 0x0, 0x0, 0x8f, 0xff, 0xff,
    0xff, 0xff, 0x70, 0x1f, 0xf8, 0x0, 0x0, 0x0,
    0x0, 0x0, 0x8, 0xff, 0xee, 0xee, 0xef, 0xf7,
    0x1, 0xff, 0x90, 0x0, 0x0, 0x0, 0x0, 0x0,
    0x8f, 0xf1, 0x0, 0x1, 0xff, 0x70, 0x1f, 0xff,
    0xff, 0xff, 0xff, 0xff, 0xd0, 0x8, 0xff, 0x10,
    0x0, 0x1f, 0xf7, 0x1, 0xff, 0xff, 0xff, 0xff,
    0xff, 0xfd, 0x0, 0x8f, 0xf1, 0x0, 0x1, 0xff,
    0x70, 0x1f, 0xfc, 0x77, 0x7f, 0xfc, 0x77, 0x60,
    0x8, 0xff, 0x43, 0x33, 0x4f, 0xf7, 0x2, 0xff,
    0x70, 0x0, 0xff, 0xa0, 0x0, 0x0, 0x8f, 0xff,
    0xff, 0xff, 0xff, 0x70, 0x2f, 0xf6, 0x0, 0xf,
    0xfa, 0x0, 0x0, 0x8, 0xff, 0xff, 0xff, 0xff,
    0xf7, 0x3, 0xff, 0x60, 0x0, 0xff, 0xa0, 0x0,
    0x0, 0x9f, 0xf2, 0x22, 0x22, 0x22, 0x10, 0x5f,
    0xf4, 0x0, 0xf, 0xfa, 0x0, 0x0, 0xa, 0xfd,
    0x0, 0x0, 0x0, 0x0, 0x8, 0xff, 0x20, 0x0,
    0xff, 0xa0, 0x0, 0x0, 0xcf, 0xc0, 0x0, 0x0,
    0x0, 0x0, 0xbf, 0xe0, 0x0, 0xf, 0xfa, 0x0,
    0x0, 0xe, 0xfa, 0x0, 0x0, 0x0, 0x0, 0x1f,
    0xfb, 0x0, 0x0, 0xff, 0xa0, 0x0, 0x0, 0xff,
    0x80, 0x0, 0x0, 0x0, 0x6, 0xff, 0x60, 0x0,
    0xf, 0xfa, 0x0, 0x0, 0x4f, 0xf4, 0x0, 0x0,
    0x0, 0x0, 0xdf, 0xf1, 0x0, 0x0, 0xff, 0xa0,
    0x0, 0x9, 0xff, 0x10, 0x0, 0x0, 0x0, 0x7f,
    0xf9, 0x0, 0x0, 0xf, 0xfa, 0x0, 0x0, 0xef,
    0xd0, 0x0, 0x0, 0x0, 0x4f, 0xff, 0x20, 0x0,
    0x0, 0xff, 0xa0, 0x0, 0x3f, 0xf7, 0x0, 0x0,
    0x0, 0xc, 0xff, 0x70, 0x0, 0x0, 0xf, 0xfa,
    0x0, 0x0, 0x3d, 0x10, 0x0, 0x0, 0x0, 0xb,
    0x90, 0x0, 0x0, 0x0, 0xff, 0xa0, 0x0, 0x0,
    0x0, 0x0, 0x0, 0x0, 0x0, 0x0, 0x0, 0x0,
    0x0, 0x0, 0x0, 0x0, 0x0,

    /* U+62CD "拍" */
    0x0, 0x0, 0x37, 0x71, 0x0, 0x0, 0x0, 0x0,
    0x5, 0x42, 0x0, 0x0, 0x0, 0x0, 0x0, 0x7f,
    0xf3, 0x0, 0x0, 0x0, 0x0, 0xf, 0xfe, 0x0,
    0x0, 0x0, 0x0, 0x0, 0x7f, 0xf3, 0x0, 0x0,
    0x0, 0x0, 0x3f, 0xfa, 0x0, 0x0, 0x0, 0x0,
    0x0, 0x7f, 0xf3, 0x0, 0x0, 0x0, 0x0, 0x6f,
    0xf5, 0x0, 0x0, 0x0, 0x0, 0x0, 0x7f, 0xf3,
    0x0, 0x0, 0x0, 0x0, 0xaf, 0xf0, 0x0, 0x0,
    0x0, 0x0, 0x0, 0x7f, 0xf3, 0x0, 0x4, 0x88,
    0x88, 0xff, 0xe8, 0x88, 0x88, 0x80, 0xe, 0xff,
    0xff, 0xff, 0xff, 0x38, 0xff, 0xff, 0xff, 0xff,
    0xff, 0xff, 0xf1, 0xe, 0xff, 0xff, 0xff, 0xff,
    0x38, 0xff, 0xee, 0xee, 0xee, 0xee, 0xff, 0xf1,
    0x6, 0x77, 0xbf, 0xf9, 0x77, 0x18, 0xff, 0x10,
    0x0, 0x0, 0x0, 0x9f, 0xf1, 0x0, 0x0, 0x7f,
    0xf3, 0x0, 0x8, 0xff, 0x10, 0x0, 0x0, 0x0,
    0x9f, 0xf1, 0x0, 0x0, 0x7f, 0xf3, 0x0, 0x8,
    0xff, 0x10, 0x0, 0x0, 0x0, 0x9f, 0xf1, 0x0,
    0x0, 0x7f, 0xf3, 0x0, 0x8, 0xff, 0x10, 0x0,
    0x0, 0x0, 0x9f, 0xf1, 0x0, 0x0, 0x7f, 0xf3,
    0x15, 0x18, 0xff, 0x10, 0x0, 0x0, 0x0, 0x9f,
    0xf1, 0x0, 0x0, 0x7f, 0xfd, 0xff, 0x48, 0xff,
    0x44, 0x44, 0x44, 0x44, 0xbf, 0xf1, 0x3, 0x7b,
    0xff, 0xff, 0xff, 0x68, 0xff, 0xff, 0xff, 0xff,
    0xff, 0xff, 0xf1, 0x1f, 0xff, 0xff, 0xfd, 0x94,
    0x8, 0xff, 0xff, 0xff, 0xff, 0xff, 0xff, 0xf1,
    0xe, 0xff, 0xef, 0xf3, 0x0, 0x8, 0xff, 0x43,
    0x33, 0x33, 0x33, 0xaf, 0xf1, 0x5, 0x30, 0x7f,
    0xf3, 0x0, 0x8, 0xff, 0x10, 0x0, 0x0, 0x0,
    0x9f, 0xf1, 0x0, 0x0, 0x7f, 0xf3, 0x0, 0x8,
    0xff, 0x10, 0x0, 0x0, 0x0, 0x9f, 0xf1, 0x0,
    0x0, 0x7f, 0xf3, 0x0, 0x8, 0xff, 0x10, 0x0,
    0x0, 0x0, 0x9f, 0xf1, 0x0, 0x0, 0x7f, 0xf3,
    0x0, 0x8, 0xff, 0x10, 0x0, 0x0, 0x0, 0x9f,
    0xf1, 0x0, 0x0, 0x7f, 0xf3, 0x0, 0x8, 0xff,
    0x10, 0x0, 0x0, 0x0, 0x9f, 0xf1, 0x0, 0x0,
    0x7f, 0xf3, 0x0, 0x8, 0xff, 0xff, 0xff, 0xff,
    0xff, 0xff, 0xf1, 0x3, 0x77, 0xcf, 0xf3, 0x0,
    0x8, 0xff, 0xff, 0xff, 0xff, 0xff, 0xff, 0xf1,
    0x3, 0xff, 0xff, 0xf0, 0x0, 0x8, 0xff, 0x88,
    0x88, 0x88, 0x88, 0xcf, 0xf1, 0x0, 0xef, 0xeb,
    0x30, 0x0, 0x7, 0xee, 0x10, 0x0, 0x0, 0x0,
    0x9f, 0xf1,

    /* U+62EC "括" */
    0x0, 0x0, 0x37, 0x70, 0x0, 0x0, 0x0, 0x0,
    0x0, 0x0, 0x0, 0x3, 0x10, 0x0, 0x0, 0x7,
    0xff, 0x0, 0x0, 0x0, 0x0, 0x0, 0x1, 0x47,
    0xae, 0xfb, 0x0, 0x0, 0x0, 0x7f, 0xf0, 0x0,
    0x1, 0x35, 0x79, 0xce, 0xff, 0xff, 0xff, 0xf6,
    0x0, 0x0, 0x7, 0xff, 0x0, 0x0, 0xaf, 0xff,
    0xff, 0xff, 0xfe, 0xb8, 0x51, 0x0, 0x0, 0x0,
    0x7f, 0xf0, 0x0, 0x5, 0xfe, 0xca, 0x8f, 0xfa,
    0x0, 0x0, 0x0, 0x0, 0x0, 0x7, 0xff, 0x0,
    0x0, 0x0, 0x0, 0x0, 0xef, 0xa0, 0x0, 0x0,
    0x0, 0xc, 0xff, 0xff, 0xff, 0xff, 0x10, 0x0,
    0x0, 0xe, 0xfa, 0x0, 0x0, 0x0, 0x0, 0xcf,
    0xff, 0xff, 0xff, 0xf1, 0x0, 0x0, 0x0, 0xef,
    0xa0, 0x0, 0x0, 0x0, 0x5, 0x66, 0xaf, 0xf6,
    0x66, 0x12, 0x22, 0x22, 0x2e, 0xfa, 0x22, 0x22,
    0x22, 0x20, 0x0, 0x7, 0xff, 0x0, 0x4, 0xff,
    0xff, 0xff, 0xff, 0xff, 0xff, 0xff, 0xfe, 0x0,
    0x0, 0x7f, 0xf0, 0x0, 0x4f, 0xff, 0xff, 0xff,
    0xff, 0xff, 0xff, 0xff, 0xe0, 0x0, 0x7, 0xff,
    0x0, 0x1, 0x55, 0x55, 0x55, 0xff, 0xb5, 0x55,
    0x55, 0x54, 0x0, 0x0, 0x7f, 0xf0, 0x15, 0x0,
    0x0, 0x0, 0xe, 0xfa, 0x0, 0x0, 0x0, 0x0,
    0x0, 0x7, 0xff, 0xcf, 0xf3, 0x0, 0x0, 0x0,
    0xef, 0xa0, 0x0, 0x0, 0x0, 0x3, 0x7b, 0xff,
    0xff, 0xff, 0x50, 0x0, 0x0, 0xe, 0xfa, 0x0,
    0x0, 0x0, 0x0, 0xef, 0xff, 0xff, 0xb6, 0x20,
    0x14, 0x44, 0x44, 0xff, 0xb4, 0x44, 0x44, 0x20,
    0xa, 0xfd, 0xcf, 0xf0, 0x0, 0x7, 0xff, 0xff,
    0xff, 0xff, 0xff, 0xff, 0xf9, 0x0, 0x22, 0x7,
    0xff, 0x0, 0x0, 0x7f, 0xff, 0xff, 0xff, 0xff,
    0xff, 0xff, 0x90, 0x0, 0x0, 0x7f, 0xf0, 0x0,
    0x7, 0xff, 0x21, 0x11, 0x11, 0x11, 0x2f, 0xf9,
    0x0, 0x0, 0x7, 0xff, 0x0, 0x0, 0x7f, 0xf1,
    0x0, 0x0, 0x0, 0x1, 0xff, 0x90, 0x0, 0x0,
    0x7f, 0xf0, 0x0, 0x7, 0xff, 0x10, 0x0, 0x0,
    0x0, 0x1f, 0xf9, 0x0, 0x0, 0x7, 0xff, 0x0,
    0x0, 0x7f, 0xf1, 0x0, 0x0, 0x0, 0x1, 0xff,
    0x90, 0x0, 0x0, 0x7f, 0xf0, 0x0, 0x7, 0xff,
    0x43, 0x33, 0x33, 0x33, 0x4f, 0xf9, 0x0, 0x36,
    0x6b, 0xff, 0x0, 0x0, 0x7f, 0xff, 0xff, 0xff,
    0xff, 0xff, 0xff, 0x90, 0x4, 0xff, 0xff, 0xc0,
    0x0, 0x7, 0xff, 0xff, 0xff, 0xff, 0xff, 0xff,
    0xf9, 0x0, 0xf, 0xfe, 0xa2, 0x0, 0x0, 0x7f,
    0xf3, 0x22, 0x22, 0x22, 0x23, 0xee, 0x80,

    /* U+6301 "持" */
    0x0, 0x0, 0x13, 0x30, 0x0, 0x0, 0x0, 0x0,
    0x1, 0x22, 0x0, 0x0, 0x0, 0x0, 0x0, 0x5,
    0xff, 0x10, 0x0, 0x0, 0x0, 0x0, 0xaf, 0xd0,
    0x0, 0x0, 0x0, 0x0, 0x0, 0x5f, 0xf1, 0x0,
    0x0, 0x0, 0x0, 0xa, 0xfd, 0x0, 0x0, 0x0,
    0x0, 0x0, 0x5, 0xff, 0x10, 0x0, 0x0, 0x0,
    0x0, 0xaf, 0xd0, 0x0, 0x0, 0x0, 0x0, 0x0,
    0x5f, 0xf1, 0x0, 0x7, 0xff, 0xff, 0xff, 0xff,
    0xff, 0xff, 0xf9, 0x0, 0x0, 0x5, 0xff, 0x10,
    0x0, 0x7f, 0xff, 0xff, 0xff, 0xff, 0xff, 0xff,
    0x90, 0xb, 0xff, 0xff, 0xff, 0xfc, 0x2, 0x55,
    0x55, 0x5b, 0xfe, 0x55, 0x55, 0x53, 0x0, 0xbf,
    0xff, 0xff, 0xff, 0xc0, 0x0, 0x0, 0x0, 0xaf,
    0xd0, 0x0, 0x0, 0x0, 0x4, 0x66, 0x9f, 0xf6,
    0x64, 0x0, 0x0, 0x0, 0xa, 0xfd, 0x0, 0x0,
    0x0, 0x0, 0x0, 0x5, 0xff, 0x10, 0x5, 0x77,
    0x77, 0x77, 0xcf, 0xe7, 0x77, 0x77, 0x76, 0x0,
    0x0, 0x5f, 0xf1, 0x0, 0xcf, 0xff, 0xff, 0xff,
    0xff, 0xff, 0xff, 0xff, 0xe0, 0x0, 0x5, 0xff,
    0x10, 0xb, 0xee, 0xee, 0xee, 0xee, 0xee, 0xff,
    0xfe, 0xed, 0x0, 0x0, 0x5f, 0xf1, 0x12, 0x0,
    0x0, 0x0, 0x0, 0x0, 0xf, 0xf7, 0x0, 0x0,
    0x0, 0x5, 0xff, 0xcf, 0xb0, 0x0, 0x0, 0x0,
    0x0, 0x0, 0xff, 0x70, 0x0, 0x1, 0x5a, 0xef,
    0xff, 0xfd, 0x37, 0x77, 0x77, 0x77, 0x77, 0x7f,
    0xfb, 0x77, 0x50, 0xff, 0xff, 0xff, 0xb6, 0x17,
    0xff, 0xff, 0xff, 0xff, 0xff, 0xff, 0xff, 0xfc,
    0xc, 0xff, 0xcf, 0xf1, 0x0, 0x7f, 0xff, 0xff,
    0xff, 0xff, 0xff, 0xff, 0xff, 0xb0, 0x54, 0x5,
    0xff, 0x10, 0x0, 0x0, 0x14, 0x0, 0x0, 0x0,
    0xff, 0x70, 0x0, 0x0, 0x0, 0x5f, 0xf1, 0x0,
    0x0, 0x5f, 0xf4, 0x0, 0x0, 0xf, 0xf7, 0x0,
    0x0, 0x0, 0x5, 0xff, 0x10, 0x0, 0x1, 0xef,
    0xe1, 0x0, 0x0, 0xff, 0x70, 0x0, 0x0, 0x0,
    0x5f, 0xf1, 0x0, 0x0, 0x4, 0xff, 0xa0, 0x0,
    0xf, 0xf7, 0x0, 0x0, 0x0, 0x5, 0xff, 0x10,
    0x0, 0x0, 0x9, 0xff, 0x30, 0x0, 0xff, 0x70,
    0x0, 0x0, 0x0, 0x5f, 0xf1, 0x0, 0x0, 0x0,
    0x1f, 0x91, 0x0, 0xf, 0xf7, 0x0, 0x0, 0x16,
    0x6a, 0xff, 0x0, 0x0, 0x0, 0x0, 0x10, 0x45,
    0x56, 0xff, 0x60, 0x0, 0x0, 0xef, 0xff, 0xd0,
    0x0, 0x0, 0x0, 0x0, 0x8, 0xff, 0xff, 0xf4,
    0x0, 0x0, 0xa, 0xfe, 0xb2, 0x0, 0x0, 0x0,
    0x0, 0x0, 0x3f, 0xff, 0xe8, 0x0, 0x0, 0x0,
    0x0, 0x0, 0x0, 0x0, 0x0, 0x0, 0x0, 0x0,
    0x11, 0x0, 0x0, 0x0, 0x0,

    /* U+6307 "指" */
    0x0, 0x0, 0x17, 0x72, 0x0, 0x0, 0x66, 0x30,
    0x0, 0x0, 0x0, 0x0, 0x0, 0x0, 0x0, 0x3,
    0xff, 0x50, 0x0, 0xf, 0xf9, 0x0, 0x0, 0x0,
    0x0, 0x0, 0x0, 0x0, 0x0, 0x3f, 0xf5, 0x0,
    0x0, 0xff, 0x90, 0x0, 0x0, 0x5, 0xba, 0x0,
    0x0, 0x0, 0x3, 0xff, 0x50, 0x0, 0xf, 0xf9,
    0x0, 0x26, 0xbf, 0xff, 0xfa, 0x0, 0x0, 0x0,
    0x3f, 0xf5, 0x0, 0x0, 0xff, 0xca, 0xef, 0xff,
    0xff, 0xc7, 0x20, 0x0, 0x0, 0x4, 0xff, 0x50,
    0x0, 0xf, 0xff, 0xff, 0xfd, 0x95, 0x10, 0x0,
    0x0, 0xe, 0xff, 0xff, 0xff, 0xff, 0x60, 0xff,
    0xd7, 0x41, 0x0, 0x0, 0x0, 0x75, 0x0, 0xef,
    0xff, 0xff, 0xff, 0xf6, 0xf, 0xf9, 0x0, 0x0,
    0x0, 0x0, 0xb, 0xfb, 0x5, 0x66, 0x8f, 0xf9,
    0x66, 0x20, 0xff, 0xa0, 0x0, 0x0, 0x0, 0x0,
    0xef, 0x90, 0x0, 0x3, 0xff, 0x50, 0x0, 0xd,
    0xfe, 0x76, 0x66, 0x66, 0x66, 0xaf, 0xf5, 0x0,
    0x0, 0x3f, 0xf5, 0x0, 0x0, 0x8f, 0xff, 0xff,
    0xff, 0xff, 0xff, 0xfe, 0x0, 0x0, 0x3, 0xff,
    0x50, 0x0, 0x0, 0x8c, 0xef, 0xff, 0xff, 0xff,
    0xeb, 0x20, 0x0, 0x0, 0x3f, 0xf5, 0x5, 0x40,
    0x0, 0x0, 0x0, 0x0, 0x0, 0x0, 0x0, 0x0,
    0x0, 0x3, 0xff, 0xef, 0xfa, 0x2, 0x22, 0x22,
    0x22, 0x22, 0x22, 0x22, 0x10, 0x3, 0x7b, 0xff,
    0xff, 0xff, 0xb0, 0xff, 0xff, 0xff, 0xff, 0xff,
    0xff, 0xf8, 0x2, 0xff, 0xff, 0xff, 0xc6, 0x20,
    0xf, 0xff, 0xff, 0xff, 0xff, 0xff, 0xff, 0x80,
    0xd, 0xfc, 0xaf, 0xf5, 0x0, 0x0, 0xff, 0x70,
    0x0, 0x0, 0x0, 0x1f, 0xf8, 0x0, 0x21, 0x3,
    0xff, 0x50, 0x0, 0xf, 0xf7, 0x0, 0x0, 0x0,
    0x1, 0xff, 0x80, 0x0, 0x0, 0x3f, 0xf5, 0x0,
    0x0, 0xff, 0xee, 0xee, 0xee, 0xee, 0xef, 0xf8,
    0x0, 0x0, 0x3, 0xff, 0x50, 0x0, 0xf, 0xff,
    0xff, 0xff, 0xff, 0xff, 0xff, 0x80, 0x0, 0x0,
    0x3f, 0xf5, 0x0, 0x0, 0xff, 0x92, 0x22, 0x22,
    0x22, 0x3f, 0xf8, 0x0, 0x0, 0x3, 0xff, 0x50,
    0x0, 0xf, 0xf7, 0x0, 0x0, 0x0, 0x1, 0xff,
    0x80, 0x0, 0x0, 0x3f, 0xf5, 0x0, 0x0, 0xff,
    0x92, 0x22, 0x22, 0x22, 0x3f, 0xf8, 0x0, 0x25,
    0x59, 0xff, 0x50, 0x0, 0xf, 0xff, 0xff, 0xff,
    0xff, 0xff, 0xff, 0x80, 0x1, 0xff, 0xff, 0xf2,
    0x0, 0x0, 0xff, 0xff, 0xff, 0xff, 0xff, 0xff,
    0xf8, 0x0, 0xc, 0xfe, 0xc5, 0x0, 0x0, 0xf,
    0xf7, 0x0, 0x0, 0x0, 0x1, 0xdd, 0x60,

    /* U+6309 "按" */
    0x0, 0x0, 0x17, 0x71, 0x0, 0x0, 0x0, 0x0,
    0x26, 0x81, 0x0, 0x0, 0x0, 0x0, 0x0, 0x3,
    0xff, 0x40, 0x0, 0x0, 0x0, 0x6, 0xff, 0x60,
    0x0, 0x0, 0x0, 0x0, 0x0, 0x3f, 0xf4, 0x0,
    0x0, 0x0, 0x0, 0x1f, 0xfb, 0x0, 0x0, 0x0,
    0x0, 0x0, 0x3, 0xff, 0x40, 0x0, 0x11, 0x11,
    0x11, 0xdf, 0xf1, 0x11, 0x11, 0x10, 0x0, 0x0,
    0x3f, 0xf4, 0x0, 0x4f, 0xff, 0xff, 0xff, 0xff,
    0xff, 0xff, 0xff, 0x70, 0x0, 0x4, 0xff, 0x40,
    0x4, 0xff, 0xff, 0xff, 0xff, 0xff, 0xff, 0xff,
    0xf7, 0xc, 0xff, 0xff, 0xff, 0xff, 0x5f, 0xf6,
    0x33, 0x33, 0x33, 0x33, 0x34, 0xff, 0x70, 0xcf,
    0xff, 0xff, 0xff, 0xf5, 0xff, 0x30, 0xb, 0x95,
    0x0, 0x0, 0x1f, 0xf7, 0x4, 0x66, 0x8f, 0xf8,
    0x66, 0x4f, 0xf3, 0x4, 0xff, 0x80, 0x0, 0x1,
    0xff, 0x70, 0x0, 0x3, 0xff, 0x40, 0x2, 0x88,
    0x10, 0x8f, 0xf3, 0x0, 0x0, 0x8, 0x83, 0x0,
    0x0, 0x3f, 0xf4, 0x0, 0x0, 0x0, 0xe, 0xfe,
    0x0, 0x0, 0x0, 0x0, 0x0, 0x0, 0x3, 0xff,
    0x40, 0x7, 0x77, 0x78, 0xff, 0xc7, 0x77, 0x77,
    0x77, 0x75, 0x0, 0x0, 0x3f, 0xf4, 0x2, 0xff,
    0xff, 0xff, 0xff, 0xff, 0xff, 0xff, 0xff, 0xd0,
    0x0, 0x3, 0xff, 0x40, 0x5e, 0xee, 0xef, 0xff,
    0xee, 0xee, 0xff, 0xfe, 0xec, 0x0, 0x0, 0x3f,
    0xfd, 0xff, 0x50, 0x8, 0xff, 0x50, 0x0, 0xe,
    0xfe, 0x0, 0x0, 0x26, 0xae, 0xff, 0xff, 0xf6,
    0x1, 0xff, 0xd0, 0x0, 0x2, 0xff, 0xa0, 0x0,
    0xf, 0xff, 0xff, 0xfb, 0x51, 0x0, 0x8f, 0xf6,
    0x0, 0x0, 0x7f, 0xf5, 0x0, 0x0, 0xcf, 0xdb,
    0xff, 0x40, 0x0, 0x2f, 0xff, 0x40, 0x0, 0xe,
    0xfe, 0x0, 0x0, 0x3, 0x20, 0x3f, 0xf4, 0x0,
    0x2, 0xcf, 0xff, 0xc4, 0x8, 0xff, 0x70, 0x0,
    0x0, 0x0, 0x3, 0xff, 0x40, 0x0, 0x0, 0x4c,
    0xff, 0xfc, 0xff, 0xd0, 0x0, 0x0, 0x0, 0x0,
    0x3f, 0xf4, 0x0, 0x0, 0x0, 0x4, 0xcf, 0xff,
    0xf6, 0x0, 0x0, 0x0, 0x0, 0x3, 0xff, 0x40,
    0x0, 0x0, 0x0, 0x19, 0xff, 0xff, 0xf9, 0x10,
    0x0, 0x0, 0x0, 0x3f, 0xf4, 0x0, 0x0, 0x2,
    0x8f, 0xff, 0xe8, 0xff, 0xff, 0x70, 0x0, 0x25,
    0x58, 0xff, 0x30, 0x5, 0x9d, 0xff, 0xff, 0xa1,
    0x2, 0xbf, 0xff, 0xc2, 0x1, 0xff, 0xff, 0xf1,
    0x0, 0x9f, 0xff, 0xfa, 0x20, 0x0, 0x0, 0x6f,
    0xff, 0x50, 0xc, 0xfe, 0xc5, 0x0, 0x1, 0xeb,
    0x61, 0x0, 0x0, 0x0, 0x0, 0x1c, 0x60, 0x0,
    0x0, 0x0, 0x0, 0x0, 0x0, 0x0, 0x0, 0x0,
    0x0, 0x0, 0x0, 0x0, 0x0,

    /* U+6311 "挑" */
    0x0, 0x0, 0x25, 0x50, 0x0, 0x0, 0x0, 0x22,
    0x0, 0x2, 0x20, 0x0, 0x0, 0x0, 0x0, 0x0,
    0x7f, 0xe0, 0x0, 0x0, 0x1, 0xff, 0x40, 0x4f,
    0xf2, 0x0, 0x0, 0x0, 0x0, 0x0, 0x7f, 0xe0,
    0x0, 0x0, 0x1, 0xff, 0x40, 0x4f, 0xf2, 0x0,
    0x0, 0x0, 0x0, 0x0, 0x7f, 0xe0, 0x0, 0x0,
    0x1, 0xff, 0x40, 0x4f, 0xf2, 0x0, 0x10, 0x0,
    0x0, 0x0, 0x7f, 0xe0, 0x1, 0x89, 0x1, 0xff,
    0x40, 0x4f, 0xf2, 0x2, 0xf9, 0x10, 0x0, 0x0,
    0x7f, 0xe0, 0x5, 0xff, 0x31, 0xff, 0x40, 0x4f,
    0xf2, 0x9, 0xff, 0x20, 0xc, 0xff, 0xff, 0xff,
    0xf7, 0xcf, 0xd1, 0xff, 0x40, 0x4f, 0xf2, 0x1f,
    0xf9, 0x0, 0xc, 0xff, 0xff, 0xff, 0xf7, 0x3f,
    0xf6, 0xff, 0x40, 0x4f, 0xf2, 0x9f, 0xe1, 0x0,
    0x4, 0x66, 0xaf, 0xf6, 0x62, 0xc, 0xfd, 0xff,
    0x40, 0x4f, 0xf4, 0xff, 0x60, 0x0, 0x0, 0x0,
    0x7f, 0xe0, 0x0, 0x5, 0xff, 0xff, 0x40, 0x4f,
    0xfc, 0xfc, 0x0, 0x0, 0x0, 0x0, 0x7f, 0xe0,
    0x0, 0x0, 0x93, 0xff, 0x40, 0x4f, 0xf4, 0x93,
    0x0, 0x0, 0x0, 0x0, 0x7f, 0xe0, 0x0, 0x0,
    0x1, 0xff, 0x40, 0x4f, 0xf2, 0x0, 0x0, 0x0,
    0x0, 0x0, 0x7f, 0xe5, 0xb5, 0x0, 0x1, 0xff,
    0x40, 0x4f, 0xf5, 0x0, 0x0, 0x0, 0x0, 0x0,
    0x8f, 0xff, 0xf9, 0x0, 0x2, 0xff, 0x40, 0x4f,
    0xff, 0xd1, 0x0, 0x0, 0x3, 0x8d, 0xff, 0xff,
    0xd5, 0x0, 0x5e, 0xff, 0x30, 0x4f, 0xff, 0xfe,
    0x20, 0x0, 0xf, 0xff, 0xff, 0xf3, 0x0, 0x1a,
    0xff, 0xff, 0x20, 0x4f, 0xf7, 0xff, 0xe2, 0x0,
    0xb, 0xfc, 0xbf, 0xe0, 0x5, 0xef, 0xfe, 0xff,
    0x10, 0x4f, 0xf2, 0x4f, 0xfe, 0x20, 0x3, 0x20,
    0x7f, 0xe0, 0x6f, 0xff, 0x77, 0xff, 0x0, 0x4f,
    0xf2, 0x5, 0xff, 0xd0, 0x0, 0x0, 0x7f, 0xe0,
    0xd, 0xe3, 0xc, 0xfc, 0x0, 0x4f, 0xf2, 0x0,
    0x6f, 0x30, 0x0, 0x0, 0x7f, 0xe0, 0x3, 0x10,
    0x2f, 0xf7, 0x0, 0x4f, 0xf2, 0x0, 0x2, 0x0,
    0x0, 0x0, 0x7f, 0xe0, 0x0, 0x0, 0xbf, 0xf2,
    0x0, 0x4f, 0xf2, 0x0, 0x2c, 0x50, 0x0, 0x0,
    0x7f, 0xe0, 0x0, 0x7, 0xff, 0xa0, 0x0, 0x4f,
    0xf2, 0x0, 0x3f, 0xf0, 0x0, 0x0, 0x7f, 0xe0,
    0x0, 0x7f, 0xfe, 0x10, 0x0, 0x4f, 0xf2, 0x0,
    0x4f, 0xe0, 0x2, 0x66, 0xbf, 0xe0, 0x2b, 0xff,
    0xf4, 0x0, 0x0, 0x3f, 0xf9, 0x55, 0xbf, 0xb0,
    0x1, 0xff, 0xff, 0xb0, 0x7f, 0xfe, 0x30, 0x0,
    0x0, 0xf, 0xff, 0xff, 0xff, 0x70, 0x0, 0xdf,
    0xea, 0x10, 0x8, 0x91, 0x0, 0x0, 0x0, 0x6,
    0xef, 0xff, 0xfa, 0x0,

    /* U+636E "据" */
    0x0, 0x0, 0x37, 0x60, 0x0, 0x0, 0x0, 0x0,
    0x0, 0x0, 0x0, 0x0, 0x0, 0x0, 0x0, 0x7,
    0xfe, 0x0, 0x0, 0x55, 0x55, 0x55, 0x55, 0x55,
    0x55, 0x55, 0x40, 0x0, 0x0, 0x7f, 0xe0, 0x0,
    0xf, 0xff, 0xff, 0xff, 0xff, 0xff, 0xff, 0xfd,
    0x0, 0x0, 0x7, 0xfe, 0x0, 0x0, 0xff, 0xff,
    0xff, 0xff, 0xff, 0xff, 0xff, 0xd0, 0x0, 0x0,
    0x7f, 0xe0, 0x0, 0xf, 0xf9, 0x0, 0x0, 0x0,
    0x0, 0x9, 0xfd, 0x0, 0x0, 0x7, 0xfe, 0x0,
    0x0, 0xff, 0x90, 0x0, 0x0, 0x0, 0x0, 0x9f,
    0xd0, 0xb, 0xff, 0xff, 0xff, 0xfe, 0xf, 0xf9,
    0x0, 0x0, 0x0, 0x0, 0x9, 0xfd, 0x0, 0xbf,
    0xff, 0xff, 0xff, 0xe0, 0xff, 0xff, 0xff, 0xff,
    0xff, 0xff, 0xff, 0xd0, 0x4, 0x66, 0xaf, 0xf6,
    0x65, 0xf, 0xff, 0xff, 0xff, 0xff, 0xff, 0xff,
    0xfd, 0x0, 0x0, 0x7, 0xfe, 0x0, 0x0, 0xff,
    0xa4, 0x44, 0x4a, 0xff, 0x44, 0x44, 0x30, 0x0,
    0x0, 0x7f, 0xe0, 0x0, 0xf, 0xf9, 0x0, 0x0,
    0x8f, 0xe0, 0x0, 0x0, 0x0, 0x0, 0x7, 0xfe,
    0x0, 0x0, 0xff, 0x90, 0x0, 0x8, 0xfe, 0x0,
    0x0, 0x0, 0x0, 0x0, 0x7f, 0xe0, 0x24, 0x1f,
    0xff, 0xff, 0xff, 0xff, 0xff, 0xff, 0xff, 0xa0,
    0x0, 0x7, 0xff, 0xef, 0xc1, 0xff, 0xff, 0xff,
    0xff, 0xff, 0xff, 0xff, 0xfb, 0x4, 0x8c, 0xff,
    0xff, 0xfd, 0x3f, 0xf8, 0x33, 0x33, 0x9f, 0xf3,
    0x33, 0x33, 0x20, 0xef, 0xff, 0xff, 0x83, 0x4,
    0xff, 0x40, 0x0, 0x8, 0xfe, 0x0, 0x0, 0x0,
    0xa, 0xfb, 0xbf, 0xe0, 0x0, 0x6f, 0xf2, 0x0,
    0x0, 0x8f, 0xe0, 0x0, 0x0, 0x0, 0x10, 0x7,
    0xfe, 0x0, 0x8, 0xff, 0x5e, 0xee, 0xef, 0xff,
    0xee, 0xee, 0xd0, 0x0, 0x0, 0x7f, 0xe0, 0x0,
    0xbf, 0xe5, 0xff, 0xff, 0xff, 0xff, 0xff, 0xff,
    0x0, 0x0, 0x7, 0xfe, 0x0, 0xe, 0xfa, 0x5f,
    0xf4, 0x44, 0x44, 0x44, 0x9f, 0xf0, 0x0, 0x0,
    0x7f, 0xe0, 0x3, 0xff, 0x65, 0xfe, 0x0, 0x0,
    0x0, 0x6, 0xff, 0x0, 0x0, 0x7, 0xfe, 0x0,
    0x8f, 0xf2, 0x5f, 0xe0, 0x0, 0x0, 0x0, 0x6f,
    0xf0, 0x0, 0x0, 0x7f, 0xe0, 0xe, 0xfd, 0x5,
    0xfe, 0x0, 0x0, 0x0, 0x6, 0xff, 0x0, 0x26,
    0x6b, 0xfe, 0x7, 0xff, 0x60, 0x5f, 0xff, 0xff,
    0xff, 0xff, 0xff, 0xf0, 0x1, 0xff, 0xff, 0xb0,
    0xef, 0xe0, 0x5, 0xff, 0xff, 0xff, 0xff, 0xff,
    0xff, 0x0, 0xc, 0xfe, 0xa1, 0x1, 0xa5, 0x0,
    0x5f, 0xe2, 0x22, 0x22, 0x22, 0x7f, 0xf0, 0x0,
    0x0, 0x0, 0x0, 0x0, 0x0, 0x0, 0x0, 0x0,
    0x0, 0x0, 0x1, 0x32, 0x0,

    /* U+63A5 "接" */
    0x0, 0x0, 0x57, 0x40, 0x0, 0x0, 0x0, 0x0,
    0x2, 0x10, 0x0, 0x0, 0x0, 0x0, 0x0, 0xd,
    0xf9, 0x0, 0x0, 0x0, 0x0, 0xe, 0xfb, 0x0,
    0x0, 0x0, 0x0, 0x0, 0x0, 0xdf, 0x90, 0x0,
    0x0, 0x0, 0x0, 0x7f, 0xf4, 0x0, 0x0, 0x0,
    0x0, 0x0, 0xd, 0xf9, 0x0, 0x2, 0xbb, 0xbb,
    0xbc, 0xff, 0xeb, 0xbb, 0xbb, 0xa0, 0x0, 0x0,
    0xdf, 0x90, 0x0, 0x3f, 0xff, 0xff, 0xff, 0xff,
    0xff, 0xff, 0xfe, 0x0, 0x0, 0xd, 0xf9, 0x0,
    0x1, 0x77, 0x7c, 0x77, 0x77, 0x77, 0xb8, 0x77,
    0x60, 0xe, 0xff, 0xff, 0xff, 0xf2, 0x0, 0x1e,
    0xf5, 0x0, 0x0, 0x2f, 0xf6, 0x0, 0x0, 0xef,
    0xff, 0xff, 0xff, 0x20, 0x0, 0x9f, 0xe0, 0x0,
    0xa, 0xfe, 0x10, 0x0, 0x5, 0x66, 0xef, 0xb6,
    0x60, 0x0, 0x1, 0xff, 0x70, 0x2, 0xff, 0x60,
    0x0, 0x0, 0x0, 0xd, 0xf9, 0x0, 0x4, 0x44,
    0x4c, 0xb5, 0x44, 0xcf, 0xe4, 0x44, 0x42, 0x0,
    0x0, 0xdf, 0x90, 0x3, 0xff, 0xff, 0xff, 0xff,
    0xff, 0xff, 0xff, 0xff, 0x90, 0x0, 0xd, 0xf9,
    0x0, 0x3f, 0xff, 0xff, 0xff, 0xff, 0xff, 0xff,
    0xff, 0xf9, 0x0, 0x0, 0xdf, 0x90, 0x30, 0x0,
    0x0, 0x4, 0xeb, 0x20, 0x0, 0x0, 0x0, 0x0,
    0x0, 0xd, 0xfe, 0xef, 0x0, 0x0, 0x0, 0xbf,
    0xe0, 0x0, 0x0, 0x0, 0x0, 0x3, 0x7b, 0xff,
    0xff, 0xf4, 0x33, 0x33, 0x5f, 0xf9, 0x33, 0x33,
    0x33, 0x33, 0x32, 0xff, 0xff, 0xfe, 0x94, 0xbf,
    0xff, 0xff, 0xff, 0xff, 0xff, 0xff, 0xff, 0xfe,
    0xf, 0xfd, 0xef, 0x90, 0xa, 0xff, 0xff, 0xff,
    0xff, 0xff, 0xff, 0xff, 0xff, 0xd0, 0x52, 0xd,
    0xf9, 0x0, 0x0, 0x1, 0xef, 0xb0, 0x0, 0x3,
    0xff, 0x70, 0x0, 0x0, 0x0, 0xdf, 0x90, 0x0,
    0x0, 0xaf, 0xf2, 0x0, 0x0, 0xaf, 0xf2, 0x0,
    0x0, 0x0, 0xd, 0xf9, 0x0, 0x0, 0x6f, 0xfe,
    0x93, 0x0, 0x5f, 0xfa, 0x0, 0x0, 0x0, 0x0,
    0xdf, 0x90, 0x0, 0x4, 0xaf, 0xff, 0xfd, 0x8f,
    0xfe, 0x10, 0x0, 0x0, 0x0, 0xd, 0xf9, 0x0,
    0x0, 0x0, 0x5, 0xbf, 0xff, 0xff, 0x70, 0x0,
    0x0, 0x0, 0x0, 0xdf, 0x90, 0x0, 0x0, 0x0,
    0x27, 0xef, 0xff, 0xff, 0xc5, 0x0, 0x0, 0x36,
    0x6e, 0xf8, 0x0, 0x35, 0x7a, 0xdf, 0xff, 0xf9,
    0x6e, 0xff, 0xfc, 0x30, 0x4, 0xff, 0xff, 0x60,
    0xb, 0xff, 0xff, 0xfd, 0x82, 0x0, 0x6, 0xef,
    0xfd, 0x0, 0xf, 0xfd, 0x80, 0x0, 0x3f, 0xc9,
    0x62, 0x0, 0x0, 0x0, 0x0, 0x8e, 0x20, 0x0,
    0x0, 0x0, 0x0, 0x0, 0x0, 0x0, 0x0, 0x0,
    0x0, 0x0, 0x0, 0x0, 0x0,

    /* U+642D "搭" */
    0x0, 0x5, 0x75, 0x0, 0x0, 0x1, 0x55, 0x0,
    0x0, 0x5, 0x52, 0x0, 0x0, 0x0, 0xb, 0xfc,
    0x0, 0x0, 0x5, 0xff, 0x10, 0x0, 0xe, 0xf8,
    0x0, 0x0, 0x0, 0xb, 0xfc, 0x0, 0x0, 0x5,
    0xff, 0x10, 0x0, 0xe, 0xf8, 0x0, 0x0, 0x0,
    0xb, 0xfc, 0x0, 0xbd, 0xde, 0xff, 0xdd, 0xdd,
    0xdf, 0xfe, 0xdd, 0xd1, 0x0, 0xb, 0xfc, 0x0,
    0xdf, 0xff, 0xff, 0xff, 0xff, 0xff, 0xff, 0xff,
    0xf1, 0x0, 0xb, 0xfc, 0x0, 0x56, 0x69, 0xff,
    0x66, 0x66, 0x6f, 0xfb, 0x66, 0x60, 0xcf, 0xff,
    0xff, 0xff, 0x20, 0x5, 0xff, 0x10, 0x20, 0xe,
    0xf8, 0x0, 0x0, 0xcf, 0xff, 0xff, 0xff, 0x20,
    0x4, 0xff, 0x1a, 0xfc, 0x1e, 0xf8, 0x0, 0x0,
    0x46, 0x6d, 0xfd, 0x66, 0x0, 0x0, 0x0, 0x8f,
    0xfe, 0x20, 0x0, 0x0, 0x0, 0x0, 0xb, 0xfc,
    0x0, 0x0, 0x0, 0x9, 0xff, 0xff, 0xe4, 0x0,
    0x0, 0x0, 0x0, 0xb, 0xfc, 0x0, 0x0, 0x1,
    0xbf, 0xfc, 0x2c, 0xff, 0x90, 0x0, 0x0, 0x0,
    0xb, 0xfc, 0x1, 0x0, 0x4e, 0xff, 0xc0, 0x0,
    0xaf, 0xfe, 0x50, 0x0, 0x0, 0xb, 0xfd, 0xbf,
    0x3b, 0xff, 0xfa, 0x0, 0x0, 0x7, 0xff, 0xfb,
    0x30, 0x0, 0x1d, 0xff, 0xff, 0xff, 0xff, 0xef,
    0xff, 0xff, 0xff, 0xfd, 0xff, 0xf5, 0x5b, 0xff,
    0xff, 0xf9, 0xcf, 0xa1, 0xcf, 0xff, 0xff, 0xff,
    0xe0, 0x7f, 0x90, 0xbf, 0xff, 0xfd, 0x0, 0x13,
    0x0, 0x12, 0x22, 0x22, 0x22, 0x20, 0x1, 0x0,
    0x7f, 0xcd, 0xfc, 0x0, 0x0, 0x0, 0x0, 0x0,
    0x0, 0x0, 0x0, 0x0, 0x0, 0x12, 0xb, 0xfc,
    0x0, 0x0, 0x7f, 0xff, 0xff, 0xff, 0xff, 0xff,
    0xf0, 0x0, 0x0, 0xb, 0xfc, 0x0, 0x0, 0x8f,
    0xff, 0xff, 0xff, 0xff, 0xff, 0xf0, 0x0, 0x0,
    0xb, 0xfc, 0x0, 0x0, 0x8f, 0xe3, 0x33, 0x33,
    0x33, 0x9f, 0xf0, 0x0, 0x0, 0xb, 0xfc, 0x0,
    0x0, 0x8f, 0xe0, 0x0, 0x0, 0x0, 0x8f, 0xf0,
    0x0, 0x0, 0xb, 0xfc, 0x0, 0x0, 0x8f, 0xe0,
    0x0, 0x0, 0x0, 0x8f, 0xf0, 0x0, 0x0, 0xb,
    0xfc, 0x0, 0x0, 0x8f, 0xe1, 0x11, 0x11, 0x11,
    0x8f, 0xf0, 0x0, 0x59, 0x9f, 0xfb, 0x0, 0x0,
    0x8f, 0xff, 0xff, 0xff, 0xff, 0xff, 0xf0, 0x0,
    0x4f, 0xff, 0xf7, 0x0, 0x0, 0x8f, 0xff, 0xff,
    0xff, 0xff, 0xff, 0xf0, 0x0, 0xe, 0xdc, 0x70,
    0x0, 0x0, 0x8f, 0xe2, 0x22, 0x22, 0x22, 0x9f,
    0xf0, 0x0,

    /* U+6444 "摄" */
    0x0, 0x0, 0x34, 0x20, 0x0, 0x0, 0x0, 0x0,
    0x0, 0x0, 0x0, 0x0, 0x0, 0x0, 0x0, 0xe,
    0xf7, 0x0, 0x11, 0x11, 0x11, 0x11, 0x11, 0x11,
    0x11, 0x11, 0x10, 0x0, 0x0, 0xef, 0x70, 0x1f,
    0xff, 0xff, 0xff, 0xff, 0xff, 0xff, 0xff, 0xff,
    0x20, 0x0, 0xe, 0xf7, 0x0, 0xdd, 0xff, 0xdd,
    0xdd, 0xdd, 0xdd, 0xef, 0xfd, 0xd2, 0x0, 0x0,
    0xef, 0x70, 0x0, 0xf, 0xf4, 0x0, 0x0, 0x0,
    0x7, 0xfd, 0x0, 0x0, 0x8a, 0xaf, 0xfc, 0xa8,
    0x0, 0xff, 0xff, 0xff, 0xff, 0xff, 0xff, 0xd0,
    0x0, 0xd, 0xff, 0xff, 0xff, 0xe0, 0xf, 0xfb,
    0x99, 0x99, 0x99, 0x9c, 0xfd, 0x0, 0x0, 0xce,
    0xef, 0xff, 0xec, 0x0, 0xff, 0x40, 0x0, 0x0,
    0x0, 0x7f, 0xd0, 0x0, 0x0, 0x0, 0xef, 0x70,
    0x0, 0xf, 0xfb, 0x99, 0x99, 0x99, 0x9c, 0xfd,
    0x0, 0x0, 0x0, 0xe, 0xf7, 0x0, 0x0, 0xff,
    0xff, 0xff, 0xff, 0xff, 0xff, 0xd0, 0x0, 0x0,
    0x0, 0xef, 0x70, 0x0, 0xf, 0xf4, 0x0, 0x0,
    0x0, 0x7, 0xfd, 0x0, 0x0, 0x0, 0xe, 0xf7,
    0x0, 0x1, 0xff, 0x63, 0x34, 0x45, 0x66, 0xbf,
    0xfa, 0xa5, 0x0, 0x0, 0xef, 0xbb, 0x8a, 0xff,
    0xff, 0xff, 0xff, 0xff, 0xff, 0xff, 0xff, 0x70,
    0x0, 0x4f, 0xff, 0xfc, 0x7f, 0xee, 0xdc, 0xba,
    0xa9, 0x87, 0xbf, 0xe3, 0x31, 0x19, 0xef, 0xff,
    0xe7, 0x10, 0x0, 0x0, 0x0, 0x0, 0x0, 0x4,
    0xa8, 0x0, 0x0, 0xef, 0xff, 0xf7, 0x7, 0xff,
    0xff, 0xff, 0xe9, 0xff, 0xff, 0xff, 0xff, 0xc0,
    0x9, 0x82, 0xef, 0x70, 0x8f, 0xff, 0xff, 0xff,
    0x9f, 0xff, 0xff, 0xff, 0xfb, 0x0, 0x0, 0xe,
    0xf7, 0x0, 0x21, 0x11, 0x4f, 0xf1, 0x6f, 0xb1,
    0x11, 0xdf, 0x50, 0x0, 0x0, 0xef, 0x70, 0x1d,
    0xb1, 0xb, 0xfa, 0x0, 0xef, 0x20, 0x5f, 0xe0,
    0x0, 0x0, 0xe, 0xf7, 0x3, 0xef, 0xe9, 0xff,
    0x10, 0x7, 0xfc, 0x2e, 0xf5, 0x0, 0x0, 0x0,
    0xef, 0x70, 0x1, 0xaf, 0xff, 0x70, 0x0, 0xe,
    0xfe, 0xfb, 0x0, 0x0, 0x0, 0xe, 0xf7, 0x0,
    0x2, 0xef, 0xfd, 0x20, 0x0, 0x6f, 0xfe, 0x10,
    0x0, 0x0, 0x0, 0xef, 0x70, 0x4, 0xef, 0xed,
    0xfe, 0x10, 0x6f, 0xff, 0xfb, 0x10, 0x0, 0x36,
    0x6f, 0xf7, 0x8, 0xff, 0xe2, 0xb, 0x85, 0xcf,
    0xfb, 0x9f, 0xfe, 0x81, 0x4, 0xff, 0xff, 0x49,
    0xff, 0xb1, 0x0, 0x8, 0xff, 0xf7, 0x0, 0x6f,
    0xff, 0x70, 0xf, 0xfd, 0x70, 0xc, 0x50, 0x0,
    0x0, 0xd, 0x81, 0x0, 0x0, 0x2a, 0xb0, 0x0,
    0x0, 0x0, 0x0, 0x0, 0x0, 0x0, 0x0, 0x0,
    0x0, 0x0, 0x0, 0x0, 0x0,

    /* U+64AD "播" */
    0x0, 0x0, 0x37, 0x60, 0x0, 0x0, 0x0, 0x0,
    0x0, 0x0, 0x0, 0x3, 0x10, 0x0, 0x0, 0x0,
    0x7f, 0xe0, 0x0, 0x0, 0x0, 0x23, 0x46, 0x79,
    0xbe, 0xff, 0xa0, 0x0, 0x0, 0x0, 0x7f, 0xe0,
    0x0, 0x9e, 0xff, 0xff, 0xff, 0xff, 0xff, 0xfe,
    0xb2, 0x0, 0x0, 0x0, 0x7f, 0xe0, 0x0, 0x6f,
    0xff, 0xed, 0xcf, 0xf9, 0x53, 0x53, 0x0, 0x0,
    0x0, 0x0, 0x7f, 0xe0, 0x0, 0x0, 0x7c, 0x20,
    0x1f, 0xf4, 0x0, 0xef, 0x80, 0x0, 0x0, 0x0,
    0x7f, 0xe0, 0x0, 0x0, 0xcf, 0xa0, 0x1f, 0xf4,
    0x5, 0xff, 0x10, 0x0, 0xa, 0xee, 0xff, 0xfe,
    0xea, 0x0, 0x5f, 0xf1, 0x1f, 0xf4, 0xc, 0xf9,
    0x0, 0x0, 0xb, 0xff, 0xff, 0xff, 0xfb, 0x22,
    0x2f, 0xb4, 0x3f, 0xf5, 0x5f, 0xf4, 0x22, 0x10,
    0x6, 0x99, 0xcf, 0xf9, 0x97, 0xff, 0xff, 0xff,
    0xff, 0xff, 0xff, 0xff, 0xff, 0x80, 0x0, 0x0,
    0x7f, 0xe0, 0x1, 0xff, 0xff, 0xff, 0xff, 0xff,
    0xff, 0xff, 0xff, 0x80, 0x0, 0x0, 0x7f, 0xe0,
    0x0, 0x0, 0x0, 0xaf, 0xff, 0xfe, 0xfd, 0x10,
    0x0, 0x0, 0x0, 0x0, 0x7f, 0xe0, 0x0, 0x0,
    0xb, 0xff, 0x6f, 0xf5, 0xdf, 0xe3, 0x0, 0x0,
    0x0, 0x0, 0x7f, 0xe3, 0x94, 0x4, 0xdf, 0xf5,
    0x1f, 0xf4, 0x1d, 0xff, 0x80, 0x0, 0x0, 0x0,
    0x8f, 0xff, 0xfa, 0xbf, 0xfe, 0x40, 0x1f, 0xf4,
    0x1, 0xbf, 0xfe, 0x70, 0x5, 0xae, 0xff, 0xff,
    0xce, 0xff, 0xb1, 0x0, 0x19, 0x92, 0x0, 0x6,
    0xff, 0xb0, 0xf, 0xff, 0xff, 0xf2, 0x3, 0xdd,
    0xee, 0xee, 0xee, 0xee, 0xee, 0xee, 0xfa, 0x10,
    0xc, 0xf9, 0xaf, 0xe0, 0x0, 0xa, 0xff, 0xff,
    0xff, 0xff, 0xff, 0xff, 0xf2, 0x0, 0x2, 0x0,
    0x7f, 0xe0, 0x0, 0xa, 0xfa, 0x0, 0x2f, 0xf2,
    0x0, 0x4f, 0xf2, 0x0, 0x0, 0x0, 0x7f, 0xe0,
    0x0, 0xa, 0xfa, 0x0, 0x1f, 0xf1, 0x0, 0x4f,
    0xf2, 0x0, 0x0, 0x0, 0x7f, 0xe0, 0x0, 0xa,
    0xff, 0xdd, 0xdf, 0xfd, 0xdd, 0xdf, 0xf2, 0x0,
    0x0, 0x0, 0x7f, 0xe0, 0x0, 0xa, 0xff, 0xff,
    0xff, 0xff, 0xff, 0xff, 0xf2, 0x0, 0x0, 0x0,
    0x7f, 0xe0, 0x0, 0xa, 0xfa, 0x0, 0x2f, 0xf2,
    0x0, 0x4f, 0xf2, 0x0, 0x0, 0x0, 0x7f, 0xe0,
    0x0, 0xa, 0xfa, 0x0, 0x1f, 0xf1, 0x0, 0x4f,
    0xf2, 0x0, 0x1, 0x33, 0x9f, 0xe0, 0x0, 0xa,
    0xff, 0xdd, 0xdf, 0xfd, 0xdd, 0xef, 0xf2, 0x0,
    0x2, 0xff, 0xff, 0xc0, 0x0, 0xa, 0xff, 0xff,
    0xff, 0xff, 0xff, 0xff, 0xf2, 0x0, 0x0, 0xdf,
    0xfd, 0x30, 0x0, 0xa, 0xfa, 0x0, 0x0, 0x0,
    0x0, 0x4f, 0xf2, 0x0, 0x0, 0x22, 0x10, 0x0,
    0x0, 0x1, 0x21, 0x0, 0x0, 0x0, 0x0, 0x0,
    0x0, 0x0,

    /* U+6536 "收" */
    0x0, 0x0, 0x0, 0x0, 0x44, 0x20, 0x0, 0xa,
    0x84, 0x0, 0x0, 0x0, 0x0, 0x0, 0x0, 0x0,
    0x1, 0xff, 0x80, 0x0, 0x2f, 0xf9, 0x0, 0x0,
    0x0, 0x0, 0x0, 0x0, 0x0, 0x1, 0xff, 0x80,
    0x0, 0x5f, 0xf5, 0x0, 0x0, 0x0, 0x0, 0x3,
    0x88, 0x0, 0x1, 0xff, 0x80, 0x0, 0x8f, 0xf2,
    0x0, 0x0, 0x0, 0x0, 0x7, 0xff, 0x10, 0x1,
    0xff, 0x80, 0x0, 0xcf, 0xe0, 0x0, 0x0, 0x0,
    0x0, 0x7, 0xff, 0x10, 0x1, 0xff, 0x80, 0x1,
    0xff, 0xc3, 0x33, 0x33, 0x33, 0x32, 0x7, 0xff,
    0x10, 0x1, 0xff, 0x80, 0x6, 0xff, 0xff, 0xff,
    0xff, 0xff, 0xfb, 0x7, 0xff, 0x10, 0x1, 0xff,
    0x80, 0xb, 0xff, 0xff, 0xff, 0xff, 0xff, 0xfb,
    0x7, 0xff, 0x10, 0x1, 0xff, 0x80, 0x1f, 0xfd,
    0x44, 0x44, 0x4d, 0xfd, 0x43, 0x7, 0xff, 0x10,
    0x1, 0xff, 0x80, 0x8f, 0xfe, 0x0, 0x0, 0xf,
    0xf9, 0x0, 0x7, 0xff, 0x10, 0x1, 0xff, 0x82,
    0xff, 0xff, 0x30, 0x0, 0x3f, 0xf6, 0x0, 0x7,
    0xff, 0x10, 0x1, 0xff, 0x8b, 0xff, 0xff, 0x80,
    0x0, 0x7f, 0xf2, 0x0, 0x7, 0xff, 0x10, 0x1,
    0xff, 0xbf, 0xfd, 0x8f, 0xd0, 0x0, 0xbf, 0xd0,
    0x0, 0x7, 0xff, 0x10, 0x1, 0xff, 0x87, 0xf4,
    0x1f, 0xf4, 0x0, 0xff, 0x90, 0x0, 0x7, 0xff,
    0x10, 0x1, 0xff, 0x80, 0x40, 0xb, 0xfb, 0x6,
    0xff, 0x40, 0x0, 0x7, 0xff, 0x10, 0x1, 0xff,
    0x80, 0x0, 0x5, 0xff, 0x3c, 0xfd, 0x0, 0x0,
    0x7, 0xff, 0x11, 0x6b, 0xff, 0x80, 0x0, 0x0,
    0xdf, 0xdf, 0xf7, 0x0, 0x0, 0x8, 0xff, 0xdf,
    0xff, 0xff, 0x80, 0x0, 0x0, 0x5f, 0xff, 0xe0,
    0x0, 0x0, 0x2e, 0xff, 0xff, 0xfd, 0xff, 0x80,
    0x0, 0x0, 0xd, 0xff, 0x70, 0x0, 0x0, 0x2f,
    0xff, 0xd7, 0x21, 0xff, 0x80, 0x0, 0x0, 0x4f,
    0xff, 0xb0, 0x0, 0x0, 0xb, 0xa3, 0x0, 0x1,
    0xff, 0x80, 0x0, 0x2, 0xef, 0xff, 0xfa, 0x0,
    0x0, 0x0, 0x0, 0x0, 0x1, 0xff, 0x80, 0x0,
    0x3e, 0xff, 0x7c, 0xff, 0xa0, 0x0, 0x0, 0x0,
    0x0, 0x1, 0xff, 0x80, 0x7, 0xff, 0xf7, 0x1,
    0xdf, 0xfc, 0x20, 0x0, 0x0, 0x0, 0x1, 0xff,
    0x84, 0xdf, 0xff, 0x70, 0x0, 0x1d, 0xff, 0xf7,
    0x0, 0x0, 0x0, 0x1, 0xff, 0x86, 0xff, 0xe4,
    0x0, 0x0, 0x1, 0xbf, 0xf4, 0x0, 0x0, 0x0,
    0x1, 0xff, 0x80, 0x99, 0x10, 0x0, 0x0, 0x0,
    0x6, 0x60, 0x0, 0x0, 0x0, 0x0, 0x0, 0x0,
    0x0, 0x0, 0x0, 0x0, 0x0, 0x0, 0x0,

    /* U+6545 "故" */
    0x0, 0x0, 0x7, 0x75, 0x0, 0x0, 0x0, 0x5,
    0x42, 0x0, 0x0, 0x0, 0x0, 0x0, 0x0, 0x0,
    0xff, 0xa0, 0x0, 0x0, 0x0, 0xef, 0xc0, 0x0,
    0x0, 0x0, 0x0, 0x0, 0x0, 0xf, 0xfa, 0x0,
    0x0, 0x0, 0x1f, 0xf9, 0x0, 0x0, 0x0, 0x0,
    0x0, 0x0, 0x0, 0xff, 0xa0, 0x0, 0x0, 0x5,
    0xff, 0x50, 0x0, 0x0, 0x0, 0x0, 0x0, 0x0,
    0xf, 0xfa, 0x0, 0x0, 0x0, 0xaf, 0xf1, 0x0,
    0x0, 0x0, 0x0, 0x2, 0x33, 0x33, 0xff, 0xb3,
    0x33, 0x31, 0xe, 0xfe, 0x77, 0x77, 0x77, 0x77,
    0x60, 0xef, 0xff, 0xff, 0xff, 0xff, 0xff, 0x64,
    0xff, 0xff, 0xff, 0xff, 0xff, 0xfe, 0xe, 0xff,
    0xff, 0xff, 0xff, 0xff, 0xf6, 0xaf, 0xff, 0xff,
    0xff, 0xff, 0xff, 0xe0, 0x23, 0x33, 0x3f, 0xfb,
    0x33, 0x33, 0x2f, 0xff, 0x10, 0x0, 0xd, 0xfd,
    0x0, 0x0, 0x0, 0x0, 0xff, 0xa0, 0x0, 0x8,
    0xff, 0xf4, 0x0, 0x0, 0xff, 0x90, 0x0, 0x0,
    0x0, 0xf, 0xfa, 0x0, 0x2, 0xff, 0xff, 0x80,
    0x0, 0x3f, 0xf6, 0x0, 0x0, 0x0, 0x0, 0xff,
    0xa0, 0x0, 0xcf, 0xff, 0xfc, 0x0, 0x7, 0xff,
    0x20, 0x0, 0x0, 0x11, 0x1f, 0xfb, 0x11, 0x5f,
    0xfc, 0x7f, 0xf1, 0x0, 0xbf, 0xe0, 0x0, 0x0,
    0xcf, 0xff, 0xff, 0xff, 0xff, 0xae, 0x32, 0xff,
    0x60, 0x1f, 0xf9, 0x0, 0x0, 0xc, 0xff, 0xff,
    0xff, 0xff, 0xf7, 0x0, 0xd, 0xfc, 0x6, 0xff,
    0x40, 0x0, 0x0, 0xcf, 0xc6, 0x66, 0x66, 0xff,
    0x70, 0x0, 0x8f, 0xf3, 0xdf, 0xd0, 0x0, 0x0,
    0xc, 0xfa, 0x0, 0x0, 0xf, 0xf7, 0x0, 0x1,
    0xff, 0xef, 0xf7, 0x0, 0x0, 0x0, 0xcf, 0xa0,
    0x0, 0x0, 0xff, 0x70, 0x0, 0x9, 0xff, 0xfe,
    0x0, 0x0, 0x0, 0xc, 0xfa, 0x0, 0x0, 0xf,
    0xf7, 0x0, 0x0, 0x2f, 0xff, 0x60, 0x0, 0x0,
    0x0, 0xcf, 0xa0, 0x0, 0x0, 0xff, 0x70, 0x0,
    0x6, 0xff, 0xf8, 0x0, 0x0, 0x0, 0xc, 0xfb,
    0x33, 0x33, 0x4f, 0xf7, 0x0, 0x6, 0xff, 0xff,
    0xf5, 0x0, 0x0, 0x0, 0xcf, 0xff, 0xff, 0xff,
    0xff, 0x70, 0x8, 0xff, 0xf8, 0xff, 0xf5, 0x0,
    0x0, 0xc, 0xff, 0xff, 0xff, 0xff, 0xf7, 0x3d,
    0xff, 0xf4, 0x7, 0xff, 0xf8, 0x0, 0x0, 0xcf,
    0xb3, 0x33, 0x33, 0x37, 0xdf, 0xff, 0xe3, 0x0,
    0x8, 0xff, 0xfd, 0x50, 0xc, 0xfa, 0x0, 0x0,
    0x0, 0x6f, 0xff, 0xa1, 0x0, 0x0, 0x6, 0xff,
    0xf9, 0x0, 0x0, 0x0, 0x0, 0x0, 0x0, 0xcc,
    0x40, 0x0, 0x0, 0x0, 0x3, 0xcb, 0x0, 0x0,
    0x0, 0x0, 0x0, 0x0, 0x1, 0x0, 0x0, 0x0,
    0x0, 0x0, 0x0, 0x10, 0x0,

    /* U+6548 "效" */
    0x0, 0x0, 0x0, 0x31, 0x0, 0x0, 0x0, 0x0,
    0x5, 0x30, 0x0, 0x0, 0x0, 0x0, 0x0, 0x0,
    0xcf, 0xb0, 0x0, 0x0, 0x0, 0x1, 0xff, 0x60,
    0x0, 0x0, 0x0, 0x0, 0x0, 0x6, 0xff, 0x50,
    0x0, 0x0, 0x0, 0x4f, 0xf3, 0x0, 0x0, 0x0,
    0x0, 0x0, 0x0, 0xd, 0xfd, 0x0, 0x0, 0x0,
    0x7, 0xff, 0x0, 0x0, 0x0, 0x0, 0x17, 0x77,
    0x77, 0xbe, 0x87, 0x77, 0x75, 0x0, 0xbf, 0xc0,
    0x0, 0x0, 0x0, 0x2, 0xff, 0xff, 0xff, 0xff,
    0xff, 0xff, 0xb0, 0xf, 0xfc, 0x77, 0x77, 0x77,
    0x60, 0x2e, 0xee, 0xee, 0xee, 0xee, 0xee, 0xea,
    0x3, 0xff, 0xff, 0xff, 0xff, 0xfd, 0x0, 0x0,
    0x37, 0x30, 0x0, 0x58, 0x0, 0x0, 0x8f, 0xff,
    0xff, 0xff, 0xff, 0xd0, 0x0, 0xb, 0xfd, 0x0,
    0x4f, 0xf5, 0x0, 0xe, 0xfa, 0x0, 0x3, 0xff,
    0x40, 0x0, 0x3, 0xff, 0x60, 0x0, 0x9f, 0xf2,
    0x3, 0xff, 0x50, 0x0, 0x6f, 0xf1, 0x0, 0x0,
    0xcf, 0xd0, 0x0, 0x0, 0xef, 0xc0, 0xbf, 0xf6,
    0x0, 0x8, 0xfe, 0x0, 0x0, 0x6f, 0xf5, 0x0,
    0x1, 0x15, 0xff, 0x8f, 0xff, 0xb0, 0x0, 0xcf,
    0xb0, 0x0, 0x2f, 0xfb, 0x0, 0x0, 0xbf, 0xcc,
    0xdf, 0xff, 0xff, 0x0, 0xf, 0xf7, 0x0, 0x8,
    0xff, 0x4d, 0xa0, 0xf, 0xf8, 0x21, 0xef, 0xaf,
    0xf4, 0x5, 0xff, 0x30, 0x0, 0x8, 0x59, 0xff,
    0x95, 0xff, 0x30, 0x3, 0xd0, 0xcf, 0xa0, 0xaf,
    0xe0, 0x0, 0x0, 0x0, 0xa, 0xff, 0xff, 0xd0,
    0x0, 0x0, 0x7, 0xff, 0x2f, 0xf8, 0x0, 0x0,
    0x0, 0x0, 0xb, 0xff, 0xf6, 0x0, 0x0, 0x0,
    0x1f, 0xfd, 0xff, 0x30, 0x0, 0x0, 0x0, 0x0,
    0xe, 0xff, 0x60, 0x0, 0x0, 0x0, 0x9f, 0xff,
    0xb0, 0x0, 0x0, 0x0, 0x0, 0x6, 0xff, 0xff,
    0x30, 0x0, 0x0, 0x2, 0xff, 0xf3, 0x0, 0x0,
    0x0, 0x0, 0x2, 0xef, 0xef, 0xfe, 0x10, 0x0,
    0x0, 0x4f, 0xff, 0x40, 0x0, 0x0, 0x0, 0x0,
    0xdf, 0xf3, 0x8f, 0xfb, 0x0, 0x0, 0x2e, 0xff,
    0xfe, 0x10, 0x0, 0x0, 0x0, 0xcf, 0xf7, 0x0,
    0xcf, 0xf5, 0x0, 0x2e, 0xff, 0xaf, 0xfd, 0x10,
    0x0, 0x2, 0xdf, 0xfa, 0x0, 0x2, 0xfa, 0x0,
    0x5e, 0xff, 0x60, 0xaf, 0xfd, 0x10, 0x4, 0xff,
    0xfa, 0x0, 0x0, 0x3, 0x1, 0xaf, 0xff, 0x60,
    0x0, 0xcf, 0xfe, 0x50, 0x1d, 0xf9, 0x0, 0x0,
    0x0, 0x3, 0xff, 0xfe, 0x40, 0x0, 0x1, 0xcf,
    0xfd, 0x10, 0x25, 0x0, 0x0, 0x0, 0x0, 0x8,
    0xfa, 0x10, 0x0, 0x0, 0x0, 0xaf, 0x20, 0x0,
    0x0, 0x0, 0x0, 0x0, 0x0, 0x3, 0x0, 0x0,
    0x0, 0x0, 0x0, 0x10, 0x0,

    /* U+6570 "数" */
    0x0, 0x0, 0x0, 0x44, 0x10, 0x0, 0x0, 0x0,
    0x0, 0x0, 0x0, 0x0, 0x0, 0x0, 0x5, 0x40,
    0xf, 0xf6, 0x0, 0xa4, 0x0, 0xb, 0xe9, 0x0,
    0x0, 0x0, 0x0, 0x6, 0xfe, 0x0, 0xff, 0x60,
    0x7f, 0xf2, 0x0, 0xef, 0x80, 0x0, 0x0, 0x0,
    0x0, 0xe, 0xf7, 0xf, 0xf6, 0x1e, 0xf6, 0x0,
    0xf, 0xf6, 0x0, 0x0, 0x0, 0x0, 0x0, 0x6f,
    0xd0, 0xff, 0x68, 0xfb, 0x0, 0x3, 0xff, 0x20,
    0x0, 0x0, 0x0, 0x1, 0x34, 0xb5, 0x3f, 0xf8,
    0x39, 0x43, 0x30, 0x7f, 0xf0, 0x0, 0x0, 0x0,
    0x0, 0x8f, 0xff, 0xff, 0xff, 0xff, 0xff, 0xfe,
    0xb, 0xff, 0xff, 0xff, 0xff, 0xf8, 0x7, 0xdd,
    0xdd, 0xff, 0xff, 0xed, 0xdd, 0xc0, 0xff, 0xff,
    0xff, 0xff, 0xff, 0x80, 0x0, 0x0, 0x6f, 0xff,
    0xfd, 0x40, 0x0, 0x4f, 0xfb, 0x66, 0x6d, 0xfc,
    0x63, 0x0, 0x0, 0x7f, 0xff, 0xfd, 0xff, 0xa1,
    0xa, 0xff, 0xa0, 0x0, 0xef, 0x80, 0x0, 0x1,
    0xaf, 0xf7, 0xff, 0x65, 0xff, 0xd1, 0xff, 0xfe,
    0x0, 0x1f, 0xf5, 0x0, 0x7, 0xef, 0xf6, 0xf,
    0xf6, 0x2, 0xd4, 0x8f, 0xff, 0xf2, 0x4, 0xff,
    0x20, 0x0, 0x5f, 0xe4, 0x0, 0xff, 0x60, 0x0,
    0x2f, 0xfa, 0xef, 0x60, 0x7f, 0xe0, 0x0, 0x0,
    0x50, 0x0, 0x98, 0x30, 0x0, 0x6, 0xff, 0x29,
    0xfb, 0xc, 0xfb, 0x0, 0x0, 0x2, 0x22, 0x4f,
    0xf6, 0x22, 0x23, 0x3, 0x60, 0x5f, 0xf3, 0xff,
    0x60, 0x0, 0x0, 0xff, 0xff, 0xff, 0xff, 0xff,
    0xfd, 0x0, 0x0, 0xff, 0xdf, 0xf1, 0x0, 0x0,
    0xf, 0xff, 0xff, 0xff, 0xff, 0xff, 0x90, 0x0,
    0x9, 0xff, 0xfb, 0x0, 0x0, 0x0, 0x0, 0xbf,
    0xc0, 0x0, 0x3f, 0xf3, 0x0, 0x0, 0x3f, 0xff,
    0x40, 0x0, 0x0, 0x0, 0x5f, 0xf4, 0x0, 0xc,
    0xfb, 0x0, 0x0, 0x0, 0xff, 0xf0, 0x0, 0x0,
    0x0, 0xd, 0xff, 0xe7, 0x9, 0xff, 0x20, 0x0,
    0x0, 0x9f, 0xff, 0x80, 0x0, 0x0, 0x0, 0x6,
    0xef, 0xff, 0xff, 0x50, 0x0, 0x0, 0x5f, 0xff,
    0xff, 0x30, 0x0, 0x0, 0x0, 0x0, 0x8f, 0xff,
    0xf5, 0x0, 0x0, 0x5f, 0xfd, 0x3f, 0xfe, 0x20,
    0x0, 0x0, 0x1, 0x8f, 0xff, 0xff, 0xf9, 0x0,
    0x8f, 0xfe, 0x20, 0x5f, 0xfe, 0x30, 0x0, 0x5a,
    0xff, 0xfd, 0x31, 0xaf, 0x34, 0xcf, 0xfe, 0x20,
    0x0, 0x8f, 0xff, 0x70, 0x8f, 0xff, 0xe7, 0x0,
    0x0, 0x11, 0xff, 0xfc, 0x10, 0x0, 0x0, 0x7f,
    0xf9, 0x0, 0xda, 0x50, 0x0, 0x0, 0x0, 0x7,
    0xf7, 0x0, 0x0, 0x0, 0x0, 0x4b, 0x0, 0x0,
    0x0, 0x0, 0x0, 0x0, 0x0, 0x1, 0x0, 0x0,
    0x0, 0x0, 0x0, 0x0, 0x0,

    /* U+6574 "整" */
    0x0, 0x0, 0x0, 0x17, 0x70, 0x0, 0x0, 0x0,
    0x3, 0x40, 0x0, 0x0, 0x0, 0x0, 0x0, 0x0,
    0x3, 0xff, 0x20, 0x0, 0x0, 0x0, 0xcf, 0xc0,
    0x0, 0x0, 0x0, 0x7, 0xff, 0xff, 0xff, 0xff,
    0xff, 0xff, 0x40, 0x1f, 0xf7, 0x0, 0x0, 0x0,
    0x0, 0x8f, 0xff, 0xff, 0xff, 0xff, 0xff, 0xf4,
    0x9, 0xff, 0x98, 0x88, 0x88, 0x82, 0x0, 0x0,
    0x0, 0x3f, 0xf2, 0x0, 0x0, 0x1, 0xff, 0xff,
    0xff, 0xff, 0xff, 0x50, 0x8, 0xaa, 0xab, 0xff,
    0xba, 0xaa, 0x70, 0xbf, 0xfc, 0xbb, 0xbf, 0xfe,
    0xb3, 0x0, 0xcf, 0xff, 0xff, 0xff, 0xff, 0xfb,
    0x8f, 0xff, 0x80, 0x1, 0xff, 0x40, 0x0, 0xc,
    0xf4, 0x3, 0xff, 0x20, 0x8f, 0xdf, 0xfd, 0xff,
    0x30, 0x8f, 0xe0, 0x0, 0x0, 0xcf, 0xb9, 0xaf,
    0xf9, 0x9c, 0xfb, 0x3c, 0x19, 0xfe, 0x5f, 0xf7,
    0x0, 0x0, 0xc, 0xff, 0xff, 0xff, 0xff, 0xff,
    0xb0, 0x0, 0x1d, 0xff, 0xfc, 0x0, 0x0, 0x0,
    0x0, 0x8, 0xff, 0xf9, 0xd4, 0x0, 0x0, 0x0,
    0x5f, 0xff, 0x40, 0x0, 0x0, 0x0, 0x9, 0xff,
    0xff, 0xcf, 0xf9, 0x0, 0x0, 0x7f, 0xff, 0xff,
    0x50, 0x0, 0x0, 0x3d, 0xfe, 0x6f, 0xf2, 0x5e,
    0xf6, 0x5, 0xcf, 0xfe, 0x7f, 0xff, 0xb4, 0x0,
    0xaf, 0xfe, 0x23, 0xff, 0x20, 0x1a, 0x1d, 0xff,
    0xfb, 0x10, 0x2d, 0xff, 0xf6, 0x3, 0xfb, 0x10,
    0x2e, 0xe1, 0x0, 0x0, 0x5f, 0xc4, 0x0, 0x0,
    0x19, 0xfd, 0x0, 0x1, 0x55, 0x55, 0x55, 0x55,
    0x55, 0x55, 0x85, 0x55, 0x55, 0x55, 0x55, 0x20,
    0x0, 0xf, 0xff, 0xff, 0xff, 0xff, 0xff, 0xff,
    0xff, 0xff, 0xff, 0xff, 0xc0, 0x0, 0x0, 0xdd,
    0xdd, 0xdd, 0xdd, 0xde, 0xff, 0xdd, 0xdd, 0xdd,
    0xdd, 0xd9, 0x0, 0x0, 0x0, 0x2, 0x55, 0x0,
    0x0, 0x7f, 0xf2, 0x0, 0x0, 0x0, 0x0, 0x0,
    0x0, 0x0, 0x0, 0x6f, 0xf1, 0x0, 0x7, 0xff,
    0xdd, 0xdd, 0xdd, 0xda, 0x0, 0x0, 0x0, 0x0,
    0x6, 0xff, 0x10, 0x0, 0x7f, 0xff, 0xff, 0xff,
    0xff, 0xd0, 0x0, 0x0, 0x0, 0x0, 0x6f, 0xf1,
    0x0, 0x7, 0xff, 0x53, 0x33, 0x33, 0x32, 0x0,
    0x0, 0x0, 0x0, 0x6, 0xff, 0x10, 0x0, 0x7f,
    0xf2, 0x0, 0x0, 0x0, 0x0, 0x0, 0x0, 0xce,
    0xee, 0xff, 0xfe, 0xee, 0xef, 0xff, 0xee, 0xee,
    0xee, 0xee, 0xee, 0xe6, 0xd, 0xff, 0xff, 0xff,
    0xff, 0xff, 0xff, 0xff, 0xff, 0xff, 0xff, 0xff,
    0xff, 0x60, 0x34, 0x44, 0x44, 0x44, 0x44, 0x44,
    0x44, 0x44, 0x44, 0x44, 0x44, 0x44, 0x41,

    /* U+6587 "文" */
    0x0, 0x0, 0x0, 0x0, 0x0, 0x0, 0x47, 0x0,
    0x0, 0x0, 0x0, 0x0, 0x0, 0x0, 0x0, 0x0,
    0x0, 0x0, 0x0, 0xdf, 0xf4, 0x0, 0x0, 0x0,
    0x0, 0x0, 0x0, 0x0, 0x0, 0x0, 0x0, 0x0,
    0x6, 0xff, 0xd0, 0x0, 0x0, 0x0, 0x0, 0x0,
    0x0, 0x0, 0x0, 0x0, 0x0, 0x0, 0xe, 0xff,
    0x40, 0x0, 0x0, 0x0, 0x0, 0x0, 0x0, 0x0,
    0x0, 0x0, 0x0, 0x0, 0x8f, 0xf8, 0x0, 0x0,
    0x0, 0x0, 0x0, 0x2, 0x99, 0x99, 0x99, 0x99,
    0x99, 0x9a, 0xea, 0x99, 0x99, 0x99, 0x99, 0x99,
    0x70, 0x4f, 0xff, 0xff, 0xff, 0xff, 0xff, 0xff,
    0xff, 0xff, 0xff, 0xff, 0xff, 0xfd, 0x4, 0xff,
    0xff, 0xff, 0xff, 0xff, 0xff, 0xff, 0xff, 0xff,
    0xff, 0xff, 0xff, 0xd0, 0x0, 0x0, 0xc, 0xfe,
    0x0, 0x0, 0x0, 0x0, 0x0, 0xaf, 0xf4, 0x0,
    0x0, 0x0, 0x0, 0x0, 0x5f, 0xf7, 0x0, 0x0,
    0x0, 0x0, 0x1f, 0xfe, 0x0, 0x0, 0x0, 0x0,
    0x0, 0x0, 0xef, 0xe0, 0x0, 0x0, 0x0, 0x7,
    0xff, 0x70, 0x0, 0x0, 0x0, 0x0, 0x0, 0x6,
    0xff, 0x80, 0x0, 0x0, 0x1, 0xff, 0xf1, 0x0,
    0x0, 0x0, 0x0, 0x0, 0x0, 0xd, 0xff, 0x20,
    0x0, 0x0, 0x9f, 0xf7, 0x0, 0x0, 0x0, 0x0,
    0x0, 0x0, 0x0, 0x4f, 0xfc, 0x0, 0x0, 0x3f,
    0xfe, 0x0, 0x0, 0x0, 0x0, 0x0, 0x0, 0x0,
    0x0, 0xaf, 0xf8, 0x0, 0xd, 0xff, 0x50, 0x0,
    0x0, 0x0, 0x0, 0x0, 0x0, 0x0, 0x1, 0xef,
    0xf5, 0xb, 0xff, 0xa0, 0x0, 0x0, 0x0, 0x0,
    0x0, 0x0, 0x0, 0x0, 0x4, 0xff, 0xfb, 0xff,
    0xd1, 0x0, 0x0, 0x0, 0x0, 0x0, 0x0, 0x0,
    0x0, 0x0, 0x6, 0xff, 0xff, 0xe2, 0x0, 0x0,
    0x0, 0x0, 0x0, 0x0, 0x0, 0x0, 0x0, 0x0,
    0x1d, 0xff, 0xfa, 0x0, 0x0, 0x0, 0x0, 0x0,
    0x0, 0x0, 0x0, 0x0, 0x0, 0x3e, 0xff, 0xff,
    0xfb, 0x10, 0x0, 0x0, 0x0, 0x0, 0x0, 0x0,
    0x0, 0x1, 0x9f, 0xff, 0xd8, 0xff, 0xfe, 0x60,
    0x0, 0x0, 0x0, 0x0, 0x0, 0x0, 0x18, 0xff,
    0xff, 0xa0, 0x3, 0xef, 0xff, 0xd5, 0x0, 0x0,
    0x0, 0x0, 0x3, 0xaf, 0xff, 0xfe, 0x50, 0x0,
    0x1, 0xaf, 0xff, 0xfe, 0x71, 0x0, 0x3, 0x9e,
    0xff, 0xff, 0xf8, 0x0, 0x0, 0x0, 0x0, 0x3c,
    0xff, 0xff, 0xfc, 0x80, 0x4f, 0xff, 0xfe, 0x81,
    0x0, 0x0, 0x0, 0x0, 0x0, 0x4, 0xbf, 0xff,
    0xf9, 0x0, 0x9f, 0xb5, 0x0, 0x0, 0x0, 0x0,
    0x0, 0x0, 0x0, 0x0, 0x27, 0xcd, 0x0, 0x0,
    0x10, 0x0, 0x0, 0x0, 0x0, 0x0, 0x0, 0x0,
    0x0, 0x0, 0x0, 0x0, 0x0,

    /* U+65AD "断" */
    0x0, 0x0, 0x0, 0x29, 0x80, 0x0, 0x0, 0x0,
    0x0, 0x0, 0x4, 0x80, 0x9, 0xb4, 0x0, 0x4,
    0xfe, 0x0, 0x0, 0x0, 0x0, 0x2, 0x7d, 0xff,
    0xb0, 0xef, 0x63, 0x80, 0x4f, 0xe0, 0x47, 0x20,
    0x3, 0x7c, 0xff, 0xff, 0xfa, 0x2e, 0xf6, 0x9f,
    0x44, 0xfe, 0x9, 0xf8, 0x4e, 0xff, 0xff, 0xfc,
    0x61, 0x0, 0xef, 0x64, 0xf9, 0x4f, 0xe0, 0xef,
    0x16, 0xff, 0xd9, 0x40, 0x0, 0x0, 0xe, 0xf6,
    0xf, 0xd4, 0xfe, 0x3f, 0xb0, 0x6f, 0xf1, 0x0,
    0x0, 0x0, 0x0, 0xef, 0x60, 0xdf, 0x4f, 0xe8,
    0xf4, 0x6, 0xff, 0x10, 0x0, 0x0, 0x0, 0xe,
    0xf6, 0x7, 0x64, 0xfe, 0x59, 0x0, 0x6f, 0xf1,
    0x0, 0x0, 0x0, 0x0, 0xef, 0x64, 0x44, 0x7f,
    0xf4, 0x44, 0x36, 0xff, 0x10, 0x0, 0x0, 0x0,
    0xe, 0xf6, 0xff, 0xff, 0xff, 0xff, 0xfb, 0x6f,
    0xf4, 0x33, 0x33, 0x33, 0x32, 0xef, 0x6e, 0xee,
    0xff, 0xfe, 0xee, 0xa6, 0xff, 0xff, 0xff, 0xff,
    0xff, 0x9e, 0xf6, 0x0, 0xc, 0xff, 0x40, 0x0,
    0x6f, 0xff, 0xff, 0xff, 0xff, 0xf9, 0xef, 0x60,
    0x4, 0xff, 0xff, 0x30, 0x6, 0xff, 0x33, 0x39,
    0xff, 0x33, 0x1e, 0xf6, 0x0, 0xdf, 0xff, 0xfe,
    0x20, 0x6f, 0xf0, 0x0, 0x8f, 0xf0, 0x0, 0xef,
    0x60, 0x8f, 0xef, 0xe8, 0xfd, 0x17, 0xff, 0x0,
    0x8, 0xff, 0x0, 0xe, 0xf6, 0x4f, 0xf6, 0xfe,
    0xc, 0xf6, 0x7f, 0xf0, 0x0, 0x8f, 0xf0, 0x0,
    0xef, 0x9f, 0xf7, 0x4f, 0xe0, 0x2a, 0x8, 0xfe,
    0x0, 0x8, 0xff, 0x0, 0xe, 0xf9, 0xfc, 0x4,
    0xfe, 0x0, 0x0, 0xaf, 0xc0, 0x0, 0x8f, 0xf0,
    0x0, 0xef, 0x68, 0x10, 0x4f, 0xe0, 0x0, 0xc,
    0xfb, 0x0, 0x8, 0xff, 0x0, 0xe, 0xf6, 0x0,
    0x4, 0xfe, 0x0, 0x0, 0xef, 0x90, 0x0, 0x8f,
    0xf0, 0x0, 0xef, 0x60, 0x0, 0x15, 0x50, 0x0,
    0x1f, 0xf6, 0x0, 0x8, 0xff, 0x0, 0xe, 0xff,
    0xff, 0xff, 0xff, 0xff, 0xe6, 0xff, 0x30, 0x0,
    0x8f, 0xf0, 0x0, 0xef, 0xff, 0xff, 0xff, 0xff,
    0xff, 0xaf, 0xe0, 0x0, 0x8, 0xff, 0x0, 0x4,
    0x55, 0x55, 0x55, 0x55, 0x55, 0x5f, 0xf9, 0x0,
    0x0, 0x8f, 0xf0, 0x0, 0x0, 0x0, 0x0, 0x0,
    0x0, 0x4, 0xff, 0x40, 0x0, 0x8, 0xff, 0x0,
    0x0, 0x0, 0x0, 0x0, 0x0, 0x0, 0x4, 0xc0,
    0x0, 0x0, 0x8f, 0xf0, 0x0, 0x0, 0x0, 0x0,
    0x0, 0x0, 0x0, 0x0, 0x0, 0x0, 0x0, 0x0,
    0x0, 0x0,

    /* U+65B0 "新" */
    0x0, 0x0, 0x1, 0x7b, 0x20, 0x0, 0x0, 0x0,
    0x0, 0x0, 0x0, 0x2, 0x0, 0x0, 0x0, 0x0,
    0x1f, 0xf9, 0x0, 0x0, 0x0, 0x0, 0x0, 0x3,
    0x8d, 0xf9, 0x0, 0x0, 0x0, 0x0, 0x9f, 0xf1,
    0x0, 0x0, 0x1, 0x47, 0xbf, 0xff, 0xff, 0xf8,
    0x0, 0x6d, 0xdd, 0xde, 0xff, 0xed, 0xdd, 0xb0,
    0xdf, 0xff, 0xff, 0xea, 0x61, 0x0, 0x7, 0xff,
    0xff, 0xff, 0xff, 0xff, 0xfd, 0xd, 0xfd, 0x84,
    0x10, 0x0, 0x0, 0x0, 0x24, 0x7b, 0x84, 0x44,
    0x5d, 0xa6, 0x40, 0xdf, 0x90, 0x0, 0x0, 0x0,
    0x0, 0x0, 0xa, 0xfa, 0x0, 0x4, 0xff, 0x30,
    0xd, 0xf9, 0x0, 0x0, 0x0, 0x0, 0x0, 0x0,
    0x4f, 0xf0, 0x0, 0x9f, 0xd0, 0x0, 0xdf, 0x90,
    0x0, 0x0, 0x0, 0x0, 0x0, 0x0, 0xff, 0x40,
    0xe, 0xf7, 0x0, 0xd, 0xf9, 0x0, 0x0, 0x0,
    0x0, 0x0, 0x56, 0x6e, 0xd7, 0x68, 0xff, 0x76,
    0x62, 0xdf, 0xa3, 0x33, 0x33, 0x33, 0x32, 0xe,
    0xff, 0xff, 0xff, 0xff, 0xff, 0xff, 0x5d, 0xff,
    0xff, 0xff, 0xff, 0xff, 0xc0, 0xbc, 0xcc, 0xce,
    0xff, 0xcc, 0xcc, 0xc3, 0xdf, 0xff, 0xff, 0xff,
    0xff, 0xfc, 0x0, 0x0, 0x0, 0x6f, 0xf0, 0x0,
    0x0, 0xd, 0xfa, 0x33, 0x3f, 0xfb, 0x33, 0x20,
    0x0, 0x0, 0x6, 0xff, 0x0, 0x0, 0x0, 0xdf,
    0x80, 0x0, 0xef, 0xa0, 0x0, 0xa, 0xee, 0xee,
    0xef, 0xfe, 0xee, 0xed, 0xe, 0xf8, 0x0, 0xe,
    0xfa, 0x0, 0x0, 0xbf, 0xff, 0xff, 0xff, 0xff,
    0xff, 0xe0, 0xff, 0x70, 0x0, 0xef, 0xa0, 0x0,
    0x3, 0x55, 0x55, 0x9f, 0xf5, 0x55, 0x54, 0xf,
    0xf6, 0x0, 0xe, 0xfa, 0x0, 0x0, 0x0, 0x65,
    0x16, 0xff, 0x4, 0x90, 0x1, 0xff, 0x40, 0x0,
    0xef, 0xa0, 0x0, 0x0, 0xf, 0xf3, 0x6f, 0xf0,
    0xff, 0x40, 0x2f, 0xf2, 0x0, 0xe, 0xfa, 0x0,
    0x0, 0x7, 0xfc, 0x6, 0xff, 0x7, 0xfd, 0x5,
    0xff, 0x10, 0x0, 0xef, 0xa0, 0x0, 0x1, 0xef,
    0x60, 0x6f, 0xf0, 0xe, 0xf5, 0x8f, 0xe0, 0x0,
    0xe, 0xfa, 0x0, 0x0, 0xaf, 0xd0, 0x6, 0xff,
    0x0, 0x8f, 0xad, 0xfa, 0x0, 0x0, 0xef, 0xa0,
    0x0, 0x8, 0xf4, 0x0, 0x6f, 0xf0, 0x1, 0x83,
    0xff, 0x60, 0x0, 0xe, 0xfa, 0x0, 0x0, 0x3,
    0x2, 0x28, 0xff, 0x0, 0x0, 0x9f, 0xf1, 0x0,
    0x0, 0xef, 0xa0, 0x0, 0x0, 0x0, 0x8f, 0xff,
    0xd0, 0x0, 0x1f, 0xf9, 0x0, 0x0, 0xe, 0xfa,
    0x0, 0x0, 0x0, 0x3, 0xfe, 0xb3, 0x0, 0x0,
    0x1b, 0x10, 0x0, 0x0, 0xef, 0xa0, 0x0,

    /* U+65E0 "无" */
    0x0, 0x49, 0x99, 0x99, 0x99, 0x99, 0x99, 0x99,
    0x99, 0x99, 0x99, 0x99, 0x20, 0x0, 0x8, 0xff,
    0xff, 0xff, 0xff, 0xff, 0xff, 0xff, 0xff, 0xff,
    0xff, 0xf4, 0x0, 0x0, 0x7f, 0xff, 0xff, 0xff,
    0xff, 0xff, 0xff, 0xff, 0xff, 0xff, 0xff, 0x30,
    0x0, 0x0, 0x0, 0x0, 0x0, 0x0, 0x9f, 0xf0,
    0x0, 0x0, 0x0, 0x0, 0x0, 0x0, 0x0, 0x0,
    0x0, 0x0, 0x0, 0xa, 0xff, 0x0, 0x0, 0x0,
    0x0, 0x0, 0x0, 0x0, 0x0, 0x0, 0x0, 0x0,
    0x0, 0xaf, 0xf0, 0x0, 0x0, 0x0, 0x0, 0x0,
    0x0, 0x0, 0x0, 0x0, 0x0, 0x0, 0xc, 0xfd,
    0x0, 0x0, 0x0, 0x0, 0x0, 0x0, 0x0, 0x0,
    0x0, 0x0, 0x0, 0x0, 0xef, 0xc0, 0x0, 0x0,
    0x0, 0x0, 0x0, 0x0, 0x19, 0x99, 0x99, 0x99,
    0x99, 0x9f, 0xfd, 0x99, 0x99, 0x99, 0x99, 0x99,
    0x97, 0x3, 0xff, 0xff, 0xff, 0xff, 0xff, 0xff,
    0xff, 0xff, 0xff, 0xff, 0xff, 0xff, 0xd0, 0x3f,
    0xff, 0xff, 0xff, 0xff, 0xff, 0xff, 0xff, 0xff,
    0xff, 0xff, 0xff, 0xfc, 0x0, 0x0, 0x0, 0x0,
    0x0, 0xa, 0xff, 0x9f, 0xf2, 0x0, 0x0, 0x0,
    0x0, 0x0, 0x0, 0x0, 0x0, 0x0, 0x0, 0xff,
    0xc9, 0xff, 0x20, 0x0, 0x0, 0x0, 0x0, 0x0,
    0x0, 0x0, 0x0, 0x0, 0x5f, 0xf7, 0x9f, 0xf2,
    0x0, 0x0, 0x0, 0x0, 0x0, 0x0, 0x0, 0x0,
    0x0, 0xd, 0xff, 0x19, 0xff, 0x20, 0x0, 0x0,
    0x0, 0x0, 0x0, 0x0, 0x0, 0x0, 0x5, 0xff,
    0xa0, 0x9f, 0xf2, 0x0, 0x0, 0x0, 0x0, 0x0,
    0x0, 0x0, 0x0, 0x1, 0xff, 0xf2, 0x9, 0xff,
    0x20, 0x0, 0x0, 0x1, 0x0, 0x0, 0x0, 0x0,
    0x0, 0xcf, 0xf8, 0x0, 0x9f, 0xf2, 0x0, 0x0,
    0x0, 0x7c, 0x60, 0x0, 0x0, 0x0, 0xcf, 0xfd,
    0x0, 0x9, 0xff, 0x20, 0x0, 0x0, 0x8, 0xff,
    0x0, 0x0, 0x2, 0xdf, 0xfe, 0x10, 0x0, 0x8f,
    0xf2, 0x0, 0x0, 0x0, 0xaf, 0xe0, 0x0, 0x7,
    0xff, 0xfe, 0x20, 0x0, 0x8, 0xff, 0x60, 0x0,
    0x0, 0x2e, 0xfb, 0x0, 0x7e, 0xff, 0xfc, 0x10,
    0x0, 0x0, 0x6f, 0xff, 0xff, 0xff, 0xff, 0xff,
    0x60, 0x3f, 0xff, 0xf8, 0x0, 0x0, 0x0, 0x0,
    0xdf, 0xff, 0xff, 0xff, 0xff, 0xd0, 0x0, 0x5f,
    0x91, 0x0, 0x0, 0x0, 0x0, 0x0, 0x57, 0x88,
    0x88, 0x88, 0x50, 0x0, 0x0, 0x10, 0x0, 0x0,
    0x0, 0x0, 0x0, 0x0, 0x0, 0x0, 0x0, 0x0,
    0x0, 0x0,

    /* U+65E5 "日" */
    0xa, 0xaa, 0xaa, 0xaa, 0xaa, 0xaa, 0xaa, 0xaa,
    0xaa, 0xa7, 0x1f, 0xff, 0xff, 0xff, 0xff, 0xff,
    0xff, 0xff, 0xff, 0xfb, 0x1f, 0xff, 0xff, 0xff,
    0xff, 0xff, 0xff, 0xff, 0xff, 0xfb, 0x1f, 0xf9,
    0x0, 0x0, 0x0, 0x0, 0x0, 0x0, 0x1f, 0xfb,
    0x1f, 0xf9, 0x0, 0x0, 0x0, 0x0, 0x0, 0x0,
    0x1f, 0xfb, 0x1f, 0xf9, 0x0, 0x0, 0x0, 0x0,
    0x0, 0x0, 0x1f, 0xfb, 0x1f, 0xf9, 0x0, 0x0,
    0x0, 0x0, 0x0, 0x0, 0x1f, 0xfb, 0x1f, 0xf9,
    0x0, 0x0, 0x0, 0x0, 0x0, 0x0, 0x1f, 0xfb,
    0x1f, 0xf9, 0x0, 0x0, 0x0, 0x0, 0x0, 0x0,
    0x1f, 0xfb, 0x1f, 0xf9, 0x0, 0x0, 0x0, 0x0,
    0x0, 0x0, 0x1f, 0xfb, 0x1f, 0xff, 0xff, 0xff,
    0xff, 0xff, 0xff, 0xff, 0xff, 0xfb, 0x1f, 0xff,
    0xff, 0xff, 0xff, 0xff, 0xff, 0xff, 0xff, 0xfb,
    0x1f, 0xfc, 0x88, 0x88, 0x88, 0x88, 0x88, 0x88,
    0x8f, 0xfb, 0x1f, 0xf9, 0x0, 0x0, 0x0, 0x0,
    0x0, 0x0, 0x1f, 0xfb, 0x1f, 0xf9, 0x0, 0x0,
    0x0, 0x0, 0x0, 0x0, 0x1f, 0xfb, 0x1f, 0xf9,
    0x0, 0x0, 0x0, 0x0, 0x0, 0x0, 0x1f, 0xfb,
    0x1f, 0xf9, 0x0, 0x0, 0x0, 0x0, 0x0, 0x0,
    0x1f, 0xfb, 0x1f, 0xf9, 0x0, 0x0, 0x0, 0x0,
    0x0, 0x0, 0x1f, 0xfb, 0x1f, 0xf9, 0x0, 0x0,
    0x0, 0x0, 0x0, 0x0, 0x1f, 0xfb, 0x1f, 0xfd,
    0x99, 0x99, 0x99, 0x99, 0x99, 0x99, 0x9f, 0xfb,
    0x1f, 0xff, 0xff, 0xff, 0xff, 0xff, 0xff, 0xff,
    0xff, 0xfb, 0x1f, 0xff, 0xff, 0xff, 0xff, 0xff,
    0xff, 0xff, 0xff, 0xfb, 0x1f, 0xf9, 0x0, 0x0,
    0x0, 0x0, 0x0, 0x0, 0x1f, 0xfb, 0x1f, 0xf9,
    0x0, 0x0, 0x0, 0x0, 0x0, 0x0, 0x1f, 0xfb,
    0x1, 0x11, 0x0, 0x0, 0x0, 0x0, 0x0, 0x0,
    0x0, 0x0,

    /* U+65F6 "时" */
    0x0, 0x0, 0x0, 0x0, 0x0, 0x0, 0x0, 0x0,
    0x0, 0x1, 0x10, 0x0, 0x0, 0x0, 0x0, 0x0,
    0x0, 0x0, 0x0, 0x0, 0x0, 0x3, 0xff, 0x70,
    0x0, 0x11, 0x11, 0x11, 0x11, 0x10, 0x0, 0x0,
    0x0, 0x0, 0x3f, 0xf7, 0x0, 0xe, 0xff, 0xff,
    0xff, 0xff, 0x10, 0x0, 0x0, 0x0, 0x3, 0xff,
    0x70, 0x0, 0xef, 0xff, 0xff, 0xff, 0xf1, 0x0,
    0x0, 0x0, 0x0, 0x3f, 0xf7, 0x0, 0xe, 0xf9,
    0x33, 0x37, 0xff, 0x10, 0x0, 0x0, 0x0, 0x4,
    0xff, 0x70, 0x0, 0xef, 0x80, 0x0, 0x5f, 0xf1,
    0xef, 0xff, 0xff, 0xff, 0xff, 0xff, 0xff, 0x9e,
    0xf8, 0x0, 0x5, 0xff, 0x1e, 0xff, 0xff, 0xff,
    0xff, 0xff, 0xff, 0xf9, 0xef, 0x80, 0x0, 0x5f,
    0xf1, 0x78, 0x88, 0x88, 0x88, 0xaf, 0xfb, 0x88,
    0x4e, 0xf8, 0x0, 0x5, 0xff, 0x10, 0x0, 0x0,
    0x0, 0x3, 0xff, 0x70, 0x0, 0xef, 0xa5, 0x55,
    0x8f, 0xf1, 0x0, 0x40, 0x0, 0x0, 0x3f, 0xf7,
    0x0, 0xe, 0xff, 0xff, 0xff, 0xff, 0x11, 0xcf,
    0x80, 0x0, 0x3, 0xff, 0x70, 0x0, 0xef, 0xff,
    0xff, 0xff, 0xf1, 0xa, 0xff, 0x40, 0x0, 0x3f,
    0xf7, 0x0, 0xe, 0xf8, 0x0, 0x5, 0xff, 0x10,
    0x1e, 0xfe, 0x10, 0x3, 0xff, 0x70, 0x0, 0xef,
    0x80, 0x0, 0x5f, 0xf1, 0x0, 0x6f, 0xfa, 0x0,
    0x3f, 0xf7, 0x0, 0xe, 0xf8, 0x0, 0x5, 0xff,
    0x10, 0x0, 0xbf, 0xf4, 0x3, 0xff, 0x70, 0x0,
    0xef, 0x80, 0x0, 0x5f, 0xf1, 0x0, 0x2, 0xff,
    0xe0, 0x3f, 0xf7, 0x0, 0xe, 0xf8, 0x0, 0x5,
    0xff, 0x10, 0x0, 0x8, 0xd4, 0x3, 0xff, 0x70,
    0x0, 0xef, 0xa4, 0x44, 0x8f, 0xf1, 0x0, 0x0,
    0x0, 0x0, 0x3f, 0xf7, 0x0, 0xe, 0xff, 0xff,
    0xff, 0xff, 0x10, 0x0, 0x0, 0x0, 0x3, 0xff,
    0x70, 0x0, 0xef, 0xff, 0xff, 0xff, 0xf1, 0x0,
    0x0, 0x0, 0x0, 0x3f, 0xf7, 0x0, 0xe, 0xf8,
    0x11, 0x11, 0x11, 0x0, 0x0, 0x0, 0x0, 0x3,
    0xff, 0x70, 0x0, 0xef, 0x80, 0x0, 0x0, 0x0,
    0x0, 0x0, 0x0, 0x0, 0x3f, 0xf6, 0x0, 0x4,
    0x42, 0x0, 0x0, 0x0, 0x0, 0x0, 0x58, 0x88,
    0x8b, 0xff, 0x50, 0x0, 0x0, 0x0, 0x0, 0x0,
    0x0, 0x0, 0x4, 0xff, 0xff, 0xff, 0xf2, 0x0,
    0x0, 0x0, 0x0, 0x0, 0x0, 0x0, 0x0, 0xf,
    0xff, 0xfe, 0xb3, 0x0, 0x0, 0x0, 0x0, 0x0,
    0x0, 0x0, 0x0, 0x0, 0x1, 0x0, 0x0, 0x0,
    0x0, 0x0,

    /* U+662F "是" */
    0x0, 0x1, 0x33, 0x33, 0x33, 0x33, 0x33, 0x33,
    0x33, 0x33, 0x33, 0x10, 0x0, 0x0, 0x0, 0x5f,
    0xff, 0xff, 0xff, 0xff, 0xff, 0xff, 0xff, 0xff,
    0xf6, 0x0, 0x0, 0x0, 0x5, 0xff, 0xcb, 0xbb,
    0xbb, 0xbb, 0xbb, 0xbb, 0xbc, 0xff, 0x60, 0x0,
    0x0, 0x0, 0x5f, 0xf2, 0x0, 0x0, 0x0, 0x0,
    0x0, 0x0, 0x3f, 0xf6, 0x0, 0x0, 0x0, 0x5,
    0xff, 0xdc, 0xcc, 0xcc, 0xcc, 0xcc, 0xcc, 0xcd,
    0xff, 0x60, 0x0, 0x0, 0x0, 0x5f, 0xff, 0xff,
    0xff, 0xff, 0xff, 0xff, 0xff, 0xff, 0xf6, 0x0,
    0x0, 0x0, 0x5, 0xff, 0x30, 0x0, 0x0, 0x0,
    0x0, 0x0, 0x4, 0xff, 0x60, 0x0, 0x0, 0x0,
    0x5f, 0xf2, 0x0, 0x0, 0x0, 0x0, 0x0, 0x0,
    0x3f, 0xf6, 0x0, 0x0, 0x0, 0x5, 0xff, 0xff,
    0xff, 0xff, 0xff, 0xff, 0xff, 0xff, 0xff, 0x60,
    0x0, 0x0, 0x0, 0x5f, 0xff, 0xff, 0xff, 0xff,
    0xff, 0xff, 0xff, 0xff, 0xf5, 0x0, 0x0, 0x0,
    0x0, 0x0, 0x0, 0x0, 0x0, 0x0, 0x0, 0x0,
    0x0, 0x0, 0x0, 0x0, 0x0, 0x55, 0x55, 0x55,
    0x55, 0x55, 0x55, 0x55, 0x55, 0x55, 0x55, 0x55,
    0x55, 0x20, 0x1f, 0xff, 0xff, 0xff, 0xff, 0xff,
    0xff, 0xff, 0xff, 0xff, 0xff, 0xff, 0xf7, 0x1,
    0xff, 0xff, 0xff, 0xff, 0xff, 0xff, 0xff, 0xff,
    0xff, 0xff, 0xff, 0xff, 0x60, 0x0, 0x0, 0x2,
    0x10, 0x0, 0x0, 0xff, 0xa0, 0x0, 0x0, 0x0,
    0x0, 0x0, 0x0, 0x0, 0x0, 0xcf, 0xe0, 0x0,
    0xf, 0xfa, 0x0, 0x0, 0x0, 0x0, 0x0, 0x0,
    0x0, 0x0, 0xf, 0xfa, 0x0, 0x0, 0xff, 0xb5,
    0x55, 0x55, 0x55, 0x52, 0x0, 0x0, 0x0, 0x4,
    0xff, 0x60, 0x0, 0xf, 0xff, 0xff, 0xff, 0xff,
    0xff, 0x70, 0x0, 0x0, 0x0, 0xbf, 0xfb, 0x0,
    0x0, 0xff, 0xff, 0xff, 0xff, 0xff, 0xf7, 0x0,
    0x0, 0x0, 0x2f, 0xff, 0xf5, 0x0, 0xf, 0xfa,
    0x0, 0x0, 0x0, 0x0, 0x0, 0x0, 0x0, 0xc,
    0xff, 0xef, 0xf4, 0x0, 0xff, 0xa0, 0x0, 0x0,
    0x0, 0x0, 0x0, 0x0, 0x7, 0xff, 0xa2, 0xef,
    0xfa, 0x3f, 0xfa, 0x0, 0x0, 0x0, 0x0, 0x0,
    0x0, 0x6, 0xff, 0xe1, 0x3, 0xef, 0xff, 0xff,
    0xd7, 0x76, 0x66, 0x66, 0x66, 0x66, 0x7, 0xff,
    0xf4, 0x0, 0x1, 0x9f, 0xff, 0xff, 0xff, 0xff,
    0xff, 0xff, 0xff, 0x90, 0x1d, 0xf5, 0x0, 0x0,
    0x0, 0x15, 0x9c, 0xdf, 0xff, 0xff, 0xff, 0xff,
    0xf4, 0x0, 0x13, 0x0, 0x0, 0x0, 0x0, 0x0,
    0x0, 0x0, 0x0, 0x0, 0x0, 0x0, 0x0,

    /* U+663E "显" */
    0x0, 0x0, 0x11, 0x11, 0x11, 0x11, 0x11, 0x11,
    0x11, 0x11, 0x11, 0x0, 0x0, 0x0, 0x5, 0xff,
    0xff, 0xff, 0xff, 0xff, 0xff, 0xff, 0xff, 0xff,
    0x30, 0x0, 0x0, 0x5, 0xff, 0xff, 0xff, 0xff,
    0xff, 0xff, 0xff, 0xff, 0xff, 0x30, 0x0, 0x0,
    0x5, 0xff, 0x30, 0x0, 0x0, 0x0, 0x0, 0x0,
    0x7, 0xff, 0x30, 0x0, 0x0, 0x5, 0xff, 0x30,
    0x0, 0x0, 0x0, 0x0, 0x0, 0x7, 0xff, 0x30,
    0x0, 0x0, 0x5, 0xff, 0xee, 0xee, 0xee, 0xee,
    0xee, 0xee, 0xef, 0xff, 0x30, 0x0, 0x0, 0x5,
    0xff, 0xff, 0xff, 0xff, 0xff, 0xff, 0xff, 0xff,
    0xff, 0x30, 0x0, 0x0, 0x5, 0xff, 0x40, 0x0,
    0x0, 0x0, 0x0, 0x0, 0x7, 0xff, 0x30, 0x0,
    0x0, 0x5, 0xff, 0x30, 0x0, 0x0, 0x0, 0x0,
    0x0, 0x7, 0xff, 0x30, 0x0, 0x0, 0x5, 0xff,
    0x41, 0x11, 0x11, 0x11, 0x11, 0x11, 0x17, 0xff,
    0x30, 0x0, 0x0, 0x5, 0xff, 0xff, 0xff, 0xff,
    0xff, 0xff, 0xff, 0xff, 0xff, 0x30, 0x0, 0x0,
    0x5, 0xff, 0xff, 0xff, 0xff, 0xff, 0xff, 0xff,
    0xff, 0xff, 0x30, 0x0, 0x0, 0x0, 0x0, 0x0,
    0x13, 0x30, 0x0, 0x13, 0x30, 0x0, 0x0, 0x0,
    0x0, 0x0, 0x0, 0x10, 0x0, 0x8f, 0xf0, 0x0,
    0x4f, 0xf2, 0x0, 0x3, 0x10, 0x0, 0x0, 0x5e,
    0xb0, 0x0, 0x8f, 0xf0, 0x0, 0x4f, 0xf2, 0x0,
    0xe, 0xf7, 0x0, 0x0, 0x3f, 0xf5, 0x0, 0x8f,
    0xf0, 0x0, 0x4f, 0xf2, 0x0, 0x8f, 0xf3, 0x0,
    0x0, 0xa, 0xfd, 0x0, 0x8f, 0xf0, 0x0, 0x4f,
    0xf2, 0x2, 0xff, 0x80, 0x0, 0x0, 0x2, 0xff,
    0x70, 0x8f, 0xf0, 0x0, 0x4f, 0xf2, 0xc, 0xfd,
    0x0, 0x0, 0x0, 0x0, 0x9f, 0xe0, 0x8f, 0xf0,
    0x0, 0x4f, 0xf2, 0x8f, 0xf3, 0x0, 0x0, 0x0,
    0x0, 0x2e, 0x80, 0x8f, 0xf0, 0x0, 0x4f, 0xf2,
    0x5c, 0x70, 0x0, 0x0, 0x0, 0x0, 0x0, 0x0,
    0x8f, 0xf0, 0x0, 0x4f, 0xf2, 0x0, 0x0, 0x0,
    0x0, 0x89, 0x99, 0x99, 0x99, 0xcf, 0xf9, 0x99,
    0xbf, 0xfa, 0x99, 0x99, 0x99, 0x96, 0xef, 0xff,
    0xff, 0xff, 0xff, 0xff, 0xff, 0xff, 0xff, 0xff,
    0xff, 0xff, 0xfb, 0xef, 0xff, 0xff, 0xff, 0xff,
    0xff, 0xff, 0xff, 0xff, 0xff, 0xff, 0xff, 0xfb,

    /* U+6682 "暂" */
    0x0, 0x0, 0x5, 0x73, 0x0, 0x0, 0x0, 0x0,
    0x0, 0x0, 0x0, 0x3, 0x0, 0x0, 0x0, 0xe,
    0xfe, 0x0, 0x0, 0x0, 0x0, 0x2, 0x46, 0x9c,
    0xff, 0x70, 0x2e, 0xee, 0xff, 0xff, 0xee, 0xee,
    0xeb, 0xe, 0xff, 0xff, 0xff, 0xff, 0xb0, 0x3f,
    0xff, 0xff, 0xff, 0xff, 0xff, 0xfc, 0xf, 0xfe,
    0xca, 0x86, 0x30, 0x0, 0x0, 0xb, 0xfd, 0x10,
    0x0, 0x0, 0x0, 0xf, 0xf4, 0x0, 0x0, 0x0,
    0x0, 0x0, 0x5f, 0xf3, 0xa, 0xe9, 0x0, 0x0,
    0xf, 0xf4, 0x0, 0x0, 0x0, 0x0, 0x4, 0xff,
    0x81, 0x1c, 0xfb, 0x11, 0x11, 0xf, 0xf8, 0x55,
    0x55, 0x55, 0x54, 0xd, 0xff, 0xff, 0xff, 0xff,
    0xff, 0xfd, 0x1f, 0xff, 0xff, 0xff, 0xff, 0xfc,
    0x7, 0xff, 0xff, 0xff, 0xff, 0xff, 0xfc, 0x1f,
    0xfc, 0xbb, 0xef, 0xeb, 0xb9, 0x1, 0x10, 0x0,
    0xb, 0xfa, 0x0, 0x0, 0x3f, 0xf1, 0x0, 0xaf,
    0xc0, 0x0, 0x0, 0x0, 0x0, 0xb, 0xfc, 0x56,
    0x85, 0x6f, 0xe0, 0x0, 0xaf, 0xc0, 0x0, 0x18,
    0xab, 0xce, 0xff, 0xff, 0xff, 0xf9, 0xaf, 0xb0,
    0x0, 0xaf, 0xc0, 0x0, 0x1f, 0xff, 0xff, 0xff,
    0xfe, 0xb9, 0x75, 0xff, 0x70, 0x0, 0xaf, 0xc0,
    0x0, 0xa, 0x97, 0x53, 0x2c, 0xfa, 0x0, 0xa,
    0xff, 0x10, 0x0, 0xaf, 0xc0, 0x0, 0x0, 0x0,
    0x0, 0xb, 0xfa, 0x0, 0x6, 0xf8, 0x0, 0x0,
    0xaf, 0xc0, 0x0, 0x0, 0x0, 0x11, 0x15, 0x75,
    0x11, 0x11, 0x32, 0x11, 0x11, 0x46, 0x40, 0x0,
    0x0, 0x0, 0xff, 0xff, 0xff, 0xff, 0xff, 0xff,
    0xff, 0xff, 0xff, 0x80, 0x0, 0x0, 0x0, 0xff,
    0xfe, 0xee, 0xee, 0xee, 0xee, 0xee, 0xee, 0xff,
    0x80, 0x0, 0x0, 0x0, 0xff, 0x80, 0x0, 0x0,
    0x0, 0x0, 0x0, 0x1, 0xff, 0x80, 0x0, 0x0,
    0x0, 0xff, 0xda, 0xaa, 0xaa, 0xaa, 0xaa, 0xaa,
    0xab, 0xff, 0x80, 0x0, 0x0, 0x0, 0xff, 0xff,
    0xff, 0xff, 0xff, 0xff, 0xff, 0xff, 0xff, 0x80,
    0x0, 0x0, 0x0, 0xff, 0x92, 0x22, 0x22, 0x22,
    0x22, 0x22, 0x23, 0xff, 0x80, 0x0, 0x0, 0x0,
    0xff, 0x80, 0x0, 0x0, 0x0, 0x0, 0x0, 0x1,
    0xff, 0x80, 0x0, 0x0, 0x0, 0xff, 0xff, 0xff,
    0xff, 0xff, 0xff, 0xff, 0xff, 0xff, 0x80, 0x0,
    0x0, 0x0, 0xff, 0xff, 0xff, 0xff, 0xff, 0xff,
    0xff, 0xff, 0xff, 0x80, 0x0, 0x0, 0x0, 0xff,
    0x91, 0x11, 0x11, 0x11, 0x11, 0x11, 0x12, 0xff,
    0x80, 0x0, 0x0, 0x0, 0x1, 0x0, 0x0, 0x0,
    0x0, 0x0, 0x0, 0x0, 0x0, 0x0, 0x0,

    /* U+66F4 "更" */
    0x1, 0x11, 0x11, 0x11, 0x11, 0x11, 0x11, 0x11,
    0x11, 0x11, 0x11, 0x11, 0x10, 0x1, 0xff, 0xff,
    0xff, 0xff, 0xff, 0xff, 0xff, 0xff, 0xff, 0xff,
    0xff, 0xff, 0x20, 0x1f, 0xff, 0xff, 0xff, 0xff,
    0xff, 0xff, 0xff, 0xff, 0xff, 0xff, 0xff, 0xf2,
    0x0, 0x44, 0x44, 0x44, 0x44, 0x44, 0x5f, 0xfa,
    0x44, 0x44, 0x44, 0x44, 0x44, 0x0, 0x0, 0x0,
    0x0, 0x0, 0x0, 0x2, 0xff, 0x90, 0x0, 0x0,
    0x0, 0x0, 0x0, 0x0, 0x0, 0x9f, 0xff, 0xff,
    0xff, 0xff, 0xff, 0xff, 0xff, 0xff, 0xff, 0x50,
    0x0, 0x0, 0xa, 0xff, 0xff, 0xff, 0xff, 0xff,
    0xff, 0xff, 0xff, 0xff, 0xf5, 0x0, 0x0, 0x0,
    0xaf, 0xd3, 0x33, 0x33, 0x4f, 0xfa, 0x33, 0x33,
    0x35, 0xff, 0x50, 0x0, 0x0, 0xa, 0xfd, 0x0,
    0x0, 0x2, 0xff, 0x90, 0x0, 0x0, 0x3f, 0xf5,
    0x0, 0x0, 0x0, 0xaf, 0xd1, 0x11, 0x11, 0x3f,
    0xf9, 0x11, 0x11, 0x14, 0xff, 0x50, 0x0, 0x0,
    0xa, 0xff, 0xff, 0xff, 0xff, 0xff, 0xff, 0xff,
    0xff, 0xff, 0xf5, 0x0, 0x0, 0x0, 0xaf, 0xff,
    0xff, 0xff, 0xff, 0xff, 0xff, 0xff, 0xff, 0xff,
    0x50, 0x0, 0x0, 0xa, 0xfd, 0x0, 0x0, 0x2,
    0xff, 0x90, 0x0, 0x0, 0x3f, 0xf5, 0x0, 0x0,
    0x0, 0xaf, 0xd0, 0x0, 0x0, 0x2f, 0xf8, 0x0,
    0x0, 0x3, 0xff, 0x50, 0x0, 0x0, 0xa, 0xff,
    0xff, 0xff, 0xff, 0xff, 0xff, 0xff, 0xff, 0xff,
    0xf5, 0x0, 0x0, 0x0, 0xaf, 0xff, 0xff, 0xff,
    0xff, 0xff, 0xff, 0xff, 0xff, 0xff, 0x50, 0x0,
    0x0, 0x1, 0x39, 0x92, 0x22, 0x2c, 0xff, 0x32,
    0x22, 0x22, 0x22, 0x20, 0x0, 0x0, 0x0, 0xa,
    0xff, 0x50, 0x2, 0xff, 0xd0, 0x0, 0x0, 0x0,
    0x0, 0x0, 0x0, 0x0, 0x0, 0x1e, 0xff, 0x50,
    0xbf, 0xf6, 0x0, 0x0, 0x0, 0x0, 0x0, 0x0,
    0x0, 0x0, 0x0, 0x3f, 0xff, 0xcf, 0xfc, 0x0,
    0x0, 0x0, 0x0, 0x0, 0x0, 0x0, 0x0, 0x0,
    0x0, 0x3f, 0xff, 0xff, 0x40, 0x0, 0x0, 0x0,
    0x0, 0x0, 0x0, 0x0, 0x0, 0x0, 0x5c, 0xff,
    0xff, 0xff, 0xd8, 0x42, 0x0, 0x0, 0x0, 0x0,
    0x0, 0x4, 0x7b, 0xff, 0xff, 0xf9, 0xbf, 0xff,
    0xff, 0xff, 0xdc, 0xba, 0x99, 0x87, 0x3, 0xff,
    0xff, 0xff, 0x92, 0x0, 0x28, 0xcf, 0xff, 0xff,
    0xff, 0xff, 0xff, 0x80, 0x8, 0xfe, 0xa5, 0x0,
    0x0, 0x0, 0x0, 0x3, 0x68, 0x9b, 0xde, 0xff,
    0xf2, 0x0, 0x2, 0x0, 0x0, 0x0, 0x0, 0x0,
    0x0, 0x0, 0x0, 0x0, 0x0, 0x0, 0x0,

    /* U+6708 "月" */
    0x0, 0x0, 0x0, 0x0, 0x0, 0x0, 0x0, 0x0,
    0x0, 0x0, 0x0, 0x0, 0x0, 0x0, 0x9f, 0xff,
    0xff, 0xff, 0xff, 0xff, 0xff, 0xff, 0xfe, 0x0,
    0x0, 0x9, 0xff, 0xff, 0xff, 0xff, 0xff, 0xff,
    0xff, 0xff, 0xe0, 0x0, 0x0, 0x9f, 0xf8, 0x77,
    0x77, 0x77, 0x77, 0x77, 0x7e, 0xfe, 0x0, 0x0,
    0x9, 0xff, 0x10, 0x0, 0x0, 0x0, 0x0, 0x0,
    0xdf, 0xe0, 0x0, 0x0, 0x9f, 0xf1, 0x0, 0x0,
    0x0, 0x0, 0x0, 0xd, 0xfe, 0x0, 0x0, 0x9,
    0xff, 0x10, 0x0, 0x0, 0x0, 0x0, 0x0, 0xdf,
    0xe0, 0x0, 0x0, 0x9f, 0xf7, 0x66, 0x66, 0x66,
    0x66, 0x66, 0x6e, 0xfe, 0x0, 0x0, 0x9, 0xff,
    0xff, 0xff, 0xff, 0xff, 0xff, 0xff, 0xff, 0xe0,
    0x0, 0x0, 0x9f, 0xff, 0xff, 0xff, 0xff, 0xff,
    0xff, 0xff, 0xfe, 0x0, 0x0, 0x9, 0xff, 0x11,
    0x11, 0x11, 0x11, 0x11, 0x11, 0xdf, 0xe0, 0x0,
    0x0, 0xaf, 0xf0, 0x0, 0x0, 0x0, 0x0, 0x0,
    0xd, 0xfe, 0x0, 0x0, 0xa, 0xff, 0x0, 0x0,
    0x0, 0x0, 0x0, 0x0, 0xdf, 0xe0, 0x0, 0x0,
    0xbf, 0xe0, 0x0, 0x0, 0x0, 0x0, 0x0, 0xd,
    0xfe, 0x0, 0x0, 0xd, 0xff, 0xff, 0xff, 0xff,
    0xff, 0xff, 0xff, 0xff, 0xe0, 0x0, 0x0, 0xff,
    0xff, 0xff, 0xff, 0xff, 0xff, 0xff, 0xff, 0xfe,
    0x0, 0x0, 0x4f, 0xfb, 0x99, 0x99, 0x99, 0x99,
    0x99, 0x99, 0xef, 0xe0, 0x0, 0x9, 0xff, 0x20,
    0x0, 0x0, 0x0, 0x0, 0x0, 0xd, 0xfe, 0x0,
    0x0, 0xef, 0xd0, 0x0, 0x0, 0x0, 0x0, 0x0,
    0x0, 0xdf, 0xe0, 0x0, 0x6f, 0xf7, 0x0, 0x0,
    0x0, 0x0, 0x0, 0x0, 0xd, 0xfe, 0x0, 0x1e,
    0xff, 0x10, 0x0, 0x0, 0x0, 0x0, 0x0, 0x0,
    0xdf, 0xe0, 0xa, 0xff, 0x90, 0x0, 0x0, 0x0,
    0x0, 0x0, 0x0, 0xd, 0xfe, 0x8, 0xff, 0xe0,
    0x0, 0x0, 0x0, 0x0, 0x69, 0x99, 0x9a, 0xff,
    0xd1, 0xef, 0xf4, 0x0, 0x0, 0x0, 0x0, 0x3,
    0xff, 0xff, 0xff, 0xf8, 0x1, 0xd5, 0x0, 0x0,
    0x0, 0x0, 0x0, 0xd, 0xff, 0xff, 0xc7, 0x0,
    0x0, 0x0, 0x0, 0x0, 0x0, 0x0, 0x0, 0x1,
    0x10, 0x0, 0x0,

    /* U+6709 "有" */
    0x0, 0x0, 0x0, 0x0, 0x2, 0x41, 0x0, 0x0,
    0x0, 0x0, 0x0, 0x0, 0x0, 0x0, 0x0, 0x0,
    0x0, 0xa, 0xff, 0x20, 0x0, 0x0, 0x0, 0x0,
    0x0, 0x0, 0x0, 0x0, 0x0, 0x0, 0xf, 0xfe,
    0x0, 0x0, 0x0, 0x0, 0x0, 0x0, 0x0, 0x0,
    0x0, 0x0, 0x0, 0x5f, 0xf8, 0x0, 0x0, 0x0,
    0x0, 0x0, 0x0, 0x0, 0x2f, 0xff, 0xff, 0xff,
    0xff, 0xff, 0xff, 0xff, 0xff, 0xff, 0xff, 0xff,
    0xf4, 0x3f, 0xff, 0xff, 0xff, 0xff, 0xff, 0xff,
    0xff, 0xff, 0xff, 0xff, 0xff, 0xf4, 0x17, 0x77,
    0x77, 0x7d, 0xff, 0x87, 0x77, 0x77, 0x77, 0x77,
    0x77, 0x77, 0x71, 0x0, 0x0, 0x0, 0x3f, 0xfb,
    0x0, 0x0, 0x0, 0x0, 0x0, 0x0, 0x0, 0x0,
    0x0, 0x0, 0x0, 0xcf, 0xf3, 0x0, 0x0, 0x0,
    0x0, 0x0, 0x0, 0x0, 0x0, 0x0, 0x0, 0x6,
    0xff, 0xff, 0xff, 0xff, 0xff, 0xff, 0xff, 0xff,
    0x0, 0x0, 0x0, 0x0, 0x2f, 0xff, 0xff, 0xff,
    0xff, 0xff, 0xff, 0xff, 0xff, 0x0, 0x0, 0x0,
    0x1, 0xdf, 0xff, 0xb5, 0x55, 0x55, 0x55, 0x55,
    0x5a, 0xff, 0x0, 0x0, 0x0, 0xc, 0xff, 0xff,
    0x80, 0x0, 0x0, 0x0, 0x0, 0x8, 0xff, 0x0,
    0x0, 0x0, 0xbf, 0xfc, 0xff, 0x90, 0x0, 0x0,
    0x0, 0x0, 0x8, 0xff, 0x0, 0x0, 0x2d, 0xff,
    0xd1, 0xff, 0xff, 0xff, 0xff, 0xff, 0xff, 0xff,
    0xff, 0x0, 0x0, 0xaf, 0xfd, 0x10, 0xff, 0xff,
    0xff, 0xff, 0xff, 0xff, 0xff, 0xff, 0x0, 0x0,
    0xd, 0xb0, 0x0, 0xff, 0x92, 0x22, 0x22, 0x22,
    0x22, 0x29, 0xff, 0x0, 0x0, 0x1, 0x0, 0x0,
    0xff, 0x80, 0x0, 0x0, 0x0, 0x0, 0x8, 0xff,
    0x0, 0x0, 0x0, 0x0, 0x0, 0xff, 0xa3, 0x33,
    0x33, 0x33, 0x33, 0x39, 0xff, 0x0, 0x0, 0x0,
    0x0, 0x0, 0xff, 0xff, 0xff, 0xff, 0xff, 0xff,
    0xff, 0xff, 0x0, 0x0, 0x0, 0x0, 0x0, 0xff,
    0xff, 0xff, 0xff, 0xff, 0xff, 0xff, 0xff, 0x0,
    0x0, 0x0, 0x0, 0x0, 0xff, 0x80, 0x0, 0x0,
    0x0, 0x0, 0x8, 0xff, 0x0, 0x0, 0x0, 0x0,
    0x0, 0xff, 0x80, 0x0, 0x0, 0x0, 0x0, 0x8,
    0xff, 0x0, 0x0, 0x0, 0x0, 0x0, 0xff, 0x80,
    0x0, 0x0, 0x6, 0x66, 0x6c, 0xff, 0x0, 0x0,
    0x0, 0x0, 0x0, 0xff, 0x80, 0x0, 0x0, 0x8,
    0xff, 0xff, 0xfd, 0x0, 0x0, 0x0, 0x0, 0x0,
    0xff, 0x80, 0x0, 0x0, 0x4, 0xff, 0xfe, 0xb2,
    0x0, 0x0, 0x0, 0x0, 0x0, 0x11, 0x0, 0x0,
    0x0, 0x0, 0x0, 0x0, 0x0, 0x0, 0x0,

    /* U+671F "期" */
    0x0, 0x1, 0x55, 0x0, 0x0, 0x35, 0x40, 0x0,
    0x0, 0x0, 0x0, 0x0, 0x0, 0x0, 0x5, 0xff,
    0x0, 0x0, 0x9f, 0xc0, 0x0, 0x34, 0x44, 0x44,
    0x44, 0x43, 0x0, 0x5, 0xff, 0x0, 0x0, 0x9f,
    0xc0, 0x0, 0xff, 0xff, 0xff, 0xff, 0xfe, 0x0,
    0x5, 0xff, 0x0, 0x0, 0x9f, 0xc0, 0x0, 0xff,
    0xff, 0xff, 0xff, 0xfe, 0x8, 0xff, 0xff, 0xff,
    0xff, 0xff, 0xff, 0xd0, 0xff, 0xa3, 0x33, 0x3a,
    0xfe, 0x9, 0xff, 0xff, 0xff, 0xff, 0xff, 0xff,
    0xd0, 0xff, 0x80, 0x0, 0x9, 0xfe, 0x2, 0x58,
    0xff, 0x55, 0x55, 0xbf, 0xd5, 0x40, 0xff, 0x80,
    0x0, 0x9, 0xfe, 0x0, 0x5, 0xff, 0x0, 0x0,
    0x9f, 0xc0, 0x0, 0xff, 0x80, 0x0, 0x9, 0xfe,
    0x0, 0x5, 0xff, 0xbb, 0xbb, 0xef, 0xc0, 0x0,
    0xff, 0xff, 0xff, 0xff, 0xfe, 0x0, 0x5, 0xff,
    0xff, 0xff, 0xff, 0xc0, 0x0, 0xff, 0xff, 0xff,
    0xff, 0xfe, 0x0, 0x5, 0xff, 0x55, 0x55, 0xbf,
    0xc0, 0x0, 0xff, 0xb5, 0x55, 0x5b, 0xfe, 0x0,
    0x5, 0xff, 0x0, 0x0, 0x9f, 0xc0, 0x0, 0xff,
    0x80, 0x0, 0x9, 0xfe, 0x0, 0x5, 0xff, 0x11,
    0x11, 0xaf, 0xc0, 0x0, 0xff, 0x80, 0x0, 0x9,
    0xfe, 0x0, 0x5, 0xff, 0xff, 0xff, 0xff, 0xc0,
    0x0, 0xff, 0x80, 0x0, 0x9, 0xfe, 0x0, 0x5,
    0xff, 0xff, 0xff, 0xff, 0xc0, 0x0, 0xff, 0xa5,
    0x55, 0x5b, 0xfe, 0x0, 0x5, 0xff, 0x0, 0x0,
    0x9f, 0xc0, 0x0, 0xff, 0xff, 0xff, 0xff, 0xfe,
    0x0, 0x5, 0xff, 0x0, 0x0, 0x9f, 0xc0, 0x1,
    0xff, 0xdc, 0xcc, 0xce, 0xfe, 0xe, 0xff, 0xff,
    0xff, 0xff, 0xff, 0xff, 0xa3, 0xff, 0x30, 0x0,
    0x9, 0xfe, 0xe, 0xff, 0xff, 0xff, 0xff, 0xff,
    0xff, 0xb5, 0xff, 0x10, 0x0, 0x9, 0xfe, 0x4,
    0x55, 0x65, 0x55, 0x55, 0x75, 0x55, 0x38, 0xfe,
    0x0, 0x0, 0x9, 0xfe, 0x0, 0x0, 0xaf, 0xb0,
    0x9, 0xf6, 0x0, 0xb, 0xfb, 0x0, 0x0, 0x9,
    0xfe, 0x0, 0x4, 0xff, 0xa0, 0xb, 0xff, 0x30,
    0x1f, 0xf8, 0x0, 0x0, 0x9, 0xfe, 0x0, 0x1e,
    0xfe, 0x10, 0x1, 0xef, 0xe1, 0x5f, 0xf4, 0x0,
    0x0, 0x9, 0xfe, 0x1, 0xcf, 0xf5, 0x0, 0x0,
    0x4f, 0xf9, 0xdf, 0xe0, 0x0, 0x77, 0x7d, 0xfe,
    0xb, 0xff, 0x80, 0x0, 0x0, 0xa, 0x94, 0xff,
    0x90, 0x0, 0xdf, 0xff, 0xfa, 0x0, 0x9a, 0x0,
    0x0, 0x0, 0x0, 0x0, 0x3d, 0x10, 0x0, 0x9f,
    0xfd, 0x91, 0x0, 0x0, 0x0, 0x0, 0x0, 0x0,
    0x0, 0x0, 0x0, 0x0, 0x0, 0x0, 0x0,

    /* U+672C "本" */
    0x0, 0x0, 0x0, 0x0, 0x0, 0x4, 0xaa, 0x30,
    0x0, 0x0, 0x0, 0x0, 0x0, 0x0, 0x0, 0x0,
    0x0, 0x0, 0x6, 0xff, 0x50, 0x0, 0x0, 0x0,
    0x0, 0x0, 0x0, 0x0, 0x0, 0x0, 0x0, 0x6,
    0xff, 0x50, 0x0, 0x0, 0x0, 0x0, 0x0, 0x0,
    0x0, 0x0, 0x0, 0x0, 0x6, 0xff, 0x50, 0x0,
    0x0, 0x0, 0x0, 0x0, 0x0, 0x0, 0x0, 0x0,
    0x0, 0x6, 0xff, 0x50, 0x0, 0x0, 0x0, 0x0,
    0x0, 0x0, 0x0, 0x0, 0x0, 0x0, 0x6, 0xff,
    0x50, 0x0, 0x0, 0x0, 0x0, 0x0, 0x1f, 0xff,
    0xff, 0xff, 0xff, 0xff, 0xff, 0xff, 0xff, 0xff,
    0xff, 0xff, 0xf3, 0x2f, 0xff, 0xff, 0xff, 0xff,
    0xff, 0xff, 0xff, 0xff, 0xff, 0xff, 0xff, 0xf3,
    0x1b, 0xbb, 0xbb, 0xbb, 0xdf, 0xfd, 0xff, 0xef,
    0xfc, 0xbb, 0xbb, 0xbb, 0xb2, 0x0, 0x0, 0x0,
    0x0, 0xcf, 0xe6, 0xff, 0x6f, 0xfa, 0x0, 0x0,
    0x0, 0x0, 0x0, 0x0, 0x0, 0x4, 0xff, 0x76,
    0xff, 0x59, 0xff, 0x20, 0x0, 0x0, 0x0, 0x0,
    0x0, 0x0, 0xc, 0xff, 0x16, 0xff, 0x52, 0xff,
    0xb0, 0x0, 0x0, 0x0, 0x0, 0x0, 0x0, 0x6f,
    0xf7, 0x6, 0xff, 0x50, 0x9f, 0xf4, 0x0, 0x0,
    0x0, 0x0, 0x0, 0x1, 0xef, 0xe0, 0x6, 0xff,
    0x50, 0x1f, 0xfe, 0x10, 0x0, 0x0, 0x0, 0x0,
    0xb, 0xff, 0x50, 0x6, 0xff, 0x50, 0x8, 0xff,
    0xb0, 0x0, 0x0, 0x0, 0x0, 0x8f, 0xfb, 0x0,
    0x6, 0xff, 0x50, 0x0, 0xdf, 0xf8, 0x0, 0x0,
    0x0, 0x5, 0xff, 0xe1, 0x0, 0x6, 0xff, 0x50,
    0x0, 0x3f, 0xff, 0x70, 0x0, 0x0, 0x5f, 0xff,
    0x30, 0x0, 0x6, 0xff, 0x50, 0x0, 0x6, 0xff,
    0xf8, 0x0, 0x7, 0xff, 0xfc, 0x99, 0x99, 0x9b,
    0xff, 0xb9, 0x99, 0x99, 0xdf, 0xff, 0xa1, 0xaf,
    0xff, 0x79, 0xff, 0xff, 0xff, 0xff, 0xff, 0xff,
    0xff, 0x89, 0xff, 0xfa, 0x3e, 0xf7, 0x9, 0xff,
    0xff, 0xff, 0xff, 0xff, 0xff, 0xff, 0x80, 0x8f,
    0xc0, 0x4, 0x40, 0x0, 0x0, 0x0, 0x6, 0xff,
    0x50, 0x0, 0x0, 0x0, 0x5, 0x10, 0x0, 0x0,
    0x0, 0x0, 0x0, 0x6, 0xff, 0x50, 0x0, 0x0,
    0x0, 0x0, 0x0, 0x0, 0x0, 0x0, 0x0, 0x0,
    0x6, 0xff, 0x50, 0x0, 0x0, 0x0, 0x0, 0x0,
    0x0, 0x0, 0x0, 0x0, 0x0, 0x6, 0xff, 0x50,
    0x0, 0x0, 0x0, 0x0, 0x0, 0x0, 0x0, 0x0,
    0x0, 0x0, 0x6, 0xff, 0x50, 0x0, 0x0, 0x0,
    0x0, 0x0,

    /* U+6735 "朵" */
    0x0, 0x0, 0x0, 0x28, 0x88, 0x88, 0x88, 0x88,
    0x88, 0x83, 0x0, 0x0, 0x0, 0x0, 0x0, 0x0,
    0x4f, 0xff, 0xff, 0xff, 0xff, 0xff, 0xf7, 0x0,
    0x0, 0x0, 0x0, 0x0, 0x0, 0x4f, 0xff, 0xff,
    0xff, 0xff, 0xff, 0xf7, 0x0, 0x0, 0x0, 0x0,
    0x0, 0x0, 0x4f, 0xf6, 0x0, 0x0, 0x0, 0x3f,
    0xf7, 0x0, 0x0, 0x0, 0x0, 0x0, 0x0, 0x6f,
    0xf5, 0x0, 0x0, 0x0, 0x3f, 0xf7, 0x0, 0x0,
    0x0, 0x0, 0x0, 0x0, 0xaf, 0xf3, 0x0, 0x0,
    0x0, 0x3f, 0xf7, 0x0, 0x0, 0x0, 0x0, 0x0,
    0x2, 0xff, 0xe0, 0x0, 0x0, 0x0, 0x3f, 0xf7,
    0x0, 0x0, 0x0, 0x0, 0x0, 0x2e, 0xff, 0x70,
    0x0, 0x0, 0x0, 0x3f, 0xf7, 0x0, 0x0, 0x0,
    0x0, 0x7, 0xff, 0xfd, 0x0, 0x0, 0x0, 0x0,
    0x2f, 0xfb, 0x44, 0x44, 0x50, 0x7, 0xef, 0xff,
    0xd1, 0x0, 0x2, 0x55, 0x10, 0xf, 0xff, 0xff,
    0xff, 0xf2, 0x6, 0xff, 0xfa, 0x10, 0x0, 0x8,
    0xff, 0x40, 0x5, 0xef, 0xff, 0xff, 0xf4, 0x0,
    0xcb, 0x40, 0x0, 0x0, 0x8, 0xff, 0x40, 0x0,
    0x1, 0x22, 0x22, 0x10, 0x0, 0x0, 0x0, 0x0,
    0x0, 0x8, 0xff, 0x40, 0x0, 0x0, 0x0, 0x0,
    0x0, 0x2f, 0xff, 0xff, 0xff, 0xff, 0xff, 0xff,
    0xff, 0xff, 0xff, 0xff, 0xff, 0xf2, 0x3f, 0xff,
    0xff, 0xff, 0xff, 0xff, 0xff, 0xff, 0xff, 0xff,
    0xff, 0xff, 0xf2, 0x18, 0x88, 0x88, 0x88, 0x8a,
    0xff, 0xff, 0xff, 0x98, 0x88, 0x88, 0x88, 0x81,
    0x0, 0x0, 0x0, 0x0, 0x2e, 0xff, 0xff, 0xff,
    0xe2, 0x0, 0x0, 0x0, 0x0, 0x0, 0x0, 0x0,
    0x4, 0xff, 0xea, 0xff, 0x5e, 0xff, 0x50, 0x0,
    0x0, 0x0, 0x0, 0x0, 0x1, 0xaf, 0xfe, 0x28,
    0xff, 0x42, 0xdf, 0xfa, 0x10, 0x0, 0x0, 0x0,
    0x0, 0x6e, 0xff, 0xc2, 0x8, 0xff, 0x40, 0x1b,
    0xff, 0xf7, 0x0, 0x0, 0x0, 0x6d, 0xff, 0xfa,
    0x0, 0x8, 0xff, 0x40, 0x0, 0x7f, 0xff, 0xe7,
    0x10, 0x6e, 0xff, 0xfe, 0x50, 0x0, 0x8, 0xff,
    0x40, 0x0, 0x2, 0xcf, 0xff, 0xf8, 0x1d, 0xff,
    0x80, 0x0, 0x0, 0x8, 0xff, 0x40, 0x0, 0x0,
    0x5, 0xdf, 0xd1, 0x3, 0x81, 0x0, 0x0, 0x0,
    0x8, 0xff, 0x40, 0x0, 0x0, 0x0, 0x4, 0x30,
    0x0, 0x0, 0x0, 0x0, 0x0, 0x8, 0xff, 0x40,
    0x0, 0x0, 0x0, 0x0, 0x0,

    /* U+673A "机" */
    0x0, 0x0, 0x1b, 0xb5, 0x0, 0x0, 0x0, 0x0,
    0x0, 0x0, 0x0, 0x0, 0x0, 0x0, 0x0, 0x1f,
    0xf8, 0x0, 0x0, 0x0, 0x0, 0x0, 0x0, 0x0,
    0x0, 0x0, 0x0, 0x0, 0x1f, 0xf8, 0x0, 0x0,
    0x8f, 0xff, 0xff, 0xff, 0xff, 0x10, 0x0, 0x0,
    0x0, 0x1f, 0xf8, 0x0, 0x0, 0x9f, 0xff, 0xff,
    0xff, 0xff, 0x10, 0x0, 0x0, 0x0, 0x1f, 0xf8,
    0x0, 0x0, 0x9f, 0xf9, 0x88, 0x8c, 0xff, 0x10,
    0x0, 0x12, 0x22, 0x3f, 0xf9, 0x22, 0x20, 0x9f,
    0xf1, 0x0, 0x8, 0xff, 0x10, 0x0, 0x7f, 0xff,
    0xff, 0xff, 0xff, 0xf1, 0x9f, 0xf1, 0x0, 0x8,
    0xff, 0x10, 0x0, 0x7f, 0xff, 0xff, 0xff, 0xff,
    0xf1, 0x9f, 0xf1, 0x0, 0x8, 0xff, 0x10, 0x0,
    0x24, 0x44, 0x9f, 0xfa, 0x44, 0x40, 0x9f, 0xf1,
    0x0, 0x8, 0xff, 0x10, 0x0, 0x0, 0x0, 0xaf,
    0xfc, 0x0, 0x0, 0x9f, 0xf1, 0x0, 0x8, 0xff,
    0x10, 0x0, 0x0, 0x0, 0xff, 0xff, 0xa0, 0x0,
    0x9f, 0xf1, 0x0, 0x8, 0xff, 0x10, 0x0, 0x0,
    0x5, 0xff, 0xff, 0xf7, 0x0, 0x9f, 0xf1, 0x0,
    0x8, 0xff, 0x10, 0x0, 0x0, 0xb, 0xff, 0xfe,
    0xff, 0x40, 0x9f, 0xf0, 0x0, 0x8, 0xff, 0x10,
    0x0, 0x0, 0x2f, 0xff, 0xf8, 0xdf, 0xe2, 0xaf,
    0xf0, 0x0, 0x8, 0xff, 0x10, 0x0, 0x0, 0x9f,
    0xcf, 0xf8, 0x3f, 0xf4, 0xbf, 0xe0, 0x0, 0x8,
    0xff, 0x10, 0x0, 0x1, 0xff, 0x6f, 0xf8, 0x9,
    0xb0, 0xcf, 0xc0, 0x0, 0x8, 0xff, 0x10, 0x0,
    0x9, 0xfd, 0x1f, 0xf8, 0x1, 0x20, 0xef, 0xa0,
    0x0, 0x8, 0xff, 0x10, 0x0, 0x2f, 0xf7, 0x1f,
    0xf8, 0x0, 0x1, 0xff, 0x70, 0x0, 0x8, 0xff,
    0x10, 0x0, 0xcf, 0xe0, 0x1f, 0xf8, 0x0, 0x5,
    0xff, 0x40, 0x0, 0x8, 0xff, 0x10, 0x20, 0x7f,
    0x60, 0x1f, 0xf8, 0x0, 0xa, 0xff, 0x0, 0x0,
    0x8, 0xff, 0x10, 0xf9, 0xa, 0x0, 0x1f, 0xf8,
    0x0, 0xf, 0xfb, 0x0, 0x0, 0x8, 0xff, 0x10,
    0xff, 0x0, 0x0, 0x1f, 0xf8, 0x0, 0x6f, 0xf5,
    0x0, 0x0, 0x8, 0xff, 0x10, 0xfe, 0x0, 0x0,
    0x1f, 0xf8, 0x0, 0xef, 0xe0, 0x0, 0x0, 0x8,
    0xff, 0x11, 0xfe, 0x0, 0x0, 0x1f, 0xf8, 0xa,
    0xff, 0x60, 0x0, 0x0, 0x7, 0xff, 0x89, 0xfc,
    0x0, 0x0, 0x1f, 0xf8, 0x5f, 0xfc, 0x0, 0x0,
    0x0, 0x5, 0xff, 0xff, 0xf8, 0x0, 0x0, 0x1f,
    0xf8, 0x4, 0xc1, 0x0, 0x0, 0x0, 0x0, 0x9f,
    0xff, 0xb1, 0x0, 0x0, 0x0, 0x0, 0x0, 0x0,
    0x0, 0x0, 0x0, 0x0, 0x0, 0x0, 0x0,

    /* U+677E "松" */
    0x0, 0x0, 0x6, 0xa9, 0x0, 0x0, 0x0, 0x0,
    0x0, 0x0, 0x0, 0x0, 0x0, 0x0, 0x0, 0x0,
    0xaf, 0xe0, 0x0, 0x0, 0x1, 0xb8, 0x30, 0x1b,
    0xf6, 0x0, 0x0, 0x0, 0x0, 0xa, 0xfe, 0x0,
    0x0, 0x0, 0x4f, 0xf7, 0x0, 0xff, 0xb0, 0x0,
    0x0, 0x0, 0x0, 0xaf, 0xe0, 0x0, 0x0, 0x9,
    0xff, 0x30, 0xa, 0xff, 0x0, 0x0, 0x0, 0x0,
    0xa, 0xfe, 0x0, 0x0, 0x0, 0xdf, 0xe0, 0x0,
    0x6f, 0xf5, 0x0, 0x0, 0x0, 0x0, 0xaf, 0xe0,
    0x0, 0x0, 0x3f, 0xf9, 0x0, 0x1, 0xff, 0xc0,
    0x0, 0xa, 0xff, 0xff, 0xff, 0xff, 0xf4, 0x9,
    0xff, 0x30, 0x0, 0xb, 0xff, 0x20, 0x0, 0xaf,
    0xff, 0xff, 0xff, 0xff, 0x50, 0xef, 0xd0, 0x0,
    0x0, 0x5f, 0xfa, 0x0, 0x4, 0x77, 0x7f, 0xff,
    0x77, 0x72, 0x7f, 0xf7, 0x0, 0x0, 0x0, 0xef,
    0xf3, 0x0, 0x0, 0x1, 0xff, 0xf0, 0x0, 0x1e,
    0xfe, 0x0, 0xa5, 0x0, 0x6, 0xff, 0xd0, 0x0,
    0x0, 0x6f, 0xff, 0xa0, 0xa, 0xff, 0x70, 0x2f,
    0xfc, 0x0, 0xd, 0xff, 0x80, 0x0, 0xb, 0xff,
    0xff, 0x54, 0xff, 0xd0, 0x7, 0xff, 0x80, 0x0,
    0x4f, 0xf4, 0x0, 0x0, 0xff, 0xff, 0xfe, 0x14,
    0xe4, 0x0, 0xcf, 0xf2, 0x0, 0x0, 0x94, 0x0,
    0x0, 0x6f, 0xff, 0xed, 0xfb, 0x0, 0x0, 0x1f,
    0xfd, 0x0, 0x0, 0x0, 0x0, 0x0, 0xd, 0xfd,
    0xfe, 0x4f, 0xf6, 0x0, 0x7, 0xff, 0x70, 0x0,
    0x0, 0x0, 0x0, 0x4, 0xfd, 0xaf, 0xe0, 0xcf,
    0xa0, 0x0, 0xdf, 0xf1, 0x0, 0x0, 0x0, 0x0,
    0x0, 0xcf, 0x7a, 0xfe, 0x4, 0xd0, 0x0, 0x3f,
    0xfa, 0x0, 0x3b, 0xd0, 0x0, 0x0, 0x5f, 0xf1,
    0xaf, 0xe0, 0x1, 0x0, 0x9, 0xff, 0x30, 0x4,
    0xff, 0x50, 0x0, 0xe, 0xfa, 0xa, 0xfe, 0x0,
    0x0, 0x1, 0xff, 0xc0, 0x0, 0xc, 0xfd, 0x0,
    0x0, 0x7f, 0x20, 0xaf, 0xe0, 0x0, 0x0, 0x8f,
    0xf5, 0x0, 0x0, 0x5f, 0xf5, 0x0, 0x0, 0x80,
    0xa, 0xfe, 0x0, 0x0, 0x1f, 0xfd, 0x0, 0x0,
    0x0, 0xdf, 0xd0, 0x0, 0x0, 0x0, 0xaf, 0xe0,
    0x0, 0x9, 0xff, 0x62, 0x45, 0x79, 0xae, 0xff,
    0x40, 0x0, 0x0, 0xa, 0xfe, 0x0, 0x6, 0xff,
    0xff, 0xff, 0xff, 0xff, 0xff, 0xfb, 0x0, 0x0,
    0x0, 0xaf, 0xe0, 0x0, 0x7f, 0xff, 0xff, 0xff,
    0xfd, 0xb9, 0xcf, 0xf1, 0x0, 0x0, 0xa, 0xfe,
    0x0, 0x1, 0xfe, 0xb8, 0x63, 0x10, 0x0, 0x4,
    0xfd, 0x20, 0x0, 0x0, 0xaf, 0xe0, 0x0, 0x2,
    0x0, 0x0, 0x0, 0x0, 0x0, 0x5, 0x0,

    /* U+67E5 "查" */
    0x0, 0x0, 0x0, 0x0, 0x0, 0x1, 0x77, 0x30,
    0x0, 0x0, 0x0, 0x0, 0x0, 0x0, 0x0, 0x0,
    0x0, 0x0, 0x0, 0x2f, 0xf6, 0x0, 0x0, 0x0,
    0x0, 0x0, 0x0, 0x0, 0x0, 0x0, 0x0, 0x0,
    0x2, 0xff, 0x60, 0x0, 0x0, 0x0, 0x0, 0x0,
    0x0, 0x22, 0x22, 0x22, 0x22, 0x22, 0x4f, 0xf8,
    0x22, 0x22, 0x22, 0x22, 0x22, 0x10, 0x1f, 0xff,
    0xff, 0xff, 0xff, 0xff, 0xff, 0xff, 0xff, 0xff,
    0xff, 0xff, 0xf9, 0x1, 0xff, 0xff, 0xff, 0xff,
    0xff, 0xff, 0xff, 0xff, 0xff, 0xff, 0xff, 0xff,
    0x90, 0x2, 0x22, 0x22, 0x22, 0x6f, 0xfe, 0xff,
    0xef, 0xf9, 0x22, 0x22, 0x22, 0x21, 0x0, 0x0,
    0x0, 0x0, 0x5f, 0xfe, 0x3f, 0xf6, 0xaf, 0xf9,
    0x0, 0x0, 0x0, 0x0, 0x0, 0x0, 0x1, 0x9f,
    0xfd, 0x22, 0xff, 0x60, 0x9f, 0xfd, 0x30, 0x0,
    0x0, 0x0, 0x0, 0x5, 0xef, 0xfc, 0x10, 0x2f,
    0xf6, 0x0, 0x7f, 0xff, 0x92, 0x0, 0x0, 0x0,
    0x4c, 0xff, 0xf9, 0x0, 0x2, 0xff, 0x60, 0x0,
    0x4e, 0xff, 0xf9, 0x30, 0x5, 0xdf, 0xff, 0xd4,
    0x0, 0x0, 0x17, 0x73, 0x0, 0x0, 0x9, 0xff,
    0xff, 0xc0, 0x1e, 0xfe, 0x78, 0xbb, 0xbb, 0xbb,
    0xbb, 0xbb, 0xbb, 0xbb, 0xb2, 0xaf, 0xf3, 0x0,
    0x36, 0x0, 0xaf, 0xff, 0xff, 0xff, 0xff, 0xff,
    0xff, 0xff, 0x0, 0x13, 0x0, 0x0, 0x0, 0xa,
    0xfe, 0x0, 0x0, 0x0, 0x0, 0x0, 0xbf, 0xf0,
    0x0, 0x0, 0x0, 0x0, 0x0, 0xaf, 0xe0, 0x0,
    0x0, 0x0, 0x0, 0xb, 0xff, 0x0, 0x0, 0x0,
    0x0, 0x0, 0xa, 0xff, 0xff, 0xff, 0xff, 0xff,
    0xff, 0xff, 0xf0, 0x0, 0x0, 0x0, 0x0, 0x0,
    0xaf, 0xfc, 0xcc, 0xcc, 0xcc, 0xcc, 0xce, 0xff,
    0x0, 0x0, 0x0, 0x0, 0x0, 0xa, 0xfe, 0x0,
    0x0, 0x0, 0x0, 0x0, 0xbf, 0xf0, 0x0, 0x0,
    0x0, 0x0, 0x0, 0xaf, 0xe0, 0x0, 0x0, 0x0,
    0x0, 0xb, 0xff, 0x0, 0x0, 0x0, 0x0, 0x0,
    0xa, 0xff, 0xff, 0xff, 0xff, 0xff, 0xff, 0xff,
    0xf0, 0x0, 0x0, 0x0, 0x0, 0x0, 0x8c, 0xcc,
    0xcc, 0xcc, 0xcc, 0xcc, 0xcc, 0xcc, 0x0, 0x0,
    0x0, 0x0, 0x0, 0x0, 0x0, 0x0, 0x0, 0x0,
    0x0, 0x0, 0x0, 0x0, 0x0, 0x0, 0x0, 0xaf,
    0xff, 0xff, 0xff, 0xff, 0xff, 0xff, 0xff, 0xff,
    0xff, 0xff, 0xff, 0x40, 0xb, 0xff, 0xff, 0xff,
    0xff, 0xff, 0xff, 0xff, 0xff, 0xff, 0xff, 0xff,
    0xf4, 0x0, 0x45, 0x55, 0x55, 0x55, 0x55, 0x55,
    0x55, 0x55, 0x55, 0x55, 0x55, 0x55, 0x10,

    /* U+6848 "案" */
    0x0, 0x0, 0x0, 0x0, 0x0, 0x0, 0x32, 0x0,
    0x0, 0x0, 0x0, 0x0, 0x0, 0x0, 0x0, 0x0,
    0x0, 0x0, 0x0, 0xbf, 0xd0, 0x0, 0x0, 0x0,
    0x0, 0x0, 0x0, 0x2, 0x44, 0x44, 0x44, 0x44,
    0x48, 0xff, 0x84, 0x44, 0x44, 0x44, 0x44, 0x40,
    0x0, 0x7f, 0xff, 0xff, 0xff, 0xff, 0xff, 0xff,
    0xff, 0xff, 0xff, 0xff, 0xff, 0x0, 0x7, 0xff,
    0xee, 0xee, 0xee, 0xee, 0xee, 0xee, 0xee, 0xee,
    0xee, 0xff, 0xf0, 0x0, 0x7f, 0xe0, 0x0, 0x0,
    0x9, 0xd8, 0x0, 0x0, 0x0, 0x0, 0x7, 0xff,
    0x0, 0x6, 0xdc, 0x0, 0x0, 0x7, 0xff, 0x60,
    0x0, 0x0, 0x0, 0x0, 0x6d, 0xd0, 0x0, 0xef,
    0xff, 0xff, 0xff, 0xff, 0xff, 0xff, 0xff, 0xff,
    0xff, 0xff, 0xff, 0x70, 0xf, 0xff, 0xff, 0xff,
    0xff, 0xff, 0xff, 0xff, 0xff, 0xff, 0xff, 0xff,
    0xf7, 0x0, 0x12, 0x22, 0x24, 0xff, 0xa2, 0x22,
    0x22, 0x25, 0xff, 0xc2, 0x22, 0x22, 0x0, 0x0,
    0x0, 0x1, 0xdf, 0xc0, 0x0, 0x0, 0x3, 0xef,
    0xf2, 0x0, 0x0, 0x0, 0x0, 0x0, 0x1, 0xdf,
    0xff, 0xfc, 0x96, 0x37, 0xff, 0xf4, 0x0, 0x0,
    0x0, 0x0, 0x0, 0x0, 0x26, 0x9c, 0xff, 0xff,
    0xff, 0xff, 0xf8, 0x0, 0x0, 0x0, 0x0, 0x0,
    0x0, 0x0, 0x0, 0x14, 0xaf, 0xff, 0xff, 0xff,
    0xff, 0xc8, 0x40, 0x0, 0x0, 0x6, 0x89, 0xbc,
    0xff, 0xff, 0xff, 0xc7, 0x47, 0xbf, 0xff, 0xff,
    0xfb, 0x50, 0x0, 0x6f, 0xff, 0xff, 0xda, 0x84,
    0x3d, 0xd6, 0x0, 0x3, 0x7c, 0xff, 0xd2, 0x0,
    0x0, 0x54, 0x21, 0x0, 0x0, 0x2, 0xff, 0x70,
    0x0, 0x0, 0x1, 0x60, 0x0, 0x0, 0x44, 0x44,
    0x44, 0x44, 0x44, 0x6f, 0xf9, 0x44, 0x44, 0x44,
    0x44, 0x44, 0x30, 0x3f, 0xff, 0xff, 0xff, 0xff,
    0xff, 0xff, 0xff, 0xff, 0xff, 0xff, 0xff, 0xfb,
    0x2, 0xdd, 0xdd, 0xdd, 0xdd, 0xef, 0xff, 0xff,
    0xff, 0xdd, 0xdd, 0xdd, 0xdd, 0xa0, 0x0, 0x0,
    0x0, 0x0, 0x3d, 0xff, 0xff, 0xff, 0xf8, 0x0,
    0x0, 0x0, 0x0, 0x0, 0x0, 0x0, 0x4, 0xbf,
    0xfc, 0x4f, 0xf7, 0x8f, 0xfe, 0x71, 0x0, 0x0,
    0x0, 0x0, 0x2, 0x7d, 0xff, 0xf7, 0x2, 0xff,
    0x70, 0x3c, 0xff, 0xfb, 0x50, 0x0, 0x4, 0x9d,
    0xff, 0xff, 0x91, 0x0, 0x2f, 0xf7, 0x0, 0x4,
    0xcf, 0xff, 0xfc, 0x91, 0x2f, 0xff, 0xd7, 0x10,
    0x0, 0x2, 0xff, 0x70, 0x0, 0x0, 0x4a, 0xff,
    0xfa, 0x0, 0x47, 0x20, 0x0, 0x0, 0x0, 0x2f,
    0xf7, 0x0, 0x0, 0x0, 0x1, 0x59, 0x0,

    /* U+68C0 "检" */
    0x0, 0x1, 0xaa, 0x20, 0x0, 0x0, 0x0, 0x0,
    0xb7, 0x10, 0x0, 0x0, 0x0, 0x0, 0x0, 0x2f,
    0xf3, 0x0, 0x0, 0x0, 0x0, 0x8f, 0xf3, 0x0,
    0x0, 0x0, 0x0, 0x0, 0x2, 0xff, 0x30, 0x0,
    0x0, 0x0, 0x2f, 0xff, 0x60, 0x0, 0x0, 0x0,
    0x0, 0x0, 0x2f, 0xf3, 0x0, 0x0, 0x0, 0xd,
    0xff, 0xff, 0x50, 0x0, 0x0, 0x0, 0x0, 0x2,
    0xff, 0x30, 0x0, 0x0, 0xa, 0xff, 0x6d, 0xff,
    0x40, 0x0, 0x0, 0x3, 0x66, 0x7f, 0xf8, 0x65,
    0x0, 0x8, 0xff, 0x90, 0x1e, 0xff, 0x60, 0x0,
    0x0, 0x9f, 0xff, 0xff, 0xff, 0xc0, 0x7, 0xff,
    0xc0, 0x0, 0x2e, 0xff, 0x80, 0x0, 0x9, 0xff,
    0xff, 0xff, 0xfc, 0x8, 0xff, 0xd1, 0x0, 0x0,
    0x2e, 0xff, 0xb1, 0x0, 0x1, 0x18, 0xff, 0x41,
    0x2b, 0xff, 0xd1, 0x0, 0x0, 0x0, 0x1d, 0xff,
    0xe6, 0x0, 0x0, 0xbf, 0xf7, 0x2e, 0xff, 0xde,
    0xff, 0xff, 0xff, 0xff, 0xbb, 0xff, 0xc0, 0x0,
    0xf, 0xff, 0xf2, 0xbf, 0xb0, 0xef, 0xff, 0xff,
    0xff, 0xfb, 0x7, 0xf3, 0x0, 0x4, 0xff, 0xff,
    0xc1, 0x70, 0x3, 0x44, 0x44, 0x44, 0x44, 0x20,
    0x2, 0x0, 0x0, 0x9f, 0xff, 0xef, 0x60, 0x0,
    0x0, 0x0, 0x0, 0x0, 0x0, 0x0, 0x0, 0x0,
    0xf, 0xff, 0xf7, 0xfe, 0x10, 0x30, 0x0, 0x5c,
    0x80, 0x0, 0xc, 0xa3, 0x0, 0x5, 0xfd, 0xff,
    0x3c, 0xd1, 0xcf, 0x60, 0x5, 0xfc, 0x0, 0x3,
    0xff, 0x20, 0x0, 0xcf, 0x7f, 0xf3, 0x42, 0x8,
    0xfb, 0x0, 0x2f, 0xf0, 0x0, 0x9f, 0xc0, 0x0,
    0x4f, 0xf2, 0xff, 0x30, 0x0, 0x3f, 0xf0, 0x0,
    0xff, 0x30, 0xe, 0xf5, 0x0, 0xd, 0xf9, 0x2f,
    0xf3, 0x0, 0x0, 0xef, 0x40, 0xc, 0xf5, 0x5,
    0xfe, 0x0, 0x0, 0x9f, 0x22, 0xff, 0x30, 0x0,
    0xb, 0xf8, 0x0, 0xaf, 0x80, 0xcf, 0x70, 0x0,
    0x1, 0xa0, 0x2f, 0xf3, 0x0, 0x0, 0x7f, 0xb0,
    0x7, 0xd6, 0x3f, 0xf0, 0x0, 0x0, 0x0, 0x2,
    0xff, 0x30, 0x0, 0x3, 0x94, 0x0, 0x0, 0xa,
    0xf8, 0x0, 0x0, 0x0, 0x0, 0x2f, 0xf3, 0x0,
    0x0, 0x0, 0x0, 0x0, 0x2, 0xff, 0x10, 0x0,
    0x0, 0x0, 0x2, 0xff, 0x30, 0x15, 0x55, 0x55,
    0x55, 0x55, 0xbf, 0xb5, 0x55, 0x50, 0x0, 0x0,
    0x2f, 0xf3, 0x5, 0xff, 0xff, 0xff, 0xff, 0xff,
    0xff, 0xff, 0xff, 0x20, 0x0, 0x2, 0xff, 0x30,
    0x4f, 0xff, 0xff, 0xff, 0xff, 0xff, 0xff, 0xff,
    0xf2, 0x0, 0x0, 0x2f, 0xf3, 0x0, 0x0, 0x0,
    0x0, 0x0, 0x0, 0x0, 0x0, 0x0, 0x0,

    /* U+6B21 "次" */
    0x0, 0x0, 0x0, 0x0, 0x0, 0x2, 0x63, 0x0,
    0x0, 0x0, 0x0, 0x0, 0x0, 0x0, 0x0, 0x0,
    0x0, 0x0, 0x0, 0x8f, 0xf6, 0x0, 0x0, 0x0,
    0x0, 0x0, 0x0, 0x0, 0x60, 0x0, 0x0, 0x0,
    0xc, 0xff, 0x20, 0x0, 0x0, 0x0, 0x0, 0x0,
    0x0, 0x9f, 0xe5, 0x0, 0x0, 0x0, 0xff, 0xe0,
    0x0, 0x0, 0x0, 0x0, 0x0, 0x0, 0xb, 0xff,
    0xfb, 0x10, 0x0, 0x4f, 0xfa, 0x0, 0x0, 0x0,
    0x0, 0x0, 0x0, 0x0, 0x5, 0xef, 0xfe, 0x40,
    0x9, 0xff, 0xff, 0xff, 0xff, 0xff, 0xff, 0xf9,
    0x10, 0x0, 0x1, 0xcf, 0xf7, 0x0, 0xef, 0xff,
    0xff, 0xff, 0xff, 0xff, 0xff, 0xf3, 0x0, 0x0,
    0x0, 0x9b, 0x0, 0x5f, 0xfd, 0x99, 0x99, 0x99,
    0x99, 0x9f, 0xff, 0x0, 0x0, 0x0, 0x0, 0x0,
    0xc, 0xff, 0x30, 0x4, 0x42, 0x0, 0x2, 0xff,
    0xa0, 0x0, 0x0, 0x0, 0x0, 0x4, 0xff, 0xc0,
    0x1, 0xff, 0xa0, 0x0, 0x7f, 0xf4, 0x0, 0x0,
    0x0, 0x0, 0x0, 0xdf, 0xf5, 0x0, 0x1f, 0xfa,
    0x0, 0xd, 0xfe, 0x0, 0x0, 0x0, 0x0, 0x0,
    0x9f, 0xfd, 0x0, 0x2, 0xff, 0xa0, 0x3, 0xff,
    0x70, 0x0, 0x0, 0x0, 0x0, 0x3, 0xbf, 0x40,
    0x0, 0x3f, 0xfa, 0x0, 0x7f, 0xf1, 0x0, 0x0,
    0x0, 0x0, 0x37, 0x0, 0x30, 0x0, 0x5, 0xff,
    0xe0, 0x0, 0x36, 0x0, 0x0, 0x0, 0x0, 0xc,
    0xf9, 0x0, 0x0, 0x0, 0x8f, 0xff, 0x30, 0x0,
    0x0, 0x0, 0x0, 0x0, 0x6, 0xff, 0xb0, 0x0,
    0x0, 0xc, 0xff, 0xf8, 0x0, 0x0, 0x0, 0x0,
    0x0, 0x1, 0xef, 0xf2, 0x0, 0x0, 0x2, 0xff,
    0xff, 0xe0, 0x0, 0x0, 0x0, 0x0, 0x0, 0xaf,
    0xf8, 0x0, 0x0, 0x0, 0x9f, 0xfb, 0xff, 0x60,
    0x0, 0x0, 0x0, 0x0, 0x5f, 0xfe, 0x0, 0x0,
    0x0, 0x2f, 0xff, 0x2b, 0xfe, 0x10, 0x0, 0x0,
    0x0, 0x1e, 0xff, 0x50, 0x0, 0x0, 0xc, 0xff,
    0x90, 0x4f, 0xfa, 0x0, 0x0, 0x0, 0xb, 0xff,
    0xb0, 0x0, 0x0, 0xa, 0xff, 0xe1, 0x0, 0xbf,
    0xf7, 0x0, 0x0, 0x5, 0xff, 0xf2, 0x0, 0x0,
    0xa, 0xff, 0xf4, 0x0, 0x1, 0xef, 0xf8, 0x0,
    0x0, 0x8, 0xf7, 0x0, 0x0, 0x2d, 0xff, 0xf6,
    0x0, 0x0, 0x5, 0xff, 0xfb, 0x20, 0x0, 0x3,
    0x0, 0x0, 0x8f, 0xff, 0xf5, 0x0, 0x0, 0x0,
    0x5, 0xff, 0xff, 0xa0, 0x0, 0x0, 0x0, 0x9f,
    0xff, 0xd3, 0x0, 0x0, 0x0, 0x0, 0x4, 0xdf,
    0xf7, 0x0, 0x0, 0x0, 0x0, 0xaf, 0x80, 0x0,
    0x0, 0x0, 0x0, 0x0, 0x0, 0x7a, 0x0, 0x0,
    0x0, 0x0, 0x0, 0x10, 0x0, 0x0, 0x0, 0x0,
    0x0, 0x0, 0x0, 0x0, 0x0,

    /* U+6B4C "歌" */
    0x0, 0x0, 0x0, 0x0, 0x0, 0x0, 0x0, 0x0,
    0x54, 0x10, 0x0, 0x0, 0x0, 0x2, 0x33, 0x33,
    0x33, 0x33, 0x33, 0x33, 0x31, 0xe, 0xf9, 0x0,
    0x0, 0x0, 0x0, 0xaf, 0xff, 0xff, 0xff, 0xff,
    0xff, 0xff, 0x51, 0xff, 0x60, 0x0, 0x0, 0x0,
    0x9, 0xff, 0xff, 0xff, 0xff, 0xff, 0xff, 0xf5,
    0x4f, 0xf3, 0x0, 0x0, 0x0, 0x0, 0x0, 0x0,
    0x0, 0x0, 0x0, 0xdf, 0x70, 0x8, 0xff, 0x44,
    0x44, 0x44, 0x30, 0x0, 0x4b, 0xbb, 0xbb, 0xb4,
    0xd, 0xf7, 0x0, 0xcf, 0xff, 0xff, 0xff, 0xff,
    0xb0, 0x5, 0xff, 0xff, 0xff, 0x60, 0xdf, 0x70,
    0x1f, 0xff, 0xff, 0xff, 0xff, 0xf9, 0x0, 0x5f,
    0x90, 0xa, 0xf6, 0xd, 0xf7, 0x7, 0xff, 0x20,
    0x0, 0x1, 0xff, 0x50, 0x5, 0xf9, 0x0, 0xaf,
    0x60, 0xdf, 0x70, 0xdf, 0xc0, 0x88, 0x30, 0x4f,
    0xf2, 0x0, 0x5f, 0xdb, 0xbe, 0xf6, 0xd, 0xf7,
    0x6f, 0xf6, 0xe, 0xf6, 0x6, 0xfe, 0x0, 0x5,
    0xff, 0xff, 0xff, 0x60, 0xdf, 0x8e, 0xfe, 0x0,
    0xef, 0x60, 0xaf, 0xb0, 0x0, 0x0, 0x0, 0x0,
    0x0, 0xd, 0xf7, 0x5e, 0x70, 0xf, 0xf6, 0xd,
    0xf6, 0x0, 0x33, 0x33, 0x33, 0x33, 0x33, 0xdf,
    0x93, 0x51, 0x0, 0xff, 0x60, 0x28, 0x10, 0xe,
    0xff, 0xff, 0xff, 0xff, 0xff, 0xff, 0xff, 0x30,
    0x1f, 0xf8, 0x0, 0x0, 0x0, 0xef, 0xff, 0xff,
    0xff, 0xff, 0xff, 0xff, 0xf3, 0x3, 0xff, 0xc0,
    0x0, 0x0, 0x0, 0x0, 0x0, 0x0, 0x0, 0xa,
    0xfa, 0x0, 0x0, 0x5f, 0xff, 0x0, 0x0, 0x0,
    0x6, 0xbb, 0xbb, 0xbb, 0x60, 0xaf, 0xa0, 0x0,
    0x9, 0xff, 0xf4, 0x0, 0x0, 0x0, 0x8f, 0xff,
    0xff, 0xf9, 0xa, 0xfa, 0x0, 0x0, 0xdf, 0xff,
    0x90, 0x0, 0x0, 0x8, 0xfa, 0x22, 0x8f, 0x90,
    0xaf, 0xa0, 0x0, 0x3f, 0xf8, 0xff, 0x10, 0x0,
    0x0, 0x8f, 0x90, 0x7, 0xf9, 0xa, 0xfa, 0x0,
    0xa, 0xfe, 0xe, 0xf7, 0x0, 0x0, 0x8, 0xfa,
    0x0, 0x8f, 0x90, 0xaf, 0xa0, 0x2, 0xff, 0x70,
    0x7f, 0xf1, 0x0, 0x0, 0x8f, 0xff, 0xff, 0xf9,
    0xa, 0xfa, 0x0, 0xcf, 0xf0, 0x0, 0xef, 0xb0,
    0x0, 0x8, 0xfe, 0xdd, 0xdd, 0x70, 0xaf, 0xa0,
    0x8f, 0xf7, 0x0, 0x6, 0xff, 0x90, 0x0, 0x48,
    0x50, 0x0, 0x0, 0xa, 0xfa, 0x7f, 0xfc, 0x0,
    0x0, 0xb, 0xff, 0x80, 0x0, 0x0, 0x0, 0x8,
    0xcd, 0xff, 0xcf, 0xfe, 0x20, 0x0, 0x0, 0x1d,
    0xff, 0x20, 0x0, 0x0, 0x0, 0x4f, 0xff, 0xb1,
    0x7e, 0x20, 0x0, 0x0, 0x0, 0x1e, 0x40, 0x0,
    0x0, 0x0, 0x0, 0x0, 0x0, 0x0, 0x20, 0x0,
    0x0, 0x0, 0x0, 0x10, 0x0,

    /* U+6B63 "正" */
    0x2, 0x99, 0x99, 0x99, 0x99, 0x99, 0x99, 0x99,
    0x99, 0x99, 0x99, 0x99, 0x70, 0x5, 0xff, 0xff,
    0xff, 0xff, 0xff, 0xff, 0xff, 0xff, 0xff, 0xff,
    0xff, 0xc0, 0x4, 0xff, 0xff, 0xff, 0xff, 0xff,
    0xff, 0xff, 0xff, 0xff, 0xff, 0xff, 0xc0, 0x0,
    0x0, 0x0, 0x0, 0x0, 0x0, 0x8f, 0xf3, 0x0,
    0x0, 0x0, 0x0, 0x0, 0x0, 0x0, 0x0, 0x0,
    0x0, 0x0, 0x8f, 0xf3, 0x0, 0x0, 0x0, 0x0,
    0x0, 0x0, 0x0, 0x0, 0x0, 0x0, 0x0, 0x8f,
    0xf3, 0x0, 0x0, 0x0, 0x0, 0x0, 0x0, 0x0,
    0x0, 0x0, 0x0, 0x0, 0x8f, 0xf3, 0x0, 0x0,
    0x0, 0x0, 0x0, 0x0, 0x0, 0x24, 0x30, 0x0,
    0x0, 0x8f, 0xf3, 0x0, 0x0, 0x0, 0x0, 0x0,
    0x0, 0x0, 0xbf, 0xf0, 0x0, 0x0, 0x8f, 0xf3,
    0x0, 0x0, 0x0, 0x0, 0x0, 0x0, 0x0, 0xbf,
    0xf0, 0x0, 0x0, 0x8f, 0xf3, 0x0, 0x0, 0x0,
    0x0, 0x0, 0x0, 0x0, 0xbf, 0xf0, 0x0, 0x0,
    0x8f, 0xff, 0xff, 0xff, 0xff, 0xf7, 0x0, 0x0,
    0x0, 0xbf, 0xf0, 0x0, 0x0, 0x8f, 0xff, 0xff,
    0xff, 0xff, 0xf7, 0x0, 0x0, 0x0, 0xbf, 0xf0,
    0x0, 0x0, 0x8f, 0xf9, 0x77, 0x77, 0x77, 0x73,
    0x0, 0x0, 0x0, 0xbf, 0xf0, 0x0, 0x0, 0x8f,
    0xf3, 0x0, 0x0, 0x0, 0x0, 0x0, 0x0, 0x0,
    0xbf, 0xf0, 0x0, 0x0, 0x8f, 0xf3, 0x0, 0x0,
    0x0, 0x0, 0x0, 0x0, 0x0, 0xbf, 0xf0, 0x0,
    0x0, 0x8f, 0xf3, 0x0, 0x0, 0x0, 0x0, 0x0,
    0x0, 0x0, 0xbf, 0xf0, 0x0, 0x0, 0x8f, 0xf3,
    0x0, 0x0, 0x0, 0x0, 0x0, 0x0, 0x0, 0xbf,
    0xf0, 0x0, 0x0, 0x8f, 0xf3, 0x0, 0x0, 0x0,
    0x0, 0x0, 0x0, 0x0, 0xbf, 0xf0, 0x0, 0x0,
    0x8f, 0xf3, 0x0, 0x0, 0x0, 0x0, 0x0, 0x0,
    0x0, 0xbf, 0xf0, 0x0, 0x0, 0x8f, 0xf3, 0x0,
    0x0, 0x0, 0x0, 0x0, 0x27, 0x77, 0xdf, 0xf7,
    0x77, 0x77, 0xcf, 0xf9, 0x77, 0x77, 0x77, 0x77,
    0x75, 0x4f, 0xff, 0xff, 0xff, 0xff, 0xff, 0xff,
    0xff, 0xff, 0xff, 0xff, 0xff, 0xfc, 0x4f, 0xff,
    0xff, 0xff, 0xff, 0xff, 0xff, 0xff, 0xff, 0xff,
    0xff, 0xff, 0xfc, 0x0, 0x0, 0x0, 0x0, 0x0,
    0x0, 0x0, 0x0, 0x0, 0x0, 0x0, 0x0, 0x0,

    /* U+6B64 "此" */
    0x0, 0x0, 0x0, 0x4, 0x77, 0x0, 0x0, 0x6,
    0x75, 0x0, 0x0, 0x0, 0x0, 0x0, 0x0, 0x0,
    0x0, 0x9f, 0xf1, 0x0, 0x0, 0xef, 0xc0, 0x0,
    0x0, 0x0, 0x0, 0x0, 0x0, 0x0, 0x9, 0xff,
    0x10, 0x0, 0xe, 0xfc, 0x0, 0x0, 0x0, 0x0,
    0x0, 0x0, 0x0, 0x0, 0x9f, 0xf1, 0x0, 0x0,
    0xef, 0xc0, 0x0, 0x0, 0x0, 0x0, 0x0, 0x0,
    0x0, 0x9, 0xff, 0x10, 0x0, 0xe, 0xfc, 0x0,
    0x0, 0x0, 0x0, 0x0, 0x0, 0x0, 0x0, 0x9f,
    0xf1, 0x0, 0x0, 0xef, 0xc0, 0x0, 0x0, 0x0,
    0x0, 0x0, 0x6c, 0xc0, 0x9, 0xff, 0x10, 0x0,
    0xe, 0xfc, 0x0, 0x0, 0x12, 0x0, 0x0, 0x8,
    0xff, 0x0, 0x9f, 0xf1, 0x0, 0x0, 0xef, 0xc0,
    0x0, 0x2d, 0xe2, 0x0, 0x0, 0x8f, 0xf0, 0x9,
    0xff, 0x21, 0x11, 0xe, 0xfc, 0x0, 0x6f, 0xff,
    0xe0, 0x0, 0x8, 0xff, 0x0, 0x9f, 0xff, 0xff,
    0xb0, 0xef, 0xc2, 0xcf, 0xff, 0xc2, 0x0, 0x0,
    0x8f, 0xf0, 0x9, 0xff, 0xff, 0xfb, 0xe, 0xff,
    0xff, 0xfe, 0x60, 0x0, 0x0, 0x8, 0xff, 0x0,
    0x9f, 0xf7, 0x66, 0x40, 0xef, 0xff, 0xf8, 0x10,
    0x0, 0x0, 0x0, 0x8f, 0xf0, 0x9, 0xff, 0x10,
    0x0, 0xe, 0xff, 0x91, 0x0, 0x0, 0x0, 0x0,
    0x8, 0xff, 0x0, 0x9f, 0xf1, 0x0, 0x0, 0xef,
    0xc0, 0x0, 0x0, 0x0, 0x0, 0x0, 0x8f, 0xf0,
    0x9, 0xff, 0x10, 0x0, 0xe, 0xfc, 0x0, 0x0,
    0x0, 0x0, 0x0, 0x8, 0xff, 0x0, 0x9f, 0xf1,
    0x0, 0x0, 0xef, 0xc0, 0x0, 0x0, 0x0, 0x0,
    0x0, 0x8f, 0xf0, 0x9, 0xff, 0x10, 0x0, 0xe,
    0xfc, 0x0, 0x0, 0x0, 0x0, 0x0, 0x8, 0xff,
    0x0, 0x9f, 0xf1, 0x0, 0x0, 0xef, 0xc0, 0x0,
    0x0, 0x0, 0x0, 0x0, 0x8f, 0xf0, 0x9, 0xff,
    0x10, 0x0, 0xe, 0xfc, 0x0, 0x0, 0x4, 0x50,
    0x0, 0x8, 0xff, 0x0, 0x9f, 0xf1, 0x0, 0x0,
    0xef, 0xc0, 0x0, 0x0, 0x7f, 0xe0, 0x0, 0x8f,
    0xf0, 0x9, 0xff, 0x10, 0x0, 0xe, 0xfc, 0x0,
    0x0, 0x8, 0xff, 0x0, 0x8, 0xff, 0x0, 0x9f,
    0xf9, 0xbe, 0xb0, 0xef, 0xc0, 0x0, 0x0, 0xaf,
    0xd0, 0x0, 0x9f, 0xfa, 0xdf, 0xff, 0xff, 0xfc,
    0xd, 0xfe, 0x20, 0x0, 0x2e, 0xfa, 0x8, 0xff,
    0xff, 0xff, 0xff, 0xff, 0xfc, 0x80, 0xaf, 0xff,
    0xff, 0xff, 0xff, 0x50, 0x8f, 0xff, 0xff, 0xeb,
    0x85, 0x20, 0x0, 0x3, 0xff, 0xff, 0xff, 0xff,
    0xc0, 0x5, 0xda, 0x74, 0x10, 0x0, 0x0, 0x0,
    0x0, 0x2, 0x67, 0x88, 0x87, 0x50, 0x0,

    /* U+6B65 "步" */
    0x0, 0x0, 0x0, 0x0, 0x0, 0x0, 0x77, 0x50,
    0x0, 0x0, 0x0, 0x0, 0x0, 0x0, 0x0, 0x0,
    0x0, 0x0, 0x0, 0xff, 0xc0, 0x0, 0x0, 0x0,
    0x0, 0x0, 0x0, 0x0, 0x37, 0x71, 0x0, 0x0,
    0xff, 0xc0, 0x0, 0x0, 0x0, 0x0, 0x0, 0x0,
    0x0, 0x6f, 0xf3, 0x0, 0x0, 0xff, 0xff, 0xff,
    0xff, 0xff, 0xe0, 0x0, 0x0, 0x0, 0x6f, 0xf3,
    0x0, 0x0, 0xff, 0xff, 0xff, 0xff, 0xff, 0xf0,
    0x0, 0x0, 0x0, 0x6f, 0xf3, 0x0, 0x0, 0xff,
    0xe8, 0x88, 0x88, 0x88, 0x70, 0x0, 0x0, 0x0,
    0x6f, 0xf3, 0x0, 0x0, 0xff, 0xc0, 0x0, 0x0,
    0x0, 0x0, 0x0, 0x0, 0x0, 0x6f, 0xf3, 0x0,
    0x0, 0xff, 0xc0, 0x0, 0x0, 0x0, 0x0, 0x0,
    0x13, 0x33, 0x8f, 0xf6, 0x33, 0x33, 0xff, 0xd3,
    0x33, 0x33, 0x33, 0x33, 0x30, 0x7f, 0xff, 0xff,
    0xff, 0xff, 0xff, 0xff, 0xff, 0xff, 0xff, 0xff,
    0xff, 0xf1, 0x7f, 0xff, 0xff, 0xff, 0xff, 0xff,
    0xff, 0xff, 0xff, 0xff, 0xff, 0xff, 0xf1, 0x13,
    0x33, 0x33, 0x33, 0x33, 0x37, 0xff, 0xa3, 0x33,
    0x33, 0x33, 0x33, 0x30, 0x0, 0x0, 0x0, 0x58,
    0x20, 0x4, 0xff, 0x80, 0x0, 0x0, 0x23, 0x0,
    0x0, 0x0, 0x0, 0x1, 0xff, 0xf1, 0x4, 0xff,
    0x80, 0x0, 0x0, 0xcf, 0xb2, 0x0, 0x0, 0x0,
    0x1d, 0xff, 0x60, 0x4, 0xff, 0x80, 0x0, 0x6,
    0xff, 0xd0, 0x0, 0x0, 0x0, 0xcf, 0xfa, 0x0,
    0x4, 0xff, 0x80, 0x0, 0x3f, 0xff, 0x40, 0x0,
    0x0, 0x1d, 0xff, 0xb0, 0x0, 0x4, 0xff, 0x80,
    0x2, 0xef, 0xf9, 0x0, 0x0, 0x4, 0xef, 0xfc,
    0x0, 0x0, 0x4, 0xff, 0x80, 0x2e, 0xff, 0xc0,
    0x0, 0x0, 0x4, 0xff, 0xb0, 0x0, 0x0, 0x4,
    0xff, 0x86, 0xff, 0xfc, 0x0, 0x0, 0x0, 0x0,
    0x49, 0x0, 0x0, 0x0, 0x3, 0xcd, 0xef, 0xff,
    0xb0, 0x0, 0x0, 0x0, 0x0, 0x0, 0x0, 0x0,
    0x0, 0x2, 0x9f, 0xff, 0xf8, 0x0, 0x0, 0x0,
    0x0, 0x0, 0x0, 0x0, 0x0, 0x16, 0xbf, 0xff,
    0xfc, 0x30, 0x0, 0x0, 0x0, 0x0, 0x0, 0x0,
    0x4, 0x7b, 0xff, 0xff, 0xfd, 0x50, 0x0, 0x0,
    0x0, 0x0, 0x0, 0x38, 0xad, 0xff, 0xff, 0xff,
    0xfb, 0x40, 0x0, 0x0, 0x0, 0x0, 0x0, 0x0,
    0x2f, 0xff, 0xff, 0xfe, 0xa6, 0x10, 0x0, 0x0,
    0x0, 0x0, 0x0, 0x0, 0x0, 0x9, 0xfd, 0xa6,
    0x30, 0x0, 0x0, 0x0, 0x0, 0x0, 0x0, 0x0,
    0x0, 0x0, 0x0, 0x0, 0x0, 0x0, 0x0, 0x0,
    0x0, 0x0, 0x0, 0x0, 0x0, 0x0, 0x0,

    /* U+6BCF "每" */
    0x0, 0x0, 0x0, 0x68, 0x30, 0x0, 0x0, 0x0,
    0x0, 0x0, 0x0, 0x0, 0x0, 0x0, 0x0, 0x0,
    0xef, 0xe0, 0x0, 0x0, 0x0, 0x0, 0x0, 0x0,
    0x0, 0x0, 0x0, 0x0, 0x7, 0xff, 0x70, 0x0,
    0x0, 0x0, 0x0, 0x0, 0x0, 0x0, 0x0, 0x0,
    0x0, 0x1e, 0xff, 0xff, 0xff, 0xff, 0xff, 0xff,
    0xff, 0xff, 0xff, 0xe0, 0x0, 0x0, 0xaf, 0xff,
    0xff, 0xff, 0xff, 0xff, 0xff, 0xff, 0xff, 0xff,
    0xf0, 0x0, 0x5, 0xff, 0xc6, 0x66, 0x66, 0x66,
    0x66, 0x66, 0x66, 0x66, 0x66, 0x60, 0x0, 0x1e,
    0xff, 0x20, 0x0, 0x0, 0x0, 0x0, 0x0, 0x0,
    0x0, 0x0, 0x0, 0x0, 0xcf, 0xf6, 0x0, 0x0,
    0x0, 0x0, 0x0, 0x0, 0x0, 0x0, 0x0, 0x0,
    0xa, 0xff, 0xbb, 0xff, 0xff, 0xff, 0xff, 0xff,
    0xff, 0xff, 0xff, 0x20, 0x0, 0x7f, 0xfd, 0x1d,
    0xff, 0xff, 0xff, 0xff, 0xff, 0xff, 0xff, 0xff,
    0x20, 0x0, 0x5, 0xd2, 0xf, 0xfc, 0x55, 0x6f,
    0xc5, 0x55, 0x55, 0x5a, 0xff, 0x10, 0x0, 0x0,
    0x0, 0x1f, 0xf8, 0x0, 0x7f, 0xfe, 0x50, 0x0,
    0x8, 0xff, 0x0, 0x0, 0x0, 0x0, 0x3f, 0xf6,
    0x0, 0x3, 0xbf, 0xfb, 0x10, 0x8, 0xff, 0x0,
    0x0, 0x0, 0x0, 0x5f, 0xf4, 0x0, 0x0, 0x6,
    0xfc, 0x10, 0x9, 0xff, 0x0, 0x0, 0xaf, 0xff,
    0xff, 0xff, 0xff, 0xff, 0xff, 0xff, 0xff, 0xff,
    0xff, 0xff, 0xfe, 0xaf, 0xff, 0xff, 0xff, 0xff,
    0xff, 0xff, 0xff, 0xff, 0xff, 0xff, 0xff, 0xfe,
    0x35, 0x55, 0xdf, 0xd3, 0x33, 0xcf, 0x73, 0x33,
    0x33, 0x3c, 0xfe, 0x55, 0x54, 0x0, 0x0, 0xff,
    0xb0, 0x2, 0xdf, 0xfa, 0x10, 0x0, 0xb, 0xfd,
    0x0, 0x0, 0x0, 0x1, 0xff, 0x80, 0x0, 0x6,
    0xff, 0xf5, 0x0, 0xc, 0xfc, 0x0, 0x0, 0x0,
    0x4, 0xff, 0x60, 0x0, 0x0, 0x1c, 0xf8, 0x0,
    0xe, 0xfa, 0x0, 0x0, 0x0, 0x6, 0xff, 0xff,
    0xff, 0xff, 0xff, 0xff, 0xff, 0xff, 0xff, 0xff,
    0xc0, 0x0, 0x9, 0xff, 0xff, 0xff, 0xff, 0xff,
    0xff, 0xff, 0xff, 0xff, 0xff, 0xd0, 0x0, 0x3,
    0x55, 0x55, 0x55, 0x55, 0x55, 0x55, 0x55, 0x8f,
    0xf8, 0x55, 0x40, 0x0, 0x0, 0x0, 0x0, 0x0,
    0x0, 0x0, 0x10, 0x0, 0xbf, 0xf1, 0x0, 0x0,
    0x0, 0x0, 0x0, 0x0, 0x0, 0x0, 0x0, 0x8f,
    0xff, 0xff, 0xb0, 0x0, 0x0, 0x0, 0x0, 0x0,
    0x0, 0x0, 0x0, 0x0, 0x4f, 0xff, 0xea, 0x10,
    0x0, 0x0, 0x0, 0x0, 0x0, 0x0, 0x0, 0x0,
    0x0, 0x0, 0x0, 0x0, 0x0, 0x0, 0x0,

    /* U+6BD5 "毕" */
    0x0, 0x6, 0x64, 0x0, 0x0, 0x0, 0x3, 0x77,
    0x10, 0x0, 0x0, 0x0, 0x0, 0x0, 0xf, 0xfa,
    0x0, 0x0, 0x0, 0x8, 0xff, 0x20, 0x0, 0x0,
    0x0, 0x0, 0x0, 0xf, 0xfa, 0x0, 0x0, 0x0,
    0x8, 0xff, 0x20, 0x0, 0x1, 0x93, 0x0, 0x0,
    0xf, 0xfa, 0x0, 0x0, 0x0, 0x8, 0xff, 0x20,
    0x2, 0x9f, 0xfe, 0x20, 0x0, 0xf, 0xff, 0xff,
    0xff, 0xff, 0x38, 0xff, 0x36, 0xcf, 0xff, 0xfd,
    0x50, 0x0, 0xf, 0xff, 0xff, 0xff, 0xff, 0x48,
    0xff, 0xff, 0xff, 0xfa, 0x40, 0x0, 0x0, 0xf,
    0xfc, 0x55, 0x55, 0x55, 0x18, 0xff, 0xfe, 0xa5,
    0x0, 0x0, 0x0, 0x0, 0xf, 0xfa, 0x0, 0x0,
    0x0, 0x8, 0xff, 0x60, 0x0, 0x0, 0x1, 0x0,
    0x0, 0xf, 0xfa, 0x0, 0x0, 0x0, 0x8, 0xff,
    0x20, 0x0, 0x0, 0xd, 0xa3, 0x0, 0xf, 0xfa,
    0x0, 0x0, 0x3, 0x28, 0xff, 0x20, 0x0, 0x0,
    0xf, 0xf7, 0x0, 0x1f, 0xfb, 0x36, 0xad, 0xff,
    0x77, 0xff, 0x40, 0x0, 0x0, 0x4f, 0xf4, 0x0,
    0xbf, 0xff, 0xff, 0xff, 0xff, 0x75, 0xff, 0xff,
    0xff, 0xff, 0xff, 0xf1, 0x0, 0xef, 0xff, 0xff,
    0xc9, 0x52, 0x0, 0xcf, 0xff, 0xff, 0xff, 0xff,
    0x70, 0x0, 0x6f, 0xb7, 0x40, 0x0, 0x1, 0x55,
    0x13, 0x56, 0x66, 0x66, 0x52, 0x0, 0x0, 0x1,
    0x0, 0x0, 0x0, 0x6, 0xff, 0x40, 0x0, 0x0,
    0x0, 0x0, 0x0, 0x0, 0x0, 0x0, 0x0, 0x0,
    0x6, 0xff, 0x40, 0x0, 0x0, 0x0, 0x0, 0x0,
    0x0, 0x0, 0x0, 0x0, 0x0, 0x6, 0xff, 0x40,
    0x0, 0x0, 0x0, 0x0, 0x0, 0x4f, 0xff, 0xff,
    0xff, 0xff, 0xff, 0xff, 0xff, 0xff, 0xff, 0xff,
    0xff, 0xfc, 0x4f, 0xff, 0xff, 0xff, 0xff, 0xff,
    0xff, 0xff, 0xff, 0xff, 0xff, 0xff, 0xfc, 0x16,
    0x66, 0x66, 0x66, 0x66, 0x6a, 0xff, 0x96, 0x66,
    0x66, 0x66, 0x66, 0x65, 0x0, 0x0, 0x0, 0x0,
    0x0, 0x6, 0xff, 0x40, 0x0, 0x0, 0x0, 0x0,
    0x0, 0x0, 0x0, 0x0, 0x0, 0x0, 0x6, 0xff,
    0x40, 0x0, 0x0, 0x0, 0x0, 0x0, 0x0, 0x0,
    0x0, 0x0, 0x0, 0x6, 0xff, 0x40, 0x0, 0x0,
    0x0, 0x0, 0x0, 0x0, 0x0, 0x0, 0x0, 0x0,
    0x6, 0xff, 0x40, 0x0, 0x0, 0x0, 0x0, 0x0,
    0x0, 0x0, 0x0, 0x0, 0x0, 0x6, 0xff, 0x40,
    0x0, 0x0, 0x0, 0x0, 0x0, 0x0, 0x0, 0x0,
    0x0, 0x0, 0x6, 0xff, 0x40, 0x0, 0x0, 0x0,
    0x0, 0x0,

    /* U+6C49 "汉" */
    0x0, 0x6b, 0x40, 0x0, 0x0, 0x0, 0x0, 0x0,
    0x0, 0x0, 0x0, 0x0, 0x0, 0x0, 0x2f, 0xff,
    0xb2, 0x0, 0x67, 0x77, 0x77, 0x77, 0x77, 0x77,
    0x78, 0x61, 0x0, 0x0, 0x5d, 0xff, 0xf8, 0xe,
    0xff, 0xff, 0xff, 0xff, 0xff, 0xff, 0xff, 0x70,
    0x0, 0x0, 0x7, 0xff, 0xd0, 0xdf, 0xff, 0xff,
    0xff, 0xff, 0xff, 0xff, 0xf4, 0x0, 0x0, 0x0,
    0x2, 0xc2, 0x0, 0xbf, 0xc0, 0x0, 0x0, 0x0,
    0x5, 0xff, 0x20, 0x0, 0x0, 0x0, 0x0, 0x0,
    0x7, 0xff, 0x0, 0x0, 0x0, 0x0, 0x9f, 0xe0,
    0x0, 0x0, 0x0, 0x0, 0x0, 0x0, 0x3f, 0xf4,
    0x0, 0x0, 0x0, 0xd, 0xfb, 0x0, 0x0, 0x51,
    0x0, 0x0, 0x0, 0x0, 0xff, 0x90, 0x0, 0x0,
    0x1, 0xff, 0x70, 0x0, 0x3f, 0xf9, 0x10, 0x0,
    0x0, 0xa, 0xfe, 0x0, 0x0, 0x0, 0x6f, 0xf2,
    0x0, 0x6, 0xff, 0xff, 0x80, 0x0, 0x0, 0x4f,
    0xf4, 0x0, 0x0, 0xc, 0xfd, 0x0, 0x0, 0x1,
    0x9f, 0xff, 0x90, 0x0, 0x0, 0xef, 0xa0, 0x0,
    0x2, 0xff, 0x80, 0x0, 0x0, 0x0, 0x2c, 0xf1,
    0x0, 0x0, 0x9, 0xff, 0x10, 0x0, 0x9f, 0xf1,
    0x0, 0x0, 0x0, 0x0, 0x3, 0x0, 0x0, 0x0,
    0x2f, 0xf8, 0x0, 0x1f, 0xfa, 0x0, 0x0, 0x0,
    0x0, 0x0, 0x0, 0x0, 0x0, 0x0, 0xbf, 0xf1,
    0x9, 0xff, 0x20, 0x0, 0x0, 0x0, 0x0, 0x0,
    0x60, 0x0, 0x0, 0x3, 0xff, 0xa3, 0xff, 0xb0,
    0x0, 0x0, 0x0, 0x0, 0x0, 0x7f, 0x70, 0x0,
    0x0, 0xa, 0xff, 0xef, 0xf1, 0x0, 0x0, 0x0,
    0x0, 0x0, 0x1e, 0xfb, 0x0, 0x0, 0x0, 0x1f,
    0xff, 0xf7, 0x0, 0x0, 0x0, 0x0, 0x0, 0x8,
    0xff, 0x30, 0x0, 0x0, 0x0, 0xaf, 0xfe, 0x0,
    0x0, 0x0, 0x0, 0x0, 0x2, 0xff, 0xa0, 0x0,
    0x0, 0x0, 0x8f, 0xff, 0xf9, 0x0, 0x0, 0x0,
    0x0, 0x0, 0xbf, 0xf2, 0x0, 0x0, 0x0, 0x9f,
    0xfe, 0xef, 0xf9, 0x0, 0x0, 0x0, 0x0, 0x5f,
    0xf9, 0x0, 0x0, 0x2, 0xcf, 0xfe, 0x22, 0xef,
    0xfb, 0x10, 0x0, 0x0, 0xe, 0xff, 0x10, 0x0,
    0x8, 0xff, 0xfc, 0x20, 0x2, 0xef, 0xfe, 0x50,
    0x0, 0x9, 0xff, 0x70, 0x2, 0x8e, 0xff, 0xf9,
    0x0, 0x0, 0x1, 0xcf, 0xff, 0xc4, 0x0, 0x9f,
    0xd0, 0x0, 0x8f, 0xff, 0xc3, 0x0, 0x0, 0x0,
    0x0, 0x8f, 0xff, 0x90, 0x0, 0x64, 0x0, 0x0,
    0xcc, 0x50, 0x0, 0x0, 0x0, 0x0, 0x0, 0x2b,
    0xc0, 0x0, 0x0, 0x0, 0x0, 0x1, 0x0, 0x0,
    0x0, 0x0, 0x0, 0x0, 0x0, 0x0, 0x0,

    /* U+6CD5 "法" */
    0x0, 0x0, 0x0, 0x0, 0x0, 0x0, 0x0, 0x4,
    0x77, 0x0, 0x0, 0x0, 0x0, 0x0, 0x6f, 0x81,
    0x0, 0x0, 0x0, 0x0, 0x9, 0xff, 0x0, 0x0,
    0x0, 0x0, 0x1, 0xff, 0xff, 0x80, 0x0, 0x0,
    0x0, 0x9, 0xff, 0x0, 0x0, 0x0, 0x0, 0x0,
    0x2a, 0xff, 0xfe, 0x20, 0x0, 0x0, 0x9, 0xff,
    0x0, 0x0, 0x0, 0x0, 0x0, 0x0, 0x3c, 0xfc,
    0x0, 0x0, 0x0, 0x9, 0xff, 0x0, 0x0, 0x0,
    0x0, 0x0, 0x0, 0x0, 0x72, 0x5, 0xff, 0xff,
    0xff, 0xff, 0xff, 0xff, 0xff, 0x0, 0x0, 0x0,
    0x0, 0x0, 0x5, 0xff, 0xff, 0xff, 0xff, 0xff,
    0xff, 0xff, 0x0, 0x0, 0x0, 0x0, 0x0, 0x2,
    0x77, 0x77, 0x7c, 0xff, 0x87, 0x77, 0x77, 0x0,
    0x8, 0x50, 0x0, 0x0, 0x0, 0x0, 0x0, 0x9,
    0xff, 0x0, 0x0, 0x0, 0x0, 0x5f, 0xfd, 0x50,
    0x0, 0x0, 0x0, 0x0, 0x9, 0xff, 0x0, 0x0,
    0x0, 0x0, 0x5d, 0xff, 0xfc, 0x20, 0x0, 0x0,
    0x0, 0x9, 0xff, 0x0, 0x0, 0x0, 0x0, 0x0,
    0x6e, 0xff, 0x70, 0x0, 0x0, 0x0, 0x9, 0xff,
    0x0, 0x0, 0x0, 0x0, 0x0, 0x1, 0xac, 0x0,
    0x8f, 0xff, 0xff, 0xff, 0xff, 0xff, 0xff, 0xff,
    0xf1, 0x0, 0x0, 0x0, 0x0, 0x8f, 0xff, 0xff,
    0xff, 0xff, 0xff, 0xff, 0xff, 0xf1, 0x0, 0x0,
    0x0, 0x0, 0x47, 0x77, 0x77, 0xff, 0xf9, 0x77,
    0x77, 0x77, 0x70, 0x0, 0x0, 0x0, 0x70, 0x0,
    0x0, 0x3, 0xff, 0xd0, 0x0, 0x0, 0x0, 0x0,
    0x0, 0x0, 0x5, 0xfb, 0x0, 0x0, 0xb, 0xff,
    0x40, 0x0, 0x0, 0x0, 0x0, 0x0, 0x0, 0xd,
    0xfe, 0x10, 0x0, 0x3f, 0xfc, 0x0, 0x5, 0xb0,
    0x0, 0x0, 0x0, 0x0, 0x6f, 0xf7, 0x0, 0x0,
    0xbf, 0xf4, 0x0, 0x3f, 0xf9, 0x0, 0x0, 0x0,
    0x1, 0xef, 0xe0, 0x0, 0x4, 0xff, 0xa0, 0x0,
    0x9, 0xff, 0x50, 0x0, 0x0, 0x9, 0xff, 0x60,
    0x0, 0xd, 0xff, 0x10, 0x0, 0x0, 0xdf, 0xe0,
    0x0, 0x0, 0x3f, 0xfd, 0x0, 0x0, 0x9f, 0xf6,
    0x0, 0x24, 0x57, 0xcf, 0xf9, 0x0, 0x0, 0xdf,
    0xf5, 0x0, 0x8, 0xff, 0xfd, 0xef, 0xff, 0xff,
    0xff, 0xff, 0x30, 0x8, 0xff, 0xc0, 0x0, 0xb,
    0xff, 0xff, 0xff, 0xff, 0xfd, 0xb9, 0xff, 0xb0,
    0x6, 0xff, 0x20, 0x0, 0x5, 0xff, 0xca, 0x75,
    0x31, 0x0, 0x0, 0xaf, 0xf2, 0x0, 0x37, 0x0,
    0x0, 0x0, 0x20, 0x0, 0x0, 0x0, 0x0, 0x0,
    0x3e, 0x70, 0x0, 0x0, 0x0, 0x0, 0x0, 0x0,
    0x0, 0x0, 0x0, 0x0, 0x0, 0x0, 0x0,

    /* U+6D82 "涂" */
    0x0, 0x0, 0x0, 0x0, 0x0, 0x0, 0x0, 0x3,
    0x81, 0x0, 0x0, 0x0, 0x0, 0x0, 0x3, 0xc4,
    0x0, 0x0, 0x0, 0x0, 0x0, 0xdf, 0xd0, 0x0,
    0x0, 0x0, 0x0, 0x2, 0xff, 0xfc, 0x30, 0x0,
    0x0, 0x0, 0xbf, 0xfd, 0x10, 0x0, 0x0, 0x0,
    0x0, 0x5, 0xdf, 0xff, 0x90, 0x0, 0x0, 0x9f,
    0xff, 0xfd, 0x10, 0x0, 0x0, 0x0, 0x0, 0x0,
    0x8f, 0xfe, 0x20, 0x0, 0xaf, 0xf8, 0x3f, 0xfe,
    0x30, 0x0, 0x0, 0x0, 0x0, 0x0, 0x2c, 0x20,
    0x1, 0xcf, 0xf9, 0x0, 0x3e, 0xff, 0x70, 0x0,
    0x0, 0x0, 0x0, 0x0, 0x0, 0x5, 0xef, 0xf9,
    0x0, 0x0, 0x2d, 0xff, 0xd3, 0x0, 0x0, 0x0,
    0x0, 0x0, 0x2b, 0xff, 0xf5, 0x0, 0x0, 0x0,
    0x1b, 0xff, 0xfb, 0x30, 0x5, 0x20, 0x0, 0x7f,
    0xff, 0xd3, 0x0, 0x0, 0x0, 0x0, 0x7, 0xff,
    0xfc, 0x5, 0xff, 0xa2, 0x1, 0xef, 0x8a, 0xff,
    0xff, 0xff, 0xff, 0xff, 0xf6, 0xbd, 0x0, 0x7f,
    0xff, 0xf9, 0x12, 0x20, 0xaf, 0xff, 0xff, 0xff,
    0xff, 0xff, 0x40, 0x10, 0x0, 0x18, 0xff, 0xf8,
    0x0, 0x2, 0x33, 0x33, 0xdf, 0xd3, 0x33, 0x31,
    0x0, 0x0, 0x0, 0x2, 0xbb, 0x0, 0x0, 0x0,
    0x0, 0xd, 0xfc, 0x0, 0x0, 0x0, 0x0, 0x0,
    0x0, 0x0, 0x0, 0x0, 0x0, 0x0, 0x0, 0xdf,
    0xc0, 0x0, 0x0, 0x0, 0x0, 0x0, 0x0, 0x0,
    0x1, 0xff, 0xff, 0xff, 0xff, 0xff, 0xff, 0xff,
    0xff, 0xf2, 0x0, 0x0, 0x0, 0x31, 0x1f, 0xff,
    0xff, 0xff, 0xff, 0xff, 0xff, 0xff, 0xff, 0x30,
    0x0, 0x0, 0xd, 0xd2, 0x66, 0x66, 0x66, 0x6e,
    0xfd, 0x66, 0x66, 0x66, 0x61, 0x0, 0x0, 0x6,
    0xff, 0x70, 0x2, 0x0, 0x0, 0xdf, 0xc0, 0x0,
    0x30, 0x0, 0x0, 0x0, 0x0, 0xef, 0xe0, 0x0,
    0xef, 0x80, 0xd, 0xfc, 0x1, 0xcf, 0x60, 0x0,
    0x0, 0x0, 0x8f, 0xf6, 0x0, 0x9f, 0xf3, 0x0,
    0xdf, 0xc0, 0xa, 0xff, 0x30, 0x0, 0x0, 0x2f,
    0xfd, 0x0, 0x3f, 0xf9, 0x0, 0xd, 0xfc, 0x0,
    0x1e, 0xfd, 0x0, 0x0, 0xb, 0xff, 0x50, 0x1e,
    0xfe, 0x10, 0x0, 0xdf, 0xc0, 0x0, 0x4f, 0xfa,
    0x0, 0x6, 0xff, 0xc0, 0xb, 0xff, 0x50, 0x0,
    0xd, 0xfc, 0x0, 0x0, 0x9f, 0xf4, 0x0, 0xff,
    0xf2, 0x0, 0x6f, 0x90, 0x26, 0x66, 0xef, 0xb0,
    0x0, 0x1, 0xeb, 0x20, 0x5, 0xf9, 0x0, 0x0,
    0x20, 0x0, 0xff, 0xff, 0xf8, 0x0, 0x0, 0x1,
    0x0, 0x0, 0x2, 0x0, 0x0, 0x0, 0x0, 0xa,
    0xff, 0xd8, 0x0, 0x0, 0x0, 0x0, 0x0,

    /* U+6D88 "消" */
    0x0, 0x0, 0x0, 0x0, 0x0, 0x0, 0x0, 0x2,
    0x55, 0x0, 0x0, 0x0, 0x0, 0x0, 0x9a, 0x20,
    0x0, 0x0, 0x30, 0x0, 0x8, 0xff, 0x10, 0x0,
    0x43, 0x0, 0x6, 0xff, 0xf7, 0x0, 0x1c, 0xf8,
    0x0, 0x8, 0xff, 0x10, 0x0, 0xef, 0xc0, 0x0,
    0x7f, 0xff, 0xc2, 0xb, 0xff, 0x30, 0x8, 0xff,
    0x10, 0x6, 0xff, 0x70, 0x0, 0x2, 0xcf, 0xf6,
    0x1, 0xff, 0xc0, 0x8, 0xff, 0x10, 0xe, 0xfe,
    0x0, 0x0, 0x0, 0x9, 0xa0, 0x0, 0x9f, 0xf4,
    0x8, 0xff, 0x10, 0x7f, 0xf6, 0x0, 0x0, 0x0,
    0x0, 0x0, 0x0, 0x1f, 0xf8, 0x8, 0xff, 0x10,
    0xef, 0xc0, 0x0, 0x0, 0x0, 0x0, 0x0, 0x0,
    0x7, 0x30, 0x8, 0xff, 0x10, 0x5, 0x20, 0x0,
    0x7, 0x30, 0x0, 0x0, 0x3, 0x77, 0x77, 0x7c,
    0xff, 0x87, 0x77, 0x77, 0x0, 0x6f, 0xfb, 0x20,
    0x0, 0x7, 0xff, 0xff, 0xff, 0xff, 0xff, 0xff,
    0xff, 0x0, 0x6e, 0xff, 0xf7, 0x0, 0x7, 0xff,
    0xff, 0xff, 0xff, 0xff, 0xff, 0xff, 0x0, 0x0,
    0x7f, 0xff, 0x30, 0x7, 0xff, 0x10, 0x0, 0x0,
    0x0, 0x9, 0xff, 0x0, 0x0, 0x2, 0xc7, 0x0,
    0x7, 0xff, 0x10, 0x0, 0x0, 0x0, 0x9, 0xff,
    0x0, 0x0, 0x0, 0x0, 0x0, 0x7, 0xff, 0xdd,
    0xdd, 0xdd, 0xdd, 0xdf, 0xff, 0x0, 0x0, 0x0,
    0x0, 0x0, 0x7, 0xff, 0xff, 0xff, 0xff, 0xff,
    0xff, 0xff, 0x0, 0x0, 0x0, 0x7, 0x20, 0x7,
    0xff, 0x65, 0x55, 0x55, 0x55, 0x5b, 0xff, 0x0,
    0x0, 0x0, 0x1f, 0xe3, 0x7, 0xff, 0x10, 0x0,
    0x0, 0x0, 0x9, 0xff, 0x0, 0x0, 0x0, 0x8f,
    0xf2, 0x7, 0xff, 0x10, 0x0, 0x0, 0x0, 0x9,
    0xff, 0x0, 0x0, 0x1, 0xff, 0xb0, 0x7, 0xff,
    0xff, 0xff, 0xff, 0xff, 0xff, 0xff, 0x0, 0x0,
    0x8, 0xff, 0x40, 0x7, 0xff, 0xff, 0xff, 0xff,
    0xff, 0xff, 0xff, 0x0, 0x0, 0x1f, 0xfd, 0x0,
    0x7, 0xff, 0x54, 0x44, 0x44, 0x44, 0x4b, 0xff,
    0x0, 0x0, 0x9f, 0xf5, 0x0, 0x7, 0xff, 0x10,
    0x0, 0x0, 0x0, 0x9, 0xff, 0x0, 0x2, 0xff,
    0xd0, 0x0, 0x7, 0xff, 0x10, 0x0, 0x0, 0x0,
    0x9, 0xff, 0x0, 0xb, 0xff, 0x60, 0x0, 0x7,
    0xff, 0x10, 0x0, 0x2, 0x55, 0x5c, 0xfe, 0x0,
    0xc, 0xfd, 0x0, 0x0, 0x7, 0xff, 0x10, 0x0,
    0x2, 0xff, 0xff, 0xfb, 0x0, 0x0, 0x85, 0x0,
    0x0, 0x7, 0xff, 0x10, 0x0, 0x0, 0xdf, 0xff,
    0xb2, 0x0, 0x0, 0x0, 0x0, 0x0, 0x1, 0x33,
    0x0, 0x0, 0x0, 0x1, 0x0, 0x0, 0x0,

    /* U+6EE4 "滤" */
    0x0, 0x0, 0x0, 0x0, 0x0, 0x0, 0x0, 0x14,
    0x40, 0x0, 0x0, 0x0, 0x0, 0x0, 0x3, 0x40,
    0x0, 0x0, 0x0, 0x0, 0x6, 0xff, 0x10, 0x0,
    0x0, 0x0, 0x0, 0x3, 0xff, 0x90, 0x0, 0x0,
    0x0, 0x0, 0x6f, 0xfe, 0xee, 0xee, 0xee, 0x70,
    0x0, 0x8, 0xff, 0xc2, 0x0, 0x0, 0x0, 0x6,
    0xff, 0xff, 0xff, 0xff, 0xf8, 0x0, 0x0, 0x6,
    0xff, 0xe1, 0x0, 0x0, 0x0, 0x6f, 0xf1, 0x0,
    0x0, 0x0, 0x0, 0x0, 0x0, 0x4, 0xfa, 0x1,
    0x11, 0x11, 0x17, 0xff, 0x21, 0x11, 0x11, 0x12,
    0x0, 0x0, 0x0, 0x3, 0x0, 0xff, 0xff, 0xff,
    0xff, 0xff, 0xff, 0xff, 0xff, 0xfa, 0x0, 0x0,
    0x0, 0x0, 0xf, 0xfe, 0xee, 0xef, 0xfe, 0xee,
    0xee, 0xee, 0xff, 0x60, 0x1, 0x0, 0x0, 0x0,
    0xff, 0x50, 0x2, 0xff, 0x20, 0x0, 0x0, 0x1f,
    0xf1, 0x2, 0xec, 0x30, 0x0, 0xf, 0xf5, 0x0,
    0x2f, 0xf2, 0x0, 0x12, 0x8, 0xfa, 0x0, 0x7f,
    0xff, 0x80, 0x0, 0xff, 0x55, 0x8a, 0xff, 0xde,
    0xff, 0xf2, 0x5a, 0x30, 0x0, 0x3d, 0xff, 0xc0,
    0xf, 0xf4, 0xaf, 0xff, 0xff, 0xfd, 0xca, 0x20,
    0x0, 0x0, 0x0, 0x9, 0xf6, 0x0, 0xff, 0x44,
    0x66, 0xff, 0x20, 0x0, 0x0, 0x8c, 0x40, 0x0,
    0x0, 0x4, 0x0, 0xf, 0xf4, 0x0, 0x1f, 0xf6,
    0x33, 0x33, 0x3c, 0xf7, 0x0, 0x0, 0x0, 0x0,
    0x1, 0xff, 0x30, 0x0, 0xef, 0xff, 0xff, 0xff,
    0xff, 0x20, 0x0, 0x0, 0x1, 0x0, 0x2f, 0xf2,
    0x0, 0x2, 0x9c, 0xcc, 0xcc, 0xcb, 0x40, 0x0,
    0x0, 0x0, 0xad, 0x33, 0xff, 0x0, 0x0, 0x0,
    0x2, 0x0, 0x0, 0x0, 0x0, 0x0, 0x0, 0x1f,
    0xf7, 0x5f, 0xf0, 0x0, 0x0, 0x5, 0xf8, 0x0,
    0x0, 0x0, 0x0, 0x0, 0x7, 0xff, 0x17, 0xfd,
    0x2, 0x10, 0x65, 0x1e, 0xf4, 0x5, 0xe5, 0x0,
    0x0, 0x0, 0xef, 0xa0, 0xaf, 0xb0, 0xbf, 0x3f,
    0xf0, 0x4f, 0xe0, 0x2f, 0xe1, 0x0, 0x0, 0x6f,
    0xf4, 0xd, 0xf8, 0xf, 0xe2, 0xff, 0x0, 0xaf,
    0x70, 0x7f, 0x80, 0x0, 0xd, 0xfd, 0x1, 0xff,
    0x44, 0xfa, 0x2f, 0xf0, 0x1, 0xa1, 0x51, 0xef,
    0x10, 0x6, 0xff, 0x60, 0x6f, 0xf0, 0x9f, 0x52,
    0xff, 0x0, 0x0, 0xd, 0xf7, 0xf8, 0x0, 0xdf,
    0xe0, 0xc, 0xfb, 0x1f, 0xf0, 0x2f, 0xf0, 0x0,
    0x0, 0xfd, 0x1f, 0xe0, 0x1c, 0xf8, 0x4, 0xff,
    0x53, 0xd9, 0x0, 0xff, 0xdc, 0xcc, 0xef, 0x90,
    0x84, 0x0, 0x5, 0x10, 0x2d, 0xd0, 0x0, 0x0,
    0x6, 0xef, 0xff, 0xff, 0xc1, 0x0, 0x0, 0x0,
    0x0, 0x0, 0x14, 0x0, 0x0, 0x0, 0x0, 0x0,
    0x0, 0x0, 0x0, 0x0, 0x0,

    /* U+7075 "灵" */
    0x0, 0x25, 0x55, 0x55, 0x55, 0x55, 0x55, 0x55,
    0x55, 0x55, 0x55, 0x30, 0x0, 0x0, 0x6f, 0xff,
    0xff, 0xff, 0xff, 0xff, 0xff, 0xff, 0xff, 0xff,
    0x90, 0x0, 0x0, 0x6f, 0xff, 0xff, 0xff, 0xff,
    0xff, 0xff, 0xff, 0xff, 0xff, 0x90, 0x0, 0x0,
    0x0, 0x0, 0x0, 0x0, 0x0, 0x0, 0x0, 0x0,
    0x0, 0xef, 0x90, 0x0, 0x0, 0x0, 0x0, 0x0,
    0x0, 0x0, 0x0, 0x0, 0x0, 0x0, 0xef, 0x90,
    0x0, 0x0, 0x2, 0xff, 0xff, 0xff, 0xff, 0xff,
    0xff, 0xff, 0xff, 0xff, 0x90, 0x0, 0x0, 0x2,
    0xdd, 0xdd, 0xdd, 0xdd, 0xdd, 0xdd, 0xdd, 0xdd,
    0xff, 0x90, 0x0, 0x0, 0x0, 0x0, 0x0, 0x0,
    0x0, 0x0, 0x0, 0x0, 0x0, 0xef, 0x90, 0x0,
    0x0, 0x26, 0x66, 0x66, 0x66, 0x66, 0x66, 0x66,
    0x66, 0x66, 0xff, 0x90, 0x0, 0x0, 0x6f, 0xff,
    0xff, 0xff, 0xff, 0xff, 0xff, 0xff, 0xff, 0xff,
    0x90, 0x0, 0x0, 0x6f, 0xff, 0xff, 0xff, 0xff,
    0xff, 0xff, 0xff, 0xff, 0xff, 0x80, 0x0, 0x0,
    0x0, 0x0, 0x0, 0x0, 0x2, 0x77, 0x20, 0x0,
    0x0, 0x0, 0x0, 0x0, 0x0, 0x0, 0x0, 0x0,
    0x0, 0x7, 0xff, 0x40, 0x0, 0x0, 0x0, 0x0,
    0x0, 0x0, 0x0, 0x8c, 0x60, 0x0, 0x9, 0xff,
    0x20, 0x0, 0x0, 0x5d, 0x40, 0x0, 0x0, 0x0,
    0xef, 0x90, 0x0, 0xb, 0xff, 0x0, 0x0, 0x0,
    0xdf, 0xf1, 0x0, 0x0, 0x7, 0xff, 0x30, 0x0,
    0xf, 0xff, 0x20, 0x0, 0x5, 0xff, 0x60, 0x0,
    0x0, 0x2f, 0xfc, 0x0, 0x0, 0x4f, 0xff, 0x90,
    0x0, 0xd, 0xfd, 0x0, 0x0, 0x0, 0xdf, 0xf3,
    0x0, 0x0, 0xbf, 0xff, 0xf3, 0x0, 0x8f, 0xf3,
    0x0, 0x0, 0x0, 0x4d, 0x80, 0x0, 0x4, 0xff,
    0xcc, 0xfe, 0x10, 0x3c, 0x80, 0x0, 0x0, 0x0,
    0x0, 0x0, 0x0, 0x3e, 0xff, 0x32, 0xff, 0xd2,
    0x0, 0x0, 0x0, 0x0, 0x0, 0x0, 0x0, 0x6,
    0xff, 0xf7, 0x0, 0x5f, 0xff, 0x60, 0x0, 0x0,
    0x0, 0x0, 0x0, 0x4, 0xcf, 0xff, 0x80, 0x0,
    0x5, 0xff, 0xfd, 0x71, 0x0, 0x0, 0x1, 0x49,
    0xef, 0xff, 0xe5, 0x0, 0x0, 0x0, 0x2c, 0xff,
    0xff, 0xd9, 0x63, 0x9f, 0xff, 0xff, 0xf8, 0x10,
    0x0, 0x0, 0x0, 0x0, 0x5d, 0xff, 0xff, 0xf5,
    0x1f, 0xff, 0xb5, 0x0, 0x0, 0x0, 0x0, 0x0,
    0x0, 0x0, 0x38, 0xcf, 0xb0, 0x4, 0x30, 0x0,
    0x0, 0x0, 0x0, 0x0, 0x0, 0x0, 0x0, 0x0,
    0x0, 0x10,

    /* U+70B9 "点" */
    0x0, 0x0, 0x0, 0x0, 0x0, 0x3, 0x77, 0x10,
    0x0, 0x0, 0x0, 0x0, 0x0, 0x0, 0x0, 0x0,
    0x0, 0x0, 0x8, 0xff, 0x30, 0x0, 0x0, 0x0,
    0x0, 0x0, 0x0, 0x0, 0x0, 0x0, 0x0, 0x8,
    0xff, 0x30, 0x0, 0x0, 0x0, 0x0, 0x0, 0x0,
    0x0, 0x0, 0x0, 0x0, 0x8, 0xff, 0xff, 0xff,
    0xff, 0xff, 0xff, 0x60, 0x0, 0x0, 0x0, 0x0,
    0x0, 0x8, 0xff, 0xff, 0xff, 0xff, 0xff, 0xff,
    0x70, 0x0, 0x0, 0x0, 0x0, 0x0, 0x8, 0xff,
    0x97, 0x77, 0x77, 0x77, 0x77, 0x30, 0x0, 0x0,
    0x0, 0x0, 0x0, 0x8, 0xff, 0x30, 0x0, 0x0,
    0x0, 0x0, 0x0, 0x0, 0x0, 0x0, 0x0, 0x0,
    0x8, 0xff, 0x30, 0x0, 0x0, 0x0, 0x0, 0x0,
    0x0, 0x1, 0x22, 0x22, 0x22, 0x29, 0xff, 0x52,
    0x22, 0x22, 0x22, 0x10, 0x0, 0x0, 0x6, 0xff,
    0xff, 0xff, 0xff, 0xff, 0xff, 0xff, 0xff, 0xff,
    0x90, 0x0, 0x0, 0x6, 0xff, 0xff, 0xff, 0xff,
    0xff, 0xff, 0xff, 0xff, 0xff, 0x90, 0x0, 0x0,
    0x6, 0xff, 0x43, 0x33, 0x33, 0x33, 0x33, 0x33,
    0x34, 0xff, 0x90, 0x0, 0x0, 0x6, 0xff, 0x10,
    0x0, 0x0, 0x0, 0x0, 0x0, 0x1, 0xff, 0x90,
    0x0, 0x0, 0x6, 0xff, 0x10, 0x0, 0x0, 0x0,
    0x0, 0x0, 0x1, 0xff, 0x90, 0x0, 0x0, 0x6,
    0xff, 0x10, 0x0, 0x0, 0x0, 0x0, 0x0, 0x1,
    0xff, 0x90, 0x0, 0x0, 0x6, 0xff, 0x66, 0x66,
    0x66, 0x66, 0x66, 0x66, 0x66, 0xff, 0x90, 0x0,
    0x0, 0x6, 0xff, 0xff, 0xff, 0xff, 0xff, 0xff,
    0xff, 0xff, 0xff, 0x90, 0x0, 0x0, 0x6, 0xff,
    0xff, 0xff, 0xff, 0xff, 0xff, 0xff, 0xff, 0xff,
    0x90, 0x0, 0x0, 0x0, 0x0, 0x0, 0x0, 0x0,
    0x0, 0x0, 0x0, 0x0, 0x0, 0x0, 0x0, 0x0,
    0x2, 0x51, 0x0, 0x0, 0x0, 0x0, 0x0, 0x0,
    0x0, 0x28, 0x40, 0x0, 0x0, 0xa, 0xff, 0x10,
    0x7c, 0xc0, 0x0, 0x9f, 0xc0, 0x0, 0xef, 0xe1,
    0x0, 0x0, 0x3f, 0xfa, 0x0, 0x8f, 0xf0, 0x0,
    0x6f, 0xf3, 0x0, 0x4f, 0xfa, 0x0, 0x0, 0xcf,
    0xf2, 0x0, 0x6f, 0xf3, 0x0, 0xf, 0xfa, 0x0,
    0x9, 0xff, 0x40, 0x8, 0xff, 0x90, 0x0, 0x4f,
    0xf5, 0x0, 0xa, 0xff, 0x10, 0x1, 0xef, 0xe0,
    0x6f, 0xfd, 0x0, 0x0, 0x2f, 0xf7, 0x0, 0x5,
    0xff, 0x50, 0x0, 0x6f, 0xf6, 0x2a, 0xe2, 0x0,
    0x0, 0x1e, 0xc5, 0x0, 0x1, 0xc8, 0x20, 0x0,
    0xc, 0x71, 0x0, 0x0, 0x0, 0x0, 0x0, 0x0,
    0x0, 0x0, 0x0, 0x0, 0x0, 0x0, 0x0,

    /* U+7167 "照" */
    0x2, 0x44, 0x44, 0x44, 0x44, 0x5, 0x55, 0x55,
    0x55, 0x55, 0x55, 0x55, 0x50, 0x7, 0xff, 0xff,
    0xff, 0xff, 0xf, 0xff, 0xff, 0xff, 0xff, 0xff,
    0xff, 0xe0, 0x7, 0xff, 0xff, 0xff, 0xff, 0xf,
    0xff, 0xff, 0xff, 0xff, 0xff, 0xff, 0xd0, 0x7,
    0xff, 0x0, 0x7, 0xff, 0x0, 0x0, 0xd, 0xfb,
    0x0, 0x0, 0xbf, 0xc0, 0x7, 0xff, 0x0, 0x7,
    0xff, 0x0, 0x0, 0x3f, 0xf7, 0x0, 0x0, 0xcf,
    0xb0, 0x7, 0xff, 0x0, 0x7, 0xff, 0x0, 0x0,
    0xcf, 0xf1, 0x0, 0x0, 0xff, 0x90, 0x7, 0xff,
    0x0, 0x7, 0xff, 0x0, 0x1c, 0xff, 0x70, 0x34,
    0x37, 0xff, 0x60, 0x7, 0xff, 0x77, 0x7b, 0xff,
    0x39, 0xff, 0xf9, 0x0, 0x6f, 0xff, 0xff, 0x10,
    0x7, 0xff, 0xff, 0xff, 0xff, 0x6f, 0xfe, 0x50,
    0x0, 0x2c, 0xdc, 0xa3, 0x0, 0x7, 0xff, 0xbb,
    0xbd, 0xff, 0x8, 0x83, 0x22, 0x22, 0x22, 0x22,
    0x22, 0x0, 0x7, 0xff, 0x0, 0x7, 0xff, 0x3,
    0xff, 0xff, 0xff, 0xff, 0xff, 0xff, 0x20, 0x7,
    0xff, 0x0, 0x7, 0xff, 0x3, 0xff, 0xff, 0xff,
    0xff, 0xff, 0xff, 0x20, 0x7, 0xff, 0x0, 0x7,
    0xff, 0x3, 0xff, 0x40, 0x0, 0x0, 0x6, 0xff,
    0x20, 0x7, 0xff, 0x0, 0x7, 0xff, 0x3, 0xff,
    0x40, 0x0, 0x0, 0x6, 0xff, 0x20, 0x7, 0xff,
    0x66, 0x6a, 0xff, 0x3, 0xff, 0x40, 0x0, 0x0,
    0x6, 0xff, 0x20, 0x7, 0xff, 0xff, 0xff, 0xff,
    0x3, 0xff, 0x63, 0x33, 0x33, 0x38, 0xff, 0x20,
    0x7, 0xff, 0xff, 0xff, 0xfe, 0x3, 0xff, 0xff,
    0xff, 0xff, 0xff, 0xff, 0x20, 0x7, 0xff, 0x0,
    0x0, 0x0, 0x2, 0xee, 0xee, 0xee, 0xee, 0xee,
    0xee, 0x10, 0x1, 0x24, 0x30, 0x0, 0x0, 0x0,
    0x0, 0x0, 0x0, 0x0, 0x4, 0x40, 0x0, 0x0,
    0xb, 0xfe, 0x10, 0x5a, 0xa0, 0x0, 0x6d, 0xe0,
    0x0, 0xcf, 0xf1, 0x0, 0x0, 0x3f, 0xf9, 0x0,
    0x7f, 0xf0, 0x0, 0x5f, 0xf4, 0x0, 0x5f, 0xfb,
    0x0, 0x0, 0xcf, 0xf2, 0x0, 0x5f, 0xf2, 0x0,
    0xf, 0xfa, 0x0, 0xb, 0xff, 0x40, 0x7, 0xff,
    0x90, 0x0, 0x4f, 0xf4, 0x0, 0xc, 0xfe, 0x0,
    0x2, 0xff, 0xd0, 0x2f, 0xfe, 0x10, 0x0, 0x2f,
    0xf6, 0x0, 0x7, 0xff, 0x30, 0x0, 0x9f, 0xf6,
    0x5d, 0xf5, 0x0, 0x0, 0x1f, 0xe5, 0x0, 0x4,
    0xeb, 0x30, 0x0, 0x1f, 0xc4, 0x0, 0x30, 0x0,
    0x0, 0x1, 0x0, 0x0, 0x0, 0x0, 0x0, 0x0,
    0x1, 0x0,

    /* U+7184 "熄" */
    0x0, 0x0, 0x1, 0x20, 0x0, 0x0, 0x0, 0x0,
    0x7, 0x75, 0x0, 0x0, 0x0, 0x0, 0x0, 0x0,
    0xe, 0xf7, 0x0, 0x0, 0x0, 0x0, 0xf, 0xfc,
    0x0, 0x0, 0x0, 0x0, 0x0, 0x0, 0xe, 0xf7,
    0x0, 0x0, 0x0, 0x0, 0x3f, 0xf7, 0x0, 0x0,
    0x0, 0x0, 0x0, 0x0, 0xe, 0xf7, 0x0, 0x0,
    0x5e, 0xee, 0xef, 0xfe, 0xee, 0xee, 0xe0, 0x0,
    0x0, 0x0, 0xe, 0xf7, 0x0, 0x0, 0x6f, 0xff,
    0xff, 0xff, 0xff, 0xff, 0xf0, 0x0, 0x0, 0x0,
    0xe, 0xf7, 0x5, 0x50, 0x6f, 0xf0, 0x0, 0x0,
    0x0, 0x7f, 0xf0, 0x0, 0x0, 0x57, 0x1e, 0xf7,
    0xc, 0xfa, 0x6f, 0xf0, 0x0, 0x0, 0x0, 0x7f,
    0xf0, 0x0, 0x0, 0xbf, 0x3e, 0xf7, 0x1f, 0xf4,
    0x6f, 0xff, 0xff, 0xff, 0xff, 0xff, 0xf0, 0x0,
    0x0, 0xcf, 0x2e, 0xf7, 0x6f, 0xc0, 0x6f, 0xfb,
    0xbb, 0xbb, 0xbb, 0xdf, 0xf0, 0x0, 0x0, 0xef,
    0xe, 0xf7, 0xcf, 0x50, 0x6f, 0xf0, 0x0, 0x0,
    0x0, 0x7f, 0xf0, 0x0, 0x2, 0xfe, 0xf, 0xfa,
    0xfd, 0x0, 0x6f, 0xfb, 0xbb, 0xbb, 0xbb, 0xdf,
    0xf0, 0x0, 0x5, 0xfb, 0xf, 0xf6, 0x54, 0x0,
    0x6f, 0xff, 0xff, 0xff, 0xff, 0xff, 0xf0, 0x0,
    0xc, 0xf6, 0xf, 0xf6, 0x0, 0x0, 0x6f, 0xf0,
    0x0, 0x0, 0x0, 0x7f, 0xf0, 0x0, 0x3, 0xa0,
    0x1f, 0xf5, 0x0, 0x0, 0x6f, 0xf0, 0x0, 0x0,
    0x0, 0x7f, 0xf0, 0x0, 0x0, 0x0, 0x2f, 0xf4,
    0x0, 0x0, 0x6f, 0xfe, 0xee, 0xee, 0xee, 0xff,
    0xf0, 0x0, 0x0, 0x0, 0x3f, 0xf3, 0x0, 0x0,
    0x6f, 0xff, 0xff, 0xff, 0xff, 0xff, 0xf0, 0x0,
    0x0, 0x0, 0x6f, 0xfb, 0x0, 0x0, 0x0, 0x0,
    0x8e, 0x40, 0x0, 0x0, 0x0, 0x0, 0x0, 0x0,
    0x9f, 0xff, 0xb0, 0x0, 0x0, 0x0, 0xbf, 0xf8,
    0x0, 0x0, 0x0, 0x0, 0x0, 0x0, 0xdf, 0xef,
    0xfa, 0x4, 0x2, 0xcc, 0x28, 0xff, 0xa0, 0x5,
    0x40, 0x0, 0x0, 0x2, 0xff, 0x68, 0xff, 0x9f,
    0xf3, 0xff, 0x20, 0x6f, 0xb0, 0x7f, 0xe1, 0x0,
    0x0, 0x8, 0xff, 0x10, 0xba, 0x6f, 0xe2, 0xff,
    0x20, 0x4, 0x0, 0xd, 0xf9, 0x0, 0x0, 0x1f,
    0xfb, 0x0, 0x0, 0x9f, 0xb2, 0xff, 0x20, 0x0,
    0x6, 0x56, 0xff, 0x10, 0x0, 0x9f, 0xf4, 0x0,
    0x0, 0xef, 0x72, 0xff, 0x20, 0x0, 0xa, 0xf7,
    0xdf, 0x90, 0x5, 0xff, 0xb0, 0x0, 0x5, 0xff,
    0x22, 0xff, 0x62, 0x22, 0x3e, 0xf5, 0x6f, 0xf0,
    0xb, 0xff, 0x20, 0x0, 0x3, 0xcc, 0x0, 0xff,
    0xff, 0xff, 0xff, 0xf1, 0x1e, 0x70, 0x0, 0xd4,
    0x0, 0x0, 0x0, 0x0, 0x0, 0x5d, 0xff, 0xff,
    0xfe, 0x60, 0x0, 0x0, 0x0, 0x0, 0x0, 0x0,
    0x0, 0x0, 0x0, 0x0, 0x0, 0x0, 0x0, 0x0,
    0x0, 0x0,

    /* U+7247 "片" */
    0x0, 0x0, 0x0, 0x0, 0x0, 0x0, 0x0, 0xaa,
    0x90, 0x0, 0x0, 0x0, 0x0, 0x0, 0x1d, 0xd8,
    0x0, 0x0, 0x0, 0xf, 0xfd, 0x0, 0x0, 0x0,
    0x0, 0x0, 0x1, 0xff, 0xa0, 0x0, 0x0, 0x0,
    0xff, 0xd0, 0x0, 0x0, 0x0, 0x0, 0x0, 0x1f,
    0xfa, 0x0, 0x0, 0x0, 0xf, 0xfd, 0x0, 0x0,
    0x0, 0x0, 0x0, 0x1, 0xff, 0xa0, 0x0, 0x0,
    0x0, 0xff, 0xd0, 0x0, 0x0, 0x0, 0x0, 0x0,
    0x1f, 0xfa, 0x0, 0x0, 0x0, 0xf, 0xfd, 0x0,
    0x0, 0x0, 0x0, 0x0, 0x1, 0xff, 0xa0, 0x0,
    0x0, 0x0, 0xff, 0xd0, 0x0, 0x0, 0x0, 0x0,
    0x0, 0x1f, 0xfd, 0xaa, 0xaa, 0xaa, 0xaf, 0xff,
    0xaa, 0xaa, 0xaa, 0xa1, 0x0, 0x1, 0xff, 0xff,
    0xff, 0xff, 0xff, 0xff, 0xff, 0xff, 0xff, 0xff,
    0x10, 0x0, 0x1f, 0xff, 0xff, 0xff, 0xff, 0xff,
    0xff, 0xff, 0xff, 0xff, 0xf1, 0x0, 0x1, 0xff,
    0xa0, 0x0, 0x0, 0x0, 0x0, 0x0, 0x0, 0x0,
    0x0, 0x0, 0x0, 0x2f, 0xfa, 0x0, 0x0, 0x0,
    0x0, 0x0, 0x0, 0x0, 0x0, 0x0, 0x0, 0x3,
    0xff, 0x90, 0x0, 0x0, 0x0, 0x0, 0x0, 0x0,
    0x0, 0x0, 0x0, 0x0, 0x3f, 0xf9, 0x0, 0x0,
    0x0, 0x0, 0x0, 0x0, 0x0, 0x0, 0x0, 0x0,
    0x4, 0xff, 0xdb, 0xbb, 0xbb, 0xbb, 0xbb, 0xbb,
    0xbb, 0x30, 0x0, 0x0, 0x0, 0x6f, 0xff, 0xff,
    0xff, 0xff, 0xff, 0xff, 0xff, 0xf4, 0x0, 0x0,
    0x0, 0x8, 0xff, 0xff, 0xff, 0xff, 0xff, 0xff,
    0xff, 0xff, 0x40, 0x0, 0x0, 0x0, 0xbf, 0xf1,
    0x0, 0x0, 0x0, 0x0, 0x0, 0x9f, 0xf4, 0x0,
    0x0, 0x0, 0xf, 0xfe, 0x0, 0x0, 0x0, 0x0,
    0x0, 0x9, 0xff, 0x40, 0x0, 0x0, 0x4, 0xff,
    0xa0, 0x0, 0x0, 0x0, 0x0, 0x0, 0x9f, 0xf4,
    0x0, 0x0, 0x0, 0xbf, 0xf5, 0x0, 0x0, 0x0,
    0x0, 0x0, 0x9, 0xff, 0x40, 0x0, 0x0, 0x2f,
    0xff, 0x0, 0x0, 0x0, 0x0, 0x0, 0x0, 0x9f,
    0xf4, 0x0, 0x0, 0xc, 0xff, 0x80, 0x0, 0x0,
    0x0, 0x0, 0x0, 0x9, 0xff, 0x40, 0x0, 0x8,
    0xff, 0xf1, 0x0, 0x0, 0x0, 0x0, 0x0, 0x0,
    0x9f, 0xf4, 0x0, 0x0, 0x6f, 0xf5, 0x0, 0x0,
    0x0, 0x0, 0x0, 0x0, 0x9, 0xff, 0x40, 0x0,
    0x0, 0x68, 0x0, 0x0, 0x0, 0x0, 0x0, 0x0,
    0x0, 0x9f, 0xf4, 0x0, 0x0, 0x0, 0x0, 0x0,
    0x0, 0x0, 0x0, 0x0, 0x0, 0x0, 0x0, 0x0,
    0x0, 0x0,

    /* U+7248 "版" */
    0x0, 0x0, 0x0, 0x8, 0x82, 0x0, 0x0, 0x0,
    0x0, 0x0, 0x0, 0x1, 0x10, 0x0, 0xc, 0xd5,
    0x0, 0xff, 0x50, 0x0, 0x0, 0x0, 0x24, 0x69,
    0xbe, 0xfb, 0x0, 0x0, 0xff, 0x70, 0xf, 0xf5,
    0x0, 0x4c, 0xde, 0xff, 0xff, 0xff, 0xff, 0xf6,
    0x0, 0xf, 0xf7, 0x0, 0xff, 0x50, 0x6, 0xff,
    0xff, 0xff, 0xfe, 0xca, 0x74, 0x10, 0x0, 0xff,
    0x70, 0xf, 0xf5, 0x0, 0x6f, 0xf7, 0x53, 0x20,
    0x0, 0x0, 0x0, 0x0, 0xf, 0xf7, 0x0, 0xff,
    0x50, 0x6, 0xff, 0x10, 0x0, 0x0, 0x0, 0x0,
    0x0, 0x0, 0xff, 0x70, 0xf, 0xf5, 0x0, 0x6f,
    0xf1, 0x0, 0x0, 0x0, 0x0, 0x0, 0x0, 0xf,
    0xf7, 0x0, 0xff, 0x50, 0x6, 0xff, 0x10, 0x0,
    0x0, 0x0, 0x0, 0x0, 0x0, 0xff, 0xec, 0xcf,
    0xfd, 0xc6, 0x6f, 0xf7, 0x66, 0x66, 0x66, 0x66,
    0x40, 0x0, 0xf, 0xff, 0xff, 0xff, 0xff, 0x86,
    0xff, 0xff, 0xff, 0xff, 0xff, 0xff, 0x30, 0x0,
    0xff, 0xb8, 0x88, 0x88, 0x84, 0x6f, 0xff, 0xff,
    0xff, 0xff, 0xff, 0xf0, 0x0, 0xf, 0xf7, 0x0,
    0x0, 0x0, 0x6, 0xff, 0xaf, 0x70, 0x0, 0x8,
    0xfd, 0x0, 0x0, 0xff, 0x70, 0x0, 0x0, 0x0,
    0x6f, 0xf5, 0xfc, 0x0, 0x0, 0xcf, 0xa0, 0x0,
    0xf, 0xf6, 0x0, 0x0, 0x0, 0x6, 0xff, 0x1f,
    0xf1, 0x0, 0x1f, 0xf5, 0x0, 0x0, 0xff, 0xff,
    0xff, 0xff, 0x0, 0x7f, 0xf0, 0xcf, 0x60, 0x6,
    0xff, 0x10, 0x0, 0xf, 0xff, 0xff, 0xff, 0xf0,
    0x8, 0xff, 0x7, 0xfc, 0x0, 0xcf, 0xc0, 0x0,
    0x1, 0xff, 0x84, 0x48, 0xff, 0x0, 0x9f, 0xe0,
    0x2f, 0xf4, 0x3f, 0xf6, 0x0, 0x0, 0x3f, 0xf3,
    0x0, 0x6f, 0xf0, 0xb, 0xfc, 0x0, 0xbf, 0xbb,
    0xff, 0x0, 0x0, 0x4, 0xff, 0x10, 0x6, 0xff,
    0x0, 0xcf, 0xb0, 0x4, 0xff, 0xff, 0x80, 0x0,
    0x0, 0x7f, 0xf0, 0x0, 0x6f, 0xf0, 0xf, 0xf9,
    0x0, 0xc, 0xff, 0xe0, 0x0, 0x0, 0x9, 0xfd,
    0x0, 0x6, 0xff, 0x3, 0xff, 0x60, 0x0, 0xcf,
    0xfb, 0x0, 0x0, 0x0, 0xdf, 0xa0, 0x0, 0x6f,
    0xf0, 0x6f, 0xf3, 0x0, 0xbf, 0xff, 0xf9, 0x0,
    0x0, 0x1f, 0xf6, 0x0, 0x6, 0xff, 0xb, 0xfe,
    0x1, 0xcf, 0xfc, 0xcf, 0xfa, 0x0, 0x7, 0xff,
    0x10, 0x0, 0x6f, 0xf1, 0xff, 0xa6, 0xef, 0xfc,
    0x1, 0xdf, 0xfd, 0x40, 0xbf, 0xb0, 0x0, 0x6,
    0xff, 0x8f, 0xf5, 0xdf, 0xfa, 0x0, 0x1, 0xdf,
    0xf9, 0x0, 0xb4, 0x0, 0x0, 0x6f, 0xf0, 0x9c,
    0x3, 0xe4, 0x0, 0x0, 0x0, 0x8c, 0x0, 0x0,
    0x0, 0x0, 0x0, 0x0, 0x0, 0x0, 0x0, 0x0,
    0x0, 0x0, 0x0, 0x0, 0x0,

    /* U+7279 "特" */
    0x0, 0x0, 0x1b, 0xb3, 0x0, 0x0, 0x0, 0x0,
    0x2b, 0xb3, 0x0, 0x0, 0x0, 0x0, 0x0, 0x2f,
    0xf5, 0x0, 0x0, 0x0, 0x0, 0x3f, 0xf4, 0x0,
    0x0, 0x0, 0x3, 0x62, 0x2f, 0xf5, 0x0, 0x0,
    0x0, 0x0, 0x3f, 0xf4, 0x0, 0x0, 0x0, 0x8,
    0xfa, 0x2f, 0xf5, 0x0, 0x5, 0xff, 0xff, 0xff,
    0xff, 0xff, 0xff, 0x80, 0x9, 0xf8, 0x2f, 0xf5,
    0x0, 0x5, 0xff, 0xff, 0xff, 0xff, 0xff, 0xff,
    0x90, 0xb, 0xf8, 0x3f, 0xf6, 0x11, 0x2, 0x66,
    0x66, 0x8f, 0xf9, 0x66, 0x66, 0x30, 0xd, 0xff,
    0xff, 0xff, 0xfc, 0x0, 0x0, 0x0, 0x3f, 0xf4,
    0x0, 0x0, 0x0, 0xe, 0xff, 0xff, 0xff, 0xfc,
    0x0, 0x0, 0x0, 0x3f, 0xf4, 0x0, 0x0, 0x0,
    0x1f, 0xf9, 0xaf, 0xfb, 0x96, 0x44, 0x44, 0x44,
    0x6f, 0xf7, 0x44, 0x44, 0x43, 0x4f, 0xd0, 0x2f,
    0xf5, 0x0, 0xff, 0xff, 0xff, 0xff, 0xff, 0xff,
    0xff, 0xfc, 0x8f, 0xa0, 0x2f, 0xf5, 0x0, 0xff,
    0xff, 0xff, 0xff, 0xff, 0xff, 0xff, 0xfc, 0xcf,
    0x60, 0x2f, 0xf5, 0x0, 0x12, 0x22, 0x22, 0x22,
    0x22, 0xef, 0xa2, 0x21, 0x2a, 0x20, 0x2f, 0xf5,
    0x0, 0x0, 0x0, 0x0, 0x0, 0x0, 0xef, 0x90,
    0x0, 0x0, 0x0, 0x2f, 0xf5, 0x15, 0x0, 0x0,
    0x0, 0x0, 0x0, 0xef, 0x90, 0x0, 0x0, 0x0,
    0x2f, 0xfe, 0xfe, 0x6f, 0xff, 0xff, 0xff, 0xff,
    0xff, 0xff, 0xf9, 0x2, 0x6a, 0xef, 0xff, 0xff,
    0x7f, 0xff, 0xff, 0xff, 0xff, 0xff, 0xff, 0xf9,
    0x8f, 0xff, 0xff, 0xfc, 0x61, 0x37, 0x77, 0x77,
    0x77, 0x77, 0xff, 0xc7, 0x74, 0x5f, 0xff, 0xbf,
    0xf5, 0x0, 0x0, 0x5e, 0x40, 0x0, 0x0, 0xef,
    0x90, 0x0, 0x29, 0x40, 0x2f, 0xf5, 0x0, 0x0,
    0xdf, 0xf3, 0x0, 0x0, 0xef, 0x90, 0x0, 0x0,
    0x0, 0x2f, 0xf5, 0x0, 0x0, 0x1e, 0xfe, 0x10,
    0x0, 0xef, 0x90, 0x0, 0x0, 0x0, 0x2f, 0xf5,
    0x0, 0x0, 0x4, 0xff, 0xa0, 0x0, 0xef, 0x90,
    0x0, 0x0, 0x0, 0x2f, 0xf5, 0x0, 0x0, 0x0,
    0x8f, 0x80, 0x0, 0xef, 0x90, 0x0, 0x0, 0x0,
    0x2f, 0xf5, 0x0, 0x0, 0x0, 0x3, 0x0, 0x0,
    0xef, 0x90, 0x0, 0x0, 0x0, 0x2f, 0xf5, 0x0,
    0x0, 0x0, 0x0, 0x67, 0x78, 0xff, 0x80, 0x0,
    0x0, 0x0, 0x2f, 0xf5, 0x0, 0x0, 0x0, 0x0,
    0x8f, 0xff, 0xff, 0x50, 0x0, 0x0, 0x0, 0x2f,
    0xf5, 0x0, 0x0, 0x0, 0x0, 0x4f, 0xff, 0xd8,
    0x0, 0x0, 0x0, 0x0, 0x0, 0x0, 0x0, 0x0,
    0x0, 0x0, 0x1, 0x0, 0x0, 0x0, 0x0,

    /* U+72B6 "状" */
    0x0, 0x0, 0x0, 0xaa, 0x40, 0x0, 0x0, 0x4,
    0x99, 0x0, 0x0, 0x0, 0x0, 0x0, 0x0, 0x0,
    0x1f, 0xf7, 0x0, 0x0, 0x0, 0x8f, 0xf0, 0x2,
    0x91, 0x0, 0x0, 0x0, 0x0, 0x1, 0xff, 0x70,
    0x0, 0x0, 0x8, 0xff, 0x0, 0xef, 0xb0, 0x0,
    0x0, 0x0, 0x0, 0x1f, 0xf7, 0x0, 0x0, 0x0,
    0x8f, 0xf0, 0x5, 0xff, 0x70, 0x0, 0x5, 0xc0,
    0x1, 0xff, 0x70, 0x0, 0x0, 0x8, 0xff, 0x0,
    0xb, 0xff, 0x20, 0x3, 0xff, 0xa0, 0x1f, 0xf7,
    0x0, 0x0, 0x0, 0x8f, 0xf0, 0x0, 0x2f, 0xfb,
    0x0, 0x9, 0xff, 0x51, 0xff, 0x70, 0x0, 0x0,
    0x8, 0xff, 0x0, 0x0, 0x8e, 0x60, 0x0, 0xe,
    0xfe, 0x2f, 0xf7, 0x0, 0x0, 0x0, 0x8f, 0xf0,
    0x0, 0x0, 0x10, 0x0, 0x0, 0x4f, 0xfa, 0xff,
    0x75, 0x88, 0x88, 0x8c, 0xff, 0x88, 0x88, 0x88,
    0x85, 0x0, 0x0, 0xbf, 0x8f, 0xf7, 0xbf, 0xff,
    0xff, 0xff, 0xff, 0xff, 0xff, 0xff, 0xb0, 0x0,
    0x2, 0x21, 0xff, 0x7b, 0xff, 0xff, 0xff, 0xff,
    0xff, 0xff, 0xff, 0xfb, 0x0, 0x0, 0x0, 0x1f,
    0xf7, 0x0, 0x0, 0x0, 0xcf, 0xf8, 0x0, 0x0,
    0x0, 0x0, 0x0, 0x0, 0x1, 0xff, 0x70, 0x0,
    0x0, 0xf, 0xff, 0xc0, 0x0, 0x0, 0x0, 0x0,
    0x0, 0x0, 0x6f, 0xf7, 0x0, 0x0, 0x2, 0xff,
    0xff, 0x10, 0x0, 0x0, 0x0, 0x0, 0x0, 0x7f,
    0xff, 0x70, 0x0, 0x0, 0x6f, 0xff, 0xf6, 0x0,
    0x0, 0x0, 0x0, 0x0, 0xaf, 0xff, 0xf7, 0x0,
    0x0, 0xa, 0xff, 0xcf, 0xc0, 0x0, 0x0, 0x0,
    0x1, 0xbf, 0xfd, 0xff, 0x70, 0x0, 0x0, 0xff,
    0xc4, 0xff, 0x30, 0x0, 0x0, 0x2, 0xdf, 0xfb,
    0x1f, 0xf7, 0x0, 0x0, 0x6f, 0xf7, 0xe, 0xfb,
    0x0, 0x0, 0x0, 0x8f, 0xf9, 0x1, 0xff, 0x70,
    0x0, 0xd, 0xff, 0x10, 0x7f, 0xf4, 0x0, 0x0,
    0x0, 0xd7, 0x0, 0x1f, 0xf7, 0x0, 0x7, 0xff,
    0x90, 0x0, 0xef, 0xd0, 0x0, 0x0, 0x1, 0x0,
    0x1, 0xff, 0x70, 0x1, 0xef, 0xf1, 0x0, 0x6,
    0xff, 0x90, 0x0, 0x0, 0x0, 0x0, 0x1f, 0xf7,
    0x0, 0xcf, 0xf7, 0x0, 0x0, 0xd, 0xff, 0x80,
    0x0, 0x0, 0x0, 0x1, 0xff, 0x70, 0xaf, 0xfc,
    0x0, 0x0, 0x0, 0x3f, 0xff, 0x80, 0x0, 0x0,
    0x0, 0x1f, 0xf7, 0xaf, 0xfe, 0x10, 0x0, 0x0,
    0x0, 0x5f, 0xff, 0xc1, 0x0, 0x0, 0x1, 0xff,
    0xbf, 0xfe, 0x20, 0x0, 0x0, 0x0, 0x0, 0x6f,
    0xfb, 0x0, 0x0, 0x0, 0x1f, 0xf7, 0x3c, 0x20,
    0x0, 0x0, 0x0, 0x0, 0x0, 0x4b, 0x0, 0x0,
    0x0, 0x0, 0x0, 0x0, 0x0, 0x0, 0x0, 0x0,
    0x0, 0x0, 0x0, 0x0, 0x0,

    /* U+738B "王" */
    0x0, 0x89, 0x99, 0x99, 0x99, 0x99, 0x99, 0x99,
    0x99, 0x99, 0x99, 0x99, 0x20, 0x0, 0xef, 0xff,
    0xff, 0xff, 0xff, 0xff, 0xff, 0xff, 0xff, 0xff,
    0xff, 0x40, 0x0, 0xdf, 0xff, 0xff, 0xff, 0xff,
    0xff, 0xff, 0xff, 0xff, 0xff, 0xff, 0x40, 0x0,
    0x0, 0x0, 0x0, 0x0, 0x2, 0xff, 0x90, 0x0,
    0x0, 0x0, 0x0, 0x0, 0x0, 0x0, 0x0, 0x0,
    0x0, 0x2, 0xff, 0x90, 0x0, 0x0, 0x0, 0x0,
    0x0, 0x0, 0x0, 0x0, 0x0, 0x0, 0x2, 0xff,
    0x90, 0x0, 0x0, 0x0, 0x0, 0x0, 0x0, 0x0,
    0x0, 0x0, 0x0, 0x2, 0xff, 0x90, 0x0, 0x0,
    0x0, 0x0, 0x0, 0x0, 0x0, 0x0, 0x0, 0x0,
    0x2, 0xff, 0x90, 0x0, 0x0, 0x0, 0x0, 0x0,
    0x0, 0x0, 0x0, 0x0, 0x0, 0x2, 0xff, 0x90,
    0x0, 0x0, 0x0, 0x0, 0x0, 0x0, 0x0, 0x0,
    0x0, 0x0, 0x3, 0xff, 0x90, 0x0, 0x0, 0x0,
    0x0, 0x0, 0x0, 0x9, 0xff, 0xff, 0xff, 0xff,
    0xff, 0xff, 0xff, 0xff, 0xff, 0xf5, 0x0, 0x0,
    0x9, 0xff, 0xff, 0xff, 0xff, 0xff, 0xff, 0xff,
    0xff, 0xff, 0xf5, 0x0, 0x0, 0x5, 0x88, 0x88,
    0x88, 0x89, 0xff, 0xc8, 0x88, 0x88, 0x88, 0x82,
    0x0, 0x0, 0x0, 0x0, 0x0, 0x0, 0x2, 0xff,
    0x90, 0x0, 0x0, 0x0, 0x0, 0x0, 0x0, 0x0,
    0x0, 0x0, 0x0, 0x2, 0xff, 0x90, 0x0, 0x0,
    0x0, 0x0, 0x0, 0x0, 0x0, 0x0, 0x0, 0x0,
    0x2, 0xff, 0x90, 0x0, 0x0, 0x0, 0x0, 0x0,
    0x0, 0x0, 0x0, 0x0, 0x0, 0x2, 0xff, 0x90,
    0x0, 0x0, 0x0, 0x0, 0x0, 0x0, 0x0, 0x0,
    0x0, 0x0, 0x2, 0xff, 0x90, 0x0, 0x0, 0x0,
    0x0, 0x0, 0x0, 0x0, 0x0, 0x0, 0x0, 0x2,
    0xff, 0x90, 0x0, 0x0, 0x0, 0x0, 0x0, 0x0,
    0x0, 0x0, 0x0, 0x0, 0x2, 0xff, 0x90, 0x0,
    0x0, 0x0, 0x0, 0x0, 0x29, 0x99, 0x99, 0x99,
    0x99, 0x9a, 0xff, 0xd9, 0x99, 0x99, 0x99, 0x99,
    0x97, 0x3f, 0xff, 0xff, 0xff, 0xff, 0xff, 0xff,
    0xff, 0xff, 0xff, 0xff, 0xff, 0xfc, 0x3f, 0xff,
    0xff, 0xff, 0xff, 0xff, 0xff, 0xff, 0xff, 0xff,
    0xff, 0xff, 0xfc,

    /* U+751F "生" */
    0x0, 0x0, 0x0, 0x0, 0x0, 0x0, 0x55, 0x30,
    0x0, 0x0, 0x0, 0x0, 0x0, 0x0, 0x0, 0x7,
    0xb8, 0x10, 0x1, 0xff, 0x90, 0x0, 0x0, 0x0,
    0x0, 0x0, 0x0, 0x0, 0xd, 0xff, 0x10, 0x1,
    0xff, 0x90, 0x0, 0x0, 0x0, 0x0, 0x0, 0x0,
    0x0, 0x2f, 0xfb, 0x0, 0x1, 0xff, 0x90, 0x0,
    0x0, 0x0, 0x0, 0x0, 0x0, 0x0, 0x8f, 0xf6,
    0x0, 0x1, 0xff, 0x90, 0x0, 0x0, 0x0, 0x0,
    0x0, 0x0, 0x0, 0xef, 0xf1, 0x0, 0x1, 0xff,
    0xa0, 0x0, 0x0, 0x0, 0x0, 0x0, 0x0, 0x5,
    0xff, 0xff, 0xff, 0xff, 0xff, 0xff, 0xff, 0xff,
    0xff, 0xff, 0x50, 0x0, 0xd, 0xff, 0xff, 0xff,
    0xff, 0xff, 0xff, 0xff, 0xff, 0xff, 0xff, 0x50,
    0x0, 0x7f, 0xfc, 0x88, 0x88, 0x88, 0xff, 0xc8,
    0x88, 0x88, 0x88, 0x88, 0x20, 0x2, 0xff, 0xf2,
    0x0, 0x0, 0x1, 0xff, 0x90, 0x0, 0x0, 0x0,
    0x0, 0x0, 0xd, 0xff, 0x80, 0x0, 0x0, 0x1,
    0xff, 0x90, 0x0, 0x0, 0x0, 0x0, 0x0, 0x2c,
    0xfd, 0x0, 0x0, 0x0, 0x1, 0xff, 0x90, 0x0,
    0x0, 0x0, 0x0, 0x0, 0x0, 0x62, 0x0, 0x0,
    0x0, 0x1, 0xff, 0x90, 0x0, 0x0, 0x0, 0x0,
    0x0, 0x0, 0x0, 0x0, 0x0, 0x0, 0x1, 0xff,
    0xa0, 0x0, 0x0, 0x0, 0x0, 0x0, 0x0, 0x0,
    0xff, 0xff, 0xff, 0xff, 0xff, 0xff, 0xff, 0xff,
    0xff, 0xf5, 0x0, 0x0, 0x0, 0xff, 0xff, 0xff,
    0xff, 0xff, 0xff, 0xff, 0xff, 0xff, 0xf5, 0x0,
    0x0, 0x0, 0x77, 0x77, 0x77, 0x77, 0xff, 0xc7,
    0x77, 0x77, 0x77, 0x72, 0x0, 0x0, 0x0, 0x0,
    0x0, 0x0, 0x1, 0xff, 0x90, 0x0, 0x0, 0x0,
    0x0, 0x0, 0x0, 0x0, 0x0, 0x0, 0x0, 0x1,
    0xff, 0x90, 0x0, 0x0, 0x0, 0x0, 0x0, 0x0,
    0x0, 0x0, 0x0, 0x0, 0x1, 0xff, 0x90, 0x0,
    0x0, 0x0, 0x0, 0x0, 0x0, 0x0, 0x0, 0x0,
    0x0, 0x1, 0xff, 0x90, 0x0, 0x0, 0x0, 0x0,
    0x0, 0x0, 0x0, 0x0, 0x0, 0x0, 0x1, 0xff,
    0x90, 0x0, 0x0, 0x0, 0x0, 0x0, 0x0, 0x0,
    0x0, 0x0, 0x0, 0x1, 0xff, 0xa0, 0x0, 0x0,
    0x0, 0x0, 0x0, 0x2f, 0xff, 0xff, 0xff, 0xff,
    0xff, 0xff, 0xff, 0xff, 0xff, 0xff, 0xff, 0xfb,
    0x2f, 0xff, 0xff, 0xff, 0xff, 0xff, 0xff, 0xff,
    0xff, 0xff, 0xff, 0xff, 0xfb, 0x17, 0x77, 0x77,
    0x77, 0x77, 0x77, 0x77, 0x77, 0x77, 0x77, 0x77,
    0x77, 0x75,

    /* U+7528 "用" */
    0x0, 0x0, 0x78, 0x88, 0x88, 0x88, 0x88, 0x88,
    0x88, 0x88, 0x88, 0x88, 0x80, 0x0, 0xd, 0xff,
    0xff, 0xff, 0xff, 0xff, 0xff, 0xff, 0xff, 0xff,
    0xfe, 0x0, 0x0, 0xdf, 0xff, 0xff, 0xff, 0xff,
    0xff, 0xff, 0xff, 0xff, 0xff, 0xe0, 0x0, 0xd,
    0xfc, 0x0, 0x0, 0x1, 0xff, 0x80, 0x0, 0x0,
    0xb, 0xfe, 0x0, 0x0, 0xdf, 0xc0, 0x0, 0x0,
    0x1f, 0xf8, 0x0, 0x0, 0x0, 0xbf, 0xe0, 0x0,
    0xd, 0xfc, 0x0, 0x0, 0x1, 0xff, 0x80, 0x0,
    0x0, 0xb, 0xfe, 0x0, 0x0, 0xdf, 0xc2, 0x22,
    0x22, 0x3f, 0xf9, 0x22, 0x22, 0x22, 0xbf, 0xe0,
    0x0, 0xd, 0xff, 0xff, 0xff, 0xff, 0xff, 0xff,
    0xff, 0xff, 0xff, 0xfe, 0x0, 0x0, 0xdf, 0xff,
    0xff, 0xff, 0xff, 0xff, 0xff, 0xff, 0xff, 0xff,
    0xe0, 0x0, 0xd, 0xfd, 0x44, 0x44, 0x45, 0xff,
    0xa4, 0x44, 0x44, 0x4c, 0xfe, 0x0, 0x0, 0xdf,
    0xc0, 0x0, 0x0, 0x1f, 0xf8, 0x0, 0x0, 0x0,
    0xbf, 0xe0, 0x0, 0xd, 0xfb, 0x0, 0x0, 0x1,
    0xff, 0x80, 0x0, 0x0, 0xb, 0xfe, 0x0, 0x0,
    0xef, 0xb0, 0x0, 0x0, 0x1f, 0xf8, 0x0, 0x0,
    0x0, 0xbf, 0xe0, 0x0, 0xe, 0xfd, 0x88, 0x88,
    0x89, 0xff, 0xc8, 0x88, 0x88, 0x8d, 0xfe, 0x0,
    0x0, 0xff, 0xff, 0xff, 0xff, 0xff, 0xff, 0xff,
    0xff, 0xff, 0xff, 0xe0, 0x0, 0x2f, 0xff, 0xff,
    0xff, 0xff, 0xff, 0xff, 0xff, 0xff, 0xff, 0xfe,
    0x0, 0x5, 0xff, 0x40, 0x0, 0x0, 0x1f, 0xf8,
    0x0, 0x0, 0x0, 0xbf, 0xe0, 0x0, 0x8f, 0xf1,
    0x0, 0x0, 0x1, 0xff, 0x80, 0x0, 0x0, 0xb,
    0xfe, 0x0, 0xd, 0xfd, 0x0, 0x0, 0x0, 0x1f,
    0xf8, 0x0, 0x0, 0x0, 0xbf, 0xe0, 0x3, 0xff,
    0x80, 0x0, 0x0, 0x1, 0xff, 0x80, 0x0, 0x0,
    0xb, 0xfe, 0x0, 0xbf, 0xf3, 0x0, 0x0, 0x0,
    0x1f, 0xf8, 0x0, 0x0, 0x0, 0xbf, 0xe0, 0x4f,
    0xfb, 0x0, 0x0, 0x0, 0x1, 0xff, 0x80, 0x37,
    0x66, 0x7e, 0xfd, 0xd, 0xff, 0x30, 0x0, 0x0,
    0x0, 0x1f, 0xf8, 0x2, 0xff, 0xff, 0xff, 0xa0,
    0x2d, 0x80, 0x0, 0x0, 0x0, 0x1, 0xee, 0x70,
    0xd, 0xff, 0xfd, 0x91, 0x0, 0x10, 0x0, 0x0,
    0x0, 0x0, 0x0, 0x0, 0x0, 0x0, 0x0, 0x0,
    0x0,

    /* U+7535 "电" */
    0x0, 0x0, 0x0, 0x0, 0x4, 0x66, 0x0, 0x0,
    0x0, 0x0, 0x0, 0x0, 0x0, 0x0, 0x0, 0x0,
    0xb, 0xff, 0x10, 0x0, 0x0, 0x0, 0x0, 0x0,
    0x0, 0x0, 0x0, 0x0, 0xb, 0xff, 0x10, 0x0,
    0x0, 0x0, 0x0, 0x0, 0x0, 0x0, 0x0, 0x0,
    0xb, 0xff, 0x10, 0x0, 0x0, 0x0, 0x0, 0x0,
    0x58, 0x88, 0x88, 0x88, 0x8d, 0xff, 0x88, 0x88,
    0x88, 0x88, 0x80, 0x0, 0xaf, 0xff, 0xff, 0xff,
    0xff, 0xff, 0xff, 0xff, 0xff, 0xff, 0xf1, 0x0,
    0xaf, 0xff, 0xff, 0xff, 0xff, 0xff, 0xff, 0xff,
    0xff, 0xff, 0xf1, 0x0, 0xaf, 0xf1, 0x0, 0x0,
    0xb, 0xff, 0x10, 0x0, 0x0, 0x9f, 0xf1, 0x0,
    0xaf, 0xf1, 0x0, 0x0, 0xb, 0xff, 0x10, 0x0,
    0x0, 0x9f, 0xf1, 0x0, 0xaf, 0xf1, 0x0, 0x0,
    0xb, 0xff, 0x10, 0x0, 0x0, 0x9f, 0xf1, 0x0,
    0xaf, 0xf7, 0x77, 0x77, 0x7d, 0xff, 0x77, 0x77,
    0x77, 0xcf, 0xf1, 0x0, 0xaf, 0xff, 0xff, 0xff,
    0xff, 0xff, 0xff, 0xff, 0xff, 0xff, 0xf1, 0x0,
    0xaf, 0xff, 0xff, 0xff, 0xff, 0xff, 0xff, 0xff,
    0xff, 0xff, 0xf1, 0x0, 0xaf, 0xf1, 0x0, 0x0,
    0xb, 0xff, 0x10, 0x0, 0x0, 0x9f, 0xf1, 0x0,
    0xaf, 0xf1, 0x0, 0x0, 0xb, 0xff, 0x10, 0x0,
    0x0, 0x9f, 0xf1, 0x0, 0xaf, 0xf1, 0x0, 0x0,
    0xb, 0xff, 0x10, 0x0, 0x0, 0x9f, 0xf1, 0x0,
    0xaf, 0xfa, 0x99, 0x99, 0x9d, 0xff, 0xa9, 0x99,
    0x99, 0xdf, 0xf1, 0x0, 0xaf, 0xff, 0xff, 0xff,
    0xff, 0xff, 0xff, 0xff, 0xff, 0xff, 0xf1, 0x0,
    0xaf, 0xff, 0xff, 0xff, 0xff, 0xff, 0xff, 0xff,
    0xff, 0xff, 0xf1, 0x0, 0xaf, 0xf1, 0x0, 0x0,
    0xb, 0xff, 0x10, 0x0, 0x0, 0x0, 0xa, 0x61,
    0x47, 0x70, 0x0, 0x0, 0xb, 0xff, 0x10, 0x0,
    0x0, 0x0, 0xf, 0xfb, 0x0, 0x0, 0x0, 0x0,
    0xa, 0xff, 0x10, 0x0, 0x0, 0x0, 0x1f, 0xf9,
    0x0, 0x0, 0x0, 0x0, 0x9, 0xff, 0x30, 0x0,
    0x0, 0x0, 0x5f, 0xf6, 0x0, 0x0, 0x0, 0x0,
    0x7, 0xff, 0xea, 0x99, 0x99, 0x9a, 0xff, 0xf2,
    0x0, 0x0, 0x0, 0x0, 0x2, 0xff, 0xff, 0xff,
    0xff, 0xff, 0xff, 0xa0, 0x0, 0x0, 0x0, 0x0,
    0x0, 0x4b, 0xef, 0xff, 0xff, 0xff, 0xe9, 0x0,

    /* U+7565 "略" */
    0x0, 0x0, 0x0, 0x0, 0x0, 0x0, 0x0, 0x14,
    0x0, 0x0, 0x0, 0x0, 0x0, 0x0, 0x0, 0x0,
    0x0, 0x0, 0x0, 0x0, 0x7f, 0xe0, 0x0, 0x0,
    0x0, 0x0, 0x23, 0x33, 0x33, 0x33, 0x30, 0x0,
    0x0, 0xef, 0x90, 0x0, 0x0, 0x0, 0x0, 0xef,
    0xff, 0xff, 0xff, 0xf3, 0x0, 0x8, 0xff, 0x87,
    0x77, 0x77, 0x72, 0x0, 0xef, 0xff, 0xff, 0xff,
    0xf3, 0x0, 0x3f, 0xff, 0xff, 0xff, 0xff, 0xff,
    0x30, 0xef, 0x21, 0xfa, 0x1c, 0xf3, 0x0, 0xdf,
    0xfe, 0xee, 0xee, 0xef, 0xfd, 0x0, 0xef, 0x10,
    0xfa, 0xc, 0xf3, 0xb, 0xff, 0xf3, 0x0, 0x0,
    0x7f, 0xf5, 0x0, 0xef, 0x10, 0xfa, 0xc, 0xf3,
    0xaf, 0xff, 0xfc, 0x0, 0x3, 0xff, 0xb0, 0x0,
    0xef, 0x10, 0xfa, 0xc, 0xf9, 0xff, 0xc4, 0xff,
    0x80, 0x2e, 0xfe, 0x20, 0x0, 0xef, 0x10, 0xfa,
    0xc, 0xf3, 0xcd, 0x10, 0x8f, 0xf8, 0xef, 0xf4,
    0x0, 0x0, 0xef, 0x21, 0xfa, 0x1c, 0xf3, 0x11,
    0x0, 0xb, 0xff, 0xff, 0x50, 0x0, 0x0, 0xef,
    0xff, 0xff, 0xff, 0xf3, 0x0, 0x0, 0x2a, 0xff,
    0xfd, 0x20, 0x0, 0x0, 0xef, 0xff, 0xff, 0xff,
    0xf3, 0x0, 0x29, 0xff, 0xff, 0xff, 0xf8, 0x10,
    0x0, 0xef, 0x10, 0xfa, 0xc, 0xf4, 0x6c, 0xff,
    0xff, 0x91, 0x6f, 0xff, 0xfb, 0x50, 0xef, 0x10,
    0xfa, 0xc, 0xfc, 0xff, 0xff, 0xa2, 0x0, 0x1,
    0x9f, 0xff, 0xe0, 0xef, 0x10, 0xfa, 0xc, 0xf5,
    0xfe, 0xe7, 0x55, 0x55, 0x55, 0x57, 0xef, 0xa0,
    0xef, 0x10, 0xfa, 0xc, 0xf3, 0x30, 0xff, 0xff,
    0xff, 0xff, 0xff, 0xf4, 0x10, 0xef, 0x10, 0xfa,
    0xc, 0xf3, 0x0, 0xff, 0xff, 0xff, 0xff, 0xff,
    0xf4, 0x0, 0xef, 0x10, 0xfa, 0xc, 0xf3, 0x0,
    0xff, 0x50, 0x0, 0x0, 0x1f, 0xf4, 0x0, 0xef,
    0xff, 0xff, 0xff, 0xf3, 0x0, 0xff, 0x50, 0x0,
    0x0, 0x1f, 0xf4, 0x0, 0xef, 0xff, 0xff, 0xff,
    0xf3, 0x0, 0xff, 0x50, 0x0, 0x0, 0x1f, 0xf4,
    0x0, 0xef, 0x32, 0x22, 0x22, 0x20, 0x0, 0xff,
    0x50, 0x0, 0x0, 0x1f, 0xf4, 0x0, 0xef, 0x10,
    0x0, 0x0, 0x0, 0x0, 0xff, 0xfe, 0xee, 0xee,
    0xef, 0xf4, 0x0, 0x44, 0x0, 0x0, 0x0, 0x0,
    0x0, 0xff, 0xff, 0xff, 0xff, 0xff, 0xf4, 0x0,
    0x0, 0x0, 0x0, 0x0, 0x0, 0x0, 0xff, 0x85,
    0x55, 0x55, 0x6f, 0xf4, 0x0, 0x0, 0x0, 0x0,
    0x0, 0x0, 0x0, 0xff, 0x50, 0x0, 0x0, 0x1f,
    0xf4, 0x0, 0x0, 0x0, 0x0, 0x0, 0x0, 0x0,
    0x1, 0x0, 0x0, 0x0, 0x0, 0x0, 0x0,

    /* U+767E "百" */
    0x0, 0x0, 0x0, 0x0, 0x0, 0x0, 0x0, 0x0,
    0x0, 0x0, 0x0, 0x0, 0x0, 0x2f, 0xff, 0xff,
    0xff, 0xff, 0xff, 0xff, 0xff, 0xff, 0xff, 0xff,
    0xff, 0xf2, 0x2f, 0xff, 0xff, 0xff, 0xff, 0xff,
    0xff, 0xff, 0xff, 0xff, 0xff, 0xff, 0xf2, 0x18,
    0x88, 0x88, 0x88, 0x88, 0x8e, 0xff, 0xa8, 0x88,
    0x88, 0x88, 0x88, 0x81, 0x0, 0x0, 0x0, 0x0,
    0x0, 0xe, 0xff, 0x0, 0x0, 0x0, 0x0, 0x0,
    0x0, 0x0, 0x0, 0x0, 0x0, 0x0, 0xf, 0xfc,
    0x0, 0x0, 0x0, 0x0, 0x0, 0x0, 0x0, 0x0,
    0x0, 0x0, 0x0, 0x4f, 0xf7, 0x0, 0x0, 0x0,
    0x0, 0x0, 0x0, 0x0, 0x1, 0xff, 0xff, 0xff,
    0xff, 0xff, 0xff, 0xff, 0xff, 0xff, 0x70, 0x0,
    0x0, 0x2, 0xff, 0xff, 0xff, 0xff, 0xff, 0xff,
    0xff, 0xff, 0xff, 0x80, 0x0, 0x0, 0x2, 0xff,
    0xc7, 0x77, 0x77, 0x77, 0x77, 0x77, 0x79, 0xff,
    0x80, 0x0, 0x0, 0x2, 0xff, 0x80, 0x0, 0x0,
    0x0, 0x0, 0x0, 0x4, 0xff, 0x80, 0x0, 0x0,
    0x2, 0xff, 0x80, 0x0, 0x0, 0x0, 0x0, 0x0,
    0x4, 0xff, 0x80, 0x0, 0x0, 0x2, 0xff, 0x80,
    0x0, 0x0, 0x0, 0x0, 0x0, 0x4, 0xff, 0x80,
    0x0, 0x0, 0x2, 0xff, 0x80, 0x0, 0x0, 0x0,
    0x0, 0x0, 0x4, 0xff, 0x80, 0x0, 0x0, 0x2,
    0xff, 0xff, 0xff, 0xff, 0xff, 0xff, 0xff, 0xff,
    0xff, 0x80, 0x0, 0x0, 0x2, 0xff, 0xff, 0xff,
    0xff, 0xff, 0xff, 0xff, 0xff, 0xff, 0x80, 0x0,
    0x0, 0x2, 0xff, 0xb6, 0x66, 0x66, 0x66, 0x66,
    0x66, 0x69, 0xff, 0x80, 0x0, 0x0, 0x2, 0xff,
    0x80, 0x0, 0x0, 0x0, 0x0, 0x0, 0x4, 0xff,
    0x80, 0x0, 0x0, 0x2, 0xff, 0x80, 0x0, 0x0,
    0x0, 0x0, 0x0, 0x4, 0xff, 0x80, 0x0, 0x0,
    0x2, 0xff, 0x80, 0x0, 0x0, 0x0, 0x0, 0x0,
    0x4, 0xff, 0x80, 0x0, 0x0, 0x2, 0xff, 0x80,
    0x0, 0x0, 0x0, 0x0, 0x0, 0x4, 0xff, 0x80,
    0x0, 0x0, 0x2, 0xff, 0xff, 0xff, 0xff, 0xff,
    0xff, 0xff, 0xff, 0xff, 0x80, 0x0, 0x0, 0x2,
    0xff, 0xff, 0xff, 0xff, 0xff, 0xff, 0xff, 0xff,
    0xff, 0x80, 0x0, 0x0, 0x2, 0xff, 0xb7, 0x77,
    0x77, 0x77, 0x77, 0x77, 0x79, 0xff, 0x80, 0x0,
    0x0, 0x2, 0xff, 0x80, 0x0, 0x0, 0x0, 0x0,
    0x0, 0x4, 0xff, 0x80, 0x0,

    /* U+7684 "的" */
    0x0, 0x0, 0x36, 0x30, 0x0, 0x0, 0x0, 0x35,
    0x10, 0x0, 0x0, 0x0, 0x0, 0x0, 0x8, 0xff,
    0x30, 0x0, 0x0, 0xa, 0xff, 0x10, 0x0, 0x0,
    0x0, 0x0, 0x0, 0xbf, 0xe0, 0x0, 0x0, 0x0,
    0xef, 0xc0, 0x0, 0x0, 0x0, 0x0, 0x0, 0xe,
    0xf8, 0x0, 0x0, 0x0, 0x3f, 0xf7, 0x0, 0x0,
    0x0, 0x0, 0x0, 0x3, 0xff, 0x30, 0x0, 0x0,
    0x9, 0xff, 0x42, 0x22, 0x22, 0x22, 0x7, 0xff,
    0xff, 0xff, 0xff, 0xf7, 0x0, 0xef, 0xff, 0xff,
    0xff, 0xff, 0xf2, 0x7f, 0xff, 0xff, 0xff, 0xff,
    0x70, 0x6f, 0xff, 0xff, 0xff, 0xff, 0xff, 0x27,
    0xff, 0x44, 0x44, 0x4f, 0xf7, 0xd, 0xfe, 0x33,
    0x33, 0x33, 0x7f, 0xf1, 0x7f, 0xe0, 0x0, 0x0,
    0xef, 0x75, 0xff, 0x70, 0x0, 0x0, 0x5, 0xff,
    0x17, 0xfe, 0x0, 0x0, 0xe, 0xf8, 0xef, 0xe0,
    0x0, 0x0, 0x0, 0x5f, 0xf0, 0x7f, 0xe0, 0x0,
    0x0, 0xef, 0xdf, 0xf6, 0x0, 0x0, 0x0, 0x6,
    0xff, 0x7, 0xfe, 0x0, 0x0, 0xe, 0xf7, 0x4b,
    0x3, 0x60, 0x0, 0x0, 0x7f, 0xf0, 0x7f, 0xf5,
    0x55, 0x55, 0xff, 0x70, 0x6, 0xff, 0x40, 0x0,
    0x7, 0xfe, 0x7, 0xff, 0xff, 0xff, 0xff, 0xf7,
    0x0, 0x1e, 0xfe, 0x10, 0x0, 0x8f, 0xe0, 0x7f,
    0xff, 0xff, 0xff, 0xff, 0x70, 0x0, 0x4f, 0xfb,
    0x0, 0x9, 0xfd, 0x7, 0xfe, 0x0, 0x0, 0xe,
    0xf7, 0x0, 0x0, 0x9f, 0xf6, 0x0, 0xaf, 0xc0,
    0x7f, 0xe0, 0x0, 0x0, 0xef, 0x70, 0x0, 0x0,
    0xef, 0xf1, 0xb, 0xfb, 0x7, 0xfe, 0x0, 0x0,
    0xe, 0xf7, 0x0, 0x0, 0x5, 0xff, 0x60, 0xcf,
    0xa0, 0x7f, 0xe0, 0x0, 0x0, 0xef, 0x70, 0x0,
    0x0, 0x9, 0x30, 0xd, 0xf9, 0x7, 0xfe, 0x0,
    0x0, 0xe, 0xf7, 0x0, 0x0, 0x0, 0x0, 0x0,
    0xff, 0x80, 0x7f, 0xe0, 0x0, 0x0, 0xef, 0x70,
    0x0, 0x0, 0x0, 0x0, 0x1f, 0xf6, 0x7, 0xff,
    0xff, 0xff, 0xff, 0xf7, 0x0, 0x0, 0x0, 0x0,
    0x4, 0xff, 0x40, 0x7f, 0xff, 0xff, 0xff, 0xff,
    0x70, 0x0, 0x0, 0x0, 0x0, 0x9f, 0xf1, 0x7,
    0xff, 0x55, 0x55, 0x55, 0x52, 0x0, 0x1, 0xa8,
    0x66, 0x8f, 0xfd, 0x0, 0x7f, 0xe0, 0x0, 0x0,
    0x0, 0x0, 0x0, 0xb, 0xff, 0xff, 0xff, 0x50,
    0x3, 0x76, 0x0, 0x0, 0x0, 0x0, 0x0, 0x0,
    0x7f, 0xff, 0xfc, 0x60, 0x0, 0x0, 0x0, 0x0,
    0x0, 0x0, 0x0, 0x0, 0x0, 0x0, 0x0, 0x0,
    0x0, 0x0,

    /* U+76F8 "相" */
    0x0, 0x0, 0x2, 0xaa, 0x30, 0x0, 0x0, 0x0,
    0x0, 0x0, 0x0, 0x0, 0x0, 0x0, 0x0, 0x3,
    0xff, 0x40, 0x0, 0x0, 0x0, 0x0, 0x0, 0x0,
    0x0, 0x0, 0x0, 0x0, 0x3, 0xff, 0x40, 0x0,
    0xe, 0xff, 0xff, 0xff, 0xff, 0xff, 0xfe, 0x0,
    0x0, 0x3, 0xff, 0x40, 0x0, 0xe, 0xff, 0xff,
    0xff, 0xff, 0xff, 0xfe, 0x0, 0x0, 0x3, 0xff,
    0x40, 0x0, 0xe, 0xfc, 0x88, 0x88, 0x88, 0x8d,
    0xfe, 0x0, 0x0, 0x3, 0xff, 0x40, 0x0, 0xe,
    0xf9, 0x0, 0x0, 0x0, 0xa, 0xfe, 0x4, 0xaa,
    0xab, 0xff, 0xba, 0xaa, 0xe, 0xf9, 0x0, 0x0,
    0x0, 0xa, 0xfe, 0x7, 0xff, 0xff, 0xff, 0xff,
    0xff, 0xe, 0xf9, 0x0, 0x0, 0x0, 0xa, 0xfe,
    0x6, 0xdd, 0xde, 0xff, 0xdd, 0xdd, 0xe, 0xfb,
    0x55, 0x55, 0x55, 0x5c, 0xfe, 0x0, 0x0, 0xb,
    0xff, 0x40, 0x0, 0xe, 0xff, 0xff, 0xff, 0xff,
    0xff, 0xfe, 0x0, 0x0, 0xf, 0xff, 0x40, 0x0,
    0xe, 0xff, 0xff, 0xff, 0xff, 0xff, 0xfe, 0x0,
    0x0, 0x6f, 0xff, 0xc0, 0x0, 0xe, 0xf9, 0x0,
    0x0, 0x0, 0xa, 0xfe, 0x0, 0x0, 0xcf, 0xff,
    0xfb, 0x0, 0xe, 0xf9, 0x0, 0x0, 0x0, 0xa,
    0xfe, 0x0, 0x3, 0xff, 0xff, 0xff, 0xa0, 0xe,
    0xf9, 0x0, 0x0, 0x0, 0xa, 0xfe, 0x0, 0xa,
    0xfa, 0xff, 0x8f, 0xf8, 0xe, 0xf9, 0x0, 0x0,
    0x0, 0xa, 0xfe, 0x0, 0x2f, 0xf4, 0xff, 0x48,
    0xff, 0x1e, 0xff, 0xee, 0xee, 0xee, 0xef, 0xfe,
    0x0, 0xaf, 0xa3, 0xff, 0x40, 0xd7, 0xe, 0xff,
    0xff, 0xff, 0xff, 0xff, 0xfe, 0x4, 0xff, 0x33,
    0xff, 0x40, 0x20, 0xe, 0xfc, 0x77, 0x77, 0x77,
    0x7d, 0xfe, 0xe, 0xfc, 0x3, 0xff, 0x40, 0x0,
    0xe, 0xf9, 0x0, 0x0, 0x0, 0xa, 0xfe, 0xa,
    0xf3, 0x3, 0xff, 0x40, 0x0, 0xe, 0xf9, 0x0,
    0x0, 0x0, 0xa, 0xfe, 0x2, 0x90, 0x3, 0xff,
    0x40, 0x0, 0xe, 0xf9, 0x0, 0x0, 0x0, 0xa,
    0xfe, 0x0, 0x0, 0x3, 0xff, 0x40, 0x0, 0xe,
    0xf9, 0x0, 0x0, 0x0, 0xa, 0xfe, 0x0, 0x0,
    0x3, 0xff, 0x40, 0x0, 0xe, 0xff, 0xff, 0xff,
    0xff, 0xff, 0xfe, 0x0, 0x0, 0x3, 0xff, 0x40,
    0x0, 0xe, 0xff, 0xff, 0xff, 0xff, 0xff, 0xfe,
    0x0, 0x0, 0x3, 0xff, 0x40, 0x0, 0xe, 0xfb,
    0x55, 0x55, 0x55, 0x5c, 0xfe, 0x0, 0x0, 0x3,
    0xff, 0x40, 0x0, 0xe, 0xf9, 0x0, 0x0, 0x0,
    0xa, 0xfe, 0x0, 0x0, 0x0, 0x0, 0x0, 0x0,
    0x2, 0x21, 0x0, 0x0, 0x0, 0x0, 0x0,

    /* U+7801 "码" */
    0x0, 0x11, 0x11, 0x11, 0x11, 0x10, 0x0, 0x0,
    0x0, 0x0, 0x0, 0x0, 0x0, 0x0, 0xaf, 0xff,
    0xff, 0xff, 0xff, 0x1a, 0xff, 0xff, 0xff, 0xff,
    0xff, 0xe0, 0x0, 0xa, 0xff, 0xff, 0xff, 0xff,
    0xf1, 0xbf, 0xff, 0xff, 0xff, 0xff, 0xff, 0x0,
    0x0, 0x24, 0x49, 0xff, 0x44, 0x44, 0x4, 0x66,
    0x66, 0x66, 0x66, 0xcf, 0xe0, 0x0, 0x0, 0x0,
    0xaf, 0xc0, 0x0, 0x0, 0x0, 0x0, 0x0, 0x0,
    0xb, 0xfc, 0x0, 0x0, 0x0, 0xe, 0xf8, 0x0,
    0x0, 0x0, 0x6f, 0xe0, 0x0, 0x0, 0xdf, 0xb0,
    0x0, 0x0, 0x2, 0xff, 0x40, 0x0, 0x0, 0x8,
    0xff, 0x0, 0x0, 0xe, 0xf9, 0x0, 0x0, 0x0,
    0x7f, 0xf0, 0x0, 0x0, 0x0, 0x9f, 0xd0, 0x0,
    0x0, 0xff, 0x70, 0x0, 0x0, 0xc, 0xfb, 0x0,
    0x0, 0x0, 0xb, 0xfc, 0x0, 0x0, 0x2f, 0xf6,
    0x0, 0x0, 0x2, 0xff, 0xb6, 0x66, 0x62, 0x0,
    0xcf, 0xa0, 0x0, 0x3, 0xff, 0x40, 0x0, 0x0,
    0x8f, 0xff, 0xff, 0xff, 0x50, 0xe, 0xf8, 0x0,
    0x0, 0x5f, 0xf2, 0x0, 0x0, 0x1e, 0xff, 0xee,
    0xef, 0xf5, 0x0, 0xff, 0x94, 0x44, 0x49, 0xff,
    0x54, 0x41, 0x9, 0xff, 0xf5, 0x0, 0xef, 0x50,
    0x2f, 0xff, 0xff, 0xff, 0xff, 0xff, 0xff, 0x31,
    0xff, 0xff, 0x50, 0xe, 0xf5, 0x4, 0xff, 0xff,
    0xff, 0xff, 0xff, 0xff, 0xf2, 0xd, 0xff, 0xf5,
    0x0, 0xef, 0x50, 0x0, 0x0, 0x0, 0x0, 0x0,
    0x6, 0xff, 0x0, 0x78, 0xdf, 0x50, 0xe, 0xf5,
    0x0, 0x0, 0x0, 0x0, 0x0, 0x0, 0x8f, 0xf0,
    0x1, 0xd, 0xf5, 0x0, 0xef, 0x50, 0x0, 0x0,
    0x0, 0x0, 0x0, 0xa, 0xfd, 0x0, 0x0, 0xdf,
    0x50, 0xe, 0xf5, 0x6c, 0xcc, 0xcc, 0xcc, 0xcc,
    0xb0, 0xcf, 0xb0, 0x0, 0xd, 0xf5, 0x0, 0xef,
    0x58, 0xff, 0xff, 0xff, 0xff, 0xfe, 0xe, 0xf9,
    0x0, 0x0, 0xdf, 0x95, 0x5e, 0xf5, 0x49, 0x99,
    0x99, 0x99, 0x99, 0x81, 0xff, 0x70, 0x0, 0xd,
    0xff, 0xff, 0xff, 0x50, 0x0, 0x0, 0x0, 0x0,
    0x0, 0x4f, 0xf4, 0x0, 0x0, 0xdf, 0xff, 0xff,
    0xf5, 0x0, 0x0, 0x0, 0x0, 0x0, 0x9, 0xff,
    0x10, 0x0, 0xd, 0xf5, 0x0, 0x0, 0x0, 0x0,
    0x0, 0x0, 0x54, 0x46, 0xff, 0xc0, 0x0, 0x0,
    0xdf, 0x50, 0x0, 0x0, 0x0, 0x0, 0x0, 0xc,
    0xff, 0xff, 0xf5, 0x0, 0x0, 0x0, 0x0, 0x0,
    0x0, 0x0, 0x0, 0x0, 0x0, 0x8f, 0xff, 0xd7,
    0x0, 0x0, 0x0, 0x0, 0x0, 0x0, 0x0, 0x0,
    0x0, 0x0, 0x0, 0x0, 0x0, 0x0, 0x0,

    /* U+786E "确" */
    0x0, 0x0, 0x0, 0x0, 0x0, 0x0, 0x0, 0x53,
    0x0, 0x0, 0x0, 0x0, 0x0, 0x11, 0x11, 0x11,
    0x11, 0x10, 0x0, 0x2f, 0xf4, 0x0, 0x0, 0x0,
    0x0, 0x6f, 0xff, 0xff, 0xff, 0xff, 0x10, 0x8,
    0xfe, 0x22, 0x22, 0x21, 0x0, 0x6, 0xff, 0xff,
    0xff, 0xff, 0xf1, 0x1, 0xff, 0xff, 0xff, 0xff,
    0xe5, 0x0, 0x14, 0x48, 0xff, 0x54, 0x44, 0x0,
    0xaf, 0xff, 0xff, 0xff, 0xff, 0x50, 0x0, 0x0,
    0x8f, 0xe0, 0x0, 0x0, 0x4f, 0xf7, 0x0, 0x1,
    0xff, 0xc0, 0x0, 0x0, 0xc, 0xfb, 0x0, 0x0,
    0x2e, 0xfe, 0x0, 0x0, 0xaf, 0xf2, 0x0, 0x0,
    0x0, 0xff, 0x70, 0x0, 0x1d, 0xff, 0x84, 0x44,
    0x7f, 0xf9, 0x44, 0x43, 0x0, 0x5f, 0xf2, 0x0,
    0x1d, 0xff, 0xff, 0xff, 0xff, 0xff, 0xff, 0xff,
    0xe0, 0xa, 0xfd, 0x0, 0x0, 0xcf, 0xff, 0xff,
    0xff, 0xff, 0xff, 0xff, 0xfe, 0x0, 0xff, 0xd8,
    0x88, 0x84, 0x77, 0xff, 0x0, 0x2f, 0xf1, 0x0,
    0x8f, 0xe0, 0x6f, 0xff, 0xff, 0xff, 0x50, 0x7f,
    0xf0, 0x2, 0xff, 0x10, 0x8, 0xfe, 0xd, 0xff,
    0xc8, 0x8f, 0xf5, 0x7, 0xff, 0xcc, 0xdf, 0xfc,
    0xcc, 0xef, 0xe8, 0xff, 0xf8, 0x0, 0xef, 0x50,
    0x7f, 0xff, 0xff, 0xff, 0xff, 0xff, 0xfe, 0xdf,
    0xff, 0x80, 0xe, 0xf5, 0x7, 0xff, 0x44, 0x6f,
    0xf5, 0x44, 0xaf, 0xe7, 0xfd, 0xf8, 0x0, 0xef,
    0x50, 0x7f, 0xe0, 0x2, 0xff, 0x10, 0x8, 0xfe,
    0x28, 0xaf, 0x80, 0xe, 0xf5, 0x8, 0xfe, 0x0,
    0x2f, 0xf1, 0x0, 0x8f, 0xe0, 0xa, 0xf8, 0x0,
    0xef, 0x50, 0x9f, 0xfe, 0xee, 0xff, 0xee, 0xef,
    0xfe, 0x0, 0xaf, 0x80, 0xe, 0xf5, 0xb, 0xff,
    0xff, 0xff, 0xff, 0xff, 0xff, 0xe0, 0xa, 0xf8,
    0x0, 0xef, 0x50, 0xdf, 0xa4, 0x46, 0xff, 0x54,
    0x4a, 0xfe, 0x0, 0xaf, 0xb5, 0x5e, 0xf5, 0x1f,
    0xf5, 0x0, 0x2f, 0xf1, 0x0, 0x8f, 0xe0, 0xa,
    0xff, 0xff, 0xff, 0x56, 0xff, 0x10, 0x2, 0xff,
    0x10, 0x8, 0xfe, 0x0, 0xaf, 0xff, 0xff, 0xf4,
    0xdf, 0xc0, 0x0, 0x2f, 0xf1, 0x0, 0x8f, 0xe0,
    0xa, 0xf8, 0x0, 0x0, 0x6f, 0xf5, 0x0, 0x2,
    0xff, 0x22, 0x2a, 0xfe, 0x0, 0xaf, 0x80, 0x0,
    0x2f, 0xfd, 0x0, 0x0, 0x2f, 0xf2, 0xff, 0xff,
    0xc0, 0x0, 0x10, 0x0, 0x1, 0x9f, 0x30, 0x0,
    0x0, 0x44, 0xb, 0xff, 0xd3, 0x0, 0x0, 0x0,
    0x0, 0x0, 0x10, 0x0, 0x0, 0x0, 0x0, 0x0,
    0x0, 0x0,

    /* U+793A "示" */
    0x0, 0x5, 0x88, 0x88, 0x88, 0x88, 0x88, 0x88,
    0x88, 0x88, 0x88, 0x80, 0x0, 0x0, 0x9, 0xff,
    0xff, 0xff, 0xff, 0xff, 0xff, 0xff, 0xff, 0xff,
    0xf0, 0x0, 0x0, 0x9, 0xff, 0xff, 0xff, 0xff,
    0xff, 0xff, 0xff, 0xff, 0xff, 0xf0, 0x0, 0x0,
    0x0, 0x0, 0x0, 0x0, 0x0, 0x0, 0x0, 0x0,
    0x0, 0x0, 0x0, 0x0, 0x0, 0x0, 0x0, 0x0,
    0x0, 0x0, 0x0, 0x0, 0x0, 0x0, 0x0, 0x0,
    0x0, 0x0, 0x0, 0x0, 0x0, 0x0, 0x0, 0x0,
    0x0, 0x0, 0x0, 0x0, 0x0, 0x0, 0x0, 0x0,
    0x0, 0x0, 0x0, 0x0, 0x0, 0x0, 0x0, 0x0,
    0x0, 0x0, 0x0, 0x1f, 0xff, 0xff, 0xff, 0xff,
    0xff, 0xff, 0xff, 0xff, 0xff, 0xff, 0xff, 0xf7,
    0x1f, 0xff, 0xff, 0xff, 0xff, 0xff, 0xff, 0xff,
    0xff, 0xff, 0xff, 0xff, 0xf7, 0x9, 0x99, 0x99,
    0x99, 0x99, 0x9a, 0xff, 0xe9, 0x99, 0x99, 0x99,
    0x99, 0x94, 0x0, 0x0, 0x0, 0x0, 0x0, 0x2,
    0xff, 0xb0, 0x0, 0x0, 0x0, 0x0, 0x0, 0x0,
    0x0, 0x0, 0x0, 0x0, 0x2, 0xff, 0xb0, 0x0,
    0x0, 0x0, 0x0, 0x0, 0x0, 0x0, 0xb, 0xb6,
    0x0, 0x2, 0xff, 0xb0, 0x0, 0x28, 0xc0, 0x0,
    0x0, 0x0, 0x0, 0x3f, 0xfc, 0x0, 0x2, 0xff,
    0xb0, 0x0, 0x9f, 0xf9, 0x0, 0x0, 0x0, 0x0,
    0xbf, 0xf5, 0x0, 0x2, 0xff, 0xb0, 0x0, 0xd,
    0xff, 0x40, 0x0, 0x0, 0x4, 0xff, 0xd0, 0x0,
    0x2, 0xff, 0xb0, 0x0, 0x4, 0xff, 0xd0, 0x0,
    0x0, 0xd, 0xff, 0x40, 0x0, 0x2, 0xff, 0xb0,
    0x0, 0x0, 0xaf, 0xf7, 0x0, 0x0, 0x9f, 0xfa,
    0x0, 0x0, 0x2, 0xff, 0xb0, 0x0, 0x0, 0x2f,
    0xff, 0x10, 0x6, 0xff, 0xe1, 0x0, 0x0, 0x2,
    0xff, 0xb0, 0x0, 0x0, 0x9, 0xff, 0x90, 0x5f,
    0xff, 0x40, 0x0, 0x0, 0x2, 0xff, 0xb0, 0x0,
    0x0, 0x1, 0xff, 0xf1, 0x3c, 0xf7, 0x0, 0x0,
    0x0, 0x2, 0xff, 0xa0, 0x0, 0x0, 0x0, 0xaf,
    0xd2, 0x0, 0x40, 0x0, 0x9, 0xa9, 0x9c, 0xff,
    0xa0, 0x0, 0x0, 0x0, 0x34, 0x0, 0x0, 0x0,
    0x0, 0x8, 0xff, 0xff, 0xff, 0x60, 0x0, 0x0,
    0x0, 0x0, 0x0, 0x0, 0x0, 0x0, 0x3, 0xff,
    0xff, 0xc6, 0x0, 0x0, 0x0, 0x0, 0x0, 0x0,
    0x0, 0x0, 0x0, 0x0, 0x10, 0x0, 0x0, 0x0,
    0x0, 0x0, 0x0, 0x0, 0x0,

    /* U+79CD "种" */
    0x0, 0x0, 0x0, 0x0, 0x1, 0x0, 0x0, 0x0,
    0x0, 0x99, 0x40, 0x0, 0x0, 0x0, 0x0, 0x0,
    0x1, 0x6b, 0xf9, 0x0, 0x0, 0x0, 0x1f, 0xf8,
    0x0, 0x0, 0x0, 0x0, 0x36, 0x9d, 0xff, 0xff,
    0xf3, 0x0, 0x0, 0x1, 0xff, 0x80, 0x0, 0x0,
    0x0, 0xaf, 0xff, 0xff, 0xfe, 0x94, 0x0, 0x0,
    0x0, 0x1f, 0xf8, 0x0, 0x0, 0x0, 0x5, 0xfe,
    0xcd, 0xfe, 0x0, 0x0, 0x0, 0x0, 0x1, 0xff,
    0x80, 0x0, 0x0, 0x0, 0x1, 0x0, 0x9f, 0xe0,
    0x0, 0x0, 0x0, 0x0, 0x1f, 0xf8, 0x0, 0x0,
    0x0, 0x0, 0x0, 0x9, 0xfe, 0x0, 0x0, 0xaa,
    0xaa, 0xab, 0xff, 0xda, 0xaa, 0xaa, 0x0, 0x0,
    0x0, 0x9f, 0xe0, 0x0, 0xf, 0xff, 0xff, 0xff,
    0xff, 0xff, 0xff, 0xf1, 0x7, 0x77, 0x7c, 0xff,
    0x77, 0x72, 0xff, 0xff, 0xff, 0xff, 0xff, 0xff,
    0xff, 0x10, 0xef, 0xff, 0xff, 0xff, 0xff, 0x4f,
    0xf9, 0x0, 0x1f, 0xf8, 0x0, 0x7f, 0xf1, 0xe,
    0xff, 0xff, 0xff, 0xff, 0xf4, 0xff, 0x90, 0x1,
    0xff, 0x80, 0x7, 0xff, 0x10, 0x0, 0x3, 0xff,
    0xf1, 0x0, 0xf, 0xf9, 0x0, 0x1f, 0xf8, 0x0,
    0x7f, 0xf1, 0x0, 0x0, 0xaf, 0xff, 0xd1, 0x0,
    0xff, 0x90, 0x1, 0xff, 0x80, 0x7, 0xff, 0x10,
    0x0, 0x1f, 0xff, 0xff, 0xd1, 0xf, 0xf9, 0x0,
    0x1f, 0xf8, 0x0, 0x7f, 0xf1, 0x0, 0x9, 0xff,
    0xfe, 0xbf, 0xc0, 0xff, 0xc7, 0x78, 0xff, 0xb7,
    0x7b, 0xff, 0x10, 0x2, 0xfe, 0xaf, 0xe2, 0xff,
    0x5f, 0xff, 0xff, 0xff, 0xff, 0xff, 0xff, 0xf1,
    0x0, 0xaf, 0x89, 0xfe, 0x8, 0xc0, 0xff, 0xff,
    0xff, 0xff, 0xff, 0xff, 0xff, 0x10, 0x5f, 0xf1,
    0x9f, 0xe0, 0x1, 0xf, 0xf9, 0x0, 0x1f, 0xf8,
    0x0, 0x7f, 0xf1, 0x2f, 0xf9, 0x9, 0xfe, 0x0,
    0x0, 0xef, 0x80, 0x1, 0xff, 0x80, 0x5, 0xcc,
    0x2, 0xfe, 0x10, 0x9f, 0xe0, 0x0, 0x0, 0x0,
    0x0, 0x1f, 0xf8, 0x0, 0x0, 0x0, 0x9, 0x50,
    0x9, 0xfe, 0x0, 0x0, 0x0, 0x0, 0x1, 0xff,
    0x80, 0x0, 0x0, 0x0, 0x0, 0x0, 0x9f, 0xe0,
    0x0, 0x0, 0x0, 0x0, 0x1f, 0xf8, 0x0, 0x0,
    0x0, 0x0, 0x0, 0x9, 0xfe, 0x0, 0x0, 0x0,
    0x0, 0x1, 0xff, 0x80, 0x0, 0x0, 0x0, 0x0,
    0x0, 0x9f, 0xe0, 0x0, 0x0, 0x0, 0x0, 0x1f,
    0xf8, 0x0, 0x0, 0x0, 0x0, 0x0, 0x9, 0xfe,
    0x0, 0x0, 0x0, 0x0, 0x1, 0xff, 0x80, 0x0,
    0x0, 0x0, 0x0, 0x0, 0x9f, 0xe0, 0x0, 0x0,
    0x0, 0x0, 0x1f, 0xf8, 0x0, 0x0, 0x0,

    /* U+79D1 "科" */
    0x0, 0x0, 0x0, 0x0, 0x0, 0x10, 0x0, 0x0,
    0x0, 0x0, 0xa, 0xa5, 0x0, 0x0, 0x0, 0x0,
    0x1, 0x5a, 0xfc, 0x0, 0x0, 0x0, 0x0, 0x1,
    0xff, 0x80, 0x0, 0x0, 0x25, 0x9d, 0xff, 0xff,
    0xf7, 0x0, 0x18, 0x10, 0x0, 0x1f, 0xf8, 0x0,
    0x0, 0x6f, 0xff, 0xff, 0xfe, 0xa5, 0x0, 0xd,
    0xfd, 0x20, 0x1, 0xff, 0x80, 0x0, 0x1, 0xff,
    0xcc, 0xff, 0x20, 0x0, 0x0, 0x6f, 0xfe, 0x30,
    0x1f, 0xf8, 0x0, 0x0, 0x1, 0x0, 0x5f, 0xf2,
    0x0, 0x0, 0x0, 0x4f, 0xff, 0x31, 0xff, 0x80,
    0x0, 0x0, 0x0, 0x5, 0xff, 0x20, 0x0, 0x0,
    0x0, 0x4f, 0xf9, 0x1f, 0xf8, 0x0, 0x0, 0x0,
    0x0, 0x5f, 0xf2, 0x0, 0x0, 0x0, 0x0, 0x5a,
    0x1, 0xff, 0x80, 0x0, 0x6, 0x77, 0x7a, 0xff,
    0x97, 0x77, 0x0, 0x0, 0x0, 0x0, 0x1f, 0xf8,
    0x0, 0x0, 0xdf, 0xff, 0xff, 0xff, 0xff, 0xf1,
    0x1, 0x0, 0x0, 0x1, 0xff, 0x80, 0x0, 0xc,
    0xff, 0xff, 0xff, 0xff, 0xff, 0x17, 0xf7, 0x0,
    0x0, 0x1f, 0xf8, 0x0, 0x0, 0x0, 0x0, 0xef,
    0xf5, 0x0, 0x1, 0xdf, 0xfb, 0x0, 0x1, 0xff,
    0x80, 0x0, 0x0, 0x0, 0x6f, 0xff, 0xf3, 0x0,
    0x0, 0xaf, 0xfd, 0x10, 0x1f, 0xf8, 0x0, 0x0,
    0x0, 0xc, 0xff, 0xff, 0xe2, 0x0, 0x0, 0x7f,
    0xfd, 0x1, 0xff, 0x80, 0x0, 0x0, 0x5, 0xff,
    0xff, 0xbf, 0xd1, 0x0, 0x0, 0x6f, 0x40, 0x1f,
    0xf8, 0x0, 0x0, 0x0, 0xdf, 0xbf, 0xf3, 0xef,
    0xa0, 0x0, 0x0, 0x10, 0x1, 0xff, 0x80, 0x0,
    0x0, 0x6f, 0xd6, 0xff, 0x25, 0xf4, 0x0, 0x0,
    0x0, 0x0, 0x1f, 0xfb, 0x9c, 0x90, 0x2f, 0xf6,
    0x5f, 0xf2, 0x4, 0x0, 0x0, 0x25, 0x7a, 0xcf,
    0xff, 0xff, 0xfc, 0xc, 0xfe, 0x5, 0xff, 0x20,
    0x2, 0xad, 0xff, 0xff, 0xff, 0xff, 0xff, 0xda,
    0x70, 0xdf, 0x50, 0x5f, 0xf2, 0x0, 0x2f, 0xff,
    0xff, 0xfd, 0xa8, 0xff, 0x80, 0x0, 0x5, 0xa0,
    0x5, 0xff, 0x20, 0x0, 0xca, 0x75, 0x20, 0x0,
    0x1f, 0xf8, 0x0, 0x0, 0x0, 0x0, 0x5f, 0xf2,
    0x0, 0x0, 0x0, 0x0, 0x0, 0x1, 0xff, 0x80,
    0x0, 0x0, 0x0, 0x5, 0xff, 0x20, 0x0, 0x0,
    0x0, 0x0, 0x0, 0x1f, 0xf8, 0x0, 0x0, 0x0,
    0x0, 0x5f, 0xf2, 0x0, 0x0, 0x0, 0x0, 0x0,
    0x1, 0xff, 0x80, 0x0, 0x0, 0x0, 0x5, 0xff,
    0x20, 0x0, 0x0, 0x0, 0x0, 0x0, 0x1f, 0xf8,
    0x0, 0x0, 0x0, 0x0, 0x5f, 0xf2, 0x0, 0x0,
    0x0, 0x0, 0x0, 0x1, 0xff, 0x80, 0x0,

    /* U+79FB "移" */
    0x0, 0x0, 0x0, 0x0, 0x2, 0x0, 0x0, 0x0,
    0x4, 0x52, 0x0, 0x0, 0x0, 0x0, 0x0, 0x0,
    0x4, 0x9e, 0xf2, 0x0, 0x0, 0x2, 0xff, 0xd0,
    0x0, 0x0, 0x0, 0x1, 0x58, 0xbf, 0xff, 0xff,
    0xc0, 0x0, 0x2, 0xef, 0xf2, 0x0, 0x0, 0x0,
    0x0, 0x2f, 0xff, 0xff, 0xf9, 0x50, 0x0, 0x2,
    0xef, 0xff, 0xff, 0xff, 0xfa, 0x10, 0x0, 0xab,
    0x8c, 0xfc, 0x0, 0x0, 0x5, 0xff, 0xff, 0xff,
    0xff, 0xff, 0xf1, 0x0, 0x0, 0x0, 0xaf, 0xc0,
    0x0, 0x2a, 0xff, 0xe5, 0x33, 0x33, 0xaf, 0xf7,
    0x0, 0x0, 0x0, 0xa, 0xfc, 0x0, 0x2f, 0xff,
    0xd4, 0x30, 0x0, 0x4f, 0xfc, 0x0, 0x0, 0x0,
    0x0, 0xaf, 0xc0, 0x0, 0x6f, 0x86, 0xff, 0x80,
    0x5f, 0xfe, 0x20, 0x0, 0x5, 0x77, 0x7c, 0xfe,
    0x77, 0x70, 0x20, 0x2c, 0xff, 0xdf, 0xfe, 0x20,
    0x0, 0x0, 0xbf, 0xff, 0xff, 0xff, 0xff, 0x10,
    0x0, 0xb, 0xff, 0xfd, 0x20, 0x0, 0x0, 0xb,
    0xff, 0xff, 0xff, 0xff, 0xf1, 0x0, 0x6d, 0xff,
    0xfc, 0x10, 0x0, 0x0, 0x0, 0x0, 0x7, 0xff,
    0xe0, 0x0, 0x7b, 0xff, 0xff, 0xa7, 0xff, 0x80,
    0x0, 0x0, 0x0, 0x0, 0xcf, 0xff, 0xb0, 0xb,
    0xff, 0xd8, 0x11, 0xef, 0xe1, 0x0, 0x0, 0x0,
    0x0, 0x2f, 0xff, 0xff, 0x90, 0x17, 0x20, 0x1,
    0xdf, 0xff, 0xff, 0xff, 0xd5, 0x0, 0x9, 0xff,
    0xfd, 0xef, 0x60, 0x0, 0x2, 0xdf, 0xff, 0xff,
    0xff, 0xff, 0x80, 0x1, 0xff, 0xbf, 0xc5, 0xff,
    0x0, 0x5, 0xef, 0xf6, 0x44, 0x44, 0xdf, 0xf1,
    0x0, 0x9f, 0x9a, 0xfc, 0xc, 0x60, 0x2a, 0xff,
    0xe3, 0x0, 0x0, 0x5f, 0xf9, 0x0, 0x2f, 0xf2,
    0xaf, 0xc0, 0x10, 0x9f, 0xff, 0xb2, 0x81, 0x0,
    0x1e, 0xfe, 0x10, 0xc, 0xfc, 0xa, 0xfc, 0x0,
    0x3, 0xfe, 0x52, 0xef, 0xe5, 0x1d, 0xff, 0x50,
    0x0, 0xcf, 0x30, 0xaf, 0xc0, 0x0, 0x3, 0x0,
    0x4, 0xef, 0xfe, 0xff, 0x80, 0x0, 0x3, 0xa0,
    0xa, 0xfc, 0x0, 0x0, 0x0, 0x0, 0x2, 0xef,
    0xff, 0x70, 0x0, 0x0, 0x0, 0x0, 0xaf, 0xc0,
    0x0, 0x0, 0x0, 0x2, 0xbf, 0xff, 0x60, 0x0,
    0x0, 0x0, 0x0, 0xa, 0xfc, 0x0, 0x0, 0x0,
    0x3a, 0xff, 0xfc, 0x30, 0x0, 0x0, 0x0, 0x0,
    0x0, 0xaf, 0xc0, 0x0, 0x48, 0xef, 0xff, 0xe6,
    0x0, 0x0, 0x0, 0x0, 0x0, 0x0, 0xa, 0xfc,
    0x0, 0x7f, 0xff, 0xfd, 0x60, 0x0, 0x0, 0x0,
    0x0, 0x0, 0x0, 0x0, 0xaf, 0xc0, 0x0, 0xdc,
    0x83, 0x0, 0x0, 0x0, 0x0, 0x0, 0x0, 0x0,
    0x0, 0x0, 0x0, 0x0, 0x0, 0x0, 0x0, 0x0,
    0x0, 0x0, 0x0, 0x0, 0x0,

    /* U+7ACB "立" */
    0x0, 0x0, 0x0, 0x0, 0x0, 0x6, 0xa9, 0x0,
    0x0, 0x0, 0x0, 0x0, 0x0, 0x0, 0x0, 0x0,
    0x0, 0x0, 0xc, 0xff, 0x10, 0x0, 0x0, 0x0,
    0x0, 0x0, 0x0, 0x0, 0x0, 0x0, 0x0, 0x6,
    0xff, 0x60, 0x0, 0x0, 0x0, 0x0, 0x0, 0x0,
    0x0, 0x0, 0x0, 0x0, 0x1, 0xff, 0xb0, 0x0,
    0x0, 0x0, 0x0, 0x0, 0x0, 0x0, 0x0, 0x0,
    0x0, 0x0, 0xdf, 0xa0, 0x0, 0x0, 0x0, 0x0,
    0x0, 0x0, 0x99, 0x99, 0x99, 0x99, 0x99, 0xb9,
    0x99, 0x99, 0x99, 0x99, 0x99, 0x50, 0x0, 0xff,
    0xff, 0xff, 0xff, 0xff, 0xff, 0xff, 0xff, 0xff,
    0xff, 0xff, 0x90, 0x0, 0xff, 0xff, 0xff, 0xff,
    0xff, 0xff, 0xff, 0xff, 0xff, 0xff, 0xff, 0x90,
    0x0, 0x0, 0x0, 0x0, 0x0, 0x0, 0x0, 0x0,
    0x0, 0x0, 0x0, 0x0, 0x0, 0x0, 0x0, 0x0,
    0x59, 0x40, 0x0, 0x0, 0x0, 0x0, 0x87, 0x40,
    0x0, 0x0, 0x0, 0x0, 0x3, 0xff, 0xa0, 0x0,
    0x0, 0x0, 0x1, 0xff, 0xf0, 0x0, 0x0, 0x0,
    0x0, 0x0, 0xef, 0xe0, 0x0, 0x0, 0x0, 0x4,
    0xff, 0xa0, 0x0, 0x0, 0x0, 0x0, 0x0, 0xaf,
    0xf2, 0x0, 0x0, 0x0, 0x8, 0xff, 0x60, 0x0,
    0x0, 0x0, 0x0, 0x0, 0x6f, 0xf6, 0x0, 0x0,
    0x0, 0xd, 0xff, 0x10, 0x0, 0x0, 0x0, 0x0,
    0x0, 0x2f, 0xfa, 0x0, 0x0, 0x0, 0x1f, 0xfd,
    0x0, 0x0, 0x0, 0x0, 0x0, 0x0, 0xf, 0xfe,
    0x0, 0x0, 0x0, 0x5f, 0xf8, 0x0, 0x0, 0x0,
    0x0, 0x0, 0x0, 0xb, 0xff, 0x10, 0x0, 0x0,
    0xaf, 0xf2, 0x0, 0x0, 0x0, 0x0, 0x0, 0x0,
    0x8, 0xff, 0x50, 0x0, 0x0, 0xff, 0xd0, 0x0,
    0x0, 0x0, 0x0, 0x0, 0x0, 0x5, 0xff, 0x80,
    0x0, 0x4, 0xff, 0x80, 0x0, 0x0, 0x0, 0x0,
    0x0, 0x0, 0x2, 0xff, 0xb0, 0x0, 0x9, 0xff,
    0x30, 0x0, 0x0, 0x0, 0x0, 0x0, 0x0, 0x0,
    0xff, 0xb0, 0x0, 0xe, 0xfd, 0x0, 0x0, 0x0,
    0x0, 0x0, 0x0, 0x0, 0x0, 0x41, 0x0, 0x0,
    0x5f, 0xf7, 0x0, 0x0, 0x0, 0x0, 0x29, 0x99,
    0x99, 0x99, 0x99, 0x99, 0x99, 0xdf, 0xfa, 0x99,
    0x99, 0x99, 0x96, 0x3f, 0xff, 0xff, 0xff, 0xff,
    0xff, 0xff, 0xff, 0xff, 0xff, 0xff, 0xff, 0xfb,
    0x3f, 0xff, 0xff, 0xff, 0xff, 0xff, 0xff, 0xff,
    0xff, 0xff, 0xff, 0xff, 0xfb, 0x0, 0x0, 0x0,
    0x0, 0x0, 0x0, 0x0, 0x0, 0x0, 0x0, 0x0,
    0x0, 0x0,

    /* U+7AE5 "童" */
    0x0, 0x0, 0x0, 0x0, 0x0, 0x8, 0xca, 0x0,
    0x0, 0x0, 0x0, 0x0, 0x0, 0x0, 0x0, 0x0,
    0x0, 0x0, 0x8, 0xff, 0x40, 0x0, 0x0, 0x0,
    0x0, 0x0, 0x0, 0xbd, 0xdd, 0xdd, 0xdd, 0xdd,
    0xff, 0xed, 0xdd, 0xdd, 0xdd, 0xd7, 0x0, 0x0,
    0xef, 0xff, 0xff, 0xff, 0xff, 0xff, 0xff, 0xff,
    0xff, 0xff, 0xf9, 0x0, 0x0, 0x34, 0x44, 0x9e,
    0xd4, 0x44, 0x44, 0x44, 0x6f, 0xc7, 0x44, 0x42,
    0x0, 0x0, 0x0, 0x0, 0xaf, 0xf3, 0x0, 0x0,
    0x0, 0x8f, 0xf5, 0x0, 0x0, 0x0, 0x0, 0x0,
    0x0, 0x3f, 0xf9, 0x0, 0x0, 0x1, 0xff, 0xc0,
    0x0, 0x0, 0x0, 0xbf, 0xff, 0xff, 0xff, 0xff,
    0xff, 0xff, 0xff, 0xff, 0xff, 0xff, 0xff, 0xf4,
    0xbf, 0xff, 0xff, 0xff, 0xff, 0xff, 0xff, 0xff,
    0xff, 0xff, 0xff, 0xff, 0xf4, 0x1, 0x11, 0x11,
    0x11, 0x11, 0x11, 0x11, 0x11, 0x11, 0x11, 0x11,
    0x11, 0x10, 0x0, 0x7, 0xaa, 0xaa, 0xaa, 0xaa,
    0xaa, 0xaa, 0xaa, 0xaa, 0xaa, 0x30, 0x0, 0x0,
    0xc, 0xff, 0xff, 0xff, 0xff, 0xff, 0xff, 0xff,
    0xff, 0xff, 0x60, 0x0, 0x0, 0xc, 0xfa, 0x0,
    0x0, 0x8, 0xff, 0x0, 0x0, 0x2, 0xff, 0x60,
    0x0, 0x0, 0xc, 0xfd, 0x88, 0x88, 0x8c, 0xff,
    0x88, 0x88, 0x89, 0xff, 0x60, 0x0, 0x0, 0xc,
    0xff, 0xff, 0xff, 0xff, 0xff, 0xff, 0xff, 0xff,
    0xff, 0x60, 0x0, 0x0, 0xc, 0xfa, 0x0, 0x0,
    0x8, 0xff, 0x0, 0x0, 0x3, 0xff, 0x60, 0x0,
    0x0, 0xc, 0xfa, 0x0, 0x0, 0x8, 0xff, 0x0,
    0x0, 0x3, 0xff, 0x60, 0x0, 0x0, 0xc, 0xff,
    0xff, 0xff, 0xff, 0xff, 0xff, 0xff, 0xff, 0xff,
    0x60, 0x0, 0x0, 0x7, 0x99, 0x99, 0x99, 0x9d,
    0xff, 0x99, 0x99, 0x99, 0x99, 0x30, 0x0, 0x0,
    0x0, 0x0, 0x0, 0x0, 0x8, 0xff, 0x0, 0x0,
    0x0, 0x0, 0x0, 0x0, 0x0, 0xbe, 0xee, 0xee,
    0xee, 0xef, 0xff, 0xee, 0xee, 0xee, 0xee, 0xe5,
    0x0, 0x0, 0xcf, 0xff, 0xff, 0xff, 0xff, 0xff,
    0xff, 0xff, 0xff, 0xff, 0xf6, 0x0, 0x0, 0x0,
    0x0, 0x0, 0x0, 0x8, 0xff, 0x0, 0x0, 0x0,
    0x0, 0x0, 0x0, 0x0, 0x0, 0x0, 0x0, 0x0,
    0x8, 0xff, 0x0, 0x0, 0x0, 0x0, 0x0, 0x0,
    0xdf, 0xff, 0xff, 0xff, 0xff, 0xff, 0xff, 0xff,
    0xff, 0xff, 0xff, 0xff, 0xf6, 0xdf, 0xff, 0xff,
    0xff, 0xff, 0xff, 0xff, 0xff, 0xff, 0xff, 0xff,
    0xff, 0xf6,

    /* U+7B11 "笑" */
    0x0, 0x0, 0x8a, 0x60, 0x0, 0x0, 0x0, 0x8,
    0x84, 0x0, 0x0, 0x0, 0x0, 0x0, 0x0, 0xef,
    0xc0, 0x0, 0x0, 0x0, 0x1f, 0xfa, 0x0, 0x0,
    0x0, 0x0, 0x0, 0x4, 0xff, 0x70, 0x0, 0x0,
    0x0, 0x7f, 0xf4, 0x0, 0x0, 0x0, 0x0, 0x0,
    0xb, 0xff, 0xed, 0xdd, 0xdd, 0xd2, 0xef, 0xfc,
    0xcc, 0xcc, 0xcc, 0xc7, 0x0, 0x3f, 0xff, 0xff,
    0xff, 0xff, 0xf9, 0xff, 0xff, 0xff, 0xff, 0xff,
    0xf9, 0x0, 0xcf, 0xf5, 0xef, 0xe5, 0x55, 0x7f,
    0xfd, 0x68, 0xff, 0xc6, 0x66, 0x64, 0x7, 0xff,
    0x80, 0x7f, 0xf2, 0x0, 0xcf, 0xf3, 0x0, 0xbf,
    0xf1, 0x0, 0x0, 0x4f, 0xfe, 0x0, 0x1f, 0xf8,
    0xa, 0xff, 0x90, 0x0, 0x3f, 0xf8, 0x0, 0x0,
    0x19, 0xf4, 0x0, 0xc, 0xf8, 0x1, 0xad, 0x0,
    0x0, 0xb, 0xa6, 0x20, 0x0, 0x0, 0x20, 0x0,
    0x3, 0x10, 0x0, 0x0, 0x2, 0x57, 0x9c, 0xff,
    0xc0, 0x0, 0x0, 0x3, 0x45, 0x66, 0x79, 0xac,
    0xde, 0xff, 0xff, 0xff, 0xff, 0xf6, 0x0, 0x0,
    0xf, 0xff, 0xff, 0xff, 0xff, 0xff, 0xff, 0xff,
    0xdb, 0x85, 0x20, 0x0, 0x0, 0xb, 0xfe, 0xdd,
    0xca, 0x99, 0xff, 0xe3, 0x10, 0x0, 0x0, 0x0,
    0x0, 0x0, 0x0, 0x0, 0x0, 0x0, 0x2, 0xff,
    0xa0, 0x0, 0x0, 0x0, 0x0, 0x0, 0x0, 0x0,
    0x0, 0x0, 0x0, 0x5, 0xff, 0x80, 0x0, 0x0,
    0x0, 0x0, 0x0, 0x4, 0x44, 0x44, 0x44, 0x44,
    0x4a, 0xff, 0x84, 0x44, 0x44, 0x44, 0x44, 0x43,
    0x1f, 0xff, 0xff, 0xff, 0xff, 0xff, 0xff, 0xff,
    0xff, 0xff, 0xff, 0xff, 0xfb, 0x1f, 0xff, 0xff,
    0xff, 0xff, 0xff, 0xff, 0xff, 0xff, 0xff, 0xff,
    0xff, 0xfb, 0x0, 0x0, 0x0, 0x0, 0x0, 0xcf,
    0xfe, 0xff, 0x30, 0x0, 0x0, 0x0, 0x0, 0x0,
    0x0, 0x0, 0x0, 0x7, 0xff, 0xc2, 0xff, 0xe1,
    0x0, 0x0, 0x0, 0x0, 0x0, 0x0, 0x0, 0x0,
    0x6f, 0xff, 0x20, 0x5f, 0xfd, 0x30, 0x0, 0x0,
    0x0, 0x0, 0x0, 0x0, 0x9, 0xff, 0xf5, 0x0,
    0x8, 0xff, 0xf6, 0x0, 0x0, 0x0, 0x0, 0x0,
    0x6, 0xef, 0xff, 0x50, 0x0, 0x0, 0x6f, 0xff,
    0xd5, 0x0, 0x0, 0x0, 0x49, 0xff, 0xff, 0xc3,
    0x0, 0x0, 0x0, 0x5, 0xef, 0xff, 0xd8, 0x40,
    0xd, 0xff, 0xff, 0xe6, 0x0, 0x0, 0x0, 0x0,
    0x0, 0x19, 0xff, 0xff, 0xf7, 0x3, 0xff, 0xa5,
    0x0, 0x0, 0x0, 0x0, 0x0, 0x0, 0x0, 0x28,
    0xef, 0xb0, 0x0, 0x30, 0x0, 0x0, 0x0, 0x0,
    0x0, 0x0, 0x0, 0x0, 0x0, 0x3, 0x10,

    /* U+7B54 "答" */
    0x0, 0x0, 0x65, 0x10, 0x0, 0x0, 0x0, 0x6,
    0x62, 0x0, 0x0, 0x0, 0x0, 0x0, 0x0, 0x1f,
    0xfc, 0x0, 0x0, 0x0, 0x0, 0xef, 0xb0, 0x0,
    0x0, 0x0, 0x0, 0x0, 0x7, 0xff, 0x61, 0x11,
    0x11, 0x0, 0x5f, 0xf6, 0x0, 0x0, 0x0, 0x0,
    0x0, 0x1, 0xff, 0xff, 0xff, 0xff, 0xfa, 0xd,
    0xff, 0xff, 0xff, 0xff, 0xff, 0x30, 0x0, 0xaf,
    0xff, 0xff, 0xff, 0xff, 0xa7, 0xff, 0xff, 0xff,
    0xff, 0xff, 0xf3, 0x0, 0x6f, 0xfa, 0x2d, 0xfc,
    0x22, 0x25, 0xff, 0xd2, 0x4f, 0xfc, 0x22, 0x22,
    0x0, 0x4f, 0xfe, 0x10, 0x4f, 0xf4, 0x0, 0x4d,
    0xf3, 0x0, 0x8f, 0xf5, 0x0, 0x0, 0x7, 0xff,
    0x30, 0x0, 0xdf, 0x90, 0x1d, 0xa6, 0x0, 0x0,
    0xdf, 0xa0, 0x0, 0x0, 0x2, 0x40, 0x0, 0x3,
    0x20, 0x1d, 0xff, 0x80, 0x0, 0x3, 0x20, 0x0,
    0x0, 0x0, 0x0, 0x0, 0x0, 0x0, 0x2d, 0xff,
    0xff, 0x80, 0x0, 0x0, 0x0, 0x0, 0x0, 0x0,
    0x0, 0x0, 0x0, 0x6f, 0xff, 0x8a, 0xff, 0xe6,
    0x0, 0x0, 0x0, 0x0, 0x0, 0x0, 0x0, 0x2,
    0xbf, 0xff, 0x50, 0x5, 0xef, 0xfe, 0x70, 0x0,
    0x0, 0x0, 0x0, 0x0, 0x2a, 0xff, 0xfd, 0x20,
    0x0, 0x1, 0x9f, 0xff, 0xf9, 0x20, 0x0, 0x0,
    0x4, 0xbf, 0xff, 0xff, 0xff, 0xff, 0xff, 0xff,
    0xff, 0xff, 0xff, 0xc7, 0x20, 0x6e, 0xff, 0xff,
    0x9b, 0xff, 0xff, 0xff, 0xff, 0xff, 0xa3, 0xbf,
    0xff, 0xf9, 0x2, 0xef, 0xf9, 0x10, 0x13, 0x33,
    0x33, 0x33, 0x33, 0x32, 0x0, 0x39, 0xfc, 0x0,
    0x4, 0x60, 0x0, 0x0, 0x0, 0x0, 0x0, 0x0,
    0x0, 0x0, 0x0, 0x0, 0x10, 0x0, 0x0, 0x1,
    0xee, 0xee, 0xee, 0xee, 0xee, 0xee, 0xee, 0xee,
    0x10, 0x0, 0x0, 0x0, 0x0, 0x1f, 0xff, 0xff,
    0xff, 0xff, 0xff, 0xff, 0xff, 0xf1, 0x0, 0x0,
    0x0, 0x0, 0x1, 0xff, 0x95, 0x55, 0x55, 0x55,
    0x55, 0x5a, 0xff, 0x10, 0x0, 0x0, 0x0, 0x0,
    0x1f, 0xf6, 0x0, 0x0, 0x0, 0x0, 0x0, 0x7f,
    0xf1, 0x0, 0x0, 0x0, 0x0, 0x1, 0xff, 0x60,
    0x0, 0x0, 0x0, 0x0, 0x7, 0xff, 0x10, 0x0,
    0x0, 0x0, 0x0, 0x1f, 0xf7, 0x11, 0x11, 0x11,
    0x11, 0x11, 0x8f, 0xf1, 0x0, 0x0, 0x0, 0x0,
    0x1, 0xff, 0xff, 0xff, 0xff, 0xff, 0xff, 0xff,
    0xff, 0x10, 0x0, 0x0, 0x0, 0x0, 0x1f, 0xff,
    0xff, 0xff, 0xff, 0xff, 0xff, 0xff, 0xf1, 0x0,
    0x0, 0x0, 0x0, 0x1, 0xff, 0x83, 0x33, 0x33,
    0x33, 0x33, 0x39, 0xff, 0x10, 0x0, 0x0, 0x0,
    0x0, 0x1, 0x10, 0x0, 0x0, 0x0, 0x0, 0x0,
    0x0, 0x0, 0x0, 0x0, 0x0,

    /* U+7B80 "简" */
    0x0, 0x0, 0x23, 0x0, 0x0, 0x0, 0x0, 0x2,
    0x20, 0x0, 0x0, 0x0, 0x0, 0x0, 0x0, 0xbf,
    0xe0, 0x0, 0x0, 0x0, 0xb, 0xfd, 0x0, 0x0,
    0x0, 0x0, 0x0, 0x3, 0xff, 0xb3, 0x33, 0x33,
    0x20, 0x2f, 0xfb, 0x33, 0x33, 0x33, 0x30, 0x0,
    0xc, 0xff, 0xff, 0xff, 0xff, 0xd0, 0xaf, 0xff,
    0xff, 0xff, 0xff, 0xf1, 0x0, 0x8f, 0xff, 0xff,
    0xff, 0xff, 0xc4, 0xff, 0xff, 0xff, 0xff, 0xff,
    0xf0, 0x5, 0xff, 0xc0, 0x2f, 0xf7, 0x0, 0x2e,
    0xfe, 0x10, 0x7f, 0xf4, 0x0, 0x0, 0x4f, 0xfe,
    0x10, 0x9, 0xff, 0x10, 0x6f, 0xf4, 0x0, 0xc,
    0xfd, 0x0, 0x0, 0x6, 0xd2, 0x27, 0x2, 0xc6,
    0x0, 0x2, 0x50, 0x0, 0x4, 0xa3, 0x0, 0x0,
    0x0, 0x4, 0xff, 0x80, 0x2f, 0xff, 0xff, 0xff,
    0xff, 0xff, 0xff, 0xff, 0x10, 0x0, 0x0, 0xbf,
    0xf6, 0x3f, 0xff, 0xff, 0xff, 0xff, 0xff, 0xff,
    0xff, 0x10, 0x0, 0x0, 0xd, 0xfe, 0x15, 0x55,
    0x55, 0x55, 0x55, 0x55, 0x5a, 0xff, 0x10, 0x0,
    0xcc, 0x53, 0xd2, 0x0, 0x0, 0x0, 0x0, 0x0,
    0x0, 0x7, 0xff, 0x10, 0x1, 0xff, 0x70, 0x0,
    0x11, 0x11, 0x11, 0x11, 0x11, 0x0, 0x7, 0xff,
    0x10, 0x1, 0xff, 0x70, 0x7, 0xff, 0xff, 0xff,
    0xff, 0xff, 0x90, 0x7, 0xff, 0x10, 0x1, 0xff,
    0x70, 0x7, 0xff, 0xee, 0xee, 0xee, 0xff, 0x90,
    0x7, 0xff, 0x10, 0x1, 0xff, 0x70, 0x7, 0xfe,
    0x0, 0x0, 0x0, 0xef, 0x90, 0x7, 0xff, 0x10,
    0x1, 0xff, 0x70, 0x7, 0xff, 0xaa, 0xaa, 0xaa,
    0xff, 0x90, 0x7, 0xff, 0x10, 0x1, 0xff, 0x70,
    0x7, 0xff, 0xff, 0xff, 0xff, 0xff, 0x90, 0x7,
    0xff, 0x10, 0x1, 0xff, 0x70, 0x7, 0xfe, 0x22,
    0x22, 0x22, 0xef, 0x90, 0x7, 0xff, 0x10, 0x1,
    0xff, 0x70, 0x7, 0xfe, 0x0, 0x0, 0x0, 0xef,
    0x90, 0x7, 0xff, 0x10, 0x1, 0xff, 0x70, 0x7,
    0xff, 0xdd, 0xdd, 0xdd, 0xff, 0x90, 0x7, 0xff,
    0x10, 0x1, 0xff, 0x70, 0x7, 0xff, 0xff, 0xff,
    0xff, 0xff, 0x90, 0x7, 0xff, 0x10, 0x1, 0xff,
    0x70, 0x7, 0xfe, 0x22, 0x22, 0x22, 0x22, 0x10,
    0x7, 0xff, 0x10, 0x1, 0xff, 0x70, 0x6, 0xfd,
    0x0, 0x0, 0x0, 0x12, 0x22, 0x2a, 0xff, 0x0,
    0x1, 0xff, 0x70, 0x0, 0x0, 0x0, 0x0, 0x0,
    0x1f, 0xff, 0xff, 0xfd, 0x0, 0x1, 0xff, 0x70,
    0x0, 0x0, 0x0, 0x0, 0x0, 0xb, 0xff, 0xfe,
    0xb3, 0x0, 0x0, 0x0, 0x0, 0x0, 0x0, 0x0,
    0x0, 0x0, 0x0, 0x0, 0x0, 0x0, 0x0,

    /* U+7CBE "精" */
    0x0, 0x0, 0x9, 0x92, 0x0, 0x0, 0x0, 0x0,
    0x4, 0x99, 0x0, 0x0, 0x0, 0x0, 0x0, 0x0,
    0xff, 0x50, 0x0, 0x0, 0x0, 0x0, 0x8f, 0xf0,
    0x0, 0x0, 0x0, 0x1, 0x61, 0xf, 0xf5, 0x8,
    0x40, 0x11, 0x11, 0x18, 0xff, 0x11, 0x11, 0x11,
    0x0, 0x6f, 0x70, 0xff, 0x52, 0xfe, 0x2f, 0xff,
    0xff, 0xff, 0xff, 0xff, 0xff, 0xf1, 0x1, 0xfc,
    0xf, 0xf5, 0x6f, 0x91, 0xdd, 0xdd, 0xde, 0xff,
    0xdd, 0xdd, 0xdd, 0x10, 0xd, 0xf1, 0xff, 0x5b,
    0xf4, 0x0, 0x0, 0x0, 0x8f, 0xf0, 0x0, 0x0,
    0x0, 0x0, 0x9f, 0x5f, 0xf5, 0xfe, 0x0, 0x7f,
    0xff, 0xff, 0xff, 0xff, 0xff, 0xf7, 0x0, 0x6,
    0xf8, 0xff, 0x9f, 0x80, 0x6, 0xdd, 0xdd, 0xef,
    0xfd, 0xdd, 0xdd, 0x60, 0x0, 0x39, 0x4f, 0xf8,
    0xa2, 0x0, 0x0, 0x0, 0x8, 0xff, 0x0, 0x0,
    0x0, 0x0, 0x56, 0x66, 0xff, 0x96, 0x61, 0xbc,
    0xcc, 0xcc, 0xef, 0xfc, 0xcc, 0xcc, 0xc9, 0xc,
    0xff, 0xff, 0xff, 0xff, 0x3f, 0xff, 0xff, 0xff,
    0xff, 0xff, 0xff, 0xff, 0xc0, 0xcf, 0xff, 0xff,
    0xff, 0xf3, 0x22, 0x22, 0x22, 0x22, 0x22, 0x22,
    0x22, 0x22, 0x2, 0x33, 0xaf, 0xf7, 0x33, 0x0,
    0x0, 0x0, 0x0, 0x0, 0x0, 0x0, 0x0, 0x0,
    0x0, 0xe, 0xff, 0xe1, 0x0, 0x4, 0xff, 0xff,
    0xff, 0xff, 0xff, 0xff, 0x10, 0x0, 0x3, 0xff,
    0xff, 0xb0, 0x0, 0x4f, 0xfe, 0xee, 0xee, 0xee,
    0xef, 0xf1, 0x0, 0x0, 0x9f, 0xff, 0xff, 0x80,
    0x4, 0xff, 0x20, 0x0, 0x0, 0x6, 0xff, 0x10,
    0x0, 0x1f, 0xff, 0xf9, 0xff, 0x40, 0x4f, 0xfb,
    0xbb, 0xbb, 0xbb, 0xdf, 0xf1, 0x0, 0x8, 0xfa,
    0xff, 0x5c, 0xfc, 0x4, 0xff, 0xff, 0xff, 0xff,
    0xff, 0xff, 0x10, 0x1, 0xff, 0x3f, 0xf5, 0x3f,
    0x30, 0x4f, 0xf2, 0x11, 0x11, 0x11, 0x6f, 0xf1,
    0x0, 0xaf, 0xd0, 0xff, 0x50, 0x40, 0x4, 0xff,
    0x20, 0x0, 0x0, 0x6, 0xff, 0x10, 0xf, 0xf6,
    0xf, 0xf5, 0x0, 0x0, 0x4f, 0xff, 0xff, 0xff,
    0xff, 0xff, 0xf1, 0x0, 0x8d, 0x0, 0xff, 0x50,
    0x0, 0x4, 0xff, 0xdd, 0xdd, 0xdd, 0xde, 0xff,
    0x10, 0x1, 0x40, 0xf, 0xf5, 0x0, 0x0, 0x4f,
    0xf2, 0x0, 0x0, 0x0, 0x6f, 0xf1, 0x0, 0x0,
    0x0, 0xff, 0x50, 0x0, 0x4, 0xff, 0x20, 0x0,
    0x0, 0x7, 0xff, 0x0, 0x0, 0x0, 0xf, 0xf5,
    0x0, 0x0, 0x4f, 0xf2, 0x0, 0x3, 0xff, 0xff,
    0xf0, 0x0, 0x0, 0x0, 0xff, 0x50, 0x0, 0x4,
    0xff, 0x20, 0x0, 0xe, 0xff, 0xc5, 0x0, 0x0,
    0x0, 0x0, 0x0, 0x0, 0x0, 0x0, 0x0, 0x0,
    0x0, 0x0, 0x0, 0x0, 0x0,

    /* U+7CFB "系" */
    0x0, 0x0, 0x0, 0x0, 0x0, 0x0, 0x0, 0x0,
    0x0, 0x0, 0x32, 0x0, 0x0, 0x0, 0x0, 0x0,
    0x0, 0x0, 0x0, 0x2, 0x46, 0x8a, 0xdf, 0xfe,
    0x10, 0x0, 0x0, 0x45, 0x67, 0x89, 0xac, 0xde,
    0xff, 0xff, 0xff, 0xff, 0xff, 0xb0, 0x0, 0x0,
    0xbf, 0xff, 0xff, 0xff, 0xff, 0xff, 0xff, 0xec,
    0xa7, 0x41, 0x0, 0x0, 0x0, 0x7f, 0xed, 0xcb,
    0xac, 0xff, 0xe5, 0x20, 0x0, 0x0, 0x0, 0x0,
    0x0, 0x0, 0x0, 0x0, 0x0, 0x4f, 0xfe, 0x20,
    0x0, 0x0, 0x50, 0x0, 0x0, 0x0, 0x0, 0x0,
    0x0, 0x5, 0xff, 0xd1, 0x0, 0x0, 0x2c, 0xf9,
    0x0, 0x0, 0x0, 0x0, 0x0, 0x0, 0x8f, 0xfb,
    0x0, 0x0, 0x4, 0xef, 0xfc, 0x10, 0x0, 0x0,
    0x0, 0x0, 0x2c, 0xff, 0x92, 0x23, 0x45, 0x9f,
    0xff, 0x80, 0x0, 0x0, 0x0, 0x0, 0x4, 0xff,
    0xff, 0xff, 0xff, 0xff, 0xff, 0xd3, 0x0, 0x0,
    0x0, 0x0, 0x0, 0x0, 0xff, 0xff, 0xfe, 0xef,
    0xff, 0xf8, 0x0, 0x2, 0x0, 0x0, 0x0, 0x0,
    0x0, 0x54, 0x21, 0x6, 0xef, 0xfc, 0x30, 0x4,
    0xef, 0x30, 0x0, 0x0, 0x0, 0x0, 0x0, 0x4,
    0xcf, 0xfe, 0x60, 0x0, 0x1, 0xcf, 0xf3, 0x0,
    0x0, 0x0, 0x0, 0x4, 0xbf, 0xfe, 0x70, 0x0,
    0x0, 0x13, 0x5f, 0xfe, 0x20, 0x0, 0x0, 0x5,
    0xcf, 0xff, 0xfb, 0xbc, 0xde, 0xff, 0xff, 0xff,
    0xff, 0xe1, 0x0, 0x0, 0xbf, 0xff, 0xff, 0xff,
    0xff, 0xff, 0xff, 0xff, 0xec, 0xbf, 0xfc, 0x0,
    0x0, 0x6f, 0xfe, 0xcb, 0xa8, 0x77, 0xff, 0xa1,
    0x0, 0x0, 0x6, 0xff, 0x80, 0x0, 0x13, 0x0,
    0x0, 0x0, 0x1, 0xff, 0x90, 0x0, 0x10, 0x0,
    0xac, 0x20, 0x0, 0x0, 0x1, 0xdc, 0x70, 0x1,
    0xff, 0x90, 0x7, 0xfb, 0x10, 0x0, 0x0, 0x0,
    0x0, 0xb, 0xff, 0xa0, 0x1, 0xff, 0x90, 0x1c,
    0xff, 0xd2, 0x0, 0x0, 0x0, 0x1, 0xcf, 0xfc,
    0x0, 0x1, 0xff, 0x90, 0x0, 0x9f, 0xff, 0x40,
    0x0, 0x0, 0x3d, 0xff, 0xc0, 0x0, 0x1, 0xff,
    0x90, 0x0, 0x7, 0xff, 0xf7, 0x0, 0x7, 0xff,
    0xfb, 0x0, 0x0, 0x1, 0xff, 0x90, 0x0, 0x0,
    0x5f, 0xff, 0x80, 0x7, 0xff, 0x90, 0x1, 0x76,
    0x68, 0xff, 0x90, 0x0, 0x0, 0x4, 0xff, 0xb0,
    0x0, 0x45, 0x0, 0x0, 0xcf, 0xff, 0xff, 0x50,
    0x0, 0x0, 0x0, 0x46, 0x0, 0x0, 0x0, 0x0,
    0x0, 0x7f, 0xff, 0xd7, 0x0, 0x0, 0x0, 0x0,
    0x0, 0x0, 0x0, 0x0, 0x0, 0x0, 0x0, 0x0,
    0x0, 0x0, 0x0, 0x0, 0x0, 0x0, 0x0,

    /* U+7EA7 "级" */
    0x0, 0x0, 0x0, 0x83, 0x0, 0x0, 0x0, 0x0,
    0x0, 0x0, 0x0, 0x0, 0x0, 0x0, 0x0, 0x0,
    0x2, 0xff, 0x70, 0x0, 0x0, 0x0, 0x0, 0x0,
    0x0, 0x0, 0x0, 0x0, 0x0, 0x0, 0x8, 0xff,
    0x20, 0xb, 0xff, 0xff, 0xff, 0xff, 0xff, 0xf8,
    0x0, 0x0, 0x0, 0x0, 0xf, 0xfb, 0x0, 0xc,
    0xff, 0xff, 0xff, 0xff, 0xff, 0xf5, 0x0, 0x0,
    0x0, 0x0, 0x7f, 0xf3, 0x0, 0x5, 0x77, 0xef,
    0xe7, 0x77, 0xcf, 0xf1, 0x0, 0x0, 0x0, 0x0,
    0xef, 0xb0, 0x0, 0x0, 0x0, 0xef, 0xb0, 0x0,
    0xcf, 0xc0, 0x0, 0x0, 0x0, 0x7, 0xff, 0x20,
    0x2a, 0x10, 0x0, 0xef, 0xa0, 0x1, 0xff, 0x80,
    0x0, 0x0, 0x0, 0x1f, 0xf8, 0x0, 0xaf, 0xe0,
    0x0, 0xff, 0x90, 0x5, 0xff, 0x40, 0x0, 0x0,
    0x0, 0xbf, 0xe0, 0x3, 0xff, 0x90, 0x0, 0xff,
    0x70, 0x9, 0xff, 0x0, 0x0, 0x0, 0x8, 0xff,
    0xa8, 0xae, 0xfe, 0x0, 0x2, 0xff, 0x60, 0xd,
    0xfd, 0x44, 0x50, 0x0, 0xe, 0xff, 0xff, 0xff,
    0xf5, 0x0, 0x4, 0xff, 0x60, 0x2f, 0xff, 0xff,
    0xfe, 0x0, 0x8, 0xfe, 0xbb, 0xff, 0xb0, 0x0,
    0x5, 0xff, 0xb0, 0x6f, 0xff, 0xff, 0xfb, 0x0,
    0x1, 0x10, 0xb, 0xfe, 0x10, 0x0, 0x7, 0xff,
    0xf1, 0x0, 0x0, 0x1f, 0xf7, 0x0, 0x0, 0x0,
    0x7f, 0xf4, 0x0, 0x0, 0xa, 0xff, 0xf8, 0x0,
    0x0, 0x5f, 0xf3, 0x0, 0x0, 0x4, 0xff, 0x81,
    0x6a, 0xa0, 0xc, 0xff, 0xfe, 0x0, 0x0, 0xbf,
    0xd0, 0x0, 0x0, 0x2f, 0xff, 0xdf, 0xff, 0xc0,
    0xf, 0xfc, 0xff, 0x80, 0x2, 0xff, 0x70, 0x0,
    0x4, 0xef, 0xff, 0xff, 0xea, 0x40, 0x2f, 0xf6,
    0xaf, 0xf1, 0xa, 0xff, 0x10, 0x0, 0xb, 0xff,
    0xfd, 0x83, 0x0, 0x0, 0x7f, 0xf3, 0x2f, 0xfb,
    0x3f, 0xf8, 0x0, 0x0, 0x5, 0xe7, 0x20, 0x0,
    0x0, 0x10, 0xbf, 0xf0, 0x8, 0xff, 0xef, 0xf1,
    0x0, 0x0, 0x0, 0x0, 0x0, 0x1, 0x6c, 0xe1,
    0xff, 0xa0, 0x0, 0xdf, 0xff, 0x60, 0x0, 0x0,
    0x0, 0x0, 0x4, 0xaf, 0xff, 0xf9, 0xff, 0x50,
    0x0, 0x8f, 0xff, 0x30, 0x0, 0x0, 0x0, 0x39,
    0xef, 0xff, 0xfa, 0x4e, 0xff, 0x0, 0x7, 0xff,
    0xff, 0xf4, 0x0, 0x0, 0x9, 0xff, 0xff, 0xe7,
    0x10, 0x6f, 0xf8, 0x0, 0x9f, 0xfe, 0x9f, 0xff,
    0x60, 0x0, 0x6, 0xff, 0xb4, 0x0, 0x1, 0xff,
    0xf1, 0x4d, 0xff, 0xd2, 0x6, 0xff, 0xfc, 0x30,
    0x2, 0x81, 0x0, 0x0, 0xa, 0xff, 0x84, 0xff,
    0xfc, 0x10, 0x0, 0x5e, 0xff, 0xa0, 0x0, 0x0,
    0x0, 0x0, 0x1, 0xbd, 0x0, 0x6f, 0x70, 0x0,
    0x0, 0x1, 0xac, 0x0, 0x0, 0x0, 0x0, 0x0,
    0x0, 0x1, 0x0, 0x1, 0x0, 0x0, 0x0, 0x0,
    0x0, 0x0,

    /* U+7EBF "线" */
    0x0, 0x0, 0x3, 0x30, 0x0, 0x0, 0x0, 0x8,
    0xba, 0x0, 0x10, 0x0, 0x0, 0x0, 0x0, 0x0,
    0xbf, 0xb0, 0x0, 0x0, 0x0, 0xaf, 0xe0, 0x8f,
    0x91, 0x0, 0x0, 0x0, 0x0, 0x1f, 0xfa, 0x0,
    0x0, 0x0, 0xa, 0xfe, 0x9, 0xff, 0xe5, 0x0,
    0x0, 0x0, 0x8, 0xff, 0x30, 0x0, 0x0, 0x0,
    0xaf, 0xe0, 0x3, 0xdf, 0xb0, 0x0, 0x0, 0x0,
    0xff, 0xb0, 0x0, 0x0, 0x0, 0x9, 0xff, 0x0,
    0x0, 0x70, 0x0, 0x0, 0x0, 0x7f, 0xf3, 0x0,
    0x0, 0x0, 0x0, 0x9f, 0xf3, 0x58, 0xac, 0xf7,
    0x0, 0x0, 0x1f, 0xf9, 0x0, 0x94, 0x2, 0x47,
    0x9d, 0xff, 0xff, 0xff, 0xff, 0xa0, 0x0, 0x9,
    0xfe, 0x10, 0x3f, 0xf6, 0xaf, 0xff, 0xff, 0xff,
    0xfe, 0xb9, 0x63, 0x0, 0x4, 0xff, 0x50, 0xc,
    0xfe, 0x17, 0xff, 0xcc, 0xff, 0x40, 0x0, 0x0,
    0x0, 0x3, 0xff, 0xfb, 0xce, 0xff, 0x60, 0x11,
    0x0, 0x4f, 0xf3, 0x0, 0x0, 0x0, 0x0, 0x3f,
    0xff, 0xff, 0xff, 0xb0, 0x0, 0x0, 0x3, 0xff,
    0x50, 0x2, 0x57, 0xa2, 0x0, 0xdc, 0x97, 0xef,
    0xf2, 0x0, 0x0, 0x0, 0x2f, 0xfc, 0xcf, 0xff,
    0xff, 0x50, 0x0, 0x0, 0x7f, 0xf5, 0x0, 0x4,
    0x7a, 0xdf, 0xff, 0xff, 0xff, 0xfd, 0xa3, 0x0,
    0x0, 0x3f, 0xf9, 0x0, 0x3, 0xff, 0xff, 0xff,
    0xff, 0x96, 0x30, 0x0, 0x0, 0x0, 0x2e, 0xfc,
    0x0, 0x24, 0xf, 0xeb, 0x86, 0xcf, 0xe0, 0x0,
    0xb, 0x81, 0x0, 0x1d, 0xff, 0xbc, 0xff, 0xf0,
    0x10, 0x0, 0x8, 0xff, 0x10, 0x9, 0xff, 0x50,
    0x2e, 0xff, 0xff, 0xff, 0xfe, 0x0, 0x0, 0x0,
    0x5f, 0xf4, 0x6, 0xff, 0xa0, 0x0, 0xef, 0xfe,
    0xb8, 0x51, 0x0, 0x0, 0x0, 0x1, 0xff, 0x87,
    0xff, 0xc0, 0x0, 0x7, 0x62, 0x0, 0x0, 0x0,
    0x0, 0x0, 0x0, 0xd, 0xff, 0xff, 0xc1, 0x0,
    0x0, 0x0, 0x0, 0x0, 0x2, 0x70, 0x0, 0x0,
    0x0, 0x9f, 0xff, 0xb0, 0x0, 0x0, 0x0, 0x0,
    0x4, 0x9e, 0xff, 0x30, 0x0, 0x1, 0x8f, 0xff,
    0xc0, 0x0, 0x30, 0x0, 0x37, 0xbf, 0xff, 0xff,
    0xd3, 0x0, 0x7, 0xef, 0xff, 0xfe, 0x0, 0xd,
    0x70, 0x3f, 0xff, 0xff, 0xd7, 0x20, 0x3, 0x9e,
    0xff, 0xfb, 0x8f, 0xf9, 0x1, 0xff, 0x0, 0xff,
    0xc7, 0x20, 0x0, 0xc, 0xff, 0xff, 0xc3, 0x0,
    0xdf, 0xfb, 0xbf, 0xb0, 0x4, 0x10, 0x0, 0x0,
    0x0, 0x6f, 0xfb, 0x40, 0x0, 0x2, 0xff, 0xff,
    0xf6, 0x0, 0x0, 0x0, 0x0, 0x0, 0x0, 0x61,
    0x0, 0x0, 0x0, 0x2, 0xbe, 0xe9, 0x0,

    /* U+7ED1 "绑" */
    0x0, 0x0, 0x36, 0x10, 0x0, 0x0, 0x18, 0x80,
    0x0, 0x0, 0x0, 0x0, 0x0, 0x0, 0x0, 0x8,
    0xff, 0x20, 0x0, 0x3, 0xff, 0x10, 0x0, 0x0,
    0x0, 0x0, 0x0, 0x0, 0x0, 0xcf, 0xd0, 0x0,
    0x0, 0x3f, 0xf1, 0x0, 0x2d, 0xdd, 0xdd, 0xd7,
    0x0, 0x0, 0x1f, 0xf7, 0x0, 0x0, 0x3, 0xff,
    0x10, 0x3, 0xff, 0xff, 0xff, 0xf3, 0x0, 0x6,
    0xff, 0x10, 0x1, 0x66, 0x8f, 0xf6, 0x64, 0x3f,
    0xf9, 0x9c, 0xfe, 0x0, 0x0, 0xcf, 0xb0, 0x0,
    0x2f, 0xff, 0xff, 0xff, 0xd3, 0xff, 0x0, 0xbf,
    0x90, 0x0, 0x2f, 0xf4, 0x1, 0x2, 0xff, 0xff,
    0xff, 0xfc, 0x3f, 0xf0, 0xf, 0xf4, 0x0, 0x9,
    0xfd, 0x1, 0xfb, 0x20, 0x3, 0xff, 0x10, 0x3,
    0xff, 0x3, 0xfe, 0x0, 0x2, 0xff, 0x50, 0x8f,
    0xf1, 0x0, 0x3f, 0xf1, 0x0, 0x3f, 0xf0, 0x8f,
    0x90, 0x0, 0xcf, 0xf9, 0xbf, 0xf8, 0x0, 0x3,
    0xff, 0x10, 0x3, 0xff, 0xd, 0xf4, 0x0, 0xe,
    0xff, 0xff, 0xff, 0x10, 0xce, 0xef, 0xfe, 0xe5,
    0x3f, 0xf2, 0xfe, 0x0, 0x0, 0x8c, 0xaa, 0xff,
    0x70, 0xd, 0xff, 0xff, 0xff, 0x53, 0xff, 0x3f,
    0xf1, 0x0, 0x0, 0x0, 0xbf, 0xd0, 0x0, 0x46,
    0x8f, 0xf6, 0x62, 0x3f, 0xf0, 0xaf, 0xa0, 0x0,
    0x0, 0x5f, 0xf3, 0x0, 0x0, 0x4, 0xff, 0x0,
    0x3, 0xff, 0x1, 0xff, 0x30, 0x0, 0x1e, 0xf9,
    0x1, 0x20, 0x0, 0x4f, 0xf0, 0x0, 0x3f, 0xf0,
    0x8, 0xfb, 0x0, 0xb, 0xff, 0xbd, 0xfa, 0x0,
    0x5, 0xff, 0x0, 0x3, 0xff, 0x0, 0x2f, 0xf1,
    0xa, 0xff, 0xff, 0xff, 0xaa, 0xee, 0xff, 0xfe,
    0xee, 0x4f, 0xf0, 0x0, 0xef, 0x50, 0x9f, 0xfd,
    0x95, 0x10, 0xbf, 0xff, 0xff, 0xff, 0xf4, 0xff,
    0x0, 0xc, 0xf7, 0x3, 0x72, 0x0, 0x0, 0x4,
    0x66, 0xef, 0xb6, 0x66, 0x4f, 0xf0, 0x0, 0xdf,
    0x60, 0x0, 0x0, 0x0, 0x13, 0x0, 0xf, 0xf6,
    0x0, 0x3, 0xff, 0x0, 0x3f, 0xf4, 0x0, 0x0,
    0x5, 0xbf, 0xd0, 0x6, 0xff, 0x20, 0x0, 0x3f,
    0xfc, 0xef, 0xfe, 0x0, 0x4, 0xaf, 0xff, 0xfd,
    0x0, 0xdf, 0xc0, 0x0, 0x3, 0xff, 0x8f, 0xfe,
    0x40, 0xe, 0xff, 0xff, 0xa4, 0x0, 0x7f, 0xf5,
    0x0, 0x0, 0x3f, 0xf1, 0x33, 0x0, 0x0, 0xbf,
    0xc6, 0x0, 0x0, 0x3f, 0xfc, 0x0, 0x0, 0x3,
    0xff, 0x0, 0x0, 0x0, 0x3, 0x20, 0x0, 0x0,
    0xc, 0xff, 0x30, 0x0, 0x0, 0x3f, 0xf0, 0x0,
    0x0, 0x0, 0x0, 0x0, 0x0, 0x0, 0x9, 0x50,
    0x0, 0x0, 0x3, 0xff, 0x0, 0x0, 0x0,

    /* U+7EDC "络" */
    0x0, 0x0, 0x0, 0x40, 0x0, 0x0, 0x0, 0x6,
    0xb6, 0x0, 0x0, 0x0, 0x0, 0x0, 0x0, 0x0,
    0x1f, 0xe6, 0x0, 0x0, 0x0, 0xdf, 0xc0, 0x0,
    0x0, 0x0, 0x0, 0x0, 0x0, 0x8, 0xff, 0x60,
    0x0, 0x0, 0x6f, 0xf5, 0x0, 0x0, 0x0, 0x0,
    0x0, 0x0, 0x0, 0xef, 0xe0, 0x0, 0x0, 0xe,
    0xff, 0xff, 0xff, 0xff, 0xfe, 0x40, 0x0, 0x0,
    0x6f, 0xf6, 0x0, 0x0, 0x9, 0xff, 0xff, 0xff,
    0xff, 0xff, 0xf8, 0x0, 0x0, 0xe, 0xfd, 0x0,
    0x0, 0x5, 0xff, 0xd6, 0x66, 0x66, 0x6d, 0xff,
    0x10, 0x0, 0x7, 0xff, 0x40, 0x25, 0x3, 0xff,
    0xff, 0x30, 0x0, 0x4, 0xff, 0x70, 0x0, 0x1,
    0xff, 0xa0, 0xa, 0xfb, 0xef, 0xfd, 0xfd, 0x0,
    0x2, 0xff, 0xc0, 0x0, 0x0, 0xbf, 0xe1, 0x3,
    0xff, 0xdf, 0xf6, 0x2f, 0xfc, 0x3, 0xef, 0xe2,
    0x0, 0x0, 0x9f, 0xfc, 0xac, 0xff, 0xf2, 0x77,
    0x0, 0x5f, 0xfd, 0xff, 0xf3, 0x0, 0x0, 0xc,
    0xff, 0xff, 0xff, 0xf7, 0x0, 0x0, 0x0, 0x7f,
    0xff, 0xf4, 0x0, 0x0, 0x0, 0x7f, 0xca, 0xbf,
    0xfc, 0x0, 0x0, 0x0, 0x7e, 0xff, 0xff, 0xa2,
    0x0, 0x0, 0x0, 0x0, 0xd, 0xfe, 0x20, 0x0,
    0x16, 0xef, 0xff, 0xad, 0xff, 0xfa, 0x40, 0x0,
    0x0, 0xa, 0xff, 0x40, 0x3, 0xbf, 0xff, 0xfd,
    0x50, 0x7, 0xff, 0xff, 0xe8, 0x0, 0x7, 0xff,
    0x71, 0x47, 0x8f, 0xff, 0xe6, 0x0, 0x0, 0x1,
    0x9f, 0xff, 0x80, 0x5, 0xff, 0xfd, 0xff, 0xf6,
    0xdc, 0xa5, 0x55, 0x55, 0x55, 0x55, 0x6b, 0xc2,
    0x8, 0xff, 0xff, 0xff, 0xfc, 0x40, 0x2f, 0xff,
    0xff, 0xff, 0xff, 0xff, 0xe0, 0x0, 0x7f, 0xff,
    0xc8, 0x40, 0x0, 0x2, 0xff, 0xff, 0xff, 0xff,
    0xff, 0xfe, 0x0, 0x2, 0xa4, 0x0, 0x0, 0x0,
    0x0, 0x2f, 0xf3, 0x0, 0x0, 0x0, 0x9f, 0xe0,
    0x0, 0x0, 0x0, 0x0, 0x0, 0x45, 0x2, 0xff,
    0x30, 0x0, 0x0, 0x9, 0xfe, 0x0, 0x0, 0x0,
    0x1, 0x5a, 0xff, 0xc0, 0x2f, 0xf3, 0x0, 0x0,
    0x0, 0x9f, 0xe0, 0x0, 0x3, 0x8c, 0xff, 0xff,
    0xfb, 0x2, 0xff, 0x30, 0x0, 0x0, 0x9, 0xfe,
    0x0, 0xb, 0xff, 0xff, 0xfc, 0x61, 0x0, 0x2f,
    0xff, 0xee, 0xee, 0xee, 0xff, 0xe0, 0x0, 0x8f,
    0xfc, 0x61, 0x0, 0x0, 0x2, 0xff, 0xff, 0xff,
    0xff, 0xff, 0xfe, 0x0, 0x3, 0x71, 0x0, 0x0,
    0x0, 0x0, 0x2f, 0xf7, 0x55, 0x55, 0x55, 0xbf,
    0xe0, 0x0, 0x0, 0x0, 0x0, 0x0, 0x0, 0x2,
    0xff, 0x30, 0x0, 0x0, 0x9, 0xfe, 0x0, 0x0,
    0x0, 0x0, 0x0, 0x0, 0x0, 0x1, 0x10, 0x0,
    0x0, 0x0, 0x0, 0x0, 0x0,

    /* U+7EDF "统" */
    0x0, 0x0, 0x0, 0x30, 0x0, 0x0, 0x0, 0x0,
    0x0, 0x30, 0x0, 0x0, 0x0, 0x0, 0x0, 0x0,
    0x5f, 0xb3, 0x0, 0x0, 0x0, 0x8, 0xff, 0x10,
    0x0, 0x0, 0x0, 0x0, 0x0, 0xc, 0xff, 0x50,
    0x0, 0x0, 0x0, 0x4f, 0xf8, 0x0, 0x0, 0x0,
    0x0, 0x0, 0x2, 0xff, 0xd0, 0x0, 0x0, 0x0,
    0x0, 0xdf, 0xf0, 0x0, 0x0, 0x0, 0x0, 0x0,
    0x9f, 0xf5, 0x0, 0x6, 0x66, 0x66, 0x6b, 0xfb,
    0x76, 0x66, 0x66, 0x10, 0x0, 0x1f, 0xfd, 0x0,
    0x0, 0xef, 0xff, 0xff, 0xff, 0xff, 0xff, 0xff,
    0xf3, 0x0, 0xa, 0xff, 0x40, 0x42, 0xd, 0xff,
    0xff, 0xff, 0xff, 0xff, 0xff, 0xff, 0x30, 0x3,
    0xff, 0xa0, 0xd, 0xf7, 0x0, 0x0, 0x9f, 0xf7,
    0x0, 0x0, 0x0, 0x0, 0x0, 0xdf, 0xe1, 0x6,
    0xff, 0x80, 0x0, 0x5f, 0xfb, 0x0, 0x2b, 0xc0,
    0x0, 0x0, 0xaf, 0xfa, 0x68, 0xef, 0xe0, 0x0,
    0x2f, 0xfe, 0x10, 0x4, 0xff, 0x80, 0x0, 0x1f,
    0xff, 0xff, 0xff, 0xf4, 0x0, 0xd, 0xff, 0x40,
    0x0, 0x8, 0xff, 0x30, 0x0, 0xbf, 0xff, 0xff,
    0xfa, 0x0, 0x2c, 0xff, 0xa4, 0x57, 0x89, 0xbf,
    0xfd, 0x0, 0x4, 0x41, 0x1e, 0xfe, 0x10, 0x5f,
    0xff, 0xff, 0xff, 0xff, 0xff, 0xff, 0xf8, 0x0,
    0x0, 0xb, 0xff, 0x40, 0x1, 0xff, 0xff, 0xff,
    0xec, 0xb9, 0x76, 0xbf, 0xf1, 0x0, 0x7, 0xff,
    0x80, 0x1, 0x8, 0x76, 0x98, 0x20, 0x6, 0x74,
    0x2, 0xf9, 0x10, 0x5, 0xff, 0xe7, 0xbe, 0xf2,
    0x0, 0x3f, 0xf6, 0x0, 0xef, 0x90, 0x1, 0x0,
    0x6, 0xff, 0xff, 0xff, 0xff, 0x30, 0x4, 0xff,
    0x50, 0xe, 0xf9, 0x0, 0x0, 0x0, 0xcf, 0xff,
    0xfe, 0xb7, 0x30, 0x0, 0x5f, 0xf3, 0x0, 0xef,
    0x90, 0x0, 0x0, 0x7, 0xea, 0x62, 0x0, 0x0,
    0x0, 0x7, 0xff, 0x10, 0xe, 0xf9, 0x0, 0x0,
    0x0, 0x0, 0x0, 0x0, 0x0, 0x10, 0x0, 0xbf,
    0xe0, 0x0, 0xef, 0x90, 0x0, 0x0, 0x0, 0x0,
    0x0, 0x27, 0xcf, 0x50, 0xf, 0xfb, 0x0, 0xe,
    0xf9, 0x0, 0x99, 0x20, 0x0, 0x38, 0xdf, 0xff,
    0xf8, 0x8, 0xff, 0x50, 0x0, 0xef, 0x90, 0xa,
    0xf9, 0x9, 0xef, 0xff, 0xff, 0xb5, 0x4, 0xff,
    0xe0, 0x0, 0xe, 0xf9, 0x0, 0xbf, 0x70, 0xcf,
    0xff, 0xc6, 0x10, 0x8, 0xff, 0xf5, 0x0, 0x0,
    0xef, 0xc3, 0x3e, 0xf5, 0x8, 0xd7, 0x20, 0x0,
    0xd, 0xff, 0xf7, 0x0, 0x0, 0xb, 0xff, 0xff,
    0xff, 0x10, 0x0, 0x0, 0x0, 0x0, 0x4f, 0xe4,
    0x0, 0x0, 0x0, 0x3d, 0xff, 0xfe, 0x60, 0x0,
    0x0, 0x0, 0x0, 0x0, 0x50, 0x0, 0x0, 0x0,
    0x0, 0x0, 0x0, 0x0, 0x0,

    /* U+7EE7 "继" */
    0x0, 0x0, 0x5, 0x0, 0x0, 0x0, 0x0, 0x0,
    0x0, 0x23, 0x10, 0x0, 0x0, 0x0, 0x0, 0x5f,
    0xd2, 0x0, 0x26, 0x50, 0x0, 0x0, 0xdf, 0x50,
    0x0, 0x0, 0x0, 0x0, 0xbf, 0xf1, 0x0, 0x7f,
    0xe0, 0x23, 0x0, 0xdf, 0x50, 0x5, 0x20, 0x0,
    0x1, 0xff, 0x90, 0x0, 0x7f, 0xe0, 0xee, 0x0,
    0xdf, 0x50, 0x4f, 0xf0, 0x0, 0x8, 0xff, 0x20,
    0x0, 0x7f, 0xe0, 0x9f, 0x30, 0xdf, 0x50, 0x9f,
    0x80, 0x0, 0xe, 0xfa, 0x0, 0x0, 0x7f, 0xe0,
    0x4f, 0x90, 0xdf, 0x50, 0xff, 0x10, 0x0, 0x7f,
    0xf2, 0x2, 0x70, 0x7f, 0xe0, 0xf, 0xe0, 0xdf,
    0x56, 0xf9, 0x0, 0x1, 0xef, 0x90, 0xa, 0xfc,
    0x7f, 0xe0, 0xb, 0xb1, 0xdf, 0x58, 0xe1, 0x0,
    0xa, 0xfe, 0x0, 0x3f, 0xf6, 0x7f, 0xe0, 0x0,
    0x0, 0xdf, 0x50, 0x0, 0x0, 0x7f, 0xfb, 0x8a,
    0xef, 0xc0, 0x7f, 0xe6, 0xff, 0xff, 0xff, 0xff,
    0xff, 0xf8, 0xaf, 0xff, 0xff, 0xff, 0x30, 0x7f,
    0xe7, 0xff, 0xff, 0xff, 0xff, 0xff, 0xf8, 0x4f,
    0xb9, 0xaf, 0xf9, 0x0, 0x7f, 0xe1, 0x33, 0x3c,
    0xff, 0xe4, 0x33, 0x31, 0x0, 0x0, 0xcf, 0xd0,
    0x0, 0x7f, 0xe0, 0x0, 0x1f, 0xff, 0xfa, 0x0,
    0x0, 0x0, 0x8, 0xff, 0x30, 0x0, 0x7f, 0xe0,
    0x0, 0x9f, 0xff, 0xff, 0x80, 0x0, 0x0, 0x5f,
    0xf6, 0x0, 0x11, 0x7f, 0xe0, 0x2, 0xfd, 0xdf,
    0x7f, 0xf5, 0x0, 0x3, 0xff, 0xd8, 0xbe, 0xf6,
    0x7f, 0xe0, 0xc, 0xf5, 0xdf, 0x56, 0xff, 0x30,
    0x5f, 0xff, 0xff, 0xff, 0xf6, 0x7f, 0xe0, 0x8f,
    0xd0, 0xdf, 0x50, 0xbf, 0xe1, 0x6f, 0xff, 0xfc,
    0x85, 0x20, 0x7f, 0xe4, 0xff, 0x40, 0xdf, 0x50,
    0x1e, 0xf4, 0x1c, 0x73, 0x0, 0x0, 0x0, 0x7f,
    0xe0, 0xea, 0x0, 0xdf, 0x50, 0x6, 0x50, 0x0,
    0x0, 0x0, 0x0, 0x0, 0x7f, 0xe0, 0x50, 0x0,
    0xdf, 0x50, 0x0, 0x0, 0x0, 0x0, 0x0, 0x37,
    0xa8, 0x7f, 0xe0, 0x0, 0x0, 0xdf, 0x50, 0x0,
    0x0, 0x2, 0x59, 0xcf, 0xff, 0xfb, 0x7f, 0xe0,
    0x0, 0x0, 0xac, 0x30, 0x0, 0x0, 0x9f, 0xff,
    0xff, 0xfd, 0x94, 0x7f, 0xf5, 0x55, 0x55, 0x55,
    0x55, 0x55, 0x54, 0x7f, 0xfd, 0x95, 0x10, 0x0,
    0x7f, 0xff, 0xff, 0xff, 0xff, 0xff, 0xff, 0xfd,
    0x25, 0x10, 0x0, 0x0, 0x0, 0x6f, 0xff, 0xff,
    0xff, 0xff, 0xff, 0xff, 0xfc,

    /* U+7EED "续" */
    0x0, 0x0, 0x6, 0x10, 0x0, 0x0, 0x0, 0x0,
    0x9b, 0x70, 0x0, 0x0, 0x0, 0x0, 0x0, 0x2f,
    0xf4, 0x0, 0x0, 0x0, 0x0, 0xdf, 0xb0, 0x0,
    0x0, 0x0, 0x0, 0x0, 0x8f, 0xf1, 0x0, 0x0,
    0x11, 0x11, 0xdf, 0xb1, 0x11, 0x10, 0x0, 0x0,
    0x0, 0xef, 0x90, 0x0, 0xb, 0xff, 0xff, 0xff,
    0xff, 0xff, 0xfc, 0x0, 0x0, 0x6, 0xff, 0x20,
    0x0, 0xb, 0xff, 0xff, 0xff, 0xff, 0xff, 0xfc,
    0x0, 0x0, 0xd, 0xf9, 0x0, 0x0, 0x1, 0x11,
    0x11, 0xdf, 0xb1, 0x11, 0x11, 0x0, 0x0, 0x5f,
    0xf1, 0x6, 0x50, 0x0, 0x0, 0x0, 0xdf, 0xb0,
    0x0, 0x0, 0x0, 0x0, 0xdf, 0x70, 0xe, 0xf6,
    0xbf, 0xff, 0xff, 0xff, 0xff, 0xff, 0xff, 0xc2,
    0x7, 0xfd, 0x0, 0x8f, 0xe0, 0xbf, 0xff, 0xff,
    0xff, 0xff, 0xff, 0xff, 0xf0, 0x4f, 0xfb, 0xab,
    0xff, 0x60, 0x34, 0x44, 0x44, 0x44, 0x44, 0x44,
    0xcf, 0xa0, 0xcf, 0xff, 0xff, 0xfd, 0x0, 0x0,
    0x19, 0x10, 0x18, 0x82, 0x0, 0xef, 0x50, 0x6f,
    0xec, 0xcf, 0xf4, 0x0, 0x0, 0x8f, 0xf6, 0x2f,
    0xf4, 0x3, 0xff, 0x0, 0x1, 0x0, 0xdf, 0x90,
    0x0, 0x1, 0x6, 0xff, 0x9f, 0xf4, 0x6, 0xea,
    0x0, 0x0, 0x8, 0xfe, 0x10, 0x0, 0x6f, 0x80,
    0x2b, 0x3f, 0xf4, 0x0, 0x0, 0x0, 0x0, 0x4f,
    0xf4, 0x15, 0x80, 0x4d, 0xfd, 0x20, 0x2f, 0xf3,
    0x0, 0x0, 0x0, 0x2, 0xef, 0xee, 0xff, 0xe0,
    0x0, 0xaf, 0x90, 0x4f, 0xf2, 0x0, 0x0, 0x0,
    0x3e, 0xff, 0xff, 0xfd, 0x91, 0x44, 0x4a, 0x44,
    0x9f, 0xf5, 0x44, 0x44, 0x40, 0x7f, 0xff, 0xb7,
    0x20, 0x5, 0xff, 0xff, 0xff, 0xff, 0xff, 0xff,
    0xff, 0xf2, 0x2b, 0x50, 0x0, 0x0, 0x5, 0xff,
    0xff, 0xff, 0xff, 0xff, 0xff, 0xff, 0xf2, 0x0,
    0x0, 0x0, 0x17, 0xc0, 0x0, 0x0, 0xa, 0xff,
    0x21, 0x0, 0x0, 0x0, 0x0, 0x1, 0x6c, 0xff,
    0xf2, 0x0, 0x0, 0x5f, 0xfa, 0x3e, 0xb1, 0x0,
    0x0, 0x5, 0xbf, 0xff, 0xfd, 0x70, 0x0, 0x5,
    0xff, 0xe1, 0x5f, 0xfe, 0x40, 0x0, 0xaf, 0xff,
    0xfa, 0x40, 0x0, 0x0, 0x8f, 0xff, 0x30, 0x2,
    0xdf, 0xf7, 0x0, 0x6f, 0xd6, 0x10, 0x0, 0x0,
    0x5d, 0xff, 0xe3, 0x0, 0x0, 0x1b, 0xff, 0x90,
    0x13, 0x0, 0x0, 0x0, 0x9, 0xff, 0xfb, 0x10,
    0x0, 0x0, 0x0, 0xaf, 0xf8, 0x0, 0x0, 0x0,
    0x0, 0x1, 0xdd, 0x50, 0x0, 0x0, 0x0, 0x0,
    0x9, 0xc1, 0x0, 0x0, 0x0, 0x0, 0x0, 0x10,
    0x0, 0x0, 0x0, 0x0, 0x0, 0x0, 0x0,

    /* U+7F51 "网" */
    0x8f, 0xff, 0xff, 0xff, 0xff, 0xff, 0xff, 0xff,
    0xff, 0xff, 0xff, 0xf9, 0x8f, 0xff, 0xff, 0xff,
    0xff, 0xff, 0xff, 0xff, 0xff, 0xff, 0xff, 0xf9,
    0x8f, 0xf8, 0x88, 0x88, 0x88, 0x88, 0x88, 0x88,
    0x88, 0x88, 0x8f, 0xf9, 0x8f, 0xf1, 0x0, 0x0,
    0x0, 0x0, 0x0, 0x0, 0x0, 0x0, 0xf, 0xf9,
    0x8f, 0xf1, 0x0, 0x0, 0xd, 0xb3, 0x0, 0x0,
    0x4c, 0xa0, 0xf, 0xf9, 0x8f, 0xf1, 0x0, 0x0,
    0x3f, 0xf2, 0x0, 0x0, 0x7f, 0xe0, 0xf, 0xf9,
    0x8f, 0xf1, 0x97, 0x0, 0x5f, 0xf0, 0x96, 0x0,
    0x9f, 0xb0, 0xf, 0xf9, 0x8f, 0xf6, 0xff, 0x40,
    0x9f, 0xc6, 0xff, 0x40, 0xcf, 0x80, 0xf, 0xf9,
    0x8f, 0xf1, 0xaf, 0xf2, 0xcf, 0x90, 0xbf, 0xe2,
    0xff, 0x50, 0xf, 0xf9, 0x8f, 0xf1, 0xd, 0xfd,
    0xff, 0x50, 0x1d, 0xfe, 0xff, 0x10, 0xf, 0xf9,
    0x8f, 0xf1, 0x2, 0xef, 0xff, 0x10, 0x3, 0xff,
    0xfe, 0x0, 0xf, 0xf9, 0x8f, 0xf1, 0x0, 0x4f,
    0xfd, 0x0, 0x0, 0x7f, 0xfa, 0x0, 0xf, 0xf9,
    0x8f, 0xf1, 0x0, 0xe, 0xff, 0x30, 0x0, 0x2f,
    0xfe, 0x0, 0xf, 0xf9, 0x8f, 0xf1, 0x0, 0x5f,
    0xff, 0xd0, 0x0, 0x8f, 0xff, 0x90, 0xf, 0xf9,
    0x8f, 0xf1, 0x0, 0xbf, 0xdf, 0xf9, 0x0, 0xef,
    0xef, 0xf3, 0xf, 0xf9, 0x8f, 0xf1, 0x4, 0xff,
    0x47, 0xff, 0x27, 0xff, 0x2d, 0xfb, 0xf, 0xf9,
    0x8f, 0xf1, 0xc, 0xfc, 0x0, 0xd9, 0x1e, 0xfa,
    0x5, 0xff, 0x2f, 0xf9, 0x8f, 0xf1, 0x7f, 0xf4,
    0x0, 0x20, 0xaf, 0xf2, 0x0, 0xc5, 0xf, 0xf9,
    0x8f, 0xf6, 0xff, 0xb0, 0x0, 0x7, 0xff, 0x80,
    0x0, 0x0, 0xf, 0xf9, 0x8f, 0xfb, 0xfe, 0x10,
    0x0, 0x2f, 0xfc, 0x0, 0x0, 0x0, 0xf, 0xf9,
    0x8f, 0xf1, 0x63, 0x0, 0x0, 0x3, 0xb1, 0x0,
    0x0, 0x0, 0xf, 0xf9, 0x8f, 0xf1, 0x0, 0x0,
    0x0, 0x0, 0x0, 0x0, 0x67, 0x77, 0x9f, 0xf8,
    0x8f, 0xf1, 0x0, 0x0, 0x0, 0x0, 0x0, 0x0,
    0x8f, 0xff, 0xff, 0xf4, 0x8f, 0xf1, 0x0, 0x0,
    0x0, 0x0, 0x0, 0x0, 0x3f, 0xff, 0xfc, 0x60,
    0x1, 0x10, 0x0, 0x0, 0x0, 0x0, 0x0, 0x0,
    0x1, 0x0, 0x0, 0x0,

    /* U+7F6E "置" */
    0x0, 0x5b, 0xbb, 0xbb, 0xbb, 0xbb, 0xbb, 0xbb,
    0xbb, 0xbb, 0xbb, 0xbb, 0x20, 0x0, 0x8f, 0xff,
    0xff, 0xff, 0xff, 0xff, 0xff, 0xff, 0xff, 0xff,
    0xff, 0x30, 0x0, 0x8f, 0xf2, 0x22, 0x4f, 0xf4,
    0x22, 0x2d, 0xf9, 0x22, 0x27, 0xff, 0x30, 0x0,
    0x8f, 0xf0, 0x0, 0x3f, 0xf3, 0x0, 0xd, 0xf8,
    0x0, 0x6, 0xff, 0x30, 0x0, 0x8f, 0xfc, 0xcc,
    0xcf, 0xfd, 0xcc, 0xcf, 0xfe, 0xcc, 0xcd, 0xff,
    0x30, 0x0, 0x8f, 0xff, 0xff, 0xff, 0xff, 0xff,
    0xff, 0xff, 0xff, 0xff, 0xff, 0x30, 0x0, 0x1,
    0x11, 0x11, 0x11, 0x16, 0xff, 0x51, 0x11, 0x11,
    0x11, 0x11, 0x0, 0x1, 0x11, 0x11, 0x11, 0x11,
    0x17, 0xff, 0x41, 0x11, 0x11, 0x11, 0x11, 0x10,
    0xc, 0xff, 0xff, 0xff, 0xff, 0xff, 0xff, 0xff,
    0xff, 0xff, 0xff, 0xff, 0xf0, 0xa, 0xdd, 0xdd,
    0xdd, 0xdd, 0xdf, 0xff, 0xdd, 0xdd, 0xdd, 0xdd,
    0xdd, 0xc0, 0x0, 0x0, 0x0, 0x0, 0x0, 0xd,
    0xf9, 0x0, 0x0, 0x0, 0x0, 0x0, 0x0, 0x0,
    0x0, 0x9f, 0xff, 0xff, 0xff, 0xff, 0xff, 0xff,
    0xff, 0xff, 0x0, 0x0, 0x0, 0x0, 0x9f, 0xfb,
    0xbb, 0xbb, 0xbb, 0xbb, 0xbb, 0xbe, 0xff, 0x0,
    0x0, 0x0, 0x0, 0x9f, 0xd0, 0x0, 0x0, 0x0,
    0x0, 0x0, 0x9, 0xff, 0x0, 0x0, 0x0, 0x0,
    0x9f, 0xff, 0xff, 0xff, 0xff, 0xff, 0xff, 0xff,
    0xff, 0x0, 0x0, 0x0, 0x0, 0x9f, 0xe7, 0x77,
    0x77, 0x77, 0x77, 0x77, 0x7c, 0xff, 0x0, 0x0,
    0x0, 0x0, 0x9f, 0xe2, 0x22, 0x22, 0x22, 0x22,
    0x22, 0x2a, 0xff, 0x0, 0x0, 0x0, 0x0, 0x9f,
    0xff, 0xff, 0xff, 0xff, 0xff, 0xff, 0xff, 0xff,
    0x0, 0x0, 0x0, 0x0, 0x9f, 0xe4, 0x44, 0x44,
    0x44, 0x44, 0x44, 0x4a, 0xff, 0x0, 0x0, 0x0,
    0x0, 0x9f, 0xe5, 0x55, 0x55, 0x55, 0x55, 0x55,
    0x5b, 0xff, 0x0, 0x0, 0x0, 0x0, 0x9f, 0xff,
    0xff, 0xff, 0xff, 0xff, 0xff, 0xff, 0xff, 0x0,
    0x0, 0x0, 0x0, 0x9f, 0xe2, 0x22, 0x22, 0x22,
    0x22, 0x22, 0x29, 0xff, 0x0, 0x0, 0xb, 0xbb,
    0xef, 0xfb, 0xbb, 0xbb, 0xbb, 0xbb, 0xbb, 0xbd,
    0xff, 0xbb, 0xb7, 0x1f, 0xff, 0xff, 0xff, 0xff,
    0xff, 0xff, 0xff, 0xff, 0xff, 0xff, 0xff, 0xfa,
    0x3, 0x33, 0x33, 0x33, 0x33, 0x33, 0x33, 0x33,
    0x33, 0x33, 0x33, 0x33, 0x32,

    /* U+8017 "耗" */
    0x0, 0x0, 0x0, 0xbb, 0x30, 0x0, 0x0, 0x0,
    0x0, 0x0, 0x0, 0x52, 0x0, 0x0, 0x0, 0x0,
    0x1f, 0xf5, 0x0, 0x0, 0x0, 0x0, 0x0, 0x4,
    0xcf, 0xe4, 0x0, 0x0, 0x0, 0x1, 0xff, 0x50,
    0x0, 0x0, 0x0, 0x1, 0x7d, 0xff, 0xfe, 0x60,
    0x0, 0x5d, 0xdd, 0xdf, 0xfe, 0xdd, 0xa0, 0x0,
    0x5a, 0xff, 0xff, 0xc6, 0x0, 0x0, 0x6, 0xff,
    0xff, 0xff, 0xff, 0xfd, 0x4b, 0xff, 0xff, 0xfc,
    0x30, 0x0, 0x0, 0x0, 0x26, 0x66, 0x6f, 0xf9,
    0x66, 0x44, 0xff, 0xf9, 0xff, 0x90, 0x0, 0x0,
    0x0, 0x0, 0x0, 0x1, 0xff, 0x50, 0x0, 0x8,
    0x40, 0xe, 0xf9, 0x0, 0x0, 0x0, 0x0, 0x0,
    0x0, 0x1f, 0xf5, 0x0, 0x0, 0x0, 0x0, 0xef,
    0x90, 0x0, 0x0, 0x0, 0x0, 0xbf, 0xff, 0xff,
    0xff, 0xf7, 0x0, 0x0, 0xe, 0xf9, 0x35, 0x8a,
    0xc4, 0x0, 0xb, 0xff, 0xff, 0xff, 0xff, 0x70,
    0x14, 0x69, 0xff, 0xff, 0xff, 0xff, 0x70, 0x0,
    0x12, 0x23, 0xff, 0x72, 0x21, 0x3f, 0xff, 0xff,
    0xff, 0xff, 0xeb, 0x94, 0x0, 0x0, 0x0, 0x1f,
    0xf5, 0x0, 0x0, 0xff, 0xfd, 0xff, 0xb3, 0x10,
    0x0, 0x0, 0x4, 0x44, 0x45, 0xff, 0x84, 0x44,
    0x15, 0x30, 0xe, 0xf9, 0x0, 0x0, 0x0, 0x0,
    0xef, 0xff, 0xff, 0xff, 0xff, 0xf4, 0x0, 0x0,
    0xef, 0x90, 0x0, 0x0, 0x0, 0xd, 0xff, 0xff,
    0xff, 0xff, 0xff, 0x40, 0x0, 0xe, 0xf9, 0x0,
    0x25, 0x7a, 0x40, 0x0, 0x1, 0xff, 0xff, 0x30,
    0x0, 0x0, 0x24, 0xff, 0xee, 0xff, 0xff, 0xf8,
    0x0, 0x0, 0xaf, 0xff, 0xfe, 0x10, 0x8d, 0xff,
    0xff, 0xff, 0xff, 0xff, 0xeb, 0x60, 0x0, 0x5f,
    0xff, 0xff, 0xfc, 0xa, 0xff, 0xff, 0xff, 0xd8,
    0x53, 0x0, 0x0, 0x0, 0x2e, 0xfa, 0xff, 0x8f,
    0xfa, 0x6a, 0x75, 0x2e, 0xf9, 0x0, 0x0, 0x0,
    0x0, 0x1d, 0xfe, 0x1f, 0xf5, 0x6f, 0xf1, 0x0,
    0x0, 0xef, 0x90, 0x0, 0x0, 0x0, 0xd, 0xff,
    0x51, 0xff, 0x50, 0xb7, 0x0, 0x0, 0xe, 0xf9,
    0x0, 0x0, 0x6a, 0x40, 0xcf, 0xa0, 0x1f, 0xf5,
    0x1, 0x0, 0x0, 0x0, 0xef, 0x90, 0x0, 0x7,
    0xfc, 0x3, 0xb0, 0x1, 0xff, 0x50, 0x0, 0x0,
    0x0, 0xe, 0xf9, 0x0, 0x0, 0x9f, 0xa0, 0x0,
    0x0, 0x1f, 0xf5, 0x0, 0x0, 0x0, 0x0, 0xdf,
    0xc3, 0x33, 0x3e, 0xf7, 0x0, 0x0, 0x1, 0xff,
    0x50, 0x0, 0x0, 0x0, 0xa, 0xff, 0xff, 0xff,
    0xff, 0x20, 0x0, 0x0, 0x1f, 0xf5, 0x0, 0x0,
    0x0, 0x0, 0x1b, 0xff, 0xff, 0xfe, 0x60,

    /* U+8054 "联" */
    0x0, 0x0, 0x0, 0x0, 0x0, 0x0, 0x0, 0x0,
    0x0, 0x0, 0x0, 0x0, 0x0, 0x35, 0x55, 0x55,
    0x55, 0x55, 0x50, 0x18, 0xc0, 0x0, 0x0, 0x1e,
    0xa4, 0x0, 0xaf, 0xff, 0xff, 0xff, 0xff, 0xe0,
    0x3f, 0xf9, 0x0, 0x0, 0x7f, 0xf6, 0x0, 0xaf,
    0xff, 0xff, 0xff, 0xff, 0xe0, 0x8, 0xff, 0x40,
    0x0, 0xef, 0xd0, 0x0, 0x4, 0xff, 0x10, 0x6,
    0xfd, 0x0, 0x0, 0xef, 0xd0, 0x7, 0xff, 0x40,
    0x0, 0x4, 0xff, 0x10, 0x6, 0xfd, 0x0, 0x0,
    0x5f, 0x90, 0x1f, 0xfa, 0x0, 0x0, 0x4, 0xff,
    0x10, 0x6, 0xfd, 0x2, 0x99, 0xac, 0x99, 0xcf,
    0xfb, 0x99, 0x50, 0x4, 0xff, 0x54, 0x49, 0xfd,
    0x4, 0xff, 0xff, 0xff, 0xff, 0xff, 0xff, 0x90,
    0x4, 0xff, 0xff, 0xff, 0xfd, 0x3, 0xdd, 0xdd,
    0xef, 0xfd, 0xdd, 0xdd, 0x80, 0x4, 0xff, 0xdd,
    0xde, 0xfd, 0x0, 0x0, 0x0, 0x8f, 0xf1, 0x0,
    0x0, 0x0, 0x4, 0xff, 0x10, 0x6, 0xfd, 0x0,
    0x0, 0x0, 0x8f, 0xf1, 0x0, 0x0, 0x0, 0x4,
    0xff, 0x10, 0x6, 0xfd, 0x0, 0x0, 0x0, 0x8f,
    0xf1, 0x0, 0x0, 0x0, 0x4, 0xff, 0x10, 0x6,
    0xfd, 0x0, 0x0, 0x0, 0x8f, 0xf1, 0x0, 0x0,
    0x0, 0x4, 0xff, 0xff, 0xff, 0xfd, 0xc, 0xee,
    0xee, 0xff, 0xfe, 0xee, 0xee, 0xe7, 0x4, 0xff,
    0xff, 0xff, 0xfd, 0xe, 0xff, 0xff, 0xff, 0xff,
    0xff, 0xff, 0xf8, 0x4, 0xff, 0x43, 0x38, 0xfd,
    0x6, 0x77, 0x77, 0xef, 0xf7, 0x77, 0x77, 0x73,
    0x4, 0xff, 0x10, 0x6, 0xfd, 0x0, 0x0, 0x0,
    0xff, 0xf5, 0x0, 0x0, 0x0, 0x4, 0xff, 0x10,
    0x6, 0xfd, 0x0, 0x0, 0x5, 0xff, 0xfc, 0x0,
    0x0, 0x0, 0x4, 0xff, 0x10, 0x29, 0xff, 0xcd,
    0x0, 0xa, 0xff, 0xff, 0x40, 0x0, 0x0, 0x38,
    0xff, 0xef, 0xff, 0xff, 0xff, 0x0, 0x2f, 0xfb,
    0xdf, 0xd0, 0x0, 0x0, 0xbf, 0xff, 0xff, 0xff,
    0xfe, 0x74, 0x0, 0xcf, 0xf3, 0x5f, 0xf9, 0x0,
    0x0, 0x8f, 0xda, 0x85, 0x26, 0xfd, 0x0, 0x8,
    0xff, 0x90, 0xb, 0xff, 0x70, 0x0, 0x0, 0x0,
    0x0, 0x6, 0xfd, 0x0, 0x7f, 0xfe, 0x0, 0x1,
    0xef, 0xf9, 0x0, 0x0, 0x0, 0x0, 0x6, 0xfd,
    0x9, 0xff, 0xe2, 0x0, 0x0, 0x2e, 0xff, 0xd5,
    0x0, 0x0, 0x0, 0x6, 0xfd, 0xaf, 0xfe, 0x30,
    0x0, 0x0, 0x2, 0xdf, 0xf4, 0x0, 0x0, 0x0,
    0x6, 0xfd, 0xb, 0xc1, 0x0, 0x0, 0x0, 0x0,
    0x8, 0x70, 0x0, 0x0, 0x0, 0x0, 0x0, 0x0,
    0x0, 0x0, 0x0, 0x0, 0x0, 0x0, 0x0,

    /* U+81EA "自" */
    0x0, 0x0, 0x0, 0x0, 0x69, 0x72, 0x0, 0x0,
    0x0, 0x0, 0x0, 0x0, 0x0, 0x0, 0xdf, 0xf3,
    0x0, 0x0, 0x0, 0x0, 0x0, 0x0, 0x0, 0x1,
    0xff, 0xd0, 0x0, 0x0, 0x0, 0x0, 0x0, 0x0,
    0x0, 0x5, 0xff, 0x60, 0x0, 0x0, 0x0, 0x0,
    0x8f, 0xff, 0xff, 0xff, 0xff, 0xff, 0xff, 0xff,
    0xff, 0xfe, 0x8f, 0xff, 0xff, 0xff, 0xff, 0xff,
    0xff, 0xff, 0xff, 0xff, 0x8f, 0xf8, 0x88, 0x88,
    0x88, 0x88, 0x88, 0x88, 0x8e, 0xff, 0x8f, 0xf1,
    0x0, 0x0, 0x0, 0x0, 0x0, 0x0, 0xc, 0xff,
    0x8f, 0xf1, 0x0, 0x0, 0x0, 0x0, 0x0, 0x0,
    0xc, 0xff, 0x8f, 0xf1, 0x0, 0x0, 0x0, 0x0,
    0x0, 0x0, 0xc, 0xff, 0x8f, 0xf8, 0x77, 0x77,
    0x77, 0x77, 0x77, 0x77, 0x7e, 0xff, 0x8f, 0xff,
    0xff, 0xff, 0xff, 0xff, 0xff, 0xff, 0xff, 0xff,
    0x8f, 0xff, 0xff, 0xff, 0xff, 0xff, 0xff, 0xff,
    0xff, 0xff, 0x8f, 0xf1, 0x0, 0x0, 0x0, 0x0,
    0x0, 0x0, 0xc, 0xff, 0x8f, 0xf1, 0x0, 0x0,
    0x0, 0x0, 0x0, 0x0, 0xc, 0xff, 0x8f, 0xf1,
    0x0, 0x0, 0x0, 0x0, 0x0, 0x0, 0xc, 0xff,
    0x8f, 0xf8, 0x77, 0x77, 0x77, 0x77, 0x77, 0x77,
    0x7e, 0xff, 0x8f, 0xff, 0xff, 0xff, 0xff, 0xff,
    0xff, 0xff, 0xff, 0xff, 0x8f, 0xfe, 0xee, 0xee,
    0xee, 0xee, 0xee, 0xee, 0xef, 0xff, 0x8f, 0xf1,
    0x0, 0x0, 0x0, 0x0, 0x0, 0x0, 0xc, 0xff,
    0x8f, 0xf1, 0x0, 0x0, 0x0, 0x0, 0x0, 0x0,
    0xc, 0xff, 0x8f, 0xf1, 0x0, 0x0, 0x0, 0x0,
    0x0, 0x0, 0xc, 0xff, 0x8f, 0xf8, 0x77, 0x77,
    0x77, 0x77, 0x77, 0x77, 0x7e, 0xff, 0x8f, 0xff,
    0xff, 0xff, 0xff, 0xff, 0xff, 0xff, 0xff, 0xff,
    0x8f, 0xff, 0xff, 0xff, 0xff, 0xff, 0xff, 0xff,
    0xff, 0xff, 0x8f, 0xf1, 0x0, 0x0, 0x0, 0x0,
    0x0, 0x0, 0xc, 0xff, 0x1, 0x10, 0x0, 0x0,
    0x0, 0x0, 0x0, 0x0, 0x0, 0x0,

    /* U+8282 "节" */
    0x0, 0x0, 0x0, 0x7, 0x74, 0x0, 0x0, 0x0,
    0x27, 0x73, 0x0, 0x0, 0x0, 0x0, 0x0, 0x0,
    0x1f, 0xf9, 0x0, 0x0, 0x0, 0x5f, 0xf6, 0x0,
    0x0, 0x0, 0x0, 0x0, 0x0, 0x1f, 0xf9, 0x0,
    0x0, 0x0, 0x5f, 0xf6, 0x0, 0x0, 0x0, 0x18,
    0x88, 0x88, 0x8f, 0xfc, 0x88, 0x88, 0x88, 0xaf,
    0xfb, 0x88, 0x88, 0x85, 0x2f, 0xff, 0xff, 0xff,
    0xff, 0xff, 0xff, 0xff, 0xff, 0xff, 0xff, 0xff,
    0xfa, 0x2f, 0xff, 0xff, 0xff, 0xff, 0xff, 0xff,
    0xff, 0xff, 0xff, 0xff, 0xff, 0xf9, 0x0, 0x0,
    0x0, 0x1f, 0xf9, 0x0, 0x0, 0x0, 0x5f, 0xf6,
    0x0, 0x0, 0x0, 0x0, 0x0, 0x0, 0x1f, 0xf9,
    0x0, 0x0, 0x0, 0x5f, 0xf6, 0x0, 0x0, 0x0,
    0x0, 0x0, 0x0, 0x1f, 0xf9, 0x0, 0x0, 0x0,
    0x5f, 0xf6, 0x0, 0x0, 0x0, 0x0, 0x0, 0x0,
    0x0, 0x0, 0x0, 0x0, 0x0, 0x0, 0x0, 0x0,
    0x0, 0x0, 0x1, 0x99, 0x99, 0x99, 0x99, 0x99,
    0x99, 0x99, 0x99, 0x99, 0x99, 0x91, 0x0, 0x2,
    0xff, 0xff, 0xff, 0xff, 0xff, 0xff, 0xff, 0xff,
    0xff, 0xff, 0xf2, 0x0, 0x2, 0xff, 0xff, 0xff,
    0xff, 0xff, 0xff, 0xff, 0xff, 0xff, 0xff, 0xf2,
    0x0, 0x0, 0x0, 0x0, 0x0, 0x2f, 0xfa, 0x0,
    0x0, 0x0, 0x0, 0x9f, 0xf2, 0x0, 0x0, 0x0,
    0x0, 0x0, 0x2f, 0xfa, 0x0, 0x0, 0x0, 0x0,
    0x9f, 0xf2, 0x0, 0x0, 0x0, 0x0, 0x0, 0x2f,
    0xfa, 0x0, 0x0, 0x0, 0x0, 0x9f, 0xf2, 0x0,
    0x0, 0x0, 0x0, 0x0, 0x2f, 0xfa, 0x0, 0x0,
    0x0, 0x0, 0x9f, 0xf2, 0x0, 0x0, 0x0, 0x0,
    0x0, 0x2f, 0xfa, 0x0, 0x0, 0x0, 0x0, 0x9f,
    0xf2, 0x0, 0x0, 0x0, 0x0, 0x0, 0x2f, 0xfa,
    0x0, 0x0, 0x0, 0x0, 0x9f, 0xf2, 0x0, 0x0,
    0x0, 0x0, 0x0, 0x2f, 0xfa, 0x0, 0x0, 0x10,
    0x0, 0xbf, 0xf2, 0x0, 0x0, 0x0, 0x0, 0x0,
    0x2f, 0xfa, 0x0, 0x7, 0xff, 0xff, 0xff, 0xf0,
    0x0, 0x0, 0x0, 0x0, 0x0, 0x2f, 0xfa, 0x0,
    0x2, 0xff, 0xff, 0xff, 0xa0, 0x0, 0x0, 0x0,
    0x0, 0x0, 0x2f, 0xfa, 0x0, 0x0, 0xaa, 0xa9,
    0x84, 0x0, 0x0, 0x0, 0x0, 0x0, 0x0, 0x2f,
    0xfa, 0x0, 0x0, 0x0, 0x0, 0x0, 0x0, 0x0,
    0x0, 0x0, 0x0, 0x0, 0x2f, 0xfa, 0x0, 0x0,
    0x0, 0x0, 0x0, 0x0, 0x0, 0x0, 0x0, 0x0,
    0x0, 0x2f, 0xfa, 0x0, 0x0, 0x0, 0x0, 0x0,
    0x0, 0x0,

    /* U+82B1 "花" */
    0x0, 0x0, 0x0, 0x5, 0x75, 0x0, 0x0, 0x0,
    0x47, 0x60, 0x0, 0x0, 0x0, 0x0, 0x0, 0x0,
    0xc, 0xfd, 0x0, 0x0, 0x0, 0xaf, 0xf0, 0x0,
    0x0, 0x0, 0x0, 0x0, 0x0, 0xc, 0xfd, 0x0,
    0x0, 0x0, 0xaf, 0xf0, 0x0, 0x0, 0x0, 0x3e,
    0xee, 0xee, 0xef, 0xff, 0xee, 0xee, 0xee, 0xff,
    0xfe, 0xee, 0xee, 0xe3, 0x3f, 0xff, 0xff, 0xff,
    0xff, 0xff, 0xff, 0xff, 0xff, 0xff, 0xff, 0xff,
    0xf3, 0x29, 0x99, 0x99, 0x9e, 0xfe, 0x99, 0x99,
    0x99, 0xdf, 0xf9, 0x99, 0x99, 0x92, 0x0, 0x0,
    0x0, 0xc, 0xfd, 0x0, 0x0, 0x0, 0xaf, 0xf0,
    0x0, 0x0, 0x0, 0x0, 0x0, 0x0, 0xa, 0xdb,
    0x0, 0x0, 0x0, 0xaf, 0xf0, 0x0, 0x0, 0x0,
    0x0, 0x0, 0x0, 0x4, 0x20, 0x0, 0x2, 0x44,
    0x0, 0x0, 0x0, 0x0, 0x0, 0x0, 0x0, 0x0,
    0x2f, 0xfb, 0x0, 0x8, 0xff, 0x20, 0x0, 0x0,
    0x0, 0x0, 0x0, 0x0, 0x0, 0xbf, 0xf5, 0x0,
    0x8, 0xff, 0x20, 0x0, 0x0, 0x30, 0x0, 0x0,
    0x0, 0x6, 0xff, 0xb0, 0x0, 0x8, 0xff, 0x20,
    0x0, 0x8, 0xf7, 0x0, 0x0, 0x0, 0x2f, 0xff,
    0x20, 0x0, 0x8, 0xff, 0x20, 0x3, 0xdf, 0xff,
    0x30, 0x0, 0x1, 0xdf, 0xfa, 0x0, 0x0, 0x8,
    0xff, 0x22, 0xaf, 0xff, 0xe5, 0x0, 0x0, 0x1d,
    0xff, 0xfa, 0x0, 0x0, 0x8, 0xff, 0xaf, 0xff,
    0xf9, 0x10, 0x0, 0x1, 0xdf, 0xff, 0xfa, 0x0,
    0x0, 0x8, 0xff, 0xff, 0xfa, 0x20, 0x0, 0x0,
    0x3e, 0xff, 0xdf, 0xfa, 0x0, 0x1, 0x7e, 0xff,
    0xfa, 0x20, 0x0, 0x0, 0x0, 0x1c, 0xfd, 0x1f,
    0xfa, 0x2, 0x9f, 0xff, 0xff, 0x40, 0x0, 0x0,
    0x0, 0x0, 0x0, 0x80, 0xf, 0xfa, 0x7, 0xff,
    0xfd, 0xff, 0x20, 0x0, 0x0, 0x0, 0x0, 0x0,
    0x0, 0xf, 0xfa, 0x0, 0xc6, 0x8, 0xff, 0x20,
    0x0, 0x0, 0x4, 0x20, 0x0, 0x0, 0xf, 0xfa,
    0x0, 0x0, 0x8, 0xff, 0x20, 0x0, 0x0, 0x9,
    0xfa, 0x0, 0x0, 0xf, 0xfa, 0x0, 0x0, 0x8,
    0xff, 0x20, 0x0, 0x0, 0xb, 0xfc, 0x0, 0x0,
    0xf, 0xfa, 0x0, 0x0, 0x7, 0xff, 0x30, 0x0,
    0x0, 0xe, 0xfa, 0x0, 0x0, 0xf, 0xfa, 0x0,
    0x0, 0x6, 0xff, 0xc8, 0x77, 0x77, 0xaf, 0xf6,
    0x0, 0x0, 0xf, 0xfa, 0x0, 0x0, 0x2, 0xff,
    0xff, 0xff, 0xff, 0xff, 0xf1, 0x0, 0x0, 0xf,
    0xfa, 0x0, 0x0, 0x0, 0x5c, 0xff, 0xff, 0xff,
    0xfc, 0x30,

    /* U+82F1 "英" */
    0x0, 0x0, 0x0, 0x17, 0x73, 0x0, 0x0, 0x0,
    0x17, 0x73, 0x0, 0x0, 0x0, 0x0, 0x0, 0x0,
    0x2, 0xff, 0x70, 0x0, 0x0, 0x2, 0xff, 0x70,
    0x0, 0x0, 0x0, 0x1, 0x11, 0x11, 0x3f, 0xf7,
    0x11, 0x11, 0x11, 0x3f, 0xf8, 0x11, 0x11, 0x10,
    0x0, 0xdf, 0xff, 0xff, 0xff, 0xff, 0xff, 0xff,
    0xff, 0xff, 0xff, 0xff, 0xff, 0x30, 0xd, 0xff,
    0xff, 0xff, 0xff, 0xff, 0xff, 0xff, 0xff, 0xff,
    0xff, 0xff, 0xf3, 0x0, 0x33, 0x33, 0x35, 0xff,
    0x93, 0x33, 0x33, 0x35, 0xff, 0x93, 0x33, 0x33,
    0x0, 0x0, 0x0, 0x0, 0x2f, 0xf7, 0x1, 0x77,
    0x30, 0x2f, 0xf7, 0x0, 0x0, 0x0, 0x0, 0x0,
    0x0, 0x2, 0xff, 0x60, 0x4f, 0xf7, 0x2, 0xff,
    0x70, 0x0, 0x0, 0x0, 0x0, 0x0, 0x0, 0x0,
    0x0, 0x4, 0xff, 0x70, 0x0, 0x0, 0x0, 0x0,
    0x0, 0x0, 0x0, 0x15, 0x55, 0x55, 0x55, 0x7f,
    0xf9, 0x55, 0x55, 0x55, 0x55, 0x0, 0x0, 0x0,
    0x5, 0xff, 0xff, 0xff, 0xff, 0xff, 0xff, 0xff,
    0xff, 0xff, 0xf0, 0x0, 0x0, 0x0, 0x5f, 0xff,
    0xff, 0xff, 0xff, 0xff, 0xff, 0xff, 0xff, 0xff,
    0x0, 0x0, 0x0, 0x5, 0xff, 0x20, 0x0, 0x4,
    0xff, 0x70, 0x0, 0x0, 0xaf, 0xf0, 0x0, 0x0,
    0x0, 0x5f, 0xf2, 0x0, 0x0, 0x4f, 0xf7, 0x0,
    0x0, 0xa, 0xff, 0x0, 0x0, 0x0, 0x5, 0xff,
    0x20, 0x0, 0x4, 0xff, 0x70, 0x0, 0x0, 0xaf,
    0xf0, 0x0, 0x0, 0x0, 0x5f, 0xf2, 0x0, 0x0,
    0x5f, 0xf6, 0x0, 0x0, 0xa, 0xff, 0x0, 0x0,
    0x2f, 0xff, 0xff, 0xff, 0xff, 0xff, 0xff, 0xff,
    0xff, 0xff, 0xff, 0xff, 0xf9, 0x2, 0xff, 0xff,
    0xff, 0xff, 0xff, 0xff, 0xff, 0xff, 0xff, 0xff,
    0xff, 0xff, 0x90, 0x16, 0x66, 0x66, 0x66, 0x66,
    0x9f, 0xff, 0xfd, 0x66, 0x66, 0x66, 0x66, 0x64,
    0x0, 0x0, 0x0, 0x0, 0x0, 0xd, 0xff, 0xdf,
    0xf5, 0x0, 0x0, 0x0, 0x0, 0x0, 0x0, 0x0,
    0x0, 0x0, 0x1c, 0xff, 0xb0, 0xdf, 0xf6, 0x0,
    0x0, 0x0, 0x0, 0x0, 0x0, 0x0, 0x0, 0x5e,
    0xff, 0xd1, 0x2, 0xff, 0xfa, 0x10, 0x0, 0x0,
    0x0, 0x0, 0x0, 0x16, 0xdf, 0xff, 0xb1, 0x0,
    0x3, 0xef, 0xff, 0x93, 0x0, 0x0, 0x0, 0x37,
    0xbf, 0xff, 0xfe, 0x60, 0x0, 0x0, 0x1, 0xbf,
    0xff, 0xfe, 0xa6, 0x40, 0x5f, 0xff, 0xff, 0xe7,
    0x0, 0x0, 0x0, 0x0, 0x0, 0x4c, 0xff, 0xff,
    0xfc, 0x0, 0x9f, 0xd9, 0x30, 0x0, 0x0, 0x0,
    0x0, 0x0, 0x0, 0x2, 0x8c, 0xff, 0x20, 0x0,
    0x10, 0x0, 0x0, 0x0, 0x0, 0x0, 0x0, 0x0,
    0x0, 0x0, 0x0, 0x20, 0x0,

    /* U+88C5 "装" */
    0x0, 0x0, 0x0, 0x14, 0x40, 0x0, 0x0, 0x0,
    0x24, 0x40, 0x0, 0x0, 0x0, 0x0, 0x0, 0x0,
    0x5, 0xff, 0x0, 0x0, 0x0, 0x8, 0xff, 0x10,
    0x0, 0x0, 0x0, 0x0, 0xa3, 0x0, 0x5f, 0xf0,
    0x0, 0x0, 0x0, 0x8f, 0xf1, 0x0, 0x0, 0x0,
    0x0, 0xbf, 0xf7, 0x5, 0xff, 0x0, 0x0, 0x0,
    0x8, 0xff, 0x10, 0x0, 0x0, 0x0, 0x1, 0xcf,
    0xf9, 0x5f, 0xf0, 0x9b, 0xbb, 0xbb, 0xdf, 0xfb,
    0xbb, 0xbb, 0xb4, 0x0, 0x0, 0xaf, 0x85, 0xff,
    0xd, 0xff, 0xff, 0xff, 0xff, 0xff, 0xff, 0xff,
    0x60, 0x0, 0x0, 0x50, 0x5f, 0xf0, 0x78, 0x88,
    0x88, 0xcf, 0xf9, 0x88, 0x88, 0x83, 0x0, 0x0,
    0x0, 0x6, 0xff, 0x0, 0x0, 0x0, 0x8, 0xff,
    0x10, 0x0, 0x0, 0x0, 0x0, 0x0, 0x5c, 0xff,
    0xf0, 0x0, 0x0, 0x0, 0x8f, 0xf1, 0x0, 0x0,
    0x0, 0x0, 0x17, 0xdf, 0xff, 0xff, 0x0, 0x0,
    0x0, 0x8, 0xff, 0x10, 0x0, 0x0, 0x0, 0x6f,
    0xff, 0xf9, 0x8f, 0xf0, 0x8, 0x88, 0x88, 0xcf,
    0xf9, 0x88, 0x88, 0x70, 0x4, 0xfe, 0x81, 0x5,
    0xff, 0x0, 0xff, 0xff, 0xff, 0xff, 0xff, 0xff,
    0xfe, 0x0, 0x5, 0x0, 0x0, 0x5f, 0xf0, 0xb,
    0xbb, 0xbb, 0xbb, 0xbb, 0xbb, 0xbb, 0xa0, 0x0,
    0x0, 0x0, 0x5, 0xee, 0x0, 0x38, 0xc1, 0x0,
    0x0, 0x0, 0x0, 0x0, 0x0, 0x0, 0x0, 0x0,
    0x0, 0x0, 0x4, 0xff, 0xa0, 0x0, 0x0, 0x0,
    0x0, 0x0, 0x4, 0xff, 0xff, 0xff, 0xff, 0xff,
    0xff, 0xff, 0xff, 0xff, 0xff, 0xff, 0xff, 0xb0,
    0x4f, 0xff, 0xff, 0xff, 0xff, 0xff, 0xff, 0xff,
    0xff, 0xff, 0xff, 0xff, 0xfb, 0x0, 0x22, 0x22,
    0x22, 0x24, 0xdf, 0xf9, 0xcf, 0xd2, 0x22, 0x22,
    0x39, 0x32, 0x10, 0x0, 0x0, 0x0, 0x29, 0xff,
    0xf6, 0x3, 0xff, 0x70, 0x0, 0x5e, 0xfd, 0x10,
    0x0, 0x0, 0x16, 0xbf, 0xff, 0xa1, 0x0, 0x8,
    0xff, 0x62, 0xbf, 0xfd, 0x40, 0x0, 0x39, 0xcf,
    0xff, 0xff, 0xe0, 0x0, 0x0, 0xc, 0xff, 0xff,
    0xe6, 0x0, 0x0, 0x2, 0xef, 0xfd, 0x7b, 0xfe,
    0x0, 0x0, 0x0, 0x1c, 0xff, 0xf3, 0x0, 0x0,
    0x0, 0x4, 0x62, 0x0, 0xaf, 0xe0, 0x25, 0x8c,
    0xf5, 0xb, 0xff, 0xfa, 0x30, 0x0, 0x0, 0x0,
    0x0, 0x2e, 0xff, 0xff, 0xff, 0xff, 0x30, 0x6,
    0xff, 0xff, 0xea, 0x50, 0x0, 0x0, 0xe, 0xff,
    0xff, 0xfc, 0x85, 0x10, 0x0, 0x1, 0x8e, 0xff,
    0xf9, 0x0, 0x0, 0x0, 0x9e, 0xa6, 0x30, 0x0,
    0x0, 0x0, 0x0, 0x0, 0x5, 0x9c, 0x0, 0x0,
    0x0, 0x1, 0x0, 0x0, 0x0, 0x0, 0x0, 0x0,
    0x0, 0x0, 0x0, 0x0, 0x0,

    /* U+89C4 "规" */
    0x0, 0x0, 0x1, 0x10, 0x0, 0x0, 0x0, 0x0,
    0x0, 0x0, 0x0, 0x0, 0x0, 0x0, 0x0, 0x5f,
    0xf1, 0x0, 0x0, 0x12, 0x22, 0x22, 0x22, 0x22,
    0x22, 0x10, 0x0, 0x0, 0x5f, 0xf1, 0x0, 0x0,
    0xef, 0xff, 0xff, 0xff, 0xff, 0xff, 0x80, 0x0,
    0x0, 0x5f, 0xf1, 0x0, 0x0, 0xef, 0xff, 0xff,
    0xff, 0xff, 0xff, 0x80, 0x0, 0x0, 0x6f, 0xf2,
    0x0, 0x0, 0xef, 0x91, 0x11, 0x11, 0x12, 0xff,
    0x80, 0x2f, 0xff, 0xff, 0xff, 0xff, 0xb0, 0xef,
    0x80, 0x0, 0x0, 0x1, 0xff, 0x80, 0x2f, 0xff,
    0xff, 0xff, 0xff, 0xb0, 0xef, 0x80, 0x6, 0x73,
    0x1, 0xff, 0x80, 0x5, 0x55, 0x9f, 0xf6, 0x55,
    0x40, 0xef, 0x80, 0xf, 0xf7, 0x1, 0xff, 0x80,
    0x0, 0x0, 0x5f, 0xf1, 0x0, 0x0, 0xef, 0x80,
    0xf, 0xf7, 0x1, 0xff, 0x80, 0x0, 0x0, 0x5f,
    0xf1, 0x0, 0x0, 0xef, 0x80, 0xf, 0xf7, 0x1,
    0xff, 0x80, 0x0, 0x0, 0x5f, 0xf1, 0x0, 0x0,
    0xef, 0x80, 0xf, 0xf7, 0x1, 0xff, 0x80, 0x68,
    0x88, 0xbf, 0xf8, 0x88, 0x80, 0xef, 0x80, 0xf,
    0xf7, 0x1, 0xff, 0x80, 0xcf, 0xff, 0xff, 0xff,
    0xff, 0xf0, 0xef, 0x80, 0xf, 0xf6, 0x1, 0xff,
    0x80, 0xbf, 0xff, 0xff, 0xff, 0xff, 0xf0, 0xef,
    0x80, 0x1f, 0xf5, 0x1, 0xff, 0x80, 0x0, 0x0,
    0x9f, 0xd0, 0x0, 0x0, 0xef, 0x80, 0x2f, 0xf3,
    0x1, 0xff, 0x80, 0x0, 0x0, 0xbf, 0xf3, 0x0,
    0x0, 0xef, 0x80, 0x5f, 0xf1, 0x1, 0xff, 0x80,
    0x0, 0x0, 0xef, 0xfe, 0x20, 0x0, 0x78, 0x40,
    0x9f, 0xfe, 0x30, 0x88, 0x40, 0x0, 0x1, 0xff,
    0xff, 0xd1, 0x0, 0x0, 0x0, 0xef, 0xff, 0x40,
    0x0, 0x0, 0x0, 0x6, 0xff, 0x3f, 0xfc, 0x0,
    0x0, 0x5, 0xff, 0xff, 0x40, 0x0, 0x0, 0x0,
    0xa, 0xfd, 0x5, 0xff, 0x90, 0x0, 0xd, 0xfc,
    0xff, 0x40, 0x0, 0x40, 0x0, 0x1f, 0xf8, 0x0,
    0xaf, 0xf2, 0x0, 0x9f, 0xf3, 0xff, 0x40, 0x2,
    0xfc, 0x0, 0x9f, 0xf1, 0x0, 0x1e, 0x60, 0x6,
    0xff, 0x81, 0xff, 0x40, 0x2, 0xfe, 0x3, 0xff,
    0xa0, 0x0, 0x2, 0x0, 0x7f, 0xfc, 0x1, 0xff,
    0x40, 0x4, 0xfc, 0x2e, 0xff, 0x20, 0x0, 0x0,
    0x1a, 0xff, 0xd1, 0x0, 0xff, 0x60, 0x8, 0xfa,
    0xbf, 0xf7, 0x0, 0x0, 0x5, 0xef, 0xfc, 0x10,
    0x0, 0xef, 0xff, 0xff, 0xf5, 0x1d, 0x90, 0x0,
    0x0, 0x1, 0xef, 0x80, 0x0, 0x0, 0x4d, 0xff,
    0xfe, 0x90, 0x1, 0x0, 0x0, 0x0, 0x0, 0x33,
    0x0, 0x0, 0x0, 0x0, 0x0, 0x0, 0x0,

    /* U+89E3 "解" */
    0x0, 0x0, 0x6, 0x30, 0x0, 0x0, 0x0, 0x0,
    0x0, 0x0, 0x0, 0x0, 0x0, 0x0, 0x0, 0x2,
    0xff, 0x40, 0x0, 0x0, 0x0, 0x11, 0x11, 0x11,
    0x11, 0x11, 0x10, 0x0, 0x0, 0x7f, 0xf0, 0x0,
    0x0, 0x0, 0xef, 0xff, 0xff, 0xff, 0xff, 0xff,
    0x10, 0x0, 0xc, 0xff, 0xff, 0xff, 0x80, 0xe,
    0xff, 0xff, 0xff, 0xff, 0xff, 0xf0, 0x0, 0x3,
    0xff, 0xff, 0xff, 0xfe, 0x0, 0x11, 0x18, 0xff,
    0x11, 0x15, 0xff, 0x0, 0x0, 0x9f, 0xe0, 0x0,
    0xdf, 0x80, 0x0, 0x0, 0xbf, 0xb0, 0x0, 0x5f,
    0xf0, 0x0, 0x2f, 0xf7, 0x0, 0x3f, 0xf1, 0x0,
    0x0, 0x2f, 0xf6, 0x0, 0x7, 0xfd, 0x0, 0xb,
    0xff, 0x65, 0x5b, 0xfc, 0x55, 0x10, 0xa, 0xfe,
    0x0, 0x0, 0x9f, 0xc0, 0x7, 0xff, 0xff, 0xff,
    0xff, 0xff, 0xf3, 0x8, 0xff, 0x60, 0x43, 0x3e,
    0xfa, 0x0, 0xcf, 0xff, 0xcb, 0xef, 0xbb, 0xff,
    0x6c, 0xff, 0x80, 0xa, 0xff, 0xff, 0x50, 0x0,
    0x9f, 0xf3, 0xc, 0xf1, 0xe, 0xf4, 0xce, 0x50,
    0x0, 0x6d, 0xdc, 0x70, 0x0, 0x0, 0xff, 0x30,
    0xcf, 0x10, 0xef, 0x31, 0x2e, 0xb1, 0x2f, 0xf4,
    0x0, 0x0, 0x0, 0xf, 0xfa, 0x8e, 0xf9, 0x8f,
    0xf3, 0x5, 0xff, 0x2, 0xff, 0x40, 0x0, 0x0,
    0x0, 0xff, 0xff, 0xff, 0xff, 0xff, 0x30, 0xaf,
    0xd4, 0x6f, 0xf7, 0x44, 0x40, 0x0, 0xf, 0xfa,
    0x8e, 0xf9, 0x8f, 0xf3, 0xe, 0xff, 0xff, 0xff,
    0xff, 0xff, 0x20, 0x0, 0xff, 0x30, 0xcf, 0x10,
    0xef, 0x36, 0xff, 0xff, 0xff, 0xff, 0xff, 0xf2,
    0x0, 0xf, 0xf2, 0xc, 0xf1, 0xe, 0xf3, 0xdf,
    0xa0, 0x2, 0xff, 0x40, 0x0, 0x0, 0x0, 0xff,
    0x53, 0xcf, 0x43, 0xff, 0x5c, 0xf2, 0x0, 0x2f,
    0xf4, 0x0, 0x0, 0x0, 0x1f, 0xff, 0xff, 0xff,
    0xff, 0xf3, 0x14, 0x22, 0x24, 0xff, 0x52, 0x22,
    0x10, 0x3, 0xff, 0xbb, 0xef, 0xbb, 0xff, 0x3c,
    0xff, 0xff, 0xff, 0xff, 0xff, 0xfd, 0x0, 0x5f,
    0xd0, 0xc, 0xf1, 0xe, 0xf3, 0xcf, 0xff, 0xff,
    0xff, 0xff, 0xff, 0xd0, 0x8, 0xfa, 0x0, 0xcf,
    0x10, 0xef, 0x31, 0x22, 0x22, 0x4f, 0xf6, 0x22,
    0x21, 0x0, 0xdf, 0x60, 0xc, 0xf1, 0xe, 0xf3,
    0x0, 0x0, 0x2, 0xff, 0x40, 0x0, 0x0, 0x2f,
    0xf1, 0x0, 0xcf, 0x32, 0xff, 0x20, 0x0, 0x0,
    0x2f, 0xf4, 0x0, 0x0, 0xa, 0xfb, 0x0, 0x7,
    0xab, 0xff, 0xf1, 0x0, 0x0, 0x2, 0xff, 0x40,
    0x0, 0x0, 0x5d, 0x30, 0x0, 0x0, 0x6f, 0xd7,
    0x0, 0x0, 0x0, 0x2f, 0xf4, 0x0, 0x0, 0x0,
    0x0, 0x0, 0x0, 0x0, 0x0, 0x0, 0x0, 0x0,
    0x0, 0x0, 0x0, 0x0, 0x0,

    /* U+8A00 "言" */
    0x0, 0x0, 0x0, 0x0, 0x0, 0x0, 0x31, 0x0,
    0x0, 0x0, 0x0, 0x0, 0x0, 0x0, 0x0, 0x0,
    0x0, 0x0, 0x2e, 0xfc, 0x0, 0x0, 0x0, 0x0,
    0x0, 0x0, 0x0, 0x0, 0x0, 0x0, 0x0, 0x9,
    0xff, 0x80, 0x0, 0x0, 0x0, 0x0, 0x0, 0x0,
    0x0, 0x0, 0x0, 0x0, 0x0, 0xef, 0xf3, 0x0,
    0x0, 0x0, 0x0, 0x0, 0x4, 0x44, 0x44, 0x44,
    0x44, 0x44, 0x9f, 0xfb, 0x44, 0x44, 0x44, 0x44,
    0x43, 0x3f, 0xff, 0xff, 0xff, 0xff, 0xff, 0xff,
    0xff, 0xff, 0xff, 0xff, 0xff, 0xfc, 0x3f, 0xff,
    0xff, 0xff, 0xff, 0xff, 0xff, 0xff, 0xff, 0xff,
    0xff, 0xff, 0xfb, 0x0, 0x0, 0x0, 0x0, 0x0,
    0x0, 0x0, 0x0, 0x0, 0x0, 0x0, 0x0, 0x0,
    0x0, 0x0, 0x2, 0x22, 0x22, 0x22, 0x22, 0x22,
    0x22, 0x22, 0x21, 0x0, 0x0, 0x0, 0x0, 0x4f,
    0xff, 0xff, 0xff, 0xff, 0xff, 0xff, 0xff, 0xfd,
    0x0, 0x0, 0x0, 0x0, 0x4f, 0xff, 0xff, 0xff,
    0xff, 0xff, 0xff, 0xff, 0xfc, 0x0, 0x0, 0x0,
    0x0, 0x0, 0x0, 0x0, 0x0, 0x0, 0x0, 0x0,
    0x0, 0x0, 0x0, 0x0, 0x0, 0x0, 0x0, 0x0,
    0x0, 0x0, 0x0, 0x0, 0x0, 0x0, 0x0, 0x0,
    0x0, 0x0, 0x0, 0x4f, 0xff, 0xff, 0xff, 0xff,
    0xff, 0xff, 0xff, 0xfd, 0x0, 0x0, 0x0, 0x0,
    0x4f, 0xff, 0xff, 0xff, 0xff, 0xff, 0xff, 0xff,
    0xfd, 0x0, 0x0, 0x0, 0x0, 0x1, 0x11, 0x11,
    0x11, 0x11, 0x11, 0x11, 0x11, 0x11, 0x0, 0x0,
    0x0, 0x0, 0x0, 0x0, 0x0, 0x0, 0x0, 0x0,
    0x0, 0x0, 0x0, 0x0, 0x0, 0x0, 0x0, 0x7d,
    0xdd, 0xdd, 0xdd, 0xdd, 0xdd, 0xdd, 0xdd, 0xdd,
    0x10, 0x0, 0x0, 0x0, 0x9f, 0xff, 0xff, 0xff,
    0xff, 0xff, 0xff, 0xff, 0xff, 0x20, 0x0, 0x0,
    0x0, 0x9f, 0xf5, 0x55, 0x55, 0x55, 0x55, 0x55,
    0x5a, 0xff, 0x20, 0x0, 0x0, 0x0, 0x9f, 0xf0,
    0x0, 0x0, 0x0, 0x0, 0x0, 0x8, 0xff, 0x20,
    0x0, 0x0, 0x0, 0x9f, 0xf0, 0x0, 0x0, 0x0,
    0x0, 0x0, 0x8, 0xff, 0x20, 0x0, 0x0, 0x0,
    0x9f, 0xf1, 0x11, 0x11, 0x11, 0x11, 0x11, 0x18,
    0xff, 0x20, 0x0, 0x0, 0x0, 0x9f, 0xff, 0xff,
    0xff, 0xff, 0xff, 0xff, 0xff, 0xff, 0x20, 0x0,
    0x0, 0x0, 0x9f, 0xff, 0xff, 0xff, 0xff, 0xff,
    0xff, 0xff, 0xff, 0x20, 0x0, 0x0, 0x0, 0x9f,
    0xf1, 0x11, 0x11, 0x11, 0x11, 0x11, 0x18, 0xff,
    0x20, 0x0, 0x0, 0x0, 0x1, 0x10, 0x0, 0x0,
    0x0, 0x0, 0x0, 0x0, 0x0, 0x0, 0x0,

    /* U+8BA1 "计" */
    0x0, 0x0, 0x10, 0x0, 0x0, 0x0, 0x0, 0x0,
    0x99, 0x60, 0x0, 0x0, 0x0, 0x0, 0x9, 0xe4,
    0x0, 0x0, 0x0, 0x0, 0x0, 0xff, 0xb0, 0x0,
    0x0, 0x0, 0x0, 0x3f, 0xff, 0x50, 0x0, 0x0,
    0x0, 0x0, 0xff, 0xb0, 0x0, 0x0, 0x0, 0x0,
    0x4, 0xff, 0xf7, 0x0, 0x0, 0x0, 0x0, 0xff,
    0xb0, 0x0, 0x0, 0x0, 0x0, 0x0, 0x3e, 0xff,
    0x60, 0x0, 0x0, 0x0, 0xff, 0xb0, 0x0, 0x0,
    0x0, 0x0, 0x0, 0x3, 0xff, 0x30, 0x0, 0x0,
    0x0, 0xff, 0xb0, 0x0, 0x0, 0x0, 0x0, 0x0,
    0x0, 0x44, 0x0, 0x0, 0x0, 0x0, 0xff, 0xb0,
    0x0, 0x0, 0x0, 0x0, 0x0, 0x0, 0x0, 0x0,
    0x0, 0x0, 0x0, 0xff, 0xb0, 0x0, 0x0, 0x0,
    0x0, 0x0, 0x0, 0x0, 0x0, 0x0, 0x0, 0x0,
    0xff, 0xb0, 0x0, 0x0, 0x0, 0xdf, 0xff, 0xff,
    0xf1, 0x9, 0xaa, 0xaa, 0xaa, 0xff, 0xea, 0xaa,
    0xaa, 0xa5, 0xdf, 0xff, 0xff, 0xf1, 0xe, 0xff,
    0xff, 0xff, 0xff, 0xff, 0xff, 0xff, 0xf8, 0x78,
    0x88, 0xcf, 0xf1, 0xe, 0xff, 0xff, 0xff, 0xff,
    0xff, 0xff, 0xff, 0xf8, 0x0, 0x0, 0x9f, 0xf1,
    0x0, 0x0, 0x0, 0x1, 0xff, 0xb0, 0x0, 0x0,
    0x0, 0x0, 0x0, 0x9f, 0xf1, 0x0, 0x0, 0x0,
    0x0, 0xff, 0xb0, 0x0, 0x0, 0x0, 0x0, 0x0,
    0x9f, 0xf1, 0x0, 0x0, 0x0, 0x0, 0xff, 0xb0,
    0x0, 0x0, 0x0, 0x0, 0x0, 0x9f, 0xf1, 0x0,
    0x0, 0x0, 0x0, 0xff, 0xb0, 0x0, 0x0, 0x0,
    0x0, 0x0, 0x9f, 0xf1, 0x0, 0x0, 0x0, 0x0,
    0xff, 0xb0, 0x0, 0x0, 0x0, 0x0, 0x0, 0x9f,
    0xf1, 0x0, 0x0, 0x0, 0x0, 0xff, 0xb0, 0x0,
    0x0, 0x0, 0x0, 0x0, 0x9f, 0xf1, 0x7, 0x30,
    0x0, 0x0, 0xff, 0xb0, 0x0, 0x0, 0x0, 0x0,
    0x0, 0x9f, 0xf2, 0xbf, 0x80, 0x0, 0x0, 0xff,
    0xb0, 0x0, 0x0, 0x0, 0x0, 0x0, 0x9f, 0xfe,
    0xff, 0xa0, 0x0, 0x0, 0xff, 0xb0, 0x0, 0x0,
    0x0, 0x0, 0x0, 0xbf, 0xff, 0xf8, 0x0, 0x0,
    0x0, 0xff, 0xb0, 0x0, 0x0, 0x0, 0x0, 0x4,
    0xff, 0xfe, 0x40, 0x0, 0x0, 0x0, 0xff, 0xb0,
    0x0, 0x0, 0x0, 0x0, 0xc, 0xff, 0xb1, 0x0,
    0x0, 0x0, 0x0, 0xff, 0xb0, 0x0, 0x0, 0x0,
    0x0, 0x3, 0xf8, 0x0, 0x0, 0x0, 0x0, 0x0,
    0xff, 0xb0, 0x0, 0x0, 0x0, 0x0, 0x0, 0x40,
    0x0, 0x0, 0x0, 0x0, 0x0, 0xff, 0xb0, 0x0,
    0x0, 0x0,

    /* U+8BA4 "认" */
    0x0, 0x0, 0x0, 0x0, 0x0, 0x0, 0x0, 0x0,
    0x78, 0x60, 0x0, 0x0, 0x0, 0x0, 0x0, 0x3e,
    0x40, 0x0, 0x0, 0x0, 0x0, 0xe, 0xfc, 0x0,
    0x0, 0x0, 0x0, 0x0, 0xe, 0xff, 0x60, 0x0,
    0x0, 0x0, 0x0, 0xef, 0xb0, 0x0, 0x0, 0x0,
    0x0, 0x0, 0x3e, 0xff, 0x70, 0x0, 0x0, 0x0,
    0xe, 0xfb, 0x0, 0x0, 0x0, 0x0, 0x0, 0x0,
    0x3e, 0xff, 0x80, 0x0, 0x0, 0x0, 0xef, 0xb0,
    0x0, 0x0, 0x0, 0x0, 0x0, 0x0, 0x2e, 0xf4,
    0x0, 0x0, 0x0, 0xe, 0xfa, 0x0, 0x0, 0x0,
    0x0, 0x0, 0x0, 0x0, 0x34, 0x0, 0x0, 0x0,
    0x0, 0xff, 0x90, 0x0, 0x0, 0x0, 0x0, 0x0,
    0x0, 0x0, 0x0, 0x0, 0x0, 0x0, 0xf, 0xf9,
    0x0, 0x0, 0x0, 0x0, 0x0, 0x0, 0x0, 0x0,
    0x0, 0x0, 0x0, 0x1, 0xff, 0x80, 0x0, 0x0,
    0x0, 0xa, 0xff, 0xff, 0xff, 0x40, 0x0, 0x0,
    0x0, 0x2f, 0xfa, 0x0, 0x0, 0x0, 0x0, 0xaf,
    0xff, 0xff, 0xf5, 0x0, 0x0, 0x0, 0x3, 0xff,
    0xc0, 0x0, 0x0, 0x0, 0x5, 0x88, 0x89, 0xff,
    0x50, 0x0, 0x0, 0x0, 0x5f, 0xff, 0x0, 0x0,
    0x0, 0x0, 0x0, 0x0, 0x2f, 0xf5, 0x0, 0x0,
    0x0, 0x7, 0xff, 0xf2, 0x0, 0x0, 0x0, 0x0,
    0x0, 0x2, 0xff, 0x50, 0x0, 0x0, 0x0, 0x9f,
    0xff, 0x60, 0x0, 0x0, 0x0, 0x0, 0x0, 0x2f,
    0xf5, 0x0, 0x0, 0x0, 0xd, 0xff, 0xfa, 0x0,
    0x0, 0x0, 0x0, 0x0, 0x2, 0xff, 0x50, 0x0,
    0x0, 0x1, 0xff, 0xff, 0xf0, 0x0, 0x0, 0x0,
    0x0, 0x0, 0x2f, 0xf5, 0x0, 0x0, 0x0, 0x5f,
    0xf6, 0xff, 0x50, 0x0, 0x0, 0x0, 0x0, 0x2,
    0xff, 0x50, 0x0, 0x0, 0xb, 0xff, 0xc, 0xfc,
    0x0, 0x0, 0x0, 0x0, 0x0, 0x2f, 0xf5, 0x5,
    0x60, 0x2, 0xff, 0xa0, 0x6f, 0xf4, 0x0, 0x0,
    0x0, 0x0, 0x2, 0xff, 0x6a, 0xfd, 0x0, 0xaf,
    0xf3, 0x0, 0xef, 0xc0, 0x0, 0x0, 0x0, 0x0,
    0x2f, 0xff, 0xff, 0xb0, 0x3f, 0xfc, 0x0, 0x7,
    0xff, 0x70, 0x0, 0x0, 0x0, 0x5, 0xff, 0xff,
    0x70, 0x1d, 0xff, 0x40, 0x0, 0xe, 0xff, 0x30,
    0x0, 0x0, 0x0, 0xdf, 0xfd, 0x30, 0xb, 0xff,
    0xa0, 0x0, 0x0, 0x4f, 0xfe, 0x20, 0x0, 0x0,
    0x8f, 0xfa, 0x0, 0x1c, 0xff, 0xd0, 0x0, 0x0,
    0x0, 0x8f, 0xff, 0x40, 0x0, 0x0, 0xd6, 0x0,
    0x5, 0xff, 0xe2, 0x0, 0x0, 0x0, 0x0, 0xaf,
    0xfa, 0x0, 0x0, 0x0, 0x0, 0x0, 0x4, 0xc1,
    0x0, 0x0, 0x0, 0x0, 0x0, 0x8a, 0x0, 0x0,
    0x0, 0x0, 0x0, 0x0, 0x0, 0x0, 0x0, 0x0,
    0x0, 0x0, 0x0, 0x0, 0x0,

    /* U+8BBE "设" */
    0x0, 0x9, 0x80, 0x0, 0x0, 0x0, 0x37, 0x77,
    0x77, 0x77, 0x76, 0x0, 0x0, 0x0, 0x7, 0xff,
    0xa0, 0x0, 0x0, 0x7, 0xff, 0xff, 0xff, 0xff,
    0xe0, 0x0, 0x0, 0x0, 0xa, 0xff, 0xb0, 0x0,
    0x0, 0x7f, 0xff, 0xff, 0xff, 0xfe, 0x0, 0x0,
    0x0, 0x0, 0xa, 0xff, 0xb0, 0x0, 0x7, 0xfe,
    0x0, 0x0, 0x8f, 0xe0, 0x0, 0x0, 0x0, 0x0,
    0xa, 0xfd, 0x10, 0x0, 0x9f, 0xd0, 0x0, 0x8,
    0xfe, 0x0, 0x0, 0x0, 0x0, 0x0, 0xa, 0x10,
    0x0, 0xc, 0xfb, 0x0, 0x0, 0x8f, 0xe0, 0x0,
    0x0, 0x0, 0x0, 0x0, 0x0, 0x0, 0x4, 0xff,
    0x70, 0x0, 0x8, 0xfe, 0x0, 0x0, 0x0, 0x0,
    0x0, 0x0, 0x0, 0x2, 0xef, 0xf1, 0x0, 0x0,
    0x8f, 0xf4, 0x34, 0x20, 0xaf, 0xff, 0xff, 0x60,
    0x6, 0xff, 0xf7, 0x0, 0x0, 0x5, 0xff, 0xff,
    0xf9, 0xb, 0xff, 0xff, 0xf6, 0x4, 0xff, 0xf8,
    0x0, 0x0, 0x0, 0x9, 0xee, 0xfe, 0x80, 0x68,
    0x89, 0xff, 0x60, 0x6, 0xd5, 0x0, 0x0, 0x0,
    0x0, 0x0, 0x0, 0x0, 0x0, 0x0, 0x1f, 0xf6,
    0x0, 0x15, 0x55, 0x55, 0x55, 0x55, 0x55, 0x55,
    0x10, 0x0, 0x0, 0x1, 0xff, 0x60, 0x4, 0xff,
    0xff, 0xff, 0xff, 0xff, 0xff, 0xff, 0x30, 0x0,
    0x0, 0x1f, 0xf6, 0x0, 0x4f, 0xff, 0xff, 0xff,
    0xff, 0xff, 0xff, 0xe0, 0x0, 0x0, 0x1, 0xff,
    0x60, 0x0, 0x2f, 0xf7, 0x11, 0x11, 0x11, 0x4f,
    0xf8, 0x0, 0x0, 0x0, 0x1f, 0xf6, 0x0, 0x0,
    0x9f, 0xe1, 0x0, 0x0, 0xc, 0xff, 0x10, 0x0,
    0x0, 0x1, 0xff, 0x60, 0x0, 0x1, 0xff, 0xb0,
    0x0, 0x7, 0xff, 0x70, 0x0, 0x0, 0x0, 0x1f,
    0xf6, 0x2, 0x30, 0x7, 0xff, 0x90, 0x5, 0xff,
    0xc0, 0x0, 0x0, 0x0, 0x1, 0xff, 0x64, 0xea,
    0x0, 0xb, 0xff, 0x96, 0xff, 0xe1, 0x0, 0x0,
    0x0, 0x0, 0x1f, 0xfd, 0xff, 0xe0, 0x0, 0xc,
    0xff, 0xff, 0xe3, 0x0, 0x0, 0x0, 0x0, 0x2,
    0xff, 0xff, 0xc2, 0x0, 0x0, 0x6f, 0xff, 0xf9,
    0x0, 0x0, 0x0, 0x0, 0x0, 0x9f, 0xff, 0xa0,
    0x0, 0x5, 0xcf, 0xff, 0xff, 0xfe, 0x71, 0x0,
    0x0, 0x0, 0x3f, 0xff, 0x70, 0x16, 0xbf, 0xff,
    0xfe, 0x65, 0xef, 0xff, 0xfb, 0x62, 0x0, 0x0,
    0xcf, 0x40, 0x6, 0xff, 0xff, 0xe7, 0x0, 0x0,
    0x7e, 0xff, 0xff, 0x90, 0x0, 0x3, 0x30, 0x0,
    0xd, 0xe9, 0x30, 0x0, 0x0, 0x0, 0x5, 0xbf,
    0xe0, 0x0, 0x0, 0x0, 0x0, 0x0, 0x10, 0x0,
    0x0, 0x0, 0x0, 0x0, 0x0, 0x2, 0x0,

    /* U+8BCD "词" */
    0x0, 0x8, 0x0, 0x0, 0x2, 0x22, 0x22, 0x22,
    0x22, 0x22, 0x22, 0x22, 0x10, 0xb, 0xfc, 0x10,
    0x0, 0xef, 0xff, 0xff, 0xff, 0xff, 0xff, 0xff,
    0xf9, 0x0, 0x7f, 0xfd, 0x10, 0xe, 0xff, 0xff,
    0xff, 0xff, 0xff, 0xff, 0xff, 0x90, 0x0, 0x7f,
    0xfd, 0x10, 0x34, 0x44, 0x44, 0x44, 0x44, 0x44,
    0x4f, 0xf9, 0x0, 0x0, 0x7f, 0xf9, 0x0, 0x0,
    0x0, 0x0, 0x0, 0x0, 0x0, 0xef, 0x90, 0x0,
    0x0, 0x9c, 0x0, 0x4, 0x44, 0x44, 0x44, 0x44,
    0x42, 0xe, 0xf9, 0x0, 0x0, 0x0, 0x0, 0x1,
    0xff, 0xff, 0xff, 0xff, 0xff, 0x80, 0xef, 0x90,
    0x0, 0x0, 0x0, 0x0, 0x1f, 0xff, 0xff, 0xff,
    0xff, 0xf7, 0xe, 0xf9, 0x8c, 0xcc, 0xcc, 0x60,
    0x0, 0x0, 0x0, 0x0, 0x0, 0x0, 0x0, 0xef,
    0x9b, 0xff, 0xff, 0xf8, 0x0, 0x0, 0x0, 0x0,
    0x0, 0x0, 0x0, 0xe, 0xf9, 0x46, 0x66, 0xff,
    0x80, 0x0, 0x1e, 0xee, 0xee, 0xee, 0xe5, 0x0,
    0xef, 0x90, 0x0, 0xe, 0xf8, 0x0, 0x1, 0xff,
    0xff, 0xff, 0xff, 0x50, 0xe, 0xf9, 0x0, 0x0,
    0xef, 0x80, 0x0, 0x1f, 0xf7, 0x55, 0x5f, 0xf5,
    0x0, 0xef, 0x90, 0x0, 0xe, 0xf8, 0x0, 0x1,
    0xff, 0x30, 0x0, 0xff, 0x50, 0xe, 0xf9, 0x0,
    0x0, 0xef, 0x80, 0x0, 0x1f, 0xf3, 0x0, 0xf,
    0xf5, 0x0, 0xef, 0x90, 0x0, 0xe, 0xf8, 0x0,
    0x1, 0xff, 0x30, 0x0, 0xff, 0x50, 0xe, 0xf9,
    0x0, 0x0, 0xef, 0x80, 0x0, 0x1f, 0xf3, 0x0,
    0xf, 0xf5, 0x0, 0xef, 0x90, 0x0, 0xe, 0xf8,
    0x2, 0x11, 0xff, 0xff, 0xff, 0xff, 0x50, 0xe,
    0xf9, 0x0, 0x0, 0xef, 0x85, 0xe6, 0x1f, 0xff,
    0xff, 0xff, 0xf5, 0x0, 0xef, 0x90, 0x0, 0xe,
    0xfe, 0xff, 0xc1, 0xff, 0x64, 0x44, 0x44, 0x10,
    0xe, 0xf9, 0x0, 0x1, 0xff, 0xff, 0xb1, 0x1e,
    0xe2, 0x0, 0x0, 0x0, 0x0, 0xef, 0x90, 0x0,
    0x8f, 0xff, 0x80, 0x0, 0x0, 0x0, 0x0, 0x0,
    0x0, 0xe, 0xf8, 0x0, 0x3f, 0xfe, 0x40, 0x0,
    0x0, 0x0, 0x0, 0x0, 0x77, 0x78, 0xff, 0x80,
    0x0, 0xbd, 0x10, 0x0, 0x0, 0x0, 0x0, 0x0,
    0xc, 0xff, 0xff, 0xf4, 0x0, 0x1, 0x10, 0x0,
    0x0, 0x0, 0x0, 0x0, 0x0, 0x7f, 0xff, 0xd7,
    0x0, 0x0, 0x0, 0x0, 0x0, 0x0, 0x0, 0x0,
    0x0, 0x0, 0x10, 0x0, 0x0,

    /* U+8BD7 "诗" */
    0x0, 0x0, 0x0, 0x0, 0x0, 0x0, 0x0, 0x0,
    0x67, 0x40, 0x0, 0x0, 0x0, 0x0, 0x1b, 0x30,
    0x0, 0x0, 0x0, 0x0, 0x0, 0xef, 0xa0, 0x0,
    0x0, 0x0, 0x0, 0xdf, 0xf4, 0x0, 0x0, 0x0,
    0x0, 0x0, 0xef, 0xa0, 0x0, 0x0, 0x0, 0x0,
    0x4f, 0xff, 0x40, 0x0, 0x1, 0x11, 0x11, 0xef,
    0xa1, 0x11, 0x11, 0x0, 0x0, 0x3, 0xff, 0xf4,
    0x0, 0xbf, 0xff, 0xff, 0xff, 0xff, 0xff, 0xff,
    0xa0, 0x0, 0x0, 0x4f, 0xf8, 0x0, 0xbf, 0xff,
    0xff, 0xff, 0xff, 0xff, 0xff, 0xa0, 0x0, 0x0,
    0x5, 0x90, 0x0, 0x35, 0x55, 0x55, 0xef, 0xc5,
    0x55, 0x55, 0x30, 0x0, 0x0, 0x0, 0x0, 0x0,
    0x0, 0x0, 0x0, 0xef, 0xa0, 0x0, 0x0, 0x0,
    0x0, 0x0, 0x0, 0x0, 0x0, 0x0, 0x0, 0x0,
    0xef, 0xa0, 0x0, 0x0, 0x0, 0xaf, 0xff, 0xff,
    0x60, 0x6c, 0xcc, 0xcc, 0xcc, 0xff, 0xec, 0xcc,
    0xcc, 0xcb, 0xbf, 0xff, 0xff, 0x70, 0x8f, 0xff,
    0xff, 0xff, 0xff, 0xff, 0xff, 0xff, 0xfe, 0x58,
    0x89, 0xff, 0x70, 0x49, 0x99, 0x99, 0x99, 0x99,
    0x9a, 0xff, 0xb9, 0x98, 0x0, 0x1, 0xff, 0x70,
    0x0, 0x0, 0x0, 0x0, 0x0, 0x2, 0xff, 0x50,
    0x0, 0x0, 0x1, 0xff, 0x70, 0x0, 0x0, 0x0,
    0x0, 0x0, 0x2, 0xff, 0x50, 0x0, 0x0, 0x1,
    0xff, 0x70, 0x6, 0x66, 0x66, 0x66, 0x66, 0x68,
    0xff, 0x96, 0x64, 0x0, 0x1, 0xff, 0x70, 0xf,
    0xff, 0xff, 0xff, 0xff, 0xff, 0xff, 0xff, 0xfc,
    0x0, 0x1, 0xff, 0x70, 0xe, 0xff, 0xff, 0xff,
    0xff, 0xff, 0xff, 0xff, 0xfb, 0x0, 0x1, 0xff,
    0x70, 0x0, 0x0, 0x75, 0x0, 0x0, 0x2, 0xff,
    0x50, 0x0, 0x0, 0x1, 0xff, 0x70, 0x40, 0xa,
    0xff, 0x30, 0x0, 0x2, 0xff, 0x50, 0x0, 0x0,
    0x1, 0xff, 0x79, 0xf4, 0x1, 0xef, 0xd0, 0x0,
    0x2, 0xff, 0x50, 0x0, 0x0, 0x1, 0xff, 0xff,
    0xf9, 0x0, 0x5f, 0xf9, 0x0, 0x2, 0xff, 0x50,
    0x0, 0x0, 0x3, 0xff, 0xff, 0x90, 0x0, 0xa,
    0xff, 0x20, 0x2, 0xff, 0x50, 0x0, 0x0, 0x9,
    0xff, 0xf6, 0x0, 0x0, 0x2, 0xd5, 0x0, 0x2,
    0xff, 0x50, 0x0, 0x0, 0x5f, 0xfe, 0x30, 0x0,
    0x0, 0x0, 0x0, 0x66, 0x69, 0xff, 0x50, 0x0,
    0x0, 0x1e, 0xc1, 0x0, 0x0, 0x0, 0x0, 0x0,
    0xcf, 0xff, 0xff, 0x20, 0x0, 0x0, 0x2, 0x0,
    0x0, 0x0, 0x0, 0x0, 0x0, 0x7f, 0xff, 0xc6,
    0x0, 0x0, 0x0, 0x0, 0x0, 0x0, 0x0, 0x0,
    0x0, 0x0, 0x1, 0x0, 0x0, 0x0, 0x0,

    /* U+8BDD "话" */
    0x0, 0x0, 0x0, 0x0, 0x0, 0x0, 0x0, 0x0,
    0x0, 0x0, 0x1, 0x50, 0x0, 0x0, 0x3b, 0x10,
    0x0, 0x0, 0x0, 0x0, 0x0, 0x14, 0x7a, 0xdf,
    0xf8, 0x0, 0x1, 0xff, 0xd2, 0x0, 0x2, 0x56,
    0x8a, 0xcf, 0xff, 0xff, 0xff, 0xfe, 0x20, 0x0,
    0x6f, 0xfe, 0x20, 0x8, 0xff, 0xff, 0xff, 0xff,
    0xfc, 0x96, 0x30, 0x0, 0x0, 0x6, 0xff, 0xe2,
    0x3, 0xfd, 0xca, 0x86, 0xff, 0xb0, 0x0, 0x0,
    0x0, 0x0, 0x0, 0x6f, 0xe2, 0x0, 0x0, 0x0,
    0x0, 0xef, 0xb0, 0x0, 0x0, 0x0, 0x0, 0x0,
    0x7, 0x20, 0x0, 0x0, 0x0, 0x0, 0xef, 0xb0,
    0x0, 0x0, 0x0, 0x0, 0x0, 0x0, 0x0, 0x0,
    0x0, 0x0, 0x0, 0xef, 0xb0, 0x0, 0x0, 0x0,
    0x0, 0x0, 0x0, 0x0, 0x2, 0x22, 0x22, 0x22,
    0xef, 0xb2, 0x22, 0x22, 0x21, 0xaf, 0xff, 0xff,
    0x40, 0xe, 0xff, 0xff, 0xff, 0xff, 0xff, 0xff,
    0xff, 0xfc, 0xbf, 0xff, 0xff, 0x50, 0xe, 0xff,
    0xff, 0xff, 0xff, 0xff, 0xff, 0xff, 0xfc, 0x68,
    0x89, 0xff, 0x50, 0x4, 0x55, 0x55, 0x55, 0xff,
    0xc5, 0x55, 0x55, 0x54, 0x0, 0x2, 0xff, 0x50,
    0x0, 0x0, 0x0, 0x0, 0xef, 0xb0, 0x0, 0x0,
    0x0, 0x0, 0x2, 0xff, 0x50, 0x0, 0x0, 0x0,
    0x0, 0xef, 0xb0, 0x0, 0x0, 0x0, 0x0, 0x2,
    0xff, 0x50, 0x0, 0x0, 0x0, 0x0, 0xef, 0xb0,
    0x0, 0x0, 0x0, 0x0, 0x2, 0xff, 0x50, 0x0,
    0x14, 0x44, 0x44, 0xff, 0xc4, 0x44, 0x44, 0x10,
    0x0, 0x2, 0xff, 0x50, 0x0, 0x6f, 0xff, 0xff,
    0xff, 0xff, 0xff, 0xff, 0x50, 0x0, 0x2, 0xff,
    0x50, 0x0, 0x6f, 0xff, 0xff, 0xff, 0xff, 0xff,
    0xff, 0x50, 0x0, 0x2, 0xff, 0x50, 0x91, 0x6f,
    0xf4, 0x11, 0x11, 0x11, 0x17, 0xff, 0x50, 0x0,
    0x2, 0xff, 0x6c, 0xf8, 0x6f, 0xf3, 0x0, 0x0,
    0x0, 0x6, 0xff, 0x50, 0x0, 0x2, 0xff, 0xff,
    0xf9, 0x6f, 0xf3, 0x0, 0x0, 0x0, 0x6, 0xff,
    0x50, 0x0, 0x4, 0xff, 0xff, 0x60, 0x6f, 0xf3,
    0x0, 0x0, 0x0, 0x6, 0xff, 0x50, 0x0, 0xc,
    0xff, 0xe4, 0x0, 0x6f, 0xf6, 0x33, 0x33, 0x33,
    0x38, 0xff, 0x50, 0x0, 0x6f, 0xfd, 0x20, 0x0,
    0x6f, 0xff, 0xff, 0xff, 0xff, 0xff, 0xff, 0x50,
    0x0, 0xc, 0xc1, 0x0, 0x0, 0x6f, 0xff, 0xff,
    0xff, 0xff, 0xff, 0xff, 0x50, 0x0, 0x2, 0x0,
    0x0, 0x0, 0x6f, 0xf5, 0x22, 0x22, 0x22, 0x27,
    0xff, 0x50, 0x0, 0x0, 0x0, 0x0, 0x0, 0x1,
    0x10, 0x0, 0x0, 0x0, 0x0, 0x0, 0x0,

    /* U+8BED "语" */
    0x0, 0x17, 0x0, 0x0, 0x5, 0x55, 0x55, 0x55,
    0x55, 0x55, 0x55, 0x55, 0x40, 0x1, 0xdf, 0xa0,
    0x0, 0x1f, 0xff, 0xff, 0xff, 0xff, 0xff, 0xff,
    0xff, 0xe0, 0x0, 0xbf, 0xfb, 0x0, 0xf, 0xff,
    0xff, 0xff, 0xff, 0xff, 0xff, 0xff, 0xd0, 0x0,
    0xa, 0xff, 0xb0, 0x0, 0x0, 0x0, 0xcf, 0xd0,
    0x0, 0x0, 0x0, 0x0, 0x0, 0x0, 0xaf, 0xf6,
    0x0, 0x0, 0x0, 0xff, 0xa0, 0x0, 0x0, 0x0,
    0x0, 0x0, 0x0, 0xb, 0xa0, 0x0, 0x55, 0x56,
    0xff, 0xa5, 0x55, 0x56, 0x50, 0x0, 0x0, 0x0,
    0x0, 0x0, 0x1, 0xff, 0xff, 0xff, 0xff, 0xff,
    0xff, 0xf1, 0x0, 0x0, 0x0, 0x0, 0x0, 0x1,
    0xee, 0xef, 0xff, 0xee, 0xee, 0xff, 0xf0, 0x0,
    0x7b, 0xbb, 0xbb, 0x30, 0x0, 0x0, 0xd, 0xfc,
    0x0, 0x0, 0x8f, 0xe0, 0x0, 0xbf, 0xff, 0xff,
    0x50, 0x0, 0x0, 0x1f, 0xf8, 0x0, 0x0, 0xaf,
    0xd0, 0x0, 0x69, 0x9a, 0xff, 0x50, 0x11, 0x11,
    0x6f, 0xf5, 0x11, 0x11, 0xcf, 0xb1, 0x11, 0x0,
    0x1, 0xff, 0x50, 0xff, 0xff, 0xff, 0xff, 0xff,
    0xff, 0xff, 0xff, 0xfd, 0x0, 0x1, 0xff, 0x50,
    0xff, 0xff, 0xff, 0xff, 0xff, 0xff, 0xff, 0xff,
    0xfd, 0x0, 0x1, 0xff, 0x50, 0x44, 0x44, 0x44,
    0x44, 0x44, 0x44, 0x44, 0x44, 0x43, 0x0, 0x1,
    0xff, 0x50, 0x0, 0x0, 0x0, 0x0, 0x0, 0x0,
    0x0, 0x0, 0x0, 0x0, 0x1, 0xff, 0x50, 0x0,
    0xce, 0xee, 0xee, 0xee, 0xee, 0xee, 0xee, 0x0,
    0x0, 0x1, 0xff, 0x50, 0x0, 0xdf, 0xff, 0xff,
    0xff, 0xff, 0xff, 0xff, 0x0, 0x0, 0x1, 0xff,
    0x50, 0x1, 0xdf, 0xb5, 0x55, 0x55, 0x55, 0x5b,
    0xff, 0x0, 0x0, 0x1, 0xff, 0x51, 0xa9, 0xdf,
    0x90, 0x0, 0x0, 0x0, 0x9, 0xff, 0x0, 0x0,
    0x1, 0xff, 0x9e, 0xfd, 0xdf, 0x90, 0x0, 0x0,
    0x0, 0x9, 0xff, 0x0, 0x0, 0x2, 0xff, 0xff,
    0xf6, 0xdf, 0x90, 0x0, 0x0, 0x0, 0x9, 0xff,
    0x0, 0x0, 0x8, 0xff, 0xfd, 0x20, 0xdf, 0xa1,
    0x11, 0x11, 0x11, 0x1a, 0xff, 0x0, 0x0, 0xe,
    0xff, 0x80, 0x0, 0xdf, 0xff, 0xff, 0xff, 0xff,
    0xff, 0xff, 0x0, 0x0, 0x6, 0xe4, 0x0, 0x0,
    0xdf, 0xff, 0xff, 0xff, 0xff, 0xff, 0xff, 0x0,
    0x0, 0x0, 0x20, 0x0, 0x0, 0xdf, 0xa2, 0x22,
    0x22, 0x22, 0x2a, 0xff, 0x0, 0x0, 0x0, 0x0,
    0x0, 0x0, 0x11, 0x0, 0x0, 0x0, 0x0, 0x0,
    0x0, 0x0,

    /* U+8BF4 "说" */
    0x0, 0x0, 0x0, 0x0, 0x0, 0x0, 0x50, 0x0,
    0x0, 0x0, 0x53, 0x0, 0x0, 0x0, 0x1c, 0x40,
    0x0, 0x0, 0x2e, 0xf8, 0x0, 0x0, 0x0, 0xff,
    0xd0, 0x0, 0x0, 0xcf, 0xf6, 0x0, 0x0, 0xb,
    0xff, 0x30, 0x0, 0x5, 0xff, 0x80, 0x0, 0x0,
    0x2e, 0xff, 0x60, 0x0, 0x2, 0xff, 0xd0, 0x0,
    0xc, 0xff, 0x10, 0x0, 0x0, 0x2, 0xef, 0xf5,
    0x0, 0x0, 0x9f, 0xf5, 0x0, 0x3f, 0xf9, 0x0,
    0x0, 0x0, 0x0, 0x3f, 0xfb, 0x0, 0x0, 0x3f,
    0xa3, 0x0, 0xaf, 0xf2, 0x0, 0x0, 0x0, 0x0,
    0x4, 0xb0, 0x7, 0xff, 0xff, 0xff, 0xff, 0xff,
    0xff, 0xf9, 0x0, 0x0, 0x0, 0x0, 0x0, 0x7,
    0xff, 0xff, 0xff, 0xff, 0xff, 0xff, 0xf9, 0x0,
    0x0, 0x0, 0x0, 0x0, 0x7, 0xff, 0x44, 0x44,
    0x44, 0x44, 0x4f, 0xf9, 0x0, 0xaf, 0xff, 0xff,
    0xa0, 0x7, 0xff, 0x10, 0x0, 0x0, 0x0, 0xf,
    0xf9, 0x0, 0xbf, 0xff, 0xff, 0xb0, 0x7, 0xff,
    0x10, 0x0, 0x0, 0x0, 0xf, 0xf9, 0x0, 0x69,
    0x99, 0xff, 0xb0, 0x7, 0xff, 0x10, 0x0, 0x0,
    0x0, 0xf, 0xf9, 0x0, 0x0, 0x0, 0xef, 0xb0,
    0x7, 0xff, 0x32, 0x22, 0x22, 0x22, 0x2f, 0xf9,
    0x0, 0x0, 0x0, 0xef, 0xb0, 0x7, 0xff, 0xff,
    0xff, 0xff, 0xff, 0xff, 0xf9, 0x0, 0x0, 0x0,
    0xef, 0xb0, 0x7, 0xff, 0xff, 0xff, 0xff, 0xff,
    0xff, 0xf9, 0x0, 0x0, 0x0, 0xef, 0xb0, 0x1,
    0x22, 0x4f, 0xf9, 0x23, 0xff, 0x82, 0x21, 0x0,
    0x0, 0x0, 0xef, 0xb0, 0x0, 0x0, 0x4f, 0xf6,
    0x1, 0xff, 0x70, 0x0, 0x0, 0x0, 0x0, 0xef,
    0xb0, 0x1, 0x0, 0x6f, 0xf4, 0x1, 0xff, 0x70,
    0x0, 0x0, 0x0, 0x0, 0xef, 0xb0, 0x8c, 0x0,
    0x9f, 0xf1, 0x1, 0xff, 0x70, 0x0, 0x0, 0x0,
    0x0, 0xef, 0xcb, 0xff, 0x20, 0xef, 0xe0, 0x1,
    0xff, 0x70, 0x0, 0x0, 0x0, 0x0, 0xff, 0xff,
    0xfc, 0x14, 0xff, 0x80, 0x1, 0xff, 0x70, 0x5,
    0x40, 0x0, 0x3, 0xff, 0xff, 0x90, 0xd, 0xff,
    0x20, 0x1, 0xff, 0x70, 0x8, 0xfb, 0x0, 0x1d,
    0xff, 0xf5, 0x0, 0xaf, 0xf9, 0x0, 0x1, 0xff,
    0x70, 0x9, 0xfb, 0x0, 0x6f, 0xfe, 0x30, 0x3c,
    0xff, 0xd0, 0x0, 0x0, 0xff, 0xb6, 0x6e, 0xf8,
    0x0, 0xb, 0xc1, 0x6, 0xff, 0xfd, 0x10, 0x0,
    0x0, 0xdf, 0xff, 0xff, 0xf4, 0x0, 0x2, 0x10,
    0x0, 0xcf, 0x80, 0x0, 0x0, 0x0, 0x4d, 0xff,
    0xff, 0x90, 0x0, 0x0, 0x0, 0x0, 0x21, 0x0,
    0x0, 0x0, 0x0, 0x0, 0x0, 0x0, 0x0,

    /* U+8BF7 "请" */
    0x0, 0x0, 0x0, 0x0, 0x0, 0x0, 0x0, 0x0,
    0x44, 0x20, 0x0, 0x0, 0x0, 0x0, 0x8, 0x0,
    0x0, 0x0, 0x0, 0x0, 0x0, 0xff, 0x90, 0x0,
    0x0, 0x0, 0x0, 0xcf, 0xd1, 0x0, 0x0, 0x33,
    0x33, 0x33, 0xff, 0xb3, 0x33, 0x33, 0x30, 0x0,
    0x7f, 0xfe, 0x20, 0x3, 0xff, 0xff, 0xff, 0xff,
    0xff, 0xff, 0xff, 0xf1, 0x0, 0x5, 0xff, 0xe2,
    0x2, 0xbb, 0xbb, 0xbb, 0xff, 0xeb, 0xbb, 0xbb,
    0xb1, 0x0, 0x0, 0x5f, 0xf7, 0x0, 0x0, 0x0,
    0x0, 0xff, 0x90, 0x0, 0x0, 0x0, 0x0, 0x0,
    0x6, 0x80, 0x0, 0x8f, 0xff, 0xff, 0xff, 0xff,
    0xff, 0xff, 0x30, 0x0, 0x0, 0x0, 0x0, 0x0,
    0x6c, 0xcc, 0xcc, 0xff, 0xec, 0xcc, 0xcc, 0x20,
    0x0, 0x0, 0x0, 0x0, 0x0, 0x0, 0x0, 0x0,
    0xff, 0x90, 0x0, 0x0, 0x0, 0xbf, 0xff, 0xff,
    0x80, 0xb, 0xbb, 0xbb, 0xbb, 0xff, 0xeb, 0xbb,
    0xbb, 0xba, 0xcf, 0xff, 0xff, 0x90, 0x1f, 0xff,
    0xff, 0xff, 0xff, 0xff, 0xff, 0xff, 0xfe, 0x68,
    0x88, 0xff, 0x90, 0x4, 0x44, 0x44, 0x44, 0x44,
    0x44, 0x44, 0x44, 0x43, 0x0, 0x0, 0xef, 0x90,
    0x0, 0x1, 0x11, 0x11, 0x11, 0x11, 0x11, 0x10,
    0x0, 0x0, 0x0, 0xef, 0x90, 0x0, 0x2f, 0xff,
    0xff, 0xff, 0xff, 0xff, 0xfd, 0x0, 0x0, 0x0,
    0xef, 0x90, 0x0, 0x2f, 0xfe, 0xee, 0xee, 0xee,
    0xef, 0xfd, 0x0, 0x0, 0x0, 0xef, 0x90, 0x0,
    0x2f, 0xf4, 0x0, 0x0, 0x0, 0xa, 0xfd, 0x0,
    0x0, 0x0, 0xef, 0x90, 0x0, 0x2f, 0xfc, 0xbb,
    0xbb, 0xbb, 0xbe, 0xfd, 0x0, 0x0, 0x0, 0xef,
    0x90, 0x0, 0x2f, 0xff, 0xff, 0xff, 0xff, 0xff,
    0xfd, 0x0, 0x0, 0x0, 0xef, 0x90, 0x13, 0x2f,
    0xf5, 0x0, 0x0, 0x0, 0xa, 0xfd, 0x0, 0x0,
    0x0, 0xef, 0x93, 0xda, 0x2f, 0xf4, 0x0, 0x0,
    0x0, 0xa, 0xfd, 0x0, 0x0, 0x0, 0xef, 0xdf,
    0xff, 0x2f, 0xfd, 0xcc, 0xcc, 0xcc, 0xce, 0xfd,
    0x0, 0x0, 0x0, 0xff, 0xff, 0xe4, 0x2f, 0xff,
    0xff, 0xff, 0xff, 0xff, 0xfd, 0x0, 0x0, 0x5,
    0xff, 0xfc, 0x10, 0x2f, 0xf5, 0x0, 0x0, 0x0,
    0xa, 0xfd, 0x0, 0x0, 0x1f, 0xff, 0x90, 0x0,
    0x2f, 0xf4, 0x0, 0x0, 0x22, 0x2b, 0xfc, 0x0,
    0x0, 0xa, 0xf5, 0x0, 0x0, 0x2f, 0xf4, 0x0,
    0x0, 0xdf, 0xff, 0xfa, 0x0, 0x0, 0x1, 0x40,
    0x0, 0x0, 0x2f, 0xf4, 0x0, 0x0, 0x8f, 0xff,
    0xb2, 0x0, 0x0, 0x0, 0x0, 0x0, 0x0, 0x1,
    0x10, 0x0, 0x0, 0x0, 0x0, 0x0, 0x0,

    /* U+8BFB "读" */
    0x0, 0x0, 0x0, 0x0, 0x0, 0x0, 0x0, 0x0,
    0x77, 0x40, 0x0, 0x0, 0x0, 0x0, 0x2, 0xb2,
    0x0, 0x0, 0x0, 0x0, 0x0, 0xf, 0xf9, 0x0,
    0x0, 0x0, 0x0, 0x0, 0xef, 0xe4, 0x0, 0x0,
    0x1, 0x11, 0x11, 0xff, 0xa1, 0x11, 0x11, 0x0,
    0x0, 0x6, 0xff, 0xf5, 0x0, 0x9, 0xff, 0xff,
    0xff, 0xff, 0xff, 0xff, 0xf4, 0x0, 0x0, 0x4,
    0xff, 0xf5, 0x0, 0x9f, 0xff, 0xff, 0xff, 0xff,
    0xff, 0xff, 0x40, 0x0, 0x0, 0x4, 0xff, 0x80,
    0x1, 0x11, 0x11, 0x1f, 0xfa, 0x11, 0x11, 0x10,
    0x0, 0x0, 0x0, 0x4, 0x90, 0x0, 0x0, 0x0,
    0x0, 0xff, 0x90, 0x0, 0x0, 0x0, 0x0, 0x0,
    0x0, 0x0, 0x0, 0x6c, 0xcc, 0xcc, 0xcf, 0xfe,
    0xcc, 0xcc, 0xcb, 0x30, 0x0, 0x0, 0x0, 0x0,
    0x8, 0xff, 0xff, 0xff, 0xff, 0xff, 0xff, 0xff,
    0xf3, 0xc, 0xff, 0xff, 0xf5, 0x0, 0x36, 0x66,
    0x66, 0x66, 0x66, 0x66, 0x6b, 0xfe, 0x0, 0xcf,
    0xff, 0xff, 0x60, 0x0, 0x0, 0x84, 0x0, 0x29,
    0x92, 0x0, 0xbf, 0x90, 0x6, 0x88, 0x8f, 0xf6,
    0x0, 0x0, 0x3f, 0xfb, 0x13, 0xff, 0x40, 0xf,
    0xf3, 0x0, 0x0, 0x0, 0xff, 0x60, 0x0, 0x20,
    0x2b, 0xff, 0x8f, 0xf4, 0x3, 0xcc, 0x0, 0x0,
    0x0, 0xf, 0xf6, 0x0, 0x3f, 0xd4, 0x6, 0xe6,
    0xff, 0x40, 0x0, 0x0, 0x0, 0x0, 0x0, 0xff,
    0x60, 0x1, 0xaf, 0xf9, 0x0, 0x4f, 0xf4, 0x0,
    0x0, 0x0, 0x0, 0x0, 0xf, 0xf6, 0x0, 0x0,
    0x4e, 0xf8, 0x5, 0xff, 0x20, 0x0, 0x0, 0x0,
    0x0, 0x0, 0xff, 0x60, 0x4, 0x44, 0x6e, 0x54,
    0xaf, 0xf5, 0x44, 0x44, 0x42, 0x0, 0x0, 0xf,
    0xf6, 0x2, 0xff, 0xff, 0xff, 0xff, 0xff, 0xff,
    0xff, 0xff, 0xa0, 0x0, 0x0, 0xff, 0x60, 0x4f,
    0xff, 0xff, 0xff, 0xff, 0xff, 0xff, 0xff, 0xf9,
    0x0, 0x0, 0xf, 0xf6, 0x7f, 0x20, 0x0, 0x0,
    0xdf, 0xf2, 0x10, 0x0, 0x0, 0x0, 0x0, 0x0,
    0xff, 0xef, 0xf8, 0x0, 0x0, 0xaf, 0xf8, 0x3e,
    0xc2, 0x0, 0x0, 0x0, 0x0, 0xf, 0xff, 0xfc,
    0x10, 0x0, 0xaf, 0xfd, 0x5, 0xff, 0xf6, 0x0,
    0x0, 0x0, 0x4, 0xff, 0xfa, 0x0, 0x2, 0xcf,
    0xfe, 0x10, 0x2, 0xcf, 0xfa, 0x0, 0x0, 0x0,
    0xdf, 0xf7, 0x0, 0x29, 0xff, 0xfd, 0x20, 0x0,
    0x0, 0x9f, 0xfc, 0x10, 0x0, 0x1d, 0xf5, 0x0,
    0x5f, 0xff, 0xf9, 0x0, 0x0, 0x0, 0x0, 0x7f,
    0xfd, 0x0, 0x0, 0x34, 0x0, 0x0, 0xaf, 0xa2,
    0x0, 0x0, 0x0, 0x0, 0x0, 0x5f, 0x40, 0x0,
    0x0, 0x0, 0x0, 0x1, 0x20, 0x0, 0x0, 0x0,
    0x0, 0x0, 0x0, 0x10, 0x0,

    /* U+8C03 "调" */
    0x0, 0x2b, 0x20, 0x0, 0x1, 0x55, 0x55, 0x55,
    0x55, 0x55, 0x55, 0x55, 0x40, 0xd, 0xfe, 0x30,
    0x0, 0x4f, 0xff, 0xff, 0xff, 0xff, 0xff, 0xff,
    0xfe, 0x0, 0x4f, 0xff, 0x30, 0x4, 0xff, 0xff,
    0xff, 0xff, 0xff, 0xff, 0xff, 0xe0, 0x0, 0x4f,
    0xff, 0x20, 0x4f, 0xf0, 0x0, 0x5, 0x50, 0x0,
    0x6, 0xfe, 0x0, 0x0, 0x5f, 0xf9, 0x4, 0xff,
    0x0, 0x0, 0xff, 0x10, 0x0, 0x6f, 0xe0, 0x0,
    0x0, 0x7b, 0x0, 0x4f, 0xf0, 0x0, 0xf, 0xf2,
    0x0, 0x6, 0xfe, 0x0, 0x0, 0x0, 0x0, 0x4,
    0xff, 0xb, 0xff, 0xff, 0xff, 0xf1, 0x6f, 0xe0,
    0x0, 0x0, 0x0, 0x0, 0x4f, 0xf0, 0x9e, 0xef,
    0xfe, 0xee, 0x6, 0xfe, 0x7b, 0xbb, 0xbb, 0x50,
    0x4, 0xff, 0x0, 0x0, 0xff, 0x10, 0x0, 0x6f,
    0xeb, 0xff, 0xff, 0xf7, 0x0, 0x4f, 0xf0, 0x0,
    0xf, 0xf1, 0x0, 0x6, 0xfe, 0x6a, 0xaa, 0xff,
    0x70, 0x4, 0xff, 0x3e, 0xee, 0xff, 0xee, 0xea,
    0x6f, 0xe0, 0x0, 0x1f, 0xf7, 0x0, 0x4f, 0xf3,
    0xff, 0xff, 0xff, 0xff, 0xb6, 0xfe, 0x0, 0x1,
    0xff, 0x70, 0x4, 0xff, 0x0, 0x0, 0x0, 0x0,
    0x0, 0x6f, 0xe0, 0x0, 0x1f, 0xf7, 0x0, 0x4f,
    0xf0, 0x0, 0x0, 0x0, 0x0, 0x6, 0xfe, 0x0,
    0x1, 0xff, 0x70, 0x5, 0xfe, 0xc, 0xff, 0xff,
    0xff, 0xd0, 0x6f, 0xe0, 0x0, 0x1f, 0xf7, 0x0,
    0x6f, 0xc0, 0xdf, 0xff, 0xff, 0xfd, 0x6, 0xfe,
    0x0, 0x1, 0xff, 0x70, 0x8, 0xfb, 0xd, 0xf1,
    0x0, 0x3f, 0xd0, 0x6f, 0xe0, 0x0, 0x1f, 0xf7,
    0x0, 0xaf, 0x90, 0xdf, 0x10, 0x3, 0xfd, 0x6,
    0xfe, 0x0, 0x1, 0xff, 0x78, 0x8d, 0xf7, 0xd,
    0xf2, 0x0, 0x3f, 0xd0, 0x6f, 0xe0, 0x0, 0x1f,
    0xfe, 0xfe, 0xff, 0x30, 0xdf, 0xff, 0xff, 0xfd,
    0x6, 0xfe, 0x0, 0x4, 0xff, 0xff, 0xef, 0xf0,
    0xd, 0xfd, 0xdd, 0xdd, 0xb0, 0x6f, 0xe0, 0x0,
    0xbf, 0xff, 0x7b, 0xfa, 0x0, 0xcf, 0x10, 0x0,
    0x0, 0x6, 0xfe, 0x0, 0x6f, 0xfe, 0x33, 0xff,
    0x40, 0x0, 0x0, 0x0, 0x5, 0x55, 0xaf, 0xe0,
    0x1, 0xcc, 0x10, 0xbf, 0xd0, 0x0, 0x0, 0x0,
    0x0, 0x9f, 0xff, 0xfb, 0x0, 0x1, 0x0, 0x0,
    0xa4, 0x0, 0x0, 0x0, 0x0, 0x4, 0xff, 0xea,
    0x10, 0x0, 0x0, 0x0, 0x0, 0x0, 0x0, 0x0,
    0x0, 0x0, 0x0, 0x0, 0x0,

    /* U+8EAB "身" */
    0x0, 0x0, 0x0, 0x0, 0x0, 0x4, 0x97, 0x30,
    0x0, 0x0, 0x0, 0x0, 0x0, 0x0, 0x0, 0x0,
    0x0, 0x0, 0xb, 0xff, 0x50, 0x0, 0x0, 0x0,
    0x0, 0x0, 0x0, 0x0, 0x0, 0x0, 0x0, 0x1f,
    0xfc, 0x0, 0x0, 0x0, 0x0, 0x0, 0x0, 0x0,
    0x0, 0x1f, 0xff, 0xff, 0xff, 0xff, 0xff, 0xff,
    0xff, 0xe0, 0x0, 0x0, 0x0, 0x0, 0x1f, 0xff,
    0xff, 0xff, 0xff, 0xff, 0xff, 0xff, 0xe0, 0x0,
    0x0, 0x0, 0x0, 0x1f, 0xfa, 0x55, 0x55, 0x55,
    0x55, 0x55, 0xbf, 0xe0, 0x0, 0x0, 0x0, 0x0,
    0x1f, 0xf7, 0x0, 0x0, 0x0, 0x0, 0x0, 0x9f,
    0xe0, 0x0, 0x0, 0x0, 0x0, 0x1f, 0xfd, 0xbb,
    0xbb, 0xbb, 0xbb, 0xbb, 0xef, 0xe0, 0x0, 0x0,
    0x0, 0x0, 0x1f, 0xff, 0xff, 0xff, 0xff, 0xff,
    0xff, 0xff, 0xe0, 0x0, 0x0, 0x0, 0x0, 0x1f,
    0xf9, 0x33, 0x33, 0x33, 0x33, 0x33, 0xaf, 0xe0,
    0x0, 0x0, 0x0, 0x0, 0x1f, 0xf7, 0x0, 0x0,
    0x0, 0x0, 0x0, 0x9f, 0xe0, 0x3e, 0x81, 0x0,
    0x0, 0x1f, 0xf9, 0x33, 0x33, 0x33, 0x33, 0x33,
    0xaf, 0xe0, 0xdf, 0xf2, 0x0, 0x0, 0x1f, 0xff,
    0xff, 0xff, 0xff, 0xff, 0xff, 0xff, 0xea, 0xff,
    0x50, 0x0, 0x0, 0x1f, 0xfe, 0xcc, 0xcc, 0xcc,
    0xcc, 0xcc, 0xef, 0xff, 0xf9, 0x0, 0x0, 0x0,
    0x1f, 0xf7, 0x0, 0x0, 0x0, 0x0, 0x0, 0x9f,
    0xff, 0xa0, 0x0, 0x1, 0x22, 0x3f, 0xf9, 0x22,
    0x22, 0x22, 0x22, 0x22, 0xcf, 0xfa, 0x0, 0x0,
    0x9, 0xff, 0xff, 0xff, 0xff, 0xff, 0xff, 0xff,
    0xff, 0xff, 0xf0, 0x0, 0x0, 0x9, 0xff, 0xff,
    0xff, 0xff, 0xff, 0xff, 0xff, 0xff, 0xff, 0xe0,
    0x0, 0x0, 0x1, 0x22, 0x22, 0x22, 0x22, 0x22,
    0x24, 0xdf, 0xfe, 0xcf, 0xe0, 0x0, 0x0, 0x0,
    0x0, 0x0, 0x0, 0x0, 0x0, 0x8f, 0xff, 0xb1,
    0x9f, 0xe0, 0x0, 0x0, 0x0, 0x0, 0x0, 0x0,
    0x0, 0x7e, 0xff, 0xf6, 0x0, 0x9f, 0xe0, 0x0,
    0x0, 0x0, 0x0, 0x0, 0x1, 0x8f, 0xff, 0xf9,
    0x10, 0x0, 0x9f, 0xe0, 0x0, 0x0, 0x0, 0x0,
    0x5, 0xbf, 0xff, 0xfb, 0x20, 0x0, 0x0, 0x9f,
    0xe0, 0x0, 0x0, 0x1, 0x5a, 0xef, 0xff, 0xfa,
    0x30, 0x7, 0x77, 0x77, 0xef, 0xd0, 0x0, 0x0,
    0x2f, 0xff, 0xff, 0xe7, 0x10, 0x0, 0xa, 0xff,
    0xff, 0xff, 0x90, 0x0, 0x0, 0x8, 0xfe, 0x94,
    0x0, 0x0, 0x0, 0x5, 0xff, 0xff, 0xd8, 0x0,
    0x0, 0x0, 0x0, 0x40, 0x0, 0x0, 0x0, 0x0,
    0x0, 0x10, 0x0, 0x0, 0x0, 0x0, 0x0,

    /* U+8F7D "载" */
    0x0, 0x0, 0x0, 0x3, 0x42, 0x0, 0x0, 0x0,
    0x34, 0x20, 0x0, 0x0, 0x0, 0x0, 0x0, 0x0,
    0x0, 0xdf, 0xa0, 0x0, 0x0, 0xf, 0xf9, 0x2,
    0xa2, 0x0, 0x0, 0x0, 0x22, 0x22, 0x2d, 0xfb,
    0x22, 0x22, 0x10, 0xff, 0x90, 0xef, 0xe2, 0x0,
    0x0, 0xd, 0xff, 0xff, 0xff, 0xff, 0xff, 0xf7,
    0xe, 0xf9, 0x3, 0xff, 0xd1, 0x0, 0x0, 0xbe,
    0xee, 0xef, 0xff, 0xee, 0xee, 0x60, 0xef, 0x90,
    0x4, 0xff, 0xb0, 0x0, 0x0, 0x0, 0x0, 0xdf,
    0xa0, 0x0, 0x0, 0xe, 0xfa, 0x0, 0x6, 0xd2,
    0x0, 0x2, 0x22, 0x22, 0x2d, 0xfb, 0x22, 0x22,
    0x22, 0xdf, 0xb2, 0x22, 0x22, 0x21, 0x3, 0xff,
    0xff, 0xff, 0xff, 0xff, 0xff, 0xff, 0xff, 0xff,
    0xff, 0xff, 0xff, 0xc0, 0x3f, 0xff, 0xff, 0xff,
    0xff, 0xff, 0xff, 0xff, 0xff, 0xff, 0xff, 0xff,
    0xfb, 0x0, 0x0, 0x0, 0x5f, 0xc3, 0x0, 0x0,
    0x0, 0xb, 0xfc, 0x0, 0x0, 0x0, 0x0, 0x0,
    0x0, 0xc, 0xfe, 0x0, 0x0, 0x0, 0x0, 0x9f,
    0xe0, 0x0, 0xcb, 0x40, 0x0, 0xdf, 0xff, 0xff,
    0xff, 0xff, 0xff, 0xff, 0x58, 0xff, 0x0, 0x1f,
    0xf6, 0x0, 0xd, 0xff, 0xff, 0xff, 0xff, 0xff,
    0xff, 0xf6, 0x7f, 0xf1, 0x7, 0xff, 0x10, 0x0,
    0x12, 0x5f, 0xf7, 0x22, 0x32, 0x22, 0x22, 0x5,
    0xff, 0x20, 0xcf, 0xc0, 0x0, 0x0, 0xb, 0xfd,
    0x0, 0xbf, 0xb0, 0x0, 0x0, 0x3f, 0xf5, 0x3f,
    0xf5, 0x0, 0x0, 0x5, 0xff, 0x40, 0xb, 0xfb,
    0x0, 0x0, 0x1, 0xff, 0x7a, 0xfe, 0x0, 0x0,
    0x1, 0xff, 0xff, 0xff, 0xff, 0xff, 0xff, 0xd0,
    0xe, 0xfc, 0xff, 0x80, 0x0, 0x0, 0xd, 0xff,
    0xff, 0xff, 0xff, 0xff, 0xfe, 0x0, 0xbf, 0xff,
    0xf1, 0x0, 0x0, 0x0, 0x45, 0x33, 0x33, 0xcf,
    0xc3, 0x33, 0x20, 0x8, 0xff, 0xf8, 0x0, 0x0,
    0x0, 0x0, 0x0, 0x0, 0xb, 0xfb, 0x0, 0x0,
    0x0, 0x4f, 0xfe, 0x0, 0x6, 0x0, 0x0, 0x0,
    0x12, 0x45, 0xdf, 0xea, 0xbd, 0xe7, 0x9, 0xff,
    0xa0, 0x0, 0xfc, 0x10, 0xdf, 0xff, 0xff, 0xff,
    0xff, 0xff, 0xff, 0x76, 0xff, 0xff, 0x10, 0xf,
    0xf0, 0xd, 0xff, 0xff, 0xff, 0xff, 0xe8, 0x65,
    0x36, 0xff, 0xef, 0xf9, 0x4, 0xfe, 0x0, 0x66,
    0x53, 0x20, 0xb, 0xfb, 0x0, 0x6, 0xff, 0xe2,
    0xbf, 0xfb, 0xcf, 0xa0, 0x0, 0x0, 0x0, 0x0,
    0xbf, 0xb0, 0x6, 0xff, 0xe3, 0x1, 0xef, 0xff,
    0xf5, 0x0, 0x0, 0x0, 0x0, 0xb, 0xfb, 0x0,
    0x9, 0xd2, 0x0, 0x1, 0xae, 0xe8, 0x0, 0x0,
    0x0, 0x0, 0x0, 0x0, 0x0, 0x0, 0x0, 0x0,
    0x0, 0x0, 0x0, 0x0, 0x0,

    /* U+8F93 "输" */
    0x0, 0x0, 0x54, 0x10, 0x0, 0x0, 0x0, 0x0,
    0x1, 0x60, 0x0, 0x0, 0x0, 0x0, 0x0, 0x0,
    0xdf, 0x80, 0x0, 0x0, 0x0, 0x0, 0xb, 0xfe,
    0x0, 0x0, 0x0, 0x0, 0x0, 0x0, 0xff, 0x60,
    0x0, 0x0, 0x0, 0x0, 0xaf, 0xfe, 0x10, 0x0,
    0x0, 0x0, 0x4, 0x45, 0xff, 0x74, 0x44, 0x0,
    0x0, 0x1b, 0xff, 0xff, 0xe3, 0x0, 0x0, 0x0,
    0xe, 0xff, 0xff, 0xff, 0xff, 0x20, 0x3, 0xef,
    0xf9, 0x1c, 0xff, 0x70, 0x0, 0x0, 0xe, 0xff,
    0xff, 0xff, 0xff, 0x20, 0x7f, 0xff, 0x80, 0x1,
    0xbf, 0xfd, 0x60, 0x0, 0x0, 0xb, 0xf8, 0x0,
    0x0, 0x5d, 0xff, 0xe3, 0x0, 0x0, 0x7, 0xff,
    0xfe, 0x70, 0x0, 0xe, 0xf4, 0x0, 0x4, 0xff,
    0xff, 0xff, 0xff, 0xff, 0xff, 0xff, 0xff, 0xb0,
    0x0, 0x1f, 0xf3, 0xff, 0x0, 0x8c, 0x7f, 0xff,
    0xff, 0xff, 0xff, 0xfd, 0x4b, 0x10, 0x0, 0x5f,
    0xc2, 0xff, 0x0, 0x0, 0x2, 0x22, 0x22, 0x22,
    0x22, 0x22, 0x0, 0x0, 0x0, 0xaf, 0x72, 0xff,
    0x0, 0x0, 0x0, 0x0, 0x0, 0x0, 0x0, 0x0,
    0x76, 0x0, 0x0, 0xff, 0x12, 0xff, 0x0, 0xe,
    0xff, 0xff, 0xff, 0xe0, 0x33, 0x1, 0xfe, 0x0,
    0x6, 0xff, 0x89, 0xff, 0x88, 0xe, 0xff, 0xff,
    0xff, 0xe0, 0xef, 0x11, 0xfe, 0x0, 0xc, 0xff,
    0xff, 0xff, 0xff, 0x1e, 0xf5, 0x33, 0x5f, 0xe0,
    0xef, 0x11, 0xfe, 0x0, 0x6, 0xfd, 0xdd, 0xff,
    0xdd, 0xe, 0xf2, 0x0, 0x3f, 0xe0, 0xef, 0x11,
    0xfe, 0x0, 0x0, 0x0, 0x2, 0xff, 0x0, 0xe,
    0xff, 0xff, 0xff, 0xe0, 0xef, 0x11, 0xfe, 0x0,
    0x0, 0x0, 0x2, 0xff, 0x0, 0xe, 0xff, 0xff,
    0xff, 0xe0, 0xef, 0x11, 0xfe, 0x0, 0x0, 0x0,
    0x2, 0xff, 0x47, 0xe, 0xf2, 0x0, 0x3f, 0xe0,
    0xef, 0x11, 0xfe, 0x0, 0x0, 0x3, 0x7b, 0xff,
    0xff, 0x2e, 0xf4, 0x22, 0x5f, 0xe0, 0xef, 0x11,
    0xfe, 0x0, 0xc, 0xff, 0xff, 0xff, 0xfc, 0x1e,
    0xff, 0xff, 0xff, 0xe0, 0xef, 0x11, 0xfe, 0x0,
    0xb, 0xff, 0xfd, 0xff, 0x10, 0xe, 0xfc, 0xcc,
    0xcf, 0xe0, 0xef, 0x11, 0xfe, 0x0, 0x5, 0x73,
    0x2, 0xff, 0x0, 0xe, 0xf2, 0x0, 0x3f, 0xe0,
    0xcd, 0x11, 0xfe, 0x0, 0x0, 0x0, 0x2, 0xff,
    0x0, 0xe, 0xf2, 0x0, 0x3f, 0xe0, 0x0, 0x1,
    0xfe, 0x0, 0x0, 0x0, 0x2, 0xff, 0x0, 0xe,
    0xf2, 0x0, 0x4f, 0xe0, 0x12, 0x24, 0xfe, 0x0,
    0x0, 0x0, 0x2, 0xff, 0x0, 0xe, 0xf2, 0x3f,
    0xff, 0xd0, 0x4f, 0xff, 0xfc, 0x0, 0x0, 0x0,
    0x2, 0xff, 0x0, 0xe, 0xf2, 0xe, 0xfc, 0x40,
    0xe, 0xed, 0xa2, 0x0,

    /* U+8FDE "连" */
    0x0, 0x0, 0x20, 0x0, 0x0, 0x0, 0x0, 0x76,
    0x20, 0x0, 0x0, 0x0, 0x0, 0x0, 0x0, 0x3d,
    0xf2, 0x0, 0x0, 0x0, 0x0, 0xef, 0xe0, 0x0,
    0x0, 0x0, 0x0, 0x0, 0x0, 0x3f, 0xfe, 0x10,
    0x0, 0x0, 0x4, 0xff, 0x90, 0x0, 0x0, 0x0,
    0x0, 0x0, 0x0, 0x6, 0xff, 0xb0, 0xb, 0xee,
    0xee, 0xff, 0xee, 0xee, 0xee, 0xee, 0xec, 0x0,
    0x0, 0x0, 0xaf, 0xf7, 0xd, 0xff, 0xff, 0xff,
    0xff, 0xff, 0xff, 0xff, 0xfe, 0x0, 0x0, 0x0,
    0xe, 0xff, 0x14, 0x55, 0xaf, 0xf8, 0x55, 0x55,
    0x55, 0x55, 0x54, 0x0, 0x0, 0x0, 0x5, 0xe4,
    0x0, 0x0, 0xdf, 0xe0, 0x0, 0x0, 0x0, 0x0,
    0x0, 0x0, 0x0, 0x0, 0x0, 0x10, 0x0, 0x4,
    0xff, 0x80, 0xc, 0xff, 0x0, 0x0, 0x0, 0x0,
    0x0, 0x0, 0x0, 0x0, 0x0, 0xc, 0xff, 0x10,
    0xc, 0xff, 0x0, 0x0, 0x0, 0x0, 0x0, 0x11,
    0x11, 0x10, 0x0, 0x5f, 0xf8, 0x0, 0xc, 0xff,
    0x0, 0x0, 0x0, 0x0, 0xb, 0xff, 0xff, 0xf4,
    0x1, 0xef, 0xfe, 0xee, 0xef, 0xff, 0xee, 0xee,
    0xe0, 0x0, 0xb, 0xff, 0xff, 0xf4, 0x0, 0xef,
    0xff, 0xff, 0xff, 0xff, 0xff, 0xff, 0xf0, 0x0,
    0x3, 0x55, 0x7f, 0xf4, 0x0, 0x7a, 0x98, 0x88,
    0x8e, 0xff, 0x88, 0x88, 0x80, 0x0, 0x0, 0x0,
    0x3f, 0xf4, 0x0, 0x0, 0x0, 0x0, 0xc, 0xff,
    0x0, 0x0, 0x0, 0x0, 0x0, 0x0, 0x3f, 0xf4,
    0x0, 0x0, 0x0, 0x0, 0xc, 0xff, 0x0, 0x0,
    0x0, 0x0, 0x0, 0x0, 0x3f, 0xf4, 0x4, 0x44,
    0x44, 0x44, 0x4d, 0xff, 0x44, 0x44, 0x44, 0x10,
    0x0, 0x0, 0x3f, 0xf4, 0x1f, 0xff, 0xff, 0xff,
    0xff, 0xff, 0xff, 0xff, 0xff, 0x40, 0x0, 0x0,
    0x3f, 0xf4, 0x1f, 0xff, 0xff, 0xff, 0xff, 0xff,
    0xff, 0xff, 0xff, 0x40, 0x0, 0x0, 0x3f, 0xf4,
    0x2, 0x22, 0x22, 0x22, 0x2c, 0xff, 0x22, 0x22,
    0x22, 0x0, 0x0, 0x0, 0x3f, 0xf4, 0x0, 0x0,
    0x0, 0x0, 0xc, 0xff, 0x0, 0x0, 0x0, 0x0,
    0x0, 0x0, 0x6f, 0xf4, 0x0, 0x0, 0x0, 0x0,
    0xc, 0xff, 0x0, 0x0, 0x0, 0x0, 0x0, 0xa,
    0xff, 0xfe, 0x50, 0x0, 0x0, 0x0, 0xc, 0xff,
    0x0, 0x0, 0x0, 0x0, 0x0, 0xcf, 0xfe, 0xff,
    0xfb, 0x30, 0x0, 0x0, 0x9, 0xcb, 0x0, 0x0,
    0x0, 0x10, 0xb, 0xff, 0xc0, 0x1b, 0xff, 0xfe,
    0xb9, 0x87, 0x77, 0x78, 0x89, 0xab, 0xdf, 0xf0,
    0xc, 0xfe, 0x10, 0x0, 0x6e, 0xff, 0xff, 0xff,
    0xff, 0xff, 0xff, 0xff, 0xff, 0xb0, 0x2, 0xf6,
    0x0, 0x0, 0x0, 0x5a, 0xdf, 0xff, 0xff, 0xff,
    0xff, 0xff, 0xee, 0x60, 0x0, 0x30, 0x0, 0x0,
    0x0, 0x0, 0x0, 0x1, 0x11, 0x11, 0x10, 0x0,
    0x0, 0x0,

    /* U+9001 "送" */
    0x0, 0x0, 0x0, 0x0, 0x0, 0x0, 0x2, 0x0,
    0x0, 0x0, 0x1, 0x20, 0x0, 0x0, 0x0, 0x1a,
    0xc0, 0x0, 0x0, 0x3, 0xdf, 0x20, 0x0, 0x0,
    0xa, 0xfd, 0x20, 0x0, 0x0, 0x7f, 0xfb, 0x0,
    0x0, 0x0, 0xef, 0xc0, 0x0, 0x0, 0x1f, 0xfc,
    0x0, 0x0, 0x0, 0xa, 0xff, 0x70, 0x0, 0x0,
    0x6f, 0xf5, 0x0, 0x0, 0x9f, 0xf2, 0x0, 0x0,
    0x0, 0x0, 0xdf, 0xf4, 0x0, 0x0, 0xd, 0xfd,
    0x0, 0x2, 0xff, 0x80, 0x0, 0x0, 0x0, 0x0,
    0x2f, 0xfe, 0x0, 0x66, 0x6a, 0xd7, 0x66, 0x6b,
    0xff, 0x66, 0x63, 0x0, 0x0, 0x0, 0x7, 0xe6,
    0x1, 0xff, 0xff, 0xff, 0xff, 0xff, 0xff, 0xff,
    0xf8, 0x0, 0x0, 0x0, 0x0, 0x10, 0x1, 0xff,
    0xff, 0xff, 0xff, 0xff, 0xff, 0xff, 0xf7, 0x0,
    0x0, 0x0, 0x0, 0x0, 0x0, 0x0, 0x0, 0x0,
    0xef, 0xc0, 0x0, 0x0, 0x0, 0x0, 0x0, 0x11,
    0x11, 0x10, 0x0, 0x0, 0x0, 0x0, 0xef, 0xc0,
    0x0, 0x0, 0x0, 0x0, 0x9, 0xff, 0xff, 0xf4,
    0x0, 0x0, 0x0, 0x0, 0xef, 0xc0, 0x0, 0x0,
    0x0, 0x0, 0x9, 0xff, 0xff, 0xf4, 0x7, 0x77,
    0x77, 0x77, 0xff, 0xe7, 0x77, 0x77, 0x77, 0x20,
    0x3, 0x55, 0x7f, 0xf4, 0xf, 0xff, 0xff, 0xff,
    0xff, 0xff, 0xff, 0xff, 0xff, 0x60, 0x0, 0x0,
    0x3f, 0xf4, 0xf, 0xff, 0xff, 0xff, 0xff, 0xff,
    0xff, 0xff, 0xff, 0x50, 0x0, 0x0, 0x3f, 0xf4,
    0x0, 0x0, 0x0, 0x6, 0xff, 0xf6, 0x0, 0x0,
    0x0, 0x0, 0x0, 0x0, 0x3f, 0xf4, 0x0, 0x0,
    0x0, 0xd, 0xff, 0xff, 0x80, 0x0, 0x0, 0x0,
    0x0, 0x0, 0x3f, 0xf4, 0x0, 0x0, 0x0, 0x7f,
    0xf9, 0xcf, 0xf9, 0x0, 0x0, 0x0, 0x0, 0x0,
    0x3f, 0xf4, 0x0, 0x0, 0x5, 0xff, 0xe0, 0xb,
    0xff, 0xa0, 0x0, 0x0, 0x0, 0x0, 0x3f, 0xf4,
    0x0, 0x0, 0x8f, 0xff, 0x30, 0x0, 0xbf, 0xfb,
    0x0, 0x0, 0x0, 0x0, 0x3f, 0xf4, 0x0, 0x6d,
    0xff, 0xf4, 0x0, 0x0, 0xb, 0xff, 0xc0, 0x0,
    0x0, 0x0, 0x7f, 0xf4, 0x9, 0xff, 0xfc, 0x20,
    0x0, 0x0, 0x0, 0xbf, 0xe2, 0x0, 0x0, 0x1c,
    0xff, 0xfe, 0x30, 0xbe, 0x60, 0x0, 0x0, 0x0,
    0x0, 0xa, 0x20, 0x0, 0x1, 0xdf, 0xfc, 0xef,
    0xf9, 0x20, 0x0, 0x0, 0x0, 0x0, 0x0, 0x0,
    0x0, 0x20, 0x1d, 0xff, 0x80, 0x1b, 0xff, 0xfd,
    0xa8, 0x77, 0x66, 0x77, 0x89, 0xac, 0xdf, 0xe0,
    0x1e, 0xfc, 0x0, 0x0, 0x7e, 0xff, 0xff, 0xff,
    0xff, 0xff, 0xff, 0xff, 0xff, 0x90, 0x4, 0xf2,
    0x0, 0x0, 0x1, 0x6a, 0xdf, 0xff, 0xff, 0xff,
    0xff, 0xff, 0xee, 0x50, 0x0, 0x30, 0x0, 0x0,
    0x0, 0x0, 0x0, 0x1, 0x11, 0x11, 0x10, 0x0,
    0x0, 0x0,

    /* U+91CD "重" */
    0x0, 0x0, 0x0, 0x0, 0x0, 0x0, 0x0, 0x0,
    0x0, 0x0, 0x12, 0x0, 0x0, 0x0, 0x0, 0x0,
    0x0, 0x1, 0x23, 0x45, 0x68, 0x9b, 0xdf, 0xff,
    0x20, 0x0, 0x0, 0xb, 0xde, 0xff, 0xff, 0xff,
    0xff, 0xff, 0xff, 0xff, 0xff, 0x90, 0x0, 0x0,
    0x9, 0xff, 0xff, 0xff, 0xff, 0xff, 0xda, 0x87,
    0x54, 0x20, 0x0, 0x0, 0x0, 0x1, 0x32, 0x22,
    0x10, 0x3, 0xff, 0x60, 0x0, 0x0, 0x0, 0x0,
    0x0, 0x1c, 0xcc, 0xcc, 0xcc, 0xcc, 0xcd, 0xff,
    0xdc, 0xcc, 0xcc, 0xcc, 0xcc, 0xc7, 0x1f, 0xff,
    0xff, 0xff, 0xff, 0xff, 0xff, 0xff, 0xff, 0xff,
    0xff, 0xff, 0xf9, 0x4, 0x44, 0x44, 0x44, 0x44,
    0x47, 0xff, 0x94, 0x44, 0x44, 0x44, 0x44, 0x42,
    0x0, 0x0, 0x0, 0x0, 0x0, 0x3, 0xff, 0x60,
    0x0, 0x0, 0x0, 0x0, 0x0, 0x0, 0x4, 0xff,
    0xff, 0xff, 0xff, 0xff, 0xff, 0xff, 0xff, 0xff,
    0xf0, 0x0, 0x0, 0x4, 0xff, 0xcb, 0xbb, 0xbc,
    0xff, 0xdb, 0xbb, 0xbb, 0xef, 0xf0, 0x0, 0x0,
    0x4, 0xff, 0x40, 0x0, 0x3, 0xff, 0x60, 0x0,
    0x0, 0xbf, 0xf0, 0x0, 0x0, 0x4, 0xff, 0xb9,
    0x99, 0x9b, 0xff, 0xc9, 0x99, 0x99, 0xef, 0xf0,
    0x0, 0x0, 0x4, 0xff, 0xff, 0xff, 0xff, 0xff,
    0xff, 0xff, 0xff, 0xff, 0xf0, 0x0, 0x0, 0x4,
    0xff, 0x40, 0x0, 0x3, 0xff, 0x60, 0x0, 0x0,
    0xbf, 0xf0, 0x0, 0x0, 0x4, 0xff, 0x40, 0x0,
    0x3, 0xff, 0x60, 0x0, 0x0, 0xbf, 0xf0, 0x0,
    0x0, 0x4, 0xff, 0xff, 0xff, 0xff, 0xff, 0xff,
    0xff, 0xff, 0xff, 0xf0, 0x0, 0x0, 0x3, 0xcc,
    0xcc, 0xcc, 0xcd, 0xff, 0xdc, 0xcc, 0xcc, 0xcc,
    0xb0, 0x0, 0x0, 0x0, 0x0, 0x0, 0x0, 0x3,
    0xff, 0x60, 0x0, 0x0, 0x0, 0x0, 0x0, 0x0,
    0x2f, 0xff, 0xff, 0xff, 0xff, 0xff, 0xff, 0xff,
    0xff, 0xff, 0xfe, 0x0, 0x0, 0x2f, 0xff, 0xff,
    0xff, 0xff, 0xff, 0xff, 0xff, 0xff, 0xff, 0xff,
    0x0, 0x0, 0x1, 0x11, 0x11, 0x11, 0x14, 0xff,
    0x71, 0x11, 0x11, 0x11, 0x11, 0x0, 0x0, 0x0,
    0x0, 0x0, 0x0, 0x3, 0xff, 0x60, 0x0, 0x0,
    0x0, 0x0, 0x0, 0x3f, 0xff, 0xff, 0xff, 0xff,
    0xff, 0xff, 0xff, 0xff, 0xff, 0xff, 0xff, 0xfb,
    0x3f, 0xff, 0xff, 0xff, 0xff, 0xff, 0xff, 0xff,
    0xff, 0xff, 0xff, 0xff, 0xfc, 0x2, 0x22, 0x22,
    0x22, 0x22, 0x22, 0x22, 0x22, 0x22, 0x22, 0x22,
    0x22, 0x21,

    /* U+91CF "量" */
    0x0, 0x0, 0x57, 0x77, 0x77, 0x77, 0x77, 0x77,
    0x77, 0x77, 0x77, 0x10, 0x0, 0x0, 0x0, 0xcf,
    0xff, 0xff, 0xff, 0xff, 0xff, 0xff, 0xff, 0xff,
    0x20, 0x0, 0x0, 0x0, 0xcf, 0xc0, 0x0, 0x0,
    0x0, 0x0, 0x0, 0x7, 0xff, 0x20, 0x0, 0x0,
    0x0, 0xcf, 0xff, 0xff, 0xff, 0xff, 0xff, 0xff,
    0xff, 0xff, 0x20, 0x0, 0x0, 0x0, 0xcf, 0xd6,
    0x66, 0x66, 0x66, 0x66, 0x66, 0x6a, 0xff, 0x20,
    0x0, 0x0, 0x0, 0xcf, 0xd4, 0x44, 0x44, 0x44,
    0x44, 0x44, 0x49, 0xff, 0x20, 0x0, 0x0, 0x0,
    0xcf, 0xff, 0xff, 0xff, 0xff, 0xff, 0xff, 0xff,
    0xff, 0x20, 0x0, 0x0, 0x0, 0x12, 0x22, 0x22,
    0x22, 0x22, 0x22, 0x22, 0x22, 0x22, 0x0, 0x0,
    0x3d, 0xdd, 0xdd, 0xdd, 0xdd, 0xdd, 0xdd, 0xdd,
    0xdd, 0xdd, 0xdd, 0xdd, 0xd9, 0x3f, 0xff, 0xff,
    0xff, 0xff, 0xff, 0xff, 0xff, 0xff, 0xff, 0xff,
    0xff, 0xfc, 0x0, 0x0, 0x0, 0x0, 0x0, 0x0,
    0x0, 0x0, 0x0, 0x0, 0x0, 0x0, 0x0, 0x0,
    0x4, 0xff, 0xff, 0xff, 0xff, 0xff, 0xff, 0xff,
    0xff, 0xff, 0xe0, 0x0, 0x0, 0x4, 0xff, 0x98,
    0x88, 0x88, 0xff, 0xb8, 0x88, 0x88, 0xdf, 0xf0,
    0x0, 0x0, 0x4, 0xff, 0x30, 0x0, 0x1, 0xff,
    0x70, 0x0, 0x0, 0xaf, 0xf0, 0x0, 0x0, 0x4,
    0xff, 0xff, 0xff, 0xff, 0xff, 0xff, 0xff, 0xff,
    0xff, 0xf0, 0x0, 0x0, 0x4, 0xff, 0x86, 0x66,
    0x66, 0xff, 0xa6, 0x66, 0x66, 0xcf, 0xf0, 0x0,
    0x0, 0x4, 0xff, 0x64, 0x44, 0x45, 0xff, 0x94,
    0x44, 0x44, 0xbf, 0xf0, 0x0, 0x0, 0x4, 0xff,
    0xff, 0xff, 0xff, 0xff, 0xff, 0xff, 0xff, 0xff,
    0xf0, 0x0, 0x0, 0x0, 0x33, 0x33, 0x33, 0x33,
    0xff, 0x83, 0x33, 0x33, 0x33, 0x20, 0x0, 0x0,
    0xb, 0xbb, 0xbb, 0xbb, 0xbb, 0xff, 0xdb, 0xbb,
    0xbb, 0xbb, 0xb5, 0x0, 0x0, 0xf, 0xff, 0xff,
    0xff, 0xff, 0xff, 0xff, 0xff, 0xff, 0xff, 0xf8,
    0x0, 0x0, 0x0, 0x0, 0x0, 0x0, 0x1, 0xff,
    0x70, 0x0, 0x0, 0x0, 0x0, 0x0, 0x13, 0x33,
    0x33, 0x33, 0x33, 0x34, 0xff, 0x93, 0x33, 0x33,
    0x33, 0x33, 0x33, 0x5f, 0xff, 0xff, 0xff, 0xff,
    0xff, 0xff, 0xff, 0xff, 0xff, 0xff, 0xff, 0xfe,
    0x4c, 0xcc, 0xcc, 0xcc, 0xcc, 0xcc, 0xcc, 0xcc,
    0xcc, 0xcc, 0xcc, 0xcc, 0xca,

    /* U+955C "镜" */
    0x0, 0x0, 0x11, 0x0, 0x0, 0x0, 0x0, 0x0,
    0x0, 0x46, 0x0, 0x0, 0x0, 0x0, 0x0, 0x0,
    0x9f, 0xa0, 0x0, 0x0, 0x0, 0x0, 0x6, 0xff,
    0x30, 0x0, 0x0, 0x0, 0x0, 0x1, 0xff, 0x90,
    0x0, 0x0, 0x47, 0x77, 0x78, 0xff, 0xc7, 0x77,
    0x77, 0x0, 0x0, 0x8, 0xff, 0x96, 0x66, 0x40,
    0x8f, 0xff, 0xff, 0xff, 0xff, 0xff, 0xfe, 0x0,
    0x0, 0x2f, 0xff, 0xff, 0xff, 0xc0, 0x59, 0x9a,
    0xc9, 0x99, 0x9b, 0xb9, 0x98, 0x0, 0x0, 0xdf,
    0xff, 0xff, 0xff, 0xb0, 0x0, 0x3f, 0xf1, 0x0,
    0xa, 0xfb, 0x0, 0x0, 0xb, 0xff, 0x80, 0x0,
    0x0, 0x0, 0x0, 0xe, 0xf7, 0x0, 0x1f, 0xf4,
    0x0, 0x0, 0xd, 0xfc, 0x0, 0x0, 0x0, 0x5,
    0xee, 0xef, 0xfe, 0xee, 0xef, 0xfe, 0xee, 0x70,
    0x4, 0xeb, 0xaa, 0xaa, 0xaa, 0x46, 0xff, 0xff,
    0xff, 0xff, 0xff, 0xff, 0xff, 0x80, 0x0, 0x3f,
    0xff, 0xff, 0xff, 0x61, 0x44, 0x44, 0x44, 0x44,
    0x44, 0x44, 0x44, 0x20, 0x0, 0x2f, 0xff, 0xff,
    0xff, 0x60, 0x0, 0x0, 0x0, 0x0, 0x0, 0x0,
    0x0, 0x0, 0x0, 0x0, 0xe, 0xf9, 0x0, 0x0,
    0x2f, 0xff, 0xff, 0xff, 0xff, 0xff, 0xf6, 0x0,
    0x0, 0x0, 0xe, 0xf9, 0x0, 0x0, 0x2f, 0xfb,
    0xaa, 0xaa, 0xaa, 0xaf, 0xf6, 0x0, 0x0, 0x0,
    0xe, 0xf9, 0x0, 0x0, 0x2f, 0xf2, 0x0, 0x0,
    0x0, 0xf, 0xf6, 0x0, 0x5, 0xdd, 0xdf, 0xfe,
    0xdd, 0xd1, 0x2f, 0xff, 0xff, 0xff, 0xff, 0xff,
    0xf6, 0x0, 0x7, 0xff, 0xff, 0xff, 0xff, 0xf1,
    0x2f, 0xfa, 0x99, 0x99, 0x99, 0x9f, 0xf6, 0x0,
    0x3, 0x88, 0x8f, 0xfc, 0x88, 0x80, 0x2f, 0xf2,
    0x0, 0x0, 0x0, 0xf, 0xf6, 0x0, 0x0, 0x0,
    0xe, 0xf9, 0x0, 0x0, 0x2f, 0xfc, 0xbb, 0xbb,
    0xbb, 0xbf, 0xf6, 0x0, 0x0, 0x0, 0xe, 0xf9,
    0x0, 0x0, 0x1f, 0xff, 0xff, 0xff, 0xff, 0xff,
    0xf6, 0x0, 0x0, 0x0, 0xe, 0xf9, 0x0, 0x10,
    0x0, 0xb, 0xfc, 0x1, 0xff, 0x50, 0x0, 0x0,
    0x0, 0x0, 0xe, 0xf9, 0x19, 0xe0, 0x0, 0xe,
    0xf9, 0x1, 0xff, 0x50, 0x0, 0x0, 0x0, 0x0,
    0xe, 0xfd, 0xff, 0xf3, 0x0, 0x3f, 0xf5, 0x1,
    0xff, 0x50, 0x6, 0x0, 0x0, 0x0, 0x3f, 0xff,
    0xff, 0x70, 0x1, 0xdf, 0xe0, 0x1, 0xff, 0x50,
    0xf, 0xe0, 0x0, 0x2, 0xef, 0xff, 0xb1, 0x0,
    0x6e, 0xff, 0x60, 0x0, 0xff, 0x50, 0x2f, 0xe0,
    0x0, 0x1, 0xef, 0xe5, 0x0, 0xaf, 0xff, 0xf7,
    0x0, 0x0, 0xef, 0xfe, 0xff, 0xa0, 0x0, 0x0,
    0x6a, 0x10, 0x0, 0x4f, 0xfb, 0x30, 0x0, 0x0,
    0x6e, 0xff, 0xfd, 0x20, 0x0, 0x0, 0x0, 0x0,
    0x0, 0x4, 0x10, 0x0, 0x0, 0x0, 0x0, 0x0,
    0x0, 0x0,

    /* U+95F4 "间" */
    0x0, 0x0, 0x0, 0x0, 0x0, 0x0, 0x0, 0x0,
    0x0, 0x0, 0x0, 0x0, 0x6, 0xe8, 0x0, 0x0,
    0x0, 0x0, 0x0, 0x0, 0x0, 0x0, 0x0, 0x0,
    0xb, 0xff, 0x70, 0x4, 0xff, 0xff, 0xff, 0xff,
    0xff, 0xff, 0xff, 0xfa, 0x0, 0xcf, 0xf6, 0x4,
    0xff, 0xff, 0xff, 0xff, 0xff, 0xff, 0xff, 0xfa,
    0x0, 0x1e, 0xff, 0x12, 0x66, 0x66, 0x66, 0x66,
    0x66, 0x66, 0x7f, 0xfa, 0x0, 0x4, 0xd4, 0x0,
    0x0, 0x0, 0x0, 0x0, 0x0, 0x0, 0xf, 0xfa,
    0x24, 0x40, 0x0, 0x0, 0x0, 0x0, 0x0, 0x0,
    0x0, 0x0, 0xf, 0xfa, 0x9f, 0xf1, 0x0, 0x0,
    0x0, 0x0, 0x0, 0x0, 0x0, 0x0, 0xf, 0xfa,
    0x9f, 0xf1, 0x0, 0x5d, 0xdd, 0xdd, 0xdd, 0xdd,
    0xd5, 0x0, 0xf, 0xfa, 0x9f, 0xf1, 0x0, 0x7f,
    0xff, 0xff, 0xff, 0xff, 0xf7, 0x0, 0xf, 0xfa,
    0x9f, 0xf1, 0x0, 0x7f, 0xf4, 0x44, 0x44, 0x4f,
    0xf7, 0x0, 0xf, 0xfa, 0x9f, 0xf1, 0x0, 0x7f,
    0xe0, 0x0, 0x0, 0xf, 0xf7, 0x0, 0xf, 0xfa,
    0x9f, 0xf1, 0x0, 0x7f, 0xe0, 0x0, 0x0, 0xf,
    0xf7, 0x0, 0xf, 0xfa, 0x9f, 0xf1, 0x0, 0x7f,
    0xe2, 0x22, 0x22, 0x2f, 0xf7, 0x0, 0xf, 0xfa,
    0x9f, 0xf1, 0x0, 0x7f, 0xff, 0xff, 0xff, 0xff,
    0xf7, 0x0, 0xf, 0xfa, 0x9f, 0xf1, 0x0, 0x7f,
    0xff, 0xff, 0xff, 0xff, 0xf7, 0x0, 0xf, 0xfa,
    0x9f, 0xf1, 0x0, 0x7f, 0xe0, 0x0, 0x0, 0xf,
    0xf7, 0x0, 0xf, 0xfa, 0x9f, 0xf1, 0x0, 0x7f,
    0xe0, 0x0, 0x0, 0xf, 0xf7, 0x0, 0xf, 0xfa,
    0x9f, 0xf1, 0x0, 0x7f, 0xe0, 0x0, 0x0, 0xf,
    0xf7, 0x0, 0xf, 0xfa, 0x9f, 0xf1, 0x0, 0x7f,
    0xff, 0xff, 0xff, 0xff, 0xf7, 0x0, 0xf, 0xfa,
    0x9f, 0xf1, 0x0, 0x7f, 0xff, 0xff, 0xff, 0xff,
    0xf7, 0x0, 0xf, 0xfa, 0x9f, 0xf1, 0x0, 0x2,
    0x22, 0x22, 0x22, 0x22, 0x20, 0x0, 0xf, 0xfa,
    0x9f, 0xf1, 0x0, 0x0, 0x0, 0x0, 0x0, 0x0,
    0x0, 0x0, 0xf, 0xfa, 0x9f, 0xf1, 0x0, 0x0,
    0x0, 0x0, 0x0, 0x0, 0x0, 0x45, 0x6f, 0xfa,
    0x9f, 0xf1, 0x0, 0x0, 0x0, 0x0, 0x0, 0x0,
    0x0, 0x9f, 0xff, 0xf7, 0x9f, 0xf1, 0x0, 0x0,
    0x0, 0x0, 0x0, 0x0, 0x0, 0x4f, 0xfd, 0x90,

    /* U+9605 "阅" */
    0x0, 0x0, 0x0, 0x0, 0x0, 0x0, 0x0, 0x0,
    0x0, 0x0, 0x0, 0x0, 0x6, 0xe8, 0x0, 0x0,
    0x0, 0x0, 0x0, 0x0, 0x0, 0x0, 0x0, 0x0,
    0xb, 0xff, 0x80, 0x3, 0xff, 0xff, 0xff, 0xff,
    0xff, 0xff, 0xff, 0xf9, 0x0, 0xcf, 0xf6, 0x3,
    0xff, 0xff, 0xff, 0xff, 0xff, 0xff, 0xff, 0xf9,
    0x0, 0x1d, 0xfe, 0x0, 0x44, 0x44, 0x44, 0x44,
    0x44, 0x44, 0x4f, 0xf9, 0x0, 0x3, 0x91, 0x2,
    0x80, 0x0, 0x0, 0x29, 0x61, 0x0, 0xf, 0xf9,
    0x24, 0x40, 0x0, 0x1f, 0xf8, 0x0, 0x0, 0x9f,
    0xf2, 0x0, 0xf, 0xf9, 0x9f, 0xf0, 0x0, 0x7,
    0xff, 0x20, 0x1, 0xff, 0x90, 0x0, 0xf, 0xf9,
    0x9f, 0xf0, 0x0, 0x0, 0xef, 0xa0, 0x9, 0xfe,
    0x10, 0x0, 0xf, 0xf9, 0x9f, 0xf0, 0x0, 0x11,
    0x8e, 0x61, 0x4f, 0xf8, 0x11, 0x0, 0xf, 0xf9,
    0x9f, 0xf0, 0x3, 0xff, 0xff, 0xff, 0xff, 0xff,
    0xff, 0x10, 0xf, 0xf9, 0x9f, 0xf0, 0x3, 0xff,
    0xff, 0xff, 0xff, 0xff, 0xff, 0x10, 0xf, 0xf9,
    0x9f, 0xf0, 0x3, 0xff, 0x10, 0x0, 0x0, 0x5,
    0xff, 0x10, 0xf, 0xf9, 0x9f, 0xf0, 0x3, 0xff,
    0x10, 0x0, 0x0, 0x5, 0xff, 0x10, 0xf, 0xf9,
    0x9f, 0xf0, 0x3, 0xff, 0x32, 0x22, 0x22, 0x26,
    0xff, 0x10, 0xf, 0xf9, 0x9f, 0xf0, 0x3, 0xff,
    0xff, 0xff, 0xff, 0xff, 0xff, 0x10, 0xf, 0xf9,
    0x9f, 0xf0, 0x3, 0xff, 0xff, 0xff, 0xff, 0xff,
    0xff, 0x10, 0xf, 0xf9, 0x9f, 0xf0, 0x0, 0x0,
    0x6f, 0xe0, 0x5f, 0xf0, 0x0, 0x0, 0xf, 0xf9,
    0x9f, 0xf0, 0x0, 0x0, 0xaf, 0xa0, 0x5f, 0xf0,
    0x0, 0x0, 0xf, 0xf9, 0x9f, 0xf0, 0x0, 0x1,
    0xff, 0x50, 0x5f, 0xf0, 0x0, 0x10, 0xf, 0xf9,
    0x9f, 0xf0, 0x0, 0xb, 0xfe, 0x0, 0x5f, 0xf0,
    0x3, 0xf8, 0xf, 0xf9, 0x9f, 0xf0, 0x1, 0xaf,
    0xf5, 0x0, 0x4f, 0xf1, 0x16, 0xfb, 0xf, 0xf9,
    0x9f, 0xf0, 0x6e, 0xff, 0x70, 0x0, 0x2f, 0xff,
    0xff, 0xf7, 0xf, 0xf9, 0x9f, 0xf0, 0x3f, 0xd4,
    0x0, 0x0, 0x8, 0xef, 0xfe, 0xf5, 0x5f, 0xf8,
    0x9f, 0xf0, 0x2, 0x0, 0x0, 0x0, 0x0, 0x0,
    0x0, 0xbf, 0xff, 0xf5, 0x9f, 0xf0, 0x0, 0x0,
    0x0, 0x0, 0x0, 0x0, 0x0, 0x6f, 0xfd, 0x80,

    /* U+9664 "除" */
    0x0, 0x0, 0x0, 0x0, 0x0, 0x0, 0x0, 0x0,
    0x93, 0x0, 0x0, 0x0, 0x0, 0x56, 0x66, 0x66,
    0x50, 0x0, 0x0, 0x0, 0x8, 0xff, 0x30, 0x0,
    0x0, 0x0, 0xef, 0xff, 0xff, 0xfe, 0x10, 0x0,
    0x0, 0x4f, 0xff, 0x20, 0x0, 0x0, 0x0, 0xef,
    0xff, 0xff, 0xfe, 0x0, 0x0, 0x2, 0xff, 0xff,
    0xe2, 0x0, 0x0, 0x0, 0xef, 0x50, 0xd, 0xf9,
    0x0, 0x0, 0x2e, 0xfe, 0x4e, 0xfe, 0x30, 0x0,
    0x0, 0xef, 0x50, 0x1f, 0xf3, 0x0, 0x4, 0xef,
    0xf3, 0x3, 0xff, 0xf5, 0x0, 0x0, 0xef, 0x50,
    0x6f, 0xd0, 0x0, 0x7f, 0xff, 0x40, 0x0, 0x3f,
    0xff, 0xa1, 0x0, 0xef, 0x50, 0xbf, 0x70, 0x2c,
    0xff, 0xe3, 0x0, 0x0, 0x3, 0xef, 0xfe, 0x60,
    0xef, 0x50, 0xff, 0x13, 0xff, 0xfd, 0x20, 0x0,
    0x0, 0x0, 0x2c, 0xff, 0xb0, 0xef, 0x55, 0xfb,
    0x0, 0x7f, 0xaf, 0xff, 0xff, 0xff, 0xff, 0xfe,
    0x7d, 0x10, 0xef, 0x53, 0xff, 0x20, 0x2, 0x2f,
    0xff, 0xff, 0xff, 0xff, 0xfe, 0x0, 0x0, 0xef,
    0x50, 0x8f, 0xc0, 0x0, 0x3, 0x33, 0x3a, 0xff,
    0x33, 0x33, 0x0, 0x0, 0xef, 0x50, 0x1f, 0xf4,
    0x0, 0x0, 0x0, 0x8, 0xff, 0x0, 0x0, 0x0,
    0x0, 0xef, 0x50, 0xa, 0xf9, 0x0, 0x0, 0x0,
    0x8, 0xff, 0x0, 0x0, 0x0, 0x0, 0xef, 0x50,
    0x7, 0xfd, 0x8f, 0xff, 0xff, 0xff, 0xff, 0xff,
    0xff, 0xff, 0x80, 0xef, 0x50, 0x6, 0xfe, 0x9f,
    0xff, 0xff, 0xff, 0xff, 0xff, 0xff, 0xff, 0x90,
    0xef, 0x50, 0x7, 0xfe, 0x36, 0x66, 0x66, 0x6b,
    0xff, 0x66, 0x66, 0x66, 0x30, 0xef, 0x66, 0x6e,
    0xfb, 0x0, 0x0, 0x0, 0x8, 0xff, 0x0, 0x1,
    0x0, 0x0, 0xef, 0x5d, 0xff, 0xf6, 0x0, 0x5e,
    0xa1, 0x8, 0xff, 0x5, 0xed, 0x0, 0x0, 0xef,
    0x58, 0xdc, 0x60, 0x0, 0xdf, 0xc0, 0x8, 0xff,
    0x2, 0xff, 0xb0, 0x0, 0xef, 0x50, 0x0, 0x0,
    0x8, 0xff, 0x30, 0x8, 0xff, 0x0, 0x5f, 0xf6,
    0x0, 0xef, 0x50, 0x0, 0x0, 0x5f, 0xf8, 0x0,
    0x8, 0xff, 0x0, 0xa, 0xff, 0x20, 0xef, 0x50,
    0x0, 0x4, 0xff, 0xc0, 0x0, 0x8, 0xff, 0x0,
    0x1, 0xef, 0xc0, 0xef, 0x50, 0x0, 0x3, 0xde,
    0x10, 0x54, 0x4b, 0xff, 0x0, 0x0, 0x6e, 0x60,
    0xef, 0x50, 0x0, 0x0, 0x2, 0x0, 0xcf, 0xff,
    0xfc, 0x0, 0x0, 0x0, 0x0, 0xef, 0x50, 0x0,
    0x0, 0x0, 0x0, 0x6f, 0xfe, 0xa2, 0x0, 0x0,
    0x0, 0x0, 0x0, 0x0, 0x0, 0x0, 0x0, 0x0,
    0x0, 0x0, 0x0, 0x0, 0x0, 0x0, 0x0,

    /* U+96C6 "集" */
    0x0, 0x0, 0x0, 0x9, 0x84, 0x0, 0x4, 0x96,
    0x0, 0x0, 0x0, 0x0, 0x0, 0x0, 0x0, 0x0,
    0x7, 0xff, 0x80, 0x0, 0xbf, 0xf1, 0x0, 0x0,
    0x0, 0x0, 0x0, 0x0, 0x0, 0x2, 0xff, 0xd0,
    0x0, 0x4, 0xff, 0x70, 0x0, 0x0, 0x0, 0x0,
    0x0, 0x0, 0x0, 0xcf, 0xfe, 0xdd, 0xdd, 0xdf,
    0xff, 0xdd, 0xdd, 0xdd, 0xdc, 0x0, 0x0, 0x0,
    0x9f, 0xff, 0xff, 0xff, 0xff, 0xff, 0xff, 0xff,
    0xff, 0xff, 0xe0, 0x0, 0x0, 0x7f, 0xff, 0x53,
    0x33, 0x33, 0x9f, 0xf3, 0x33, 0x33, 0x33, 0x32,
    0x0, 0x0, 0x6f, 0xff, 0xf3, 0x0, 0x0, 0x8,
    0xff, 0x0, 0x0, 0x0, 0x0, 0x0, 0x0, 0x8f,
    0xff, 0xff, 0xff, 0xff, 0xff, 0xff, 0xff, 0xff,
    0xff, 0xff, 0xb0, 0x0, 0x1c, 0xfe, 0x9f, 0xfc,
    0xbb, 0xbb, 0xbd, 0xff, 0xbb, 0xbb, 0xbb, 0xb8,
    0x0, 0x0, 0x9, 0x26, 0xff, 0x30, 0x0, 0x0,
    0x8f, 0xf0, 0x0, 0x0, 0x0, 0x0, 0x0, 0x0,
    0x0, 0x6f, 0xfc, 0xcc, 0xcc, 0xce, 0xff, 0xcc,
    0xcc, 0xcc, 0xc9, 0x0, 0x0, 0x0, 0x6, 0xff,
    0xff, 0xff, 0xff, 0xff, 0xff, 0xff, 0xff, 0xff,
    0xc0, 0x0, 0x0, 0x0, 0x6f, 0xf3, 0x0, 0x0,
    0x8, 0xff, 0x10, 0x0, 0x0, 0x0, 0x0, 0x0,
    0x0, 0x6, 0xff, 0x52, 0x22, 0x22, 0x9f, 0xf2,
    0x22, 0x22, 0x22, 0x22, 0x10, 0x0, 0x0, 0x6f,
    0xff, 0xff, 0xff, 0xff, 0xff, 0xff, 0xff, 0xff,
    0xff, 0xfa, 0x0, 0x0, 0x6, 0xff, 0xee, 0xee,
    0xef, 0xff, 0xee, 0xee, 0xee, 0xee, 0xee, 0x90,
    0x0, 0x0, 0x27, 0x71, 0x0, 0x0, 0x7f, 0xf2,
    0x0, 0x0, 0x0, 0x0, 0x0, 0x0, 0x12, 0x22,
    0x22, 0x22, 0x22, 0x28, 0xff, 0x42, 0x22, 0x22,
    0x22, 0x22, 0x20, 0xa, 0xff, 0xff, 0xff, 0xff,
    0xff, 0xff, 0xff, 0xff, 0xff, 0xff, 0xff, 0xff,
    0x30, 0x9f, 0xff, 0xff, 0xff, 0xff, 0xff, 0xff,
    0xff, 0xff, 0xff, 0xff, 0xff, 0xf2, 0x0, 0x0,
    0x0, 0x0, 0x19, 0xff, 0xff, 0xff, 0xff, 0x70,
    0x0, 0x0, 0x0, 0x0, 0x0, 0x0, 0x2, 0x9f,
    0xff, 0x97, 0xff, 0x4b, 0xff, 0xe7, 0x10, 0x0,
    0x0, 0x0, 0x0, 0x5c, 0xff, 0xfc, 0x30, 0x7f,
    0xf2, 0x5, 0xdf, 0xff, 0xa4, 0x0, 0x1, 0x7c,
    0xff, 0xff, 0xc5, 0x0, 0x7, 0xff, 0x20, 0x0,
    0x5d, 0xff, 0xff, 0xb5, 0xb, 0xff, 0xfb, 0x40,
    0x0, 0x0, 0x7f, 0xf2, 0x0, 0x0, 0x4, 0xaf,
    0xff, 0x20, 0xa, 0x61, 0x0, 0x0, 0x0, 0x7,
    0xff, 0x20, 0x0, 0x0, 0x0, 0x5, 0x50,

    /* U+97F3 "音" */
    0x0, 0x0, 0x0, 0x0, 0x0, 0x4, 0x7a, 0x0,
    0x0, 0x0, 0x0, 0x0, 0x0, 0x0, 0x0, 0x0,
    0x0, 0x0, 0x7, 0xff, 0x70, 0x0, 0x0, 0x0,
    0x0, 0x0, 0x0, 0x1, 0x11, 0x11, 0x11, 0x12,
    0xff, 0xe1, 0x11, 0x11, 0x11, 0x11, 0x0, 0x0,
    0x9f, 0xff, 0xff, 0xff, 0xff, 0xff, 0xff, 0xff,
    0xff, 0xff, 0xff, 0x50, 0x0, 0x9f, 0xff, 0xff,
    0xff, 0xff, 0xff, 0xff, 0xff, 0xff, 0xff, 0xff,
    0x50, 0x0, 0x23, 0x33, 0x7b, 0xb3, 0x33, 0x33,
    0x33, 0x36, 0xeb, 0x63, 0x33, 0x10, 0x0, 0x0,
    0x0, 0xbf, 0xf2, 0x0, 0x0, 0x0, 0x7, 0xff,
    0x80, 0x0, 0x0, 0x0, 0x0, 0x0, 0x4f, 0xf9,
    0x0, 0x0, 0x0, 0xd, 0xff, 0x10, 0x0, 0x0,
    0x0, 0x0, 0x0, 0xe, 0xff, 0x0, 0x0, 0x0,
    0x4f, 0xf9, 0x0, 0x0, 0x0, 0x16, 0x66, 0x66,
    0x6c, 0xff, 0x86, 0x66, 0x66, 0xcf, 0xf8, 0x66,
    0x66, 0x64, 0x2f, 0xff, 0xff, 0xff, 0xff, 0xff,
    0xff, 0xff, 0xff, 0xff, 0xff, 0xff, 0xfa, 0x2e,
    0xee, 0xee, 0xee, 0xee, 0xee, 0xee, 0xee, 0xee,
    0xee, 0xee, 0xee, 0xe9, 0x0, 0x0, 0x0, 0x0,
    0x0, 0x0, 0x0, 0x0, 0x0, 0x0, 0x0, 0x0,
    0x0, 0x0, 0x0, 0x12, 0x22, 0x22, 0x22, 0x22,
    0x22, 0x22, 0x22, 0x22, 0x0, 0x0, 0x0, 0x0,
    0x8f, 0xff, 0xff, 0xff, 0xff, 0xff, 0xff, 0xff,
    0xff, 0x30, 0x0, 0x0, 0x0, 0x8f, 0xff, 0xff,
    0xff, 0xff, 0xff, 0xff, 0xff, 0xff, 0x30, 0x0,
    0x0, 0x0, 0x8f, 0xf1, 0x0, 0x0, 0x0, 0x0,
    0x0, 0x7, 0xff, 0x30, 0x0, 0x0, 0x0, 0x8f,
    0xf1, 0x0, 0x0, 0x0, 0x0, 0x0, 0x7, 0xff,
    0x30, 0x0, 0x0, 0x0, 0x8f, 0xfd, 0xcc, 0xcc,
    0xcc, 0xcc, 0xcc, 0xce, 0xff, 0x30, 0x0, 0x0,
    0x0, 0x8f, 0xff, 0xff, 0xff, 0xff, 0xff, 0xff,
    0xff, 0xff, 0x30, 0x0, 0x0, 0x0, 0x8f, 0xf4,
    0x44, 0x44, 0x44, 0x44, 0x44, 0x49, 0xff, 0x30,
    0x0, 0x0, 0x0, 0x8f, 0xf1, 0x0, 0x0, 0x0,
    0x0, 0x0, 0x7, 0xff, 0x30, 0x0, 0x0, 0x0,
    0x8f, 0xf1, 0x0, 0x0, 0x0, 0x0, 0x0, 0x7,
    0xff, 0x30, 0x0, 0x0, 0x0, 0x8f, 0xff, 0xff,
    0xff, 0xff, 0xff, 0xff, 0xff, 0xff, 0x30, 0x0,
    0x0, 0x0, 0x8f, 0xff, 0xff, 0xff, 0xff, 0xff,
    0xff, 0xff, 0xff, 0x30, 0x0, 0x0, 0x0, 0x8f,
    0xf4, 0x33, 0x33, 0x33, 0x33, 0x33, 0x39, 0xff,
    0x30, 0x0, 0x0, 0x0, 0x1, 0x10, 0x0, 0x0,
    0x0, 0x0, 0x0, 0x0, 0x0, 0x0, 0x0,

    /* U+9884 "预" */
    0x3, 0x33, 0x33, 0x33, 0x33, 0x0, 0x55, 0x55,
    0x55, 0x55, 0x55, 0x55, 0x54, 0x4f, 0xff, 0xff,
    0xff, 0xff, 0xd3, 0xff, 0xff, 0xff, 0xff, 0xff,
    0xff, 0xfd, 0x4f, 0xff, 0xff, 0xff, 0xff, 0xe2,
    0xff, 0xff, 0xff, 0xff, 0xff, 0xff, 0xfd, 0x1,
    0x11, 0x11, 0x1a, 0xff, 0x40, 0x0, 0x0, 0x7,
    0xff, 0x40, 0x0, 0x0, 0x0, 0x0, 0x0, 0x5f,
    0xf8, 0x0, 0x0, 0x0, 0xa, 0xfe, 0x0, 0x0,
    0x0, 0x0, 0xca, 0x13, 0xff, 0xb0, 0x0, 0x6,
    0x66, 0x6e, 0xfc, 0x66, 0x66, 0x40, 0x5, 0xff,
    0xee, 0xfd, 0x10, 0x0, 0x2f, 0xff, 0xff, 0xff,
    0xff, 0xff, 0xc0, 0x0, 0x4d, 0xff, 0xf3, 0x0,
    0x0, 0x2f, 0xff, 0xff, 0xff, 0xff, 0xff, 0xc0,
    0x0, 0x0, 0x9f, 0xff, 0x70, 0x0, 0x2f, 0xf4,
    0x0, 0x0, 0x0, 0xcf, 0xc0, 0x33, 0x33, 0x37,
    0xff, 0xe4, 0x31, 0x2f, 0xf4, 0x4, 0x98, 0x0,
    0xcf, 0xc0, 0xff, 0xff, 0xff, 0xff, 0xff, 0xff,
    0x3f, 0xf4, 0x7, 0xff, 0x0, 0xcf, 0xc0, 0xff,
    0xff, 0xff, 0xff, 0xff, 0xfc, 0x2f, 0xf4, 0x7,
    0xff, 0x0, 0xcf, 0xc0, 0x11, 0x11, 0x9f, 0xf1,
    0x1d, 0xf7, 0x2f, 0xf4, 0x7, 0xff, 0x0, 0xcf,
    0xc0, 0x0, 0x0, 0x9f, 0xf0, 0x1f, 0xf2, 0x2f,
    0xf4, 0x7, 0xff, 0x0, 0xcf, 0xc0, 0x0, 0x0,
    0x9f, 0xf0, 0x6f, 0xc0, 0x2f, 0xf4, 0x7, 0xff,
    0x0, 0xcf, 0xc0, 0x0, 0x0, 0x9f, 0xf0, 0xcf,
    0x60, 0x2f, 0xf4, 0x8, 0xfe, 0x0, 0xcf, 0xc0,
    0x0, 0x0, 0x9f, 0xf0, 0x26, 0x10, 0x2f, 0xf4,
    0xa, 0xfd, 0x0, 0xcf, 0xc0, 0x0, 0x0, 0x9f,
    0xf0, 0x0, 0x0, 0x2f, 0xf4, 0xe, 0xfa, 0x0,
    0xcf, 0xc0, 0x0, 0x0, 0x9f, 0xf0, 0x0, 0x0,
    0x1e, 0xe4, 0x5f, 0xf6, 0x0, 0xad, 0x90, 0x0,
    0x0, 0x9f, 0xf0, 0x0, 0x0, 0x0, 0x1, 0xdf,
    0xe0, 0x54, 0x0, 0x0, 0x0, 0x0, 0x9f, 0xf0,
    0x0, 0x0, 0x0, 0x1c, 0xff, 0x65, 0xff, 0x80,
    0x0, 0x0, 0x0, 0x9f, 0xf0, 0x0, 0x0, 0x3,
    0xdf, 0xf9, 0x1, 0xcf, 0xfb, 0x0, 0x5, 0x66,
    0xcf, 0xe0, 0x0, 0x4, 0xbf, 0xff, 0x80, 0x0,
    0xa, 0xff, 0xd2, 0xa, 0xff, 0xff, 0xc0, 0x0,
    0x3f, 0xff, 0xd4, 0x0, 0x0, 0x0, 0x9f, 0xfa,
    0x6, 0xff, 0xfb, 0x20, 0x0, 0x5, 0xc6, 0x0,
    0x0, 0x0, 0x0, 0x8, 0xc0, 0x0, 0x0, 0x0,
    0x0, 0x0, 0x0, 0x0, 0x0, 0x0, 0x0, 0x0,
    0x0, 0x0,

    /* U+9986 "馆" */
    0x0, 0x5, 0x20, 0x0, 0x0, 0x0, 0x0, 0x0,
    0x4, 0x70, 0x0, 0x0, 0x0, 0x0, 0xf, 0xf8,
    0x0, 0x0, 0x0, 0x0, 0x0, 0x9f, 0xf4, 0x0,
    0x0, 0x0, 0x0, 0x3f, 0xf5, 0x0, 0x0, 0x0,
    0x0, 0x0, 0x2f, 0xfb, 0x0, 0x0, 0x0, 0x0,
    0x5f, 0xf2, 0x0, 0x0, 0x24, 0x44, 0x44, 0x4e,
    0xfa, 0x44, 0x44, 0x42, 0x0, 0x9f, 0xf5, 0x55,
    0x53, 0x6f, 0xff, 0xff, 0xff, 0xff, 0xff, 0xff,
    0xf7, 0x0, 0xdf, 0xff, 0xff, 0xff, 0xaf, 0xff,
    0xff, 0xff, 0xff, 0xff, 0xff, 0xf7, 0x1, 0xff,
    0xff, 0xff, 0xfe, 0x7f, 0xf1, 0x0, 0x0, 0x0,
    0x0, 0x2f, 0xf7, 0x6, 0xff, 0x20, 0xc, 0xfa,
    0x6f, 0xf1, 0x0, 0x0, 0x0, 0x0, 0x2f, 0xf7,
    0xb, 0xfd, 0x0, 0x1f, 0xf4, 0x26, 0xff, 0xff,
    0xff, 0xff, 0xff, 0xfa, 0x63, 0x2f, 0xf7, 0x0,
    0x7f, 0xe0, 0x0, 0xff, 0xff, 0xff, 0xff, 0xff,
    0xf6, 0x0, 0x9f, 0xf2, 0x77, 0x8b, 0x70, 0x0,
    0xff, 0x81, 0x11, 0x11, 0x1f, 0xf6, 0x0, 0x6f,
    0xa1, 0xff, 0x70, 0x0, 0x0, 0xff, 0x80, 0x0,
    0x0, 0xf, 0xf6, 0x0, 0x4, 0x21, 0xff, 0x70,
    0x0, 0x0, 0xff, 0x80, 0x0, 0x0, 0xf, 0xf6,
    0x0, 0x0, 0x1, 0xff, 0x70, 0x0, 0x0, 0xff,
    0xff, 0xff, 0xff, 0xff, 0xf6, 0x0, 0x0, 0x1,
    0xff, 0x70, 0x0, 0x0, 0xff, 0xff, 0xff, 0xff,
    0xff, 0xf6, 0x0, 0x0, 0x1, 0xff, 0x70, 0x0,
    0x0, 0xff, 0x92, 0x22, 0x22, 0x22, 0x20, 0x0,
    0x0, 0x1, 0xff, 0x70, 0x0, 0x0, 0xff, 0x80,
    0x0, 0x0, 0x0, 0x0, 0x0, 0x0, 0x1, 0xff,
    0x70, 0x0, 0x0, 0xff, 0xff, 0xff, 0xff, 0xff,
    0xff, 0xa0, 0x0, 0x1, 0xff, 0x70, 0x1, 0x0,
    0xff, 0xff, 0xff, 0xff, 0xff, 0xff, 0xa0, 0x0,
    0x1, 0xff, 0x70, 0x9a, 0x0, 0xff, 0x93, 0x33,
    0x33, 0x33, 0xef, 0xa0, 0x0, 0x1, 0xff, 0xad,
    0xfe, 0x0, 0xff, 0x80, 0x0, 0x0, 0x0, 0xef,
    0xa0, 0x0, 0x2, 0xff, 0xff, 0xf8, 0x0, 0xff,
    0x80, 0x0, 0x0, 0x0, 0xef, 0xa0, 0x0, 0x6,
    0xff, 0xfe, 0x40, 0x0, 0xff, 0x92, 0x22, 0x22,
    0x22, 0xef, 0xa0, 0x0, 0x2e, 0xff, 0xb1, 0x0,
    0x0, 0xff, 0xff, 0xff, 0xff, 0xff, 0xff, 0xa0,
    0x0, 0x6f, 0xf7, 0x0, 0x0, 0x0, 0xff, 0xff,
    0xff, 0xff, 0xff, 0xff, 0xa0, 0x0, 0x9, 0x40,
    0x0, 0x0, 0x0, 0xff, 0x81, 0x11, 0x11, 0x11,
    0xef, 0xa0, 0x0, 0x0, 0x0, 0x0, 0x0, 0x0,
    0x22, 0x10, 0x0, 0x0, 0x0, 0x0, 0x0,

    /* U+9B54 "魔" */
    0x0, 0x0, 0x0, 0x0, 0x0, 0x0, 0x0, 0x23,
    0x0, 0x0, 0x0, 0x0, 0x0, 0x0, 0x0, 0x0,
    0x0, 0x0, 0x0, 0x0, 0xc, 0xff, 0x10, 0x0,
    0x0, 0x0, 0x0, 0x0, 0x0, 0x0, 0x11, 0x11,
    0x11, 0x11, 0x16, 0xff, 0x81, 0x11, 0x11, 0x11,
    0x11, 0x0, 0x0, 0xd, 0xff, 0xff, 0xff, 0xff,
    0xff, 0xff, 0xff, 0xff, 0xff, 0xff, 0xff, 0xa0,
    0x0, 0xd, 0xff, 0xee, 0xee, 0xee, 0xee, 0xee,
    0xee, 0xee, 0xee, 0xee, 0xee, 0x90, 0x0, 0xd,
    0xf9, 0x0, 0x0, 0x7c, 0x30, 0x0, 0x0, 0x0,
    0xac, 0x0, 0x0, 0x0, 0x0, 0xd, 0xf9, 0x49,
    0x99, 0xdf, 0xb9, 0x99, 0x29, 0x99, 0xff, 0xa9,
    0x99, 0x20, 0x0, 0xd, 0xf9, 0x7f, 0xff, 0xff,
    0xff, 0xff, 0x4f, 0xff, 0xff, 0xff, 0xff, 0x40,
    0x0, 0xd, 0xf9, 0x0, 0x2d, 0xff, 0xfb, 0x30,
    0x0, 0x6f, 0xff, 0xf8, 0x0, 0x0, 0x0, 0xd,
    0xf9, 0x4, 0xef, 0xef, 0xae, 0xf8, 0x19, 0xfd,
    0xff, 0xdf, 0xb2, 0x0, 0x0, 0xd, 0xf9, 0xbf,
    0xf5, 0xaf, 0x51, 0xa4, 0xef, 0xc1, 0xef, 0x2b,
    0xff, 0x70, 0x0, 0xd, 0xf9, 0x6c, 0x20, 0xaf,
    0x50, 0x87, 0x87, 0x0, 0xef, 0x10, 0x6d, 0x10,
    0x0, 0xd, 0xf9, 0x0, 0x0, 0x23, 0x15, 0xff,
    0x40, 0x0, 0x23, 0x0, 0x0, 0x0, 0x0, 0xe,
    0xf8, 0x6, 0xff, 0xff, 0xff, 0xff, 0xff, 0xff,
    0xff, 0xff, 0x90, 0x0, 0x0, 0xe, 0xf8, 0x6,
    0xfe, 0x88, 0x88, 0xaf, 0xf9, 0x88, 0x88, 0xef,
    0x90, 0x0, 0x0, 0xf, 0xf7, 0x6, 0xfd, 0x33,
    0x33, 0x7f, 0xf4, 0x33, 0x33, 0xcf, 0x90, 0x0,
    0x0, 0xf, 0xf5, 0x6, 0xff, 0xff, 0xff, 0xff,
    0xff, 0xff, 0xff, 0xff, 0x90, 0x0, 0x0, 0x1f,
    0xf4, 0x6, 0xfd, 0x11, 0x11, 0xdf, 0xb1, 0x11,
    0x11, 0xcf, 0x90, 0x0, 0x0, 0x3f, 0xf2, 0x6,
    0xfe, 0x88, 0x88, 0xff, 0xc8, 0x88, 0x88, 0xef,
    0x90, 0x0, 0x0, 0x6f, 0xf0, 0x6, 0xff, 0xff,
    0xff, 0xff, 0xff, 0xff, 0xff, 0xff, 0x90, 0x0,
    0x0, 0x8f, 0xd0, 0x0, 0x0, 0x0, 0x5f, 0xfd,
    0x97, 0x0, 0xb9, 0x11, 0x0, 0x0, 0x0, 0xcf,
    0xa0, 0x0, 0x0, 0x3, 0xff, 0xf8, 0xfd, 0x4,
    0xf4, 0x9b, 0x0, 0x0, 0x1, 0xff, 0x60, 0x0,
    0x0, 0x7f, 0xff, 0x46, 0xfd, 0x3e, 0xec, 0xef,
    0x35, 0x10, 0x7, 0xff, 0x20, 0x2, 0x7e, 0xff,
    0xf4, 0x6, 0xfd, 0x4e, 0xa7, 0x49, 0x6f, 0xf0,
    0xe, 0xfc, 0x7, 0xdf, 0xff, 0xfb, 0x20, 0x4,
    0xff, 0xa9, 0x99, 0x99, 0xbf, 0xc0, 0x7, 0xf5,
    0x3, 0xff, 0xfa, 0x30, 0x0, 0x0, 0x9e, 0xff,
    0xff, 0xff, 0xfc, 0x30, 0x0, 0x40, 0x0, 0x64,
    0x0, 0x0, 0x0, 0x0, 0x0, 0x0, 0x0, 0x0,
    0x0, 0x0,

    /* U+9E26 "鸦" */
    0x0, 0x0, 0x0, 0x0, 0x0, 0x0, 0x0, 0x0,
    0x7, 0x52, 0x0, 0x0, 0x0, 0x2, 0x22, 0x22,
    0x22, 0x22, 0x22, 0x0, 0x0, 0x3f, 0xf6, 0x0,
    0x0, 0x0, 0x1f, 0xff, 0xff, 0xff, 0xff, 0xff,
    0x10, 0x0, 0x8f, 0xd0, 0x0, 0x0, 0x0, 0x1f,
    0xff, 0xff, 0xff, 0xff, 0xff, 0x16, 0xff, 0xff,
    0xff, 0xff, 0xff, 0x90, 0x5, 0x55, 0x55, 0x57,
    0xff, 0x65, 0x6, 0xff, 0xff, 0xff, 0xff, 0xff,
    0x80, 0x0, 0xab, 0x60, 0x3, 0xff, 0x10, 0x6,
    0xfe, 0x11, 0x21, 0x11, 0xbf, 0x80, 0x0, 0xff,
    0x70, 0x3, 0xff, 0x10, 0x6, 0xfe, 0x9, 0xd1,
    0x0, 0xcf, 0x70, 0x1, 0xff, 0x40, 0x3, 0xff,
    0x10, 0x6, 0xfe, 0xa, 0xfd, 0x10, 0xdf, 0x60,
    0x4, 0xff, 0x20, 0x3, 0xff, 0x10, 0x6, 0xfe,
    0x0, 0xaf, 0xd0, 0xef, 0x50, 0x7, 0xff, 0x0,
    0x3, 0xff, 0x10, 0x6, 0xfe, 0x0, 0xc, 0x70,
    0xff, 0x30, 0x9, 0xfd, 0x22, 0x25, 0xff, 0x32,
    0x16, 0xfe, 0x0, 0x0, 0x4, 0xff, 0x10, 0xc,
    0xff, 0xff, 0xff, 0xff, 0xff, 0x86, 0xfe, 0x0,
    0xe, 0xff, 0xfd, 0x0, 0xf, 0xff, 0xff, 0xff,
    0xff, 0xff, 0x86, 0xfe, 0x0, 0xa, 0xee, 0xb2,
    0x0, 0x5, 0x55, 0x59, 0xff, 0xff, 0x65, 0x26,
    0xfe, 0x0, 0x0, 0x0, 0x0, 0x0, 0x0, 0x0,
    0xc, 0xff, 0xff, 0x10, 0x6, 0xff, 0xee, 0xee,
    0xee, 0xee, 0xea, 0x0, 0x0, 0x4f, 0xfa, 0xff,
    0x10, 0x6, 0xff, 0xff, 0xff, 0xff, 0xff, 0xfa,
    0x0, 0x0, 0xcf, 0xe4, 0xff, 0x10, 0x1, 0x33,
    0x33, 0x33, 0x33, 0x3c, 0xf9, 0x0, 0x6, 0xff,
    0x73, 0xff, 0x10, 0x0, 0x0, 0x0, 0x0, 0x0,
    0xc, 0xf8, 0x0, 0x1e, 0xfd, 0x3, 0xff, 0x10,
    0x33, 0x33, 0x33, 0x33, 0x33, 0xe, 0xf7, 0x0,
    0xbf, 0xf5, 0x3, 0xff, 0x10, 0xff, 0xff, 0xff,
    0xff, 0xff, 0xf, 0xf6, 0x7, 0xff, 0xb0, 0x3,
    0xff, 0x10, 0xef, 0xff, 0xff, 0xff, 0xfe, 0x1f,
    0xf4, 0x5f, 0xfe, 0x10, 0x3, 0xff, 0x10, 0x0,
    0x0, 0x0, 0x0, 0x0, 0x3f, 0xf2, 0x8f, 0xf4,
    0x0, 0x3, 0xff, 0x10, 0x0, 0x0, 0x0, 0x0,
    0x0, 0x6f, 0xf0, 0x7, 0x61, 0x76, 0x6a, 0xff,
    0x10, 0x0, 0x0, 0x0, 0x13, 0x22, 0xdf, 0xc0,
    0x0, 0x0, 0xff, 0xff, 0xfd, 0x0, 0x0, 0x0,
    0x0, 0x2f, 0xff, 0xff, 0x70, 0x0, 0x0, 0xbf,
    0xfd, 0xa2, 0x0, 0x0, 0x0, 0x0, 0xd, 0xff,
    0xd8, 0x0,

    /* U+FF0C "，" */
    0x0, 0x68, 0x30, 0xb, 0xff, 0xf5, 0xf, 0xff,
    0xfc, 0xe, 0xff, 0xff, 0x2, 0xbe, 0xff, 0x0,
    0x8, 0xfc, 0x0, 0x1e, 0xf7, 0x1, 0xcf, 0xd0,
    0x7f, 0xfe, 0x20, 0x8f, 0xb1, 0x0, 0x12, 0x0,
    0x0,

    /* U+FF1F "？" */
    0x0, 0x0, 0x0, 0x1, 0x0, 0x0, 0x0, 0x0,
    0x2, 0x9e, 0xff, 0xfc, 0x50, 0x0, 0x0, 0x8f,
    0xff, 0xff, 0xff, 0xf9, 0x0, 0xa, 0xff, 0xfc,
    0x89, 0xef, 0xff, 0x60, 0x6, 0xfd, 0x30, 0x0,
    0xc, 0xff, 0xc0, 0x0, 0x41, 0x0, 0x0, 0x4,
    0xff, 0xf0, 0x0, 0x0, 0x0, 0x0, 0x2, 0xff,
    0xf0, 0x0, 0x0, 0x0, 0x0, 0x5, 0xff, 0xc0,
    0x0, 0x0, 0x0, 0x0, 0x2e, 0xff, 0x40, 0x0,
    0x0, 0x0, 0x1, 0xef, 0xf8, 0x0, 0x0, 0x0,
    0x0, 0x1d, 0xff, 0x90, 0x0, 0x0, 0x0, 0x0,
    0xdf, 0xf8, 0x0, 0x0, 0x0, 0x0, 0x7, 0xff,
    0xb0, 0x0, 0x0, 0x0, 0x0, 0xc, 0xff, 0x30,
    0x0, 0x0, 0x0, 0x0, 0xd, 0xff, 0x0, 0x0,
    0x0, 0x0, 0x0, 0x2, 0x33, 0x0, 0x0, 0x0,
    0x0, 0x0, 0x0, 0x0, 0x0, 0x0, 0x0, 0x0,
    0x0, 0x7, 0xb9, 0x10, 0x0, 0x0, 0x0, 0x0,
    0x8f, 0xff, 0xd0, 0x0, 0x0, 0x0, 0x0, 0xcf,
    0xff, 0xf2, 0x0, 0x0, 0x0, 0x0, 0xbf, 0xff,
    0xf1, 0x0, 0x0, 0x0, 0x0, 0x2d, 0xff, 0x50,
    0x0, 0x0, 0x0, 0x0, 0x0, 0x10, 0x0, 0x0,
    0x0
};


/*---------------------
 *  GLYPH DESCRIPTION
 *--------------------*/

static const lv_font_fmt_txt_glyph_dsc_t glyph_dsc[] = {
    {.bitmap_index = 0, .adv_w = 0, .box_w = 0, .box_h = 0, .ofs_x = 0, .ofs_y = 0} /* id = 0 reserved */,
    {.bitmap_index = 0, .adv_w = 101, .box_w = 0, .box_h = 0, .ofs_x = 0, .ofs_y = 0},
    {.bitmap_index = 0, .adv_w = 154, .box_w = 5, .box_h = 21, .ofs_x = 2, .ofs_y = 0},
    {.bitmap_index = 53, .adv_w = 232, .box_w = 10, .box_h = 9, .ofs_x = 2, .ofs_y = 13},
    {.bitmap_index = 98, .adv_w = 255, .box_w = 15, .box_h = 21, .ofs_x = 1, .ofs_y = 0},
    {.bitmap_index = 256, .adv_w = 255, .box_w = 14, .box_h = 27, .ofs_x = 1, .ofs_y = -3},
    {.bitmap_index = 445, .adv_w = 421, .box_w = 25, .box_h = 21, .ofs_x = 1, .ofs_y = 0},
    {.bitmap_index = 708, .adv_w = 316, .box_w = 20, .box_h = 21, .ofs_x = 0, .ofs_y = 0},
    {.bitmap_index = 918, .adv_w = 133, .box_w = 4, .box_h = 9, .ofs_x = 2, .ofs_y = 13},
    {.bitmap_index = 936, .adv_w = 159, .box_w = 7, .box_h = 30, .ofs_x = 2, .ofs_y = -6},
    {.bitmap_index = 1041, .adv_w = 159, .box_w = 7, .box_h = 30, .ofs_x = 1, .ofs_y = -6},
    {.bitmap_index = 1146, .adv_w = 217, .box_w = 11, .box_h = 10, .ofs_x = 1, .ofs_y = 12},
    {.bitmap_index = 1201, .adv_w = 255, .box_w = 14, .box_h = 15, .ofs_x = 1, .ofs_y = 3},
    {.bitmap_index = 1306, .adv_w = 133, .box_w = 6, .box_h = 11, .ofs_x = 1, .ofs_y = -6},
    {.bitmap_index = 1339, .adv_w = 160, .box_w = 8, .box_h = 3, .ofs_x = 1, .ofs_y = 7},
    {.bitmap_index = 1351, .adv_w = 133, .box_w = 5, .box_h = 5, .ofs_x = 2, .ofs_y = 0},
    {.bitmap_index = 1364, .adv_w = 175, .box_w = 11, .box_h = 28, .ofs_x = 0, .ofs_y = -6},
    {.bitmap_index = 1518, .adv_w = 255, .box_w = 14, .box_h = 21, .ofs_x = 1, .ofs_y = 0},
    {.bitmap_index = 1665, .adv_w = 255, .box_w = 13, .box_h = 21, .ofs_x = 2, .ofs_y = 0},
    {.bitmap_index = 1802, .adv_w = 255, .box_w = 14, .box_h = 21, .ofs_x = 1, .ofs_y = 0},
    {.bitmap_index = 1949, .adv_w = 255, .box_w = 15, .box_h = 21, .ofs_x = 0, .ofs_y = 0},
    {.bitmap_index = 2107, .adv_w = 255, .box_w = 16, .box_h = 21, .ofs_x = 0, .ofs_y = 0},
    {.bitmap_index = 2275, .adv_w = 255, .box_w = 15, .box_h = 21, .ofs_x = 0, .ofs_y = 0},
    {.bitmap_index = 2433, .adv_w = 255, .box_w = 14, .box_h = 21, .ofs_x = 1, .ofs_y = 0},
    {.bitmap_index = 2580, .adv_w = 255, .box_w = 14, .box_h = 21, .ofs_x = 1, .ofs_y = 0},
    {.bitmap_index = 2727, .adv_w = 255, .box_w = 14, .box_h = 21, .ofs_x = 1, .ofs_y = 0},
    {.bitmap_index = 2874, .adv_w = 255, .box_w = 14, .box_h = 21, .ofs_x = 1, .ofs_y = 0},
    {.bitmap_index = 3021, .adv_w = 133, .box_w = 5, .box_h = 16, .ofs_x = 2, .ofs_y = 0},
    {.bitmap_index = 3061, .adv_w = 133, .box_w = 6, .box_h = 22, .ofs_x = 1, .ofs_y = -6},
    {.bitmap_index = 3127, .adv_w = 255, .box_w = 14, .box_h = 15, .ofs_x = 1, .ofs_y = 3},
    {.bitmap_index = 3232, .adv_w = 255, .box_w = 14, .box_h = 10, .ofs_x = 1, .ofs_y = 6},
    {.bitmap_index = 3302, .adv_w = 255, .box_w = 14, .box_h = 15, .ofs_x = 1, .ofs_y = 3},
    {.bitmap_index = 3407, .adv_w = 220, .box_w = 12, .box_h = 21, .ofs_x = 1, .ofs_y = 0},
    {.bitmap_index = 3533, .adv_w = 436, .box_w = 25, .box_h = 26, .ofs_x = 1, .ofs_y = -5},
    {.bitmap_index = 3858, .adv_w = 279, .box_w = 18, .box_h = 21, .ofs_x = 0, .ofs_y = 0},
    {.bitmap_index = 4047, .adv_w = 299, .box_w = 16, .box_h = 21, .ofs_x = 2, .ofs_y = 0},
    {.bitmap_index = 4215, .adv_w = 289, .box_w = 17, .box_h = 21, .ofs_x = 1, .ofs_y = 0},
    {.bitmap_index = 4394, .adv_w = 313, .box_w = 16, .box_h = 21, .ofs_x = 2, .ofs_y = 0},
    {.bitmap_index = 4562, .adv_w = 269, .box_w = 14, .box_h = 21, .ofs_x = 2, .ofs_y = 0},
    {.bitmap_index = 4709, .adv_w = 254, .box_w = 13, .box_h = 21, .ofs_x = 2, .ofs_y = 0},
    {.bitmap_index = 4846, .adv_w = 314, .box_w = 17, .box_h = 21, .ofs_x = 1, .ofs_y = 0},
    {.bitmap_index = 5025, .adv_w = 332, .box_w = 17, .box_h = 21, .ofs_x = 2, .ofs_y = 0},
    {.bitmap_index = 5204, .adv_w = 138, .box_w = 4, .box_h = 21, .ofs_x = 2, .ofs_y = 0},
    {.bitmap_index = 5246, .adv_w = 246, .box_w = 13, .box_h = 21, .ofs_x = 0, .ofs_y = 0},
    {.bitmap_index = 5383, .adv_w = 297, .box_w = 17, .box_h = 21, .ofs_x = 2, .ofs_y = 0},
    {.bitmap_index = 5562, .adv_w = 250, .box_w = 13, .box_h = 21, .ofs_x = 2, .ofs_y = 0},
    {.bitmap_index = 5699, .adv_w = 372, .box_w = 19, .box_h = 21, .ofs_x = 2, .ofs_y = 0},
    {.bitmap_index = 5899, .adv_w = 329, .box_w = 16, .box_h = 21, .ofs_x = 2, .ofs_y = 0},
    {.bitmap_index = 6067, .adv_w = 338, .box_w = 19, .box_h = 21, .ofs_x = 1, .ofs_y = 0},
    {.bitmap_index = 6267, .adv_w = 290, .box_w = 15, .box_h = 21, .ofs_x = 2, .ofs_y = 0},
    {.bitmap_index = 6425, .adv_w = 338, .box_w = 20, .box_h = 27, .ofs_x = 1, .ofs_y = -6},
    {.bitmap_index = 6695, .adv_w = 293, .box_w = 16, .box_h = 21, .ofs_x = 2, .ofs_y = 0},
    {.bitmap_index = 6863, .adv_w = 272, .box_w = 15, .box_h = 21, .ofs_x = 1, .ofs_y = 0},
    {.bitmap_index = 7021, .adv_w = 273, .box_w = 17, .box_h = 21, .ofs_x = 0, .ofs_y = 0},
    {.bitmap_index = 7200, .adv_w = 328, .box_w = 16, .box_h = 21, .ofs_x = 2, .ofs_y = 0},
    {.bitmap_index = 7368, .adv_w = 266, .box_w = 18, .box_h = 21, .ofs_x = -1, .ofs_y = 0},
    {.bitmap_index = 7557, .adv_w = 401, .box_w = 25, .box_h = 21, .ofs_x = 0, .ofs_y = 0},
    {.bitmap_index = 7820, .adv_w = 267, .box_w = 17, .box_h = 21, .ofs_x = 0, .ofs_y = 0},
    {.bitmap_index = 7999, .adv_w = 248, .box_w = 17, .box_h = 21, .ofs_x = -1, .ofs_y = 0},
    {.bitmap_index = 8178, .adv_w = 272, .box_w = 15, .box_h = 21, .ofs_x = 1, .ofs_y = 0},
    {.bitmap_index = 8336, .adv_w = 159, .box_w = 7, .box_h = 28, .ofs_x = 2, .ofs_y = -6},
    {.bitmap_index = 8434, .adv_w = 175, .box_w = 11, .box_h = 28, .ofs_x = 0, .ofs_y = -6},
    {.bitmap_index = 8588, .adv_w = 159, .box_w = 7, .box_h = 28, .ofs_x = 1, .ofs_y = -6},
    {.bitmap_index = 8686, .adv_w = 255, .box_w = 14, .box_h = 13, .ofs_x = 1, .ofs_y = 9},
    {.bitmap_index = 8777, .adv_w = 252, .box_w = 16, .box_h = 3, .ofs_x = 0, .ofs_y = -4},
    {.bitmap_index = 8801, .adv_w = 275, .box_w = 8, .box_h = 8, .ofs_x = 3, .ofs_y = 18},
    {.bitmap_index = 8833, .adv_w = 258, .box_w = 13, .box_h = 16, .ofs_x = 1, .ofs_y = 0},
    {.bitmap_index = 8937, .adv_w = 282, .box_w = 15, .box_h = 22, .ofs_x = 2, .ofs_y = 0},
    {.bitmap_index = 9102, .adv_w = 232, .box_w = 13, .box_h = 16, .ofs_x = 1, .ofs_y = 0},
    {.bitmap_index = 9206, .adv_w = 282, .box_w = 15, .box_h = 22, .ofs_x = 1, .ofs_y = 0},
    {.bitmap_index = 9371, .adv_w = 253, .box_w = 14, .box_h = 16, .ofs_x = 1, .ofs_y = 0},
    {.bitmap_index = 9483, .adv_w = 155, .box_w = 11, .box_h = 22, .ofs_x = 0, .ofs_y = 0},
    {.bitmap_index = 9604, .adv_w = 259, .box_w = 15, .box_h = 22, .ofs_x = 1, .ofs_y = -6},
    {.bitmap_index = 9769, .adv_w = 278, .box_w = 14, .box_h = 22, .ofs_x = 2, .ofs_y = 0},
    {.bitmap_index = 9923, .adv_w = 129, .box_w = 6, .box_h = 22, .ofs_x = 1, .ofs_y = 0},
    {.bitmap_index = 9989, .adv_w = 129, .box_w = 9, .box_h = 28, .ofs_x = -2, .ofs_y = -6},
    {.bitmap_index = 10115, .adv_w = 258, .box_w = 14, .box_h = 22, .ofs_x = 2, .ofs_y = 0},
    {.bitmap_index = 10269, .adv_w = 133, .box_w = 6, .box_h = 22, .ofs_x = 2, .ofs_y = 0},
    {.bitmap_index = 10335, .adv_w = 422, .box_w = 23, .box_h = 16, .ofs_x = 2, .ofs_y = 0},
    {.bitmap_index = 10519, .adv_w = 280, .box_w = 14, .box_h = 16, .ofs_x = 2, .ofs_y = 0},
    {.bitmap_index = 10631, .adv_w = 275, .box_w = 15, .box_h = 16, .ofs_x = 1, .ofs_y = 0},
    {.bitmap_index = 10751, .adv_w = 282, .box_w = 15, .box_h = 22, .ofs_x = 2, .ofs_y = -6},
    {.bitmap_index = 10916, .adv_w = 282, .box_w = 15, .box_h = 22, .ofs_x = 1, .ofs_y = -6},
    {.bitmap_index = 11081, .adv_w = 183, .box_w = 10, .box_h = 16, .ofs_x = 2, .ofs_y = 0},
    {.bitmap_index = 11161, .adv_w = 215, .box_w = 13, .box_h = 16, .ofs_x = 0, .ofs_y = 0},
    {.bitmap_index = 11265, .adv_w = 177, .box_w = 11, .box_h = 21, .ofs_x = 0, .ofs_y = 0},
    {.bitmap_index = 11381, .adv_w = 278, .box_w = 13, .box_h = 16, .ofs_x = 2, .ofs_y = 0},
    {.bitmap_index = 11485, .adv_w = 244, .box_w = 15, .box_h = 16, .ofs_x = 0, .ofs_y = 0},
    {.bitmap_index = 11605, .adv_w = 371, .box_w = 23, .box_h = 16, .ofs_x = 0, .ofs_y = 0},
    {.bitmap_index = 11789, .adv_w = 236, .box_w = 15, .box_h = 16, .ofs_x = 0, .ofs_y = 0},
    {.bitmap_index = 11909, .adv_w = 244, .box_w = 15, .box_h = 22, .ofs_x = 0, .ofs_y = -6},
    {.bitmap_index = 12074, .adv_w = 220, .box_w = 12, .box_h = 16, .ofs_x = 1, .ofs_y = 0},
    {.bitmap_index = 12170, .adv_w = 159, .box_w = 8, .box_h = 28, .ofs_x = 1, .ofs_y = -6},
    {.bitmap_index = 12282, .adv_w = 126, .box_w = 4, .box_h = 32, .ofs_x = 2, .ofs_y = -8},
    {.bitmap_index = 12346, .adv_w = 159, .box_w = 8, .box_h = 28, .ofs_x = 1, .ofs_y = -6},
    {.bitmap_index = 12458, .adv_w = 255, .box_w = 14, .box_h = 5, .ofs_x = 1, .ofs_y = 8},
    {.bitmap_index = 12493, .adv_w = 448, .box_w = 11, .box_h = 9, .ofs_x = 17, .ofs_y = 16},
    {.bitmap_index = 12543, .adv_w = 448, .box_w = 11, .box_h = 9, .ofs_x = 0, .ofs_y = 15},
    {.bitmap_index = 12593, .adv_w = 448, .box_w = 23, .box_h = 24, .ofs_x = 3, .ofs_y = -1},
    {.bitmap_index = 12869, .adv_w = 448, .box_w = 9, .box_h = 9, .ofs_x = 1, .ofs_y = -2},
    {.bitmap_index = 12910, .adv_w = 448, .box_w = 9, .box_h = 9, .ofs_x = 1, .ofs_y = -2},
    {.bitmap_index = 12951, .adv_w = 448, .box_w = 14, .box_h = 27, .ofs_x = 14, .ofs_y = -3},
    {.bitmap_index = 13140, .adv_w = 448, .box_w = 14, .box_h = 27, .ofs_x = 0, .ofs_y = -3},
    {.bitmap_index = 13329, .adv_w = 448, .box_w = 26, .box_h = 24, .ofs_x = 1, .ofs_y = -2},
    {.bitmap_index = 13641, .adv_w = 448, .box_w = 26, .box_h = 24, .ofs_x = 1, .ofs_y = -2},
    {.bitmap_index = 13953, .adv_w = 448, .box_w = 27, .box_h = 26, .ofs_x = 0, .ofs_y = -2},
    {.bitmap_index = 14304, .adv_w = 448, .box_w = 24, .box_h = 26, .ofs_x = 2, .ofs_y = -2},
    {.bitmap_index = 14616, .adv_w = 448, .box_w = 25, .box_h = 27, .ofs_x = 1, .ofs_y = -3},
    {.bitmap_index = 14954, .adv_w = 448, .box_w = 26, .box_h = 26, .ofs_x = 1, .ofs_y = -2},
    {.bitmap_index = 15292, .adv_w = 448, .box_w = 23, .box_h = 25, .ofs_x = 2, .ofs_y = -3},
    {.bitmap_index = 15580, .adv_w = 448, .box_w = 26, .box_h = 26, .ofs_x = 1, .ofs_y = -2},
    {.bitmap_index = 15918, .adv_w = 448, .box_w = 26, .box_h = 27, .ofs_x = 1, .ofs_y = -3},
    {.bitmap_index = 16269, .adv_w = 448, .box_w = 26, .box_h = 25, .ofs_x = 1, .ofs_y = -3},
    {.bitmap_index = 16594, .adv_w = 448, .box_w = 26, .box_h = 27, .ofs_x = 1, .ofs_y = -3},
    {.bitmap_index = 16945, .adv_w = 448, .box_w = 26, .box_h = 27, .ofs_x = 1, .ofs_y = -3},
    {.bitmap_index = 17296, .adv_w = 448, .box_w = 28, .box_h = 27, .ofs_x = 0, .ofs_y = -3},
    {.bitmap_index = 17674, .adv_w = 448, .box_w = 27, .box_h = 26, .ofs_x = 0, .ofs_y = -2},
    {.bitmap_index = 18025, .adv_w = 448, .box_w = 27, .box_h = 26, .ofs_x = 0, .ofs_y = -2},
    {.bitmap_index = 18376, .adv_w = 448, .box_w = 27, .box_h = 26, .ofs_x = 1, .ofs_y = -2},
    {.bitmap_index = 18727, .adv_w = 448, .box_w = 28, .box_h = 26, .ofs_x = 0, .ofs_y = -2},
    {.bitmap_index = 19091, .adv_w = 448, .box_w = 28, .box_h = 26, .ofs_x = 0, .ofs_y = -2},
    {.bitmap_index = 19455, .adv_w = 448, .box_w = 28, .box_h = 27, .ofs_x = 0, .ofs_y = -3},
    {.bitmap_index = 19833, .adv_w = 448, .box_w = 27, .box_h = 26, .ofs_x = 0, .ofs_y = -2},
    {.bitmap_index = 20184, .adv_w = 448, .box_w = 27, .box_h = 26, .ofs_x = 0, .ofs_y = -2},
    {.bitmap_index = 20535, .adv_w = 448, .box_w = 27, .box_h = 26, .ofs_x = 0, .ofs_y = -3},
    {.bitmap_index = 20886, .adv_w = 448, .box_w = 26, .box_h = 27, .ofs_x = 1, .ofs_y = -3},
    {.bitmap_index = 21237, .adv_w = 448, .box_w = 26, .box_h = 26, .ofs_x = 1, .ofs_y = -2},
    {.bitmap_index = 21575, .adv_w = 448, .box_w = 26, .box_h = 27, .ofs_x = 1, .ofs_y = -3},
    {.bitmap_index = 21926, .adv_w = 448, .box_w = 26, .box_h = 25, .ofs_x = 1, .ofs_y = -3},
    {.bitmap_index = 22251, .adv_w = 448, .box_w = 26, .box_h = 25, .ofs_x = 1, .ofs_y = -3},
    {.bitmap_index = 22576, .adv_w = 448, .box_w = 26, .box_h = 26, .ofs_x = 1, .ofs_y = -2},
    {.bitmap_index = 22914, .adv_w = 448, .box_w = 24, .box_h = 26, .ofs_x = 2, .ofs_y = -2},
    {.bitmap_index = 23226, .adv_w = 448, .box_w = 26, .box_h = 26, .ofs_x = 1, .ofs_y = -2},
    {.bitmap_index = 23564, .adv_w = 448, .box_w = 25, .box_h = 27, .ofs_x = 1, .ofs_y = -3},
    {.bitmap_index = 23902, .adv_w = 448, .box_w = 26, .box_h = 27, .ofs_x = 0, .ofs_y = -3},
    {.bitmap_index = 24253, .adv_w = 448, .box_w = 26, .box_h = 27, .ofs_x = 0, .ofs_y = -3},
    {.bitmap_index = 24604, .adv_w = 448, .box_w = 26, .box_h = 26, .ofs_x = 1, .ofs_y = -2},
    {.bitmap_index = 24942, .adv_w = 448, .box_w = 26, .box_h = 27, .ofs_x = 1, .ofs_y = -3},
    {.bitmap_index = 25293, .adv_w = 448, .box_w = 26, .box_h = 27, .ofs_x = 1, .ofs_y = -3},
    {.bitmap_index = 25644, .adv_w = 448, .box_w = 26, .box_h = 26, .ofs_x = 1, .ofs_y = -3},
    {.bitmap_index = 25982, .adv_w = 448, .box_w = 27, .box_h = 26, .ofs_x = 0, .ofs_y = -2},
    {.bitmap_index = 26333, .adv_w = 448, .box_w = 26, .box_h = 27, .ofs_x = 1, .ofs_y = -3},
    {.bitmap_index = 26684, .adv_w = 448, .box_w = 26, .box_h = 26, .ofs_x = 1, .ofs_y = -2},
    {.bitmap_index = 27022, .adv_w = 448, .box_w = 26, .box_h = 27, .ofs_x = 1, .ofs_y = -3},
    {.bitmap_index = 27373, .adv_w = 448, .box_w = 25, .box_h = 25, .ofs_x = 1, .ofs_y = -2},
    {.bitmap_index = 27686, .adv_w = 448, .box_w = 26, .box_h = 25, .ofs_x = 1, .ofs_y = -3},
    {.bitmap_index = 28011, .adv_w = 448, .box_w = 27, .box_h = 26, .ofs_x = 0, .ofs_y = -3},
    {.bitmap_index = 28362, .adv_w = 448, .box_w = 28, .box_h = 27, .ofs_x = 0, .ofs_y = -3},
    {.bitmap_index = 28740, .adv_w = 448, .box_w = 27, .box_h = 26, .ofs_x = 1, .ofs_y = -3},
    {.bitmap_index = 29091, .adv_w = 448, .box_w = 26, .box_h = 27, .ofs_x = 1, .ofs_y = -3},
    {.bitmap_index = 29442, .adv_w = 448, .box_w = 22, .box_h = 23, .ofs_x = 3, .ofs_y = -2},
    {.bitmap_index = 29695, .adv_w = 448, .box_w = 26, .box_h = 25, .ofs_x = 1, .ofs_y = -3},
    {.bitmap_index = 30020, .adv_w = 448, .box_w = 24, .box_h = 26, .ofs_x = 2, .ofs_y = -3},
    {.bitmap_index = 30332, .adv_w = 448, .box_w = 27, .box_h = 27, .ofs_x = 0, .ofs_y = -3},
    {.bitmap_index = 30697, .adv_w = 448, .box_w = 27, .box_h = 26, .ofs_x = 0, .ofs_y = -3},
    {.bitmap_index = 31048, .adv_w = 448, .box_w = 26, .box_h = 26, .ofs_x = 0, .ofs_y = -2},
    {.bitmap_index = 31386, .adv_w = 448, .box_w = 27, .box_h = 26, .ofs_x = 1, .ofs_y = -3},
    {.bitmap_index = 31737, .adv_w = 448, .box_w = 24, .box_h = 25, .ofs_x = 2, .ofs_y = -2},
    {.bitmap_index = 32037, .adv_w = 448, .box_w = 26, .box_h = 26, .ofs_x = 1, .ofs_y = -2},
    {.bitmap_index = 32375, .adv_w = 448, .box_w = 26, .box_h = 26, .ofs_x = 1, .ofs_y = -2},
    {.bitmap_index = 32713, .adv_w = 448, .box_w = 26, .box_h = 25, .ofs_x = 1, .ofs_y = -1},
    {.bitmap_index = 33038, .adv_w = 448, .box_w = 28, .box_h = 27, .ofs_x = 0, .ofs_y = -3},
    {.bitmap_index = 33416, .adv_w = 448, .box_w = 27, .box_h = 27, .ofs_x = 1, .ofs_y = -3},
    {.bitmap_index = 33781, .adv_w = 448, .box_w = 27, .box_h = 27, .ofs_x = 1, .ofs_y = -3},
    {.bitmap_index = 34146, .adv_w = 448, .box_w = 26, .box_h = 27, .ofs_x = 1, .ofs_y = -3},
    {.bitmap_index = 34497, .adv_w = 448, .box_w = 27, .box_h = 27, .ofs_x = 0, .ofs_y = -3},
    {.bitmap_index = 34862, .adv_w = 448, .box_w = 26, .box_h = 25, .ofs_x = 1, .ofs_y = -3},
    {.bitmap_index = 35187, .adv_w = 448, .box_w = 25, .box_h = 27, .ofs_x = 1, .ofs_y = -3},
    {.bitmap_index = 35525, .adv_w = 448, .box_w = 27, .box_h = 27, .ofs_x = 0, .ofs_y = -3},
    {.bitmap_index = 35890, .adv_w = 448, .box_w = 26, .box_h = 27, .ofs_x = 1, .ofs_y = -3},
    {.bitmap_index = 36241, .adv_w = 448, .box_w = 26, .box_h = 27, .ofs_x = 1, .ofs_y = -3},
    {.bitmap_index = 36592, .adv_w = 448, .box_w = 26, .box_h = 27, .ofs_x = 1, .ofs_y = -3},
    {.bitmap_index = 36943, .adv_w = 448, .box_w = 26, .box_h = 27, .ofs_x = 1, .ofs_y = -3},
    {.bitmap_index = 37294, .adv_w = 448, .box_w = 27, .box_h = 27, .ofs_x = 1, .ofs_y = -3},
    {.bitmap_index = 37659, .adv_w = 448, .box_w = 27, .box_h = 26, .ofs_x = 0, .ofs_y = -2},
    {.bitmap_index = 38010, .adv_w = 448, .box_w = 27, .box_h = 26, .ofs_x = 0, .ofs_y = -2},
    {.bitmap_index = 38361, .adv_w = 448, .box_w = 26, .box_h = 27, .ofs_x = 1, .ofs_y = -3},
    {.bitmap_index = 38712, .adv_w = 448, .box_w = 27, .box_h = 27, .ofs_x = 1, .ofs_y = -3},
    {.bitmap_index = 39077, .adv_w = 448, .box_w = 26, .box_h = 26, .ofs_x = 0, .ofs_y = -3},
    {.bitmap_index = 39415, .adv_w = 448, .box_w = 26, .box_h = 26, .ofs_x = 1, .ofs_y = -3},
    {.bitmap_index = 39753, .adv_w = 448, .box_w = 25, .box_h = 24, .ofs_x = 2, .ofs_y = -2},
    {.bitmap_index = 40053, .adv_w = 448, .box_w = 24, .box_h = 26, .ofs_x = 2, .ofs_y = -2},
    {.bitmap_index = 40365, .adv_w = 448, .box_w = 27, .box_h = 26, .ofs_x = 1, .ofs_y = -2},
    {.bitmap_index = 40716, .adv_w = 448, .box_w = 26, .box_h = 26, .ofs_x = 1, .ofs_y = -2},
    {.bitmap_index = 41054, .adv_w = 448, .box_w = 26, .box_h = 27, .ofs_x = 1, .ofs_y = -3},
    {.bitmap_index = 41405, .adv_w = 448, .box_w = 26, .box_h = 27, .ofs_x = 1, .ofs_y = -3},
    {.bitmap_index = 41756, .adv_w = 448, .box_w = 26, .box_h = 25, .ofs_x = 1, .ofs_y = -3},
    {.bitmap_index = 42081, .adv_w = 448, .box_w = 26, .box_h = 26, .ofs_x = 1, .ofs_y = -3},
    {.bitmap_index = 42419, .adv_w = 448, .box_w = 23, .box_h = 27, .ofs_x = 2, .ofs_y = -3},
    {.bitmap_index = 42730, .adv_w = 448, .box_w = 26, .box_h = 26, .ofs_x = 1, .ofs_y = -2},
    {.bitmap_index = 43068, .adv_w = 448, .box_w = 26, .box_h = 26, .ofs_x = 1, .ofs_y = -2},
    {.bitmap_index = 43406, .adv_w = 448, .box_w = 27, .box_h = 26, .ofs_x = 1, .ofs_y = -2},
    {.bitmap_index = 43757, .adv_w = 448, .box_w = 26, .box_h = 26, .ofs_x = 1, .ofs_y = -2},
    {.bitmap_index = 44095, .adv_w = 448, .box_w = 26, .box_h = 27, .ofs_x = 1, .ofs_y = -3},
    {.bitmap_index = 44446, .adv_w = 448, .box_w = 26, .box_h = 26, .ofs_x = 1, .ofs_y = -2},
    {.bitmap_index = 44784, .adv_w = 448, .box_w = 26, .box_h = 26, .ofs_x = 1, .ofs_y = -2},
    {.bitmap_index = 45122, .adv_w = 448, .box_w = 26, .box_h = 26, .ofs_x = 1, .ofs_y = -2},
    {.bitmap_index = 45460, .adv_w = 448, .box_w = 27, .box_h = 27, .ofs_x = 0, .ofs_y = -3},
    {.bitmap_index = 45825, .adv_w = 448, .box_w = 27, .box_h = 26, .ofs_x = 1, .ofs_y = -2},
    {.bitmap_index = 46176, .adv_w = 448, .box_w = 26, .box_h = 27, .ofs_x = 1, .ofs_y = -3},
    {.bitmap_index = 46527, .adv_w = 448, .box_w = 26, .box_h = 27, .ofs_x = 2, .ofs_y = -3},
    {.bitmap_index = 46878, .adv_w = 448, .box_w = 27, .box_h = 27, .ofs_x = 0, .ofs_y = -3},
    {.bitmap_index = 47243, .adv_w = 448, .box_w = 26, .box_h = 26, .ofs_x = 0, .ofs_y = -2},
    {.bitmap_index = 47581, .adv_w = 448, .box_w = 27, .box_h = 26, .ofs_x = 0, .ofs_y = -2},
    {.bitmap_index = 47932, .adv_w = 448, .box_w = 27, .box_h = 27, .ofs_x = 0, .ofs_y = -3},
    {.bitmap_index = 48297, .adv_w = 448, .box_w = 27, .box_h = 26, .ofs_x = 0, .ofs_y = -2},
    {.bitmap_index = 48648, .adv_w = 448, .box_w = 27, .box_h = 27, .ofs_x = 0, .ofs_y = -3},
    {.bitmap_index = 49013, .adv_w = 448, .box_w = 28, .box_h = 26, .ofs_x = 0, .ofs_y = -2},
    {.bitmap_index = 49377, .adv_w = 448, .box_w = 27, .box_h = 27, .ofs_x = 0, .ofs_y = -3},
    {.bitmap_index = 49742, .adv_w = 448, .box_w = 27, .box_h = 27, .ofs_x = 0, .ofs_y = -3},
    {.bitmap_index = 50107, .adv_w = 448, .box_w = 26, .box_h = 26, .ofs_x = 1, .ofs_y = -2},
    {.bitmap_index = 50445, .adv_w = 448, .box_w = 27, .box_h = 27, .ofs_x = 0, .ofs_y = -3},
    {.bitmap_index = 50810, .adv_w = 448, .box_w = 28, .box_h = 27, .ofs_x = 0, .ofs_y = -3},
    {.bitmap_index = 51188, .adv_w = 448, .box_w = 26, .box_h = 27, .ofs_x = 1, .ofs_y = -3},
    {.bitmap_index = 51539, .adv_w = 448, .box_w = 27, .box_h = 27, .ofs_x = 1, .ofs_y = -3},
    {.bitmap_index = 51904, .adv_w = 448, .box_w = 27, .box_h = 27, .ofs_x = 1, .ofs_y = -3},
    {.bitmap_index = 52269, .adv_w = 448, .box_w = 27, .box_h = 27, .ofs_x = 1, .ofs_y = -3},
    {.bitmap_index = 52634, .adv_w = 448, .box_w = 27, .box_h = 26, .ofs_x = 0, .ofs_y = -2},
    {.bitmap_index = 52985, .adv_w = 448, .box_w = 27, .box_h = 27, .ofs_x = 1, .ofs_y = -3},
    {.bitmap_index = 53350, .adv_w = 448, .box_w = 25, .box_h = 27, .ofs_x = 2, .ofs_y = -3},
    {.bitmap_index = 53688, .adv_w = 448, .box_w = 27, .box_h = 26, .ofs_x = 0, .ofs_y = -2},
    {.bitmap_index = 54039, .adv_w = 448, .box_w = 27, .box_h = 25, .ofs_x = 1, .ofs_y = -3},
    {.bitmap_index = 54377, .adv_w = 448, .box_w = 20, .box_h = 25, .ofs_x = 4, .ofs_y = -3},
    {.bitmap_index = 54627, .adv_w = 448, .box_w = 25, .box_h = 27, .ofs_x = 2, .ofs_y = -3},
    {.bitmap_index = 54965, .adv_w = 448, .box_w = 27, .box_h = 26, .ofs_x = 1, .ofs_y = -3},
    {.bitmap_index = 55316, .adv_w = 448, .box_w = 26, .box_h = 24, .ofs_x = 1, .ofs_y = -1},
    {.bitmap_index = 55628, .adv_w = 448, .box_w = 26, .box_h = 27, .ofs_x = 1, .ofs_y = -3},
    {.bitmap_index = 55979, .adv_w = 448, .box_w = 27, .box_h = 26, .ofs_x = 1, .ofs_y = -3},
    {.bitmap_index = 56330, .adv_w = 448, .box_w = 23, .box_h = 26, .ofs_x = 0, .ofs_y = -3},
    {.bitmap_index = 56629, .adv_w = 448, .box_w = 26, .box_h = 27, .ofs_x = 1, .ofs_y = -3},
    {.bitmap_index = 56980, .adv_w = 448, .box_w = 26, .box_h = 27, .ofs_x = 0, .ofs_y = -3},
    {.bitmap_index = 57331, .adv_w = 448, .box_w = 26, .box_h = 26, .ofs_x = 1, .ofs_y = -2},
    {.bitmap_index = 57669, .adv_w = 448, .box_w = 26, .box_h = 25, .ofs_x = 1, .ofs_y = -2},
    {.bitmap_index = 57994, .adv_w = 448, .box_w = 26, .box_h = 27, .ofs_x = 1, .ofs_y = -3},
    {.bitmap_index = 58345, .adv_w = 448, .box_w = 27, .box_h = 26, .ofs_x = 0, .ofs_y = -2},
    {.bitmap_index = 58696, .adv_w = 448, .box_w = 27, .box_h = 26, .ofs_x = 1, .ofs_y = -2},
    {.bitmap_index = 59047, .adv_w = 448, .box_w = 27, .box_h = 26, .ofs_x = 1, .ofs_y = -2},
    {.bitmap_index = 59398, .adv_w = 448, .box_w = 27, .box_h = 26, .ofs_x = 1, .ofs_y = -2},
    {.bitmap_index = 59749, .adv_w = 448, .box_w = 27, .box_h = 27, .ofs_x = 1, .ofs_y = -3},
    {.bitmap_index = 60114, .adv_w = 448, .box_w = 27, .box_h = 27, .ofs_x = 1, .ofs_y = -3},
    {.bitmap_index = 60479, .adv_w = 448, .box_w = 26, .box_h = 24, .ofs_x = 1, .ofs_y = -2},
    {.bitmap_index = 60791, .adv_w = 448, .box_w = 27, .box_h = 26, .ofs_x = 1, .ofs_y = -2},
    {.bitmap_index = 61142, .adv_w = 448, .box_w = 26, .box_h = 27, .ofs_x = 1, .ofs_y = -3},
    {.bitmap_index = 61493, .adv_w = 448, .box_w = 26, .box_h = 27, .ofs_x = 1, .ofs_y = -3},
    {.bitmap_index = 61844, .adv_w = 448, .box_w = 26, .box_h = 26, .ofs_x = 1, .ofs_y = -2},
    {.bitmap_index = 62182, .adv_w = 448, .box_w = 27, .box_h = 26, .ofs_x = 1, .ofs_y = -3},
    {.bitmap_index = 62533, .adv_w = 448, .box_w = 26, .box_h = 27, .ofs_x = 1, .ofs_y = -3},
    {.bitmap_index = 62884, .adv_w = 448, .box_w = 27, .box_h = 26, .ofs_x = 1, .ofs_y = -2},
    {.bitmap_index = 63235, .adv_w = 448, .box_w = 26, .box_h = 27, .ofs_x = 1, .ofs_y = -3},
    {.bitmap_index = 63586, .adv_w = 448, .box_w = 27, .box_h = 27, .ofs_x = 1, .ofs_y = -3},
    {.bitmap_index = 63951, .adv_w = 448, .box_w = 26, .box_h = 26, .ofs_x = 1, .ofs_y = -3},
    {.bitmap_index = 64289, .adv_w = 448, .box_w = 26, .box_h = 27, .ofs_x = 1, .ofs_y = -3},
    {.bitmap_index = 64640, .adv_w = 448, .box_w = 26, .box_h = 26, .ofs_x = 1, .ofs_y = -3},
    {.bitmap_index = 64978, .adv_w = 448, .box_w = 28, .box_h = 27, .ofs_x = 0, .ofs_y = -3},
    {.bitmap_index = 65356, .adv_w = 448, .box_w = 25, .box_h = 27, .ofs_x = 1, .ofs_y = -3},
    {.bitmap_index = 65694, .adv_w = 448, .box_w = 27, .box_h = 27, .ofs_x = 1, .ofs_y = -3},
    {.bitmap_index = 66059, .adv_w = 448, .box_w = 26, .box_h = 27, .ofs_x = 1, .ofs_y = -3},
    {.bitmap_index = 66410, .adv_w = 448, .box_w = 27, .box_h = 27, .ofs_x = 1, .ofs_y = -3},
    {.bitmap_index = 66775, .adv_w = 448, .box_w = 26, .box_h = 23, .ofs_x = 1, .ofs_y = -1},
    {.bitmap_index = 67074, .adv_w = 448, .box_w = 26, .box_h = 26, .ofs_x = 1, .ofs_y = -2},
    {.bitmap_index = 67412, .adv_w = 448, .box_w = 25, .box_h = 25, .ofs_x = 0, .ofs_y = -3},
    {.bitmap_index = 67725, .adv_w = 448, .box_w = 24, .box_h = 26, .ofs_x = 3, .ofs_y = -2},
    {.bitmap_index = 68037, .adv_w = 448, .box_w = 26, .box_h = 27, .ofs_x = 2, .ofs_y = -3},
    {.bitmap_index = 68388, .adv_w = 448, .box_w = 26, .box_h = 25, .ofs_x = 1, .ofs_y = -2},
    {.bitmap_index = 68713, .adv_w = 448, .box_w = 25, .box_h = 27, .ofs_x = 2, .ofs_y = -3},
    {.bitmap_index = 69051, .adv_w = 448, .box_w = 26, .box_h = 27, .ofs_x = 0, .ofs_y = -3},
    {.bitmap_index = 69402, .adv_w = 448, .box_w = 27, .box_h = 26, .ofs_x = 0, .ofs_y = -3},
    {.bitmap_index = 69753, .adv_w = 448, .box_w = 25, .box_h = 27, .ofs_x = 1, .ofs_y = -3},
    {.bitmap_index = 70091, .adv_w = 448, .box_w = 26, .box_h = 25, .ofs_x = 1, .ofs_y = -3},
    {.bitmap_index = 70416, .adv_w = 448, .box_w = 27, .box_h = 26, .ofs_x = 0, .ofs_y = -2},
    {.bitmap_index = 70767, .adv_w = 448, .box_w = 27, .box_h = 26, .ofs_x = 0, .ofs_y = -2},
    {.bitmap_index = 71118, .adv_w = 448, .box_w = 27, .box_h = 27, .ofs_x = 0, .ofs_y = -3},
    {.bitmap_index = 71483, .adv_w = 448, .box_w = 26, .box_h = 26, .ofs_x = 1, .ofs_y = -2},
    {.bitmap_index = 71821, .adv_w = 448, .box_w = 26, .box_h = 26, .ofs_x = 1, .ofs_y = -2},
    {.bitmap_index = 72159, .adv_w = 448, .box_w = 26, .box_h = 27, .ofs_x = 1, .ofs_y = -3},
    {.bitmap_index = 72510, .adv_w = 448, .box_w = 27, .box_h = 27, .ofs_x = 1, .ofs_y = -3},
    {.bitmap_index = 72875, .adv_w = 448, .box_w = 26, .box_h = 27, .ofs_x = 1, .ofs_y = -3},
    {.bitmap_index = 73226, .adv_w = 448, .box_w = 27, .box_h = 27, .ofs_x = 0, .ofs_y = -3},
    {.bitmap_index = 73591, .adv_w = 448, .box_w = 26, .box_h = 27, .ofs_x = 1, .ofs_y = -3},
    {.bitmap_index = 73942, .adv_w = 448, .box_w = 28, .box_h = 27, .ofs_x = 0, .ofs_y = -3},
    {.bitmap_index = 74320, .adv_w = 448, .box_w = 27, .box_h = 26, .ofs_x = 1, .ofs_y = -2},
    {.bitmap_index = 74671, .adv_w = 448, .box_w = 27, .box_h = 26, .ofs_x = 0, .ofs_y = -2},
    {.bitmap_index = 75022, .adv_w = 448, .box_w = 27, .box_h = 27, .ofs_x = 0, .ofs_y = -3},
    {.bitmap_index = 75387, .adv_w = 448, .box_w = 27, .box_h = 27, .ofs_x = 0, .ofs_y = -3},
    {.bitmap_index = 75752, .adv_w = 448, .box_w = 26, .box_h = 25, .ofs_x = 1, .ofs_y = -1},
    {.bitmap_index = 76077, .adv_w = 448, .box_w = 26, .box_h = 27, .ofs_x = 1, .ofs_y = -3},
    {.bitmap_index = 76428, .adv_w = 448, .box_w = 24, .box_h = 25, .ofs_x = 2, .ofs_y = -3},
    {.bitmap_index = 76728, .adv_w = 448, .box_w = 26, .box_h = 25, .ofs_x = 1, .ofs_y = -2},
    {.bitmap_index = 77053, .adv_w = 448, .box_w = 27, .box_h = 26, .ofs_x = 0, .ofs_y = -2},
    {.bitmap_index = 77404, .adv_w = 448, .box_w = 26, .box_h = 27, .ofs_x = 1, .ofs_y = -3},
    {.bitmap_index = 77755, .adv_w = 448, .box_w = 20, .box_h = 27, .ofs_x = 4, .ofs_y = -3},
    {.bitmap_index = 78025, .adv_w = 448, .box_w = 26, .box_h = 26, .ofs_x = 1, .ofs_y = -2},
    {.bitmap_index = 78363, .adv_w = 448, .box_w = 26, .box_h = 26, .ofs_x = 1, .ofs_y = -2},
    {.bitmap_index = 78701, .adv_w = 448, .box_w = 27, .box_h = 27, .ofs_x = 1, .ofs_y = -3},
    {.bitmap_index = 79066, .adv_w = 448, .box_w = 27, .box_h = 27, .ofs_x = 1, .ofs_y = -3},
    {.bitmap_index = 79431, .adv_w = 448, .box_w = 26, .box_h = 27, .ofs_x = 1, .ofs_y = -3},
    {.bitmap_index = 79782, .adv_w = 448, .box_w = 27, .box_h = 27, .ofs_x = 0, .ofs_y = -3},
    {.bitmap_index = 80147, .adv_w = 448, .box_w = 26, .box_h = 27, .ofs_x = 1, .ofs_y = -3},
    {.bitmap_index = 80498, .adv_w = 448, .box_w = 26, .box_h = 26, .ofs_x = 1, .ofs_y = -2},
    {.bitmap_index = 80836, .adv_w = 448, .box_w = 27, .box_h = 27, .ofs_x = 1, .ofs_y = -3},
    {.bitmap_index = 81201, .adv_w = 448, .box_w = 27, .box_h = 26, .ofs_x = 1, .ofs_y = -3},
    {.bitmap_index = 81552, .adv_w = 448, .box_w = 25, .box_h = 26, .ofs_x = 1, .ofs_y = -3},
    {.bitmap_index = 81877, .adv_w = 448, .box_w = 26, .box_h = 27, .ofs_x = 1, .ofs_y = -3},
    {.bitmap_index = 82228, .adv_w = 448, .box_w = 26, .box_h = 27, .ofs_x = 1, .ofs_y = -3},
    {.bitmap_index = 82579, .adv_w = 448, .box_w = 26, .box_h = 26, .ofs_x = 1, .ofs_y = -3},
    {.bitmap_index = 82917, .adv_w = 448, .box_w = 26, .box_h = 27, .ofs_x = 1, .ofs_y = -3},
    {.bitmap_index = 83268, .adv_w = 448, .box_w = 26, .box_h = 27, .ofs_x = 1, .ofs_y = -3},
    {.bitmap_index = 83619, .adv_w = 448, .box_w = 27, .box_h = 27, .ofs_x = 1, .ofs_y = -3},
    {.bitmap_index = 83984, .adv_w = 448, .box_w = 25, .box_h = 26, .ofs_x = 1, .ofs_y = -3},
    {.bitmap_index = 84309, .adv_w = 448, .box_w = 26, .box_h = 27, .ofs_x = 1, .ofs_y = -3},
    {.bitmap_index = 84660, .adv_w = 448, .box_w = 27, .box_h = 27, .ofs_x = 1, .ofs_y = -3},
    {.bitmap_index = 85025, .adv_w = 448, .box_w = 28, .box_h = 26, .ofs_x = 0, .ofs_y = -2},
    {.bitmap_index = 85389, .adv_w = 448, .box_w = 28, .box_h = 27, .ofs_x = 0, .ofs_y = -3},
    {.bitmap_index = 85767, .adv_w = 448, .box_w = 28, .box_h = 27, .ofs_x = 0, .ofs_y = -3},
    {.bitmap_index = 86145, .adv_w = 448, .box_w = 26, .box_h = 26, .ofs_x = 1, .ofs_y = -2},
    {.bitmap_index = 86483, .adv_w = 448, .box_w = 26, .box_h = 25, .ofs_x = 1, .ofs_y = -2},
    {.bitmap_index = 86808, .adv_w = 448, .box_w = 28, .box_h = 27, .ofs_x = 0, .ofs_y = -3},
    {.bitmap_index = 87186, .adv_w = 448, .box_w = 24, .box_h = 26, .ofs_x = 2, .ofs_y = -2},
    {.bitmap_index = 87498, .adv_w = 448, .box_w = 24, .box_h = 26, .ofs_x = 2, .ofs_y = -2},
    {.bitmap_index = 87810, .adv_w = 448, .box_w = 26, .box_h = 27, .ofs_x = 2, .ofs_y = -3},
    {.bitmap_index = 88161, .adv_w = 448, .box_w = 27, .box_h = 26, .ofs_x = 0, .ofs_y = -2},
    {.bitmap_index = 88512, .adv_w = 448, .box_w = 26, .box_h = 27, .ofs_x = 1, .ofs_y = -3},
    {.bitmap_index = 88863, .adv_w = 448, .box_w = 26, .box_h = 26, .ofs_x = 1, .ofs_y = -3},
    {.bitmap_index = 89201, .adv_w = 448, .box_w = 26, .box_h = 27, .ofs_x = 1, .ofs_y = -3},
    {.bitmap_index = 89552, .adv_w = 448, .box_w = 28, .box_h = 27, .ofs_x = 0, .ofs_y = -3},
    {.bitmap_index = 89930, .adv_w = 448, .box_w = 26, .box_h = 26, .ofs_x = 1, .ofs_y = -2},
    {.bitmap_index = 90268, .adv_w = 448, .box_w = 6, .box_h = 11, .ofs_x = 4, .ofs_y = -4},
    {.bitmap_index = 90301, .adv_w = 448, .box_w = 14, .box_h = 23, .ofs_x = 0, .ofs_y = -1}
};

/*---------------------
 *  CHARACTER MAPPING
 *--------------------*/

static const uint16_t unicode_list_1[] = {
    0x0, 0x1, 0x249, 0xfe5, 0xfe6, 0xfee, 0xfef, 0x2def,
    0x2df1, 0x2e0e, 0x2e11, 0x2e1e, 0x2e2f, 0x2e44, 0x2e4a, 0x2e6f,
    0x2e72, 0x2e92, 0x2e9e, 0x2ea9, 0x2edf, 0x2f18, 0x2f33, 0x2f37,
    0x2f63, 0x2fc1, 0x2fc5, 0x308c, 0x3123, 0x3129, 0x3149, 0x3157,
    0x3170, 0x3171, 0x31aa, 0x31de, 0x31df, 0x31fd, 0x31ff, 0x3204,
    0x3231, 0x3283, 0x3285, 0x328c, 0x32e9, 0x332b, 0x3339, 0x333e,
    0x3357, 0x3366, 0x3383, 0x33b5, 0x33ba, 0x33bc, 0x33c7, 0x33d3,
    0x33f0, 0x33f2, 0x340a, 0x3470, 0x364c, 0x36e2, 0x370c, 0x37c3,
    0x38cf, 0x38eb, 0x38f1, 0x391c, 0x3957, 0x3961, 0x3b34, 0x3b3b,
    0x3b3c, 0x3b4a, 0x3b6d, 0x3b70, 0x3b7e, 0x3b9a, 0x3baa, 0x3bdd,
    0x3bea, 0x3bf3, 0x3c24, 0x3c33, 0x3dd6, 0x3e1c, 0x3e39, 0x3e58,
    0x3e5a, 0x3e8a, 0x3ee4, 0x3ee6, 0x3ef9, 0x3f64, 0x3fe1, 0x3fe5,
    0x4020, 0x4046, 0x4053, 0x408c, 0x40f3, 0x41f4, 0x41f5, 0x41fa,
    0x41fc, 0x4224, 0x42b1, 0x42d0, 0x42e5, 0x42eb, 0x42ed, 0x42f5,
    0x4352, 0x4389, 0x4411, 0x4428, 0x4491, 0x451a, 0x4529, 0x452c,
    0x4554, 0x4558, 0x456b, 0x4591, 0x4594, 0x45c4, 0x45c9, 0x45da,
    0x4613, 0x4622, 0x4666, 0x46d8, 0x46ec, 0x46ed, 0x4703, 0x4710,
    0x4719, 0x471e, 0x4762, 0x47c9, 0x482c, 0x48a4, 0x4b05, 0x4b30,
    0x4b47, 0x4b48, 0x4b49, 0x4bb3, 0x4bb9, 0x4c2d, 0x4cb9, 0x4d66,
    0x4d6c, 0x4ec8, 0x5059, 0x509d, 0x514b, 0x5168, 0x522b, 0x522c,
    0x525d, 0x529a, 0x536f, 0x5503, 0x550c, 0x5519, 0x5549, 0x5662,
    0x5668, 0x56dc, 0x57e5, 0x5852, 0x591e, 0x59b1, 0x59b5, 0x59df,
    0x5aaf, 0x5ac9, 0x5af5, 0x5b38, 0x5b64, 0x5ca2, 0x5cdf, 0x5e8b,
    0x5ea3, 0x5eb5, 0x5ec0, 0x5ec3, 0x5ecb, 0x5ed1, 0x5f35, 0x5f52,
    0x5ffb, 0x6038, 0x61ce, 0x6266, 0x6295, 0x62d5, 0x68a9, 0x69a8,
    0x69c7, 0x69e4, 0x6b85, 0x6b88, 0x6ba2, 0x6bb1, 0x6bbb, 0x6bc1,
    0x6bd1, 0x6bd8, 0x6bdb, 0x6bdf, 0x6be7, 0x6e8f, 0x6f61, 0x6f77,
    0x6fc2, 0x6fe5, 0x71b1, 0x71b3, 0x7540, 0x75d8, 0x75e9, 0x7648,
    0x76aa, 0x77d7, 0x7868, 0x796a, 0x7b38, 0x7e0a, 0xdef0, 0xdf03
};

/*Collect the unicode lists and glyph_id offsets*/
static const lv_font_fmt_txt_cmap_t cmaps[] =
{
    {
        .range_start = 32, .range_length = 95, .glyph_id_start = 1,
        .unicode_list = NULL, .glyph_id_ofs_list = NULL, .list_length = 0, .type = LV_FONT_FMT_TXT_CMAP_FORMAT0_TINY
    },
    {
        .range_start = 8220, .range_length = 57092, .glyph_id_start = 96,
        .unicode_list = unicode_list_1, .glyph_id_ofs_list = NULL, .list_length = 232, .type = LV_FONT_FMT_TXT_CMAP_SPARSE_TINY
    }
};

/*-----------------
 *    KERNING
 *----------------*/


/*Map glyph_ids to kern left classes*/
static const uint8_t kern_left_class_mapping[] =
{
    0, 0, 0, 1, 0, 0, 0, 0,
    1, 2, 0, 0, 0, 3, 4, 3,
    5, 0, 0, 0, 0, 0, 0, 0,
    0, 0, 0, 6, 6, 0, 0, 0,
    0, 0, 7, 8, 9, 10, 11, 12,
    13, 0, 0, 14, 15, 16, 0, 0,
    10, 17, 10, 18, 19, 20, 21, 22,
    23, 24, 25, 26, 2, 27, 0, 0,
    0, 0, 28, 29, 30, 0, 31, 32,
    33, 34, 0, 0, 35, 36, 34, 34,
    29, 29, 37, 38, 39, 40, 37, 41,
    42, 43, 44, 45, 2, 0, 0, 0,
    0, 0, 0, 0, 0, 0, 0, 0,
    0, 0, 0, 0, 0, 0, 0, 0,
    0, 0, 0, 0, 0, 0, 0, 0,
    0, 0, 0, 0, 0, 0, 0, 0,
    0, 0, 0, 0, 0, 0, 0, 0,
    0, 0, 0, 0, 0, 0, 0, 0,
    0, 0, 0, 0, 0, 0, 0, 0,
    0, 0, 0, 0, 0, 0, 0, 0,
    0, 0, 0, 0, 0, 0, 0, 0,
    0, 0, 0, 0, 0, 0, 0, 0,
    0, 0, 0, 0, 0, 0, 0, 0,
    0, 0, 0, 0, 0, 0, 0, 0,
    0, 0, 0, 0, 0, 0, 0, 0,
    0, 0, 0, 0, 0, 0, 0, 0,
    0, 0, 0, 0, 0, 0, 0, 0,
    0, 0, 0, 0, 0, 0, 0, 0,
    0, 0, 0, 0, 0, 0, 0, 0,
    0, 0, 0, 0, 0, 0, 0, 0,
    0, 0, 0, 0, 0, 0, 0, 0,
    0, 0, 0, 0, 0, 0, 0, 0,
    0, 0, 0, 0, 0, 0, 0, 0,
    0, 0, 0, 0, 0, 0, 0, 0,
    0, 0, 0, 0, 0, 0, 0, 0,
    0, 0, 0, 0, 0, 0, 0, 0,
    0, 0, 0, 0, 0, 0, 0, 0,
    0, 0, 0, 0, 0, 0, 0, 0,
    0, 0, 0, 0, 0, 0, 0, 0,
    0, 0, 0, 0, 0, 0, 0, 0,
    0, 0, 0, 0, 0, 0, 0, 0
};

/*Map glyph_ids to kern right classes*/
static const uint8_t kern_right_class_mapping[] =
{
    0, 0, 1, 2, 0, 0, 0, 0,
    2, 0, 3, 4, 0, 5, 6, 7,
    8, 0, 0, 0, 0, 0, 0, 0,
    0, 0, 0, 9, 10, 0, 0, 0,
    11, 0, 12, 0, 13, 0, 0, 0,
    13, 0, 0, 14, 0, 0, 0, 0,
    13, 0, 13, 0, 15, 16, 17, 18,
    19, 20, 21, 22, 0, 23, 3, 0,
    0, 0, 24, 0, 25, 25, 25, 26,
    27, 0, 28, 29, 0, 0, 30, 30,
    25, 30, 25, 30, 31, 32, 33, 34,
    35, 36, 37, 38, 0, 0, 3, 0,
    0, 0, 0, 0, 0, 0, 0, 0,
    0, 0, 0, 0, 0, 0, 0, 0,
    0, 0, 0, 0, 0, 0, 0, 0,
    0, 0, 0, 0, 0, 0, 0, 0,
    0, 0, 0, 0, 0, 0, 0, 0,
    0, 0, 0, 0, 0, 0, 0, 0,
    0, 0, 0, 0, 0, 0, 0, 0,
    0, 0, 0, 0, 0, 0, 0, 0,
    0, 0, 0, 0, 0, 0, 0, 0,
    0, 0, 0, 0, 0, 0, 0, 0,
    0, 0, 0, 0, 0, 0, 0, 0,
    0, 0, 0, 0, 0, 0, 0, 0,
    0, 0, 0, 0, 0, 0, 0, 0,
    0, 0, 0, 0, 0, 0, 0, 0,
    0, 0, 0, 0, 0, 0, 0, 0,
    0, 0, 0, 0, 0, 0, 0, 0,
    0, 0, 0, 0, 0, 0, 0, 0,
    0, 0, 0, 0, 0, 0, 0, 0,
    0, 0, 0, 0, 0, 0, 0, 0,
    0, 0, 0, 0, 0, 0, 0, 0,
    0, 0, 0, 0, 0, 0, 0, 0,
    0, 0, 0, 0, 0, 0, 0, 0,
    0, 0, 0, 0, 0, 0, 0, 0,
    0, 0, 0, 0, 0, 0, 0, 0,
    0, 0, 0, 0, 0, 0, 0, 0,
    0, 0, 0, 0, 0, 0, 0, 0,
    0, 0, 0, 0, 0, 0, 0, 0,
    0, 0, 0, 0, 0, 0, 0, 0,
    0, 0, 0, 0, 0, 0, 0, 0
};

/*Kern values between classes*/
static const int8_t kern_class_values[] =
{
    0, 0, 0, 0, -60, 0, -60, 0,
    0, 0, 0, -30, 0, -51, -5, 0,
    0, 0, 0, -5, 0, 0, 0, 0,
    -12, 0, 0, 0, 0, 0, -10, 0,
    0, 0, 0, 0, 0, 0, 0, 0,
    0, 0, 0, 0, 0, 0, 0, 0,
    0, 0, 0, -10, 0, 0, 0, 0,
    0, 0, 0, 0, 0, 0, 0, 0,
    0, 0, 40, 0, 0, 0, 0, 0,
    0, 0, 0, 0, 0, -53, 0, -74,
    0, 0, 0, 0, 0, 0, 0, 0,
    0, 0, 0, -50, -11, -35, -17, 0,
    -50, 0, 0, 0, -6, 0, 0, 0,
    15, 0, 0, -26, 0, -21, -13, 0,
    -10, 0, 0, 0, 0, 0, 0, 0,
    0, 0, 0, 0, 0, 0, 0, -10,
    -10, -25, 0, -9, -5, -15, -35, -10,
    0, 0, 0, 0, 0, 0, 0, 0,
    0, -12, 0, -5, 0, -8, 0, 0,
    0, 0, 0, 0, 0, 0, 0, 0,
    0, 0, 0, -20, -5, -40, 0, 0,
    0, 0, 0, 0, 0, 0, 0, -12,
    -13, 0, -5, 10, 10, 0, 0, 2,
    -10, 0, 0, 0, 0, 0, 0, 0,
    0, -21, 0, 0, 0, 0, 0, 0,
    0, 0, 0, 0, 0, 0, 0, 0,
    0, 0, -15, 0, 0, 0, 0, 0,
    0, 0, 2, 0, 0, 0, 0, 0,
    0, 0, 0, 0, 0, -30, 0, -46,
    0, 0, 0, 0, 0, 0, -15, -3,
    -5, 0, 0, -30, -7, -8, 0, 0,
    -8, -3, -20, 10, 0, -5, 0, 0,
    0, 0, 10, -8, -3, -5, -3, -3,
    -5, 0, 0, 0, 0, -15, 0, 0,
    0, 0, 0, 0, 0, 0, 0, -9,
    -8, -12, 0, -4, -3, -3, -8, -3,
    0, 0, 0, 0, 0, 0, 0, 0,
    0, -5, 0, -8, -5, -5, -8, 0,
    0, 0, 0, 0, 0, -15, 0, 0,
    0, 0, 0, 0, -16, -5, -12, -8,
    -8, -3, -3, -3, -5, -5, 0, 0,
    0, 0, -10, 0, 0, 0, 0, -15,
    -5, -8, -5, 0, -8, 0, 0, 0,
    0, -16, 0, 0, 0, -8, 0, 0,
    0, -5, 0, -22, 0, -12, 0, -5,
    -3, -10, -10, -10, 0, 0, 0, 0,
    0, 0, 0, 0, 0, 0, 0, 0,
    0, -8, 0, -5, 0, 0, 0, 0,
    0, 0, 0, 0, 0, 0, 0, 0,
    0, 0, 0, 0, 0, 0, 0, 0,
    0, 0, 0, 0, -5, 0, 0, 0,
    0, 0, 0, -12, 0, -5, 0, -17,
    -5, 0, 0, 0, 0, 0, -39, 0,
    -39, -32, 0, 0, 0, -19, -5, -69,
    -11, 0, 0, 0, 0, -12, -2, -15,
    0, -17, -8, 0, -12, 0, 0, -10,
    -11, -5, -9, -12, -10, -15, -10, -18,
    0, 0, 0, -13, 0, 0, 0, 0,
    0, 0, 0, -3, 0, 0, 0, -10,
    0, -8, -3, 0, 0, 0, 0, 0,
    0, 0, 0, 0, 0, 0, 0, 0,
    0, 0, 0, 0, 0, 0, 0, 0,
    0, 0, -12, 0, -12, 0, 0, 0,
    0, 0, 0, -20, 0, 0, 0, 0,
    0, 0, 0, 0, 0, 0, 0, 0,
    0, 0, 0, 0, 0, 0, 0, 0,
    0, 0, 0, 0, 0, -12, 0, -20,
    0, -18, 0, 0, 0, 0, -5, -5,
    -11, 0, -6, -10, -8, -7, -5, 0,
    -10, 0, 0, 0, -5, 0, 0, 0,
    -5, 0, 0, -20, -7, -12, -10, -10,
    -12, -8, 0, -53, 0, -80, 0, -26,
    0, 0, 0, 0, -19, 0, -15, 0,
    -12, -60, -16, -38, -29, 0, -40, 0,
    -40, 0, -6, -8, -3, 0, 0, 0,
    0, -11, -5, -21, -17, 0, -21, 0,
    0, 0, 0, 0, -59, -15, -59, -34,
    0, 0, 0, -25, 0, -73, -5, -11,
    0, 0, 0, -12, -5, -35, 0, -20,
    -12, 0, -13, 0, 0, 0, -5, 0,
    0, 0, 0, -8, 0, -10, 0, 0,
    0, -5, 0, -16, 0, 0, 0, 0,
    0, -3, 0, -8, -7, -8, 0, 0,
    3, -3, -3, -5, 0, -3, -5, 0,
    -3, 0, 0, 0, 0, 0, 0, 0,
    0, -5, 0, -5, 0, 0, 0, -8,
    0, 8, 0, 0, 0, 0, 0, 0,
    0, -8, -8, -10, 0, 0, 0, 0,
    -8, 0, 0, 0, 0, 0, 0, 0,
    0, 0, 0, -12, 0, 0, 0, 0,
    0, -2, 0, 0, 0, 0, -55, -35,
    -55, -42, -10, -10, 0, -20, -12, -63,
    -17, 0, 0, 0, 0, -10, -8, -26,
    0, -35, -35, -8, -35, 0, 0, -23,
    -30, -8, -23, -15, -16, -17, -15, -36,
    0, 0, 0, 0, -10, 0, -10, -13,
    0, 0, 0, -8, 0, -25, -5, 0,
    0, -3, 0, -5, -8, 0, 0, -3,
    0, 0, -5, 0, 0, 0, -3, 0,
    0, 0, 0, -5, 0, 0, 0, 0,
    0, 0, -35, -9, -35, -21, 0, 0,
    0, -8, -5, -35, -5, 0, -5, 5,
    0, 0, 0, -9, 0, -13, -8, 0,
    -11, 0, 0, -10, -7, 0, -15, -4,
    -4, -8, -4, -12, 0, 0, 0, 0,
    -17, -5, -17, -12, 0, 0, 0, 0,
    -3, -30, -3, 0, 0, 0, 0, 0,
    0, -3, 0, -8, 0, 0, -5, 0,
    0, 0, 0, 0, 0, 0, 0, 0,
    0, -5, 0, -5, 0, -5, 0, -15,
    0, 0, 0, 0, 0, 0, -10, -3,
    -8, -10, -5, 0, 0, 0, 0, 0,
    0, -5, -5, -10, 0, 0, 0, 0,
    0, -10, -5, -10, -8, -5, -10, -8,
    0, 0, 0, 0, -49, -35, -49, -30,
    -14, -14, -5, -8, -8, -50, -9, -8,
    -5, 0, 0, 0, 0, -12, 0, -35,
    -23, 0, -30, 0, 0, -20, -23, -18,
    -17, -8, -12, -17, -8, -25, 0, 0,
    0, 0, 0, -16, 0, 0, 0, 0,
    0, -3, -10, -15, -15, 0, -5, -3,
    -3, 0, -8, -8, 0, -8, -10, -10,
    -7, 0, 0, 0, 0, -8, -10, -8,
    -8, -12, -8, 0, 0, 0, 0, 0,
    0, 0, 0, 0, 0, 0, 0, 0,
    0, 0, 0, -40, -12, -25, -12, 0,
    -35, 0, 0, 0, 0, 0, 15, 0,
    35, 0, 0, 0, 0, -10, -5, 0,
    5, 0, 0, 0, 0, -26, 0, 0,
    0, 0, 0, 0, -9, 0, 0, 0,
    0, -12, 0, -10, -3, 0, -12, 0,
    0, 0, 0, 0, 0, 0, 0, 0,
    0, -8, 0, 0, 0, 0, 0, 0,
    0, -12, 0, -10, -5, 3, -5, 0,
    0, 0, -9, 0, 0, 0, 0, -29,
    0, -9, 0, -3, -25, 0, -15, -7,
    0, -1, 0, 0, 0, 0, -1, -10,
    0, -3, -3, -10, -3, -4, 0, 0,
    0, 0, 0, -12, 0, 0, 0, 0,
    0, 0, 0, 0, 0, -10, 0, -8,
    0, 0, -12, 0, 0, -5, -12, 0,
    -5, 0, 0, 0, 0, -5, 0, 3,
    3, 2, 3, 0, 0, 0, 0, -16,
    0, 5, 0, 0, 0, 0, -5, 0,
    0, -10, -10, -12, 0, -10, -5, 0,
    -15, 0, -12, -7, 0, -1, -5, 0,
    0, 0, 0, -5, 0, 0, 0, -5,
    0, 0, 5, 20, 23, 0, -27, -8,
    -27, -5, 0, 0, 12, 0, 0, 0,
    0, 23, 0, 33, 23, 15, 28, 0,
    26, -10, -5, 0, -7, 0, -5, 0,
    -3, 0, 0, 5, 0, -3, 0, -8,
    0, 0, 5, -15, 0, 0, 0, 21,
    0, 0, -20, 0, 0, 0, 0, -15,
    0, 0, 0, 0, -8, 0, 0, -9,
    -8, 0, 0, 0, 20, 0, 0, 0,
    0, -3, -3, 0, 6, -8, 0, 0,
    0, -16, 0, 0, 0, 0, 0, 0,
    -5, 0, 0, 0, 0, -12, 0, -5,
    0, 0, -10, 0, 0, 0, 0, 0,
    0, 0, 0, 0, 0, 0, 0, 0,
    0, 0, 0, 0, 0, 0, 0, -11,
    5, -29, 5, 0, 5, 5, -9, 0,
    0, 0, 0, -20, 0, 0, 0, 0,
    -7, 0, 0, -5, -11, 0, -5, 0,
    -5, 0, 0, -12, -8, 0, 0, -5,
    0, -5, 0, 0, 0, 0, 0, 0,
    0, 0, 0, 0, 0, 0, 0, 0,
    0, 0, 0, 0, 0, 0, 0, 0,
    0, 0, 0, 0, 0, 0, 4, 0,
    0, 0, 0, 0, 0, 0, 0, 0,
    0, 0, 0, -11, 0, 0, 0, 0,
    0, 0, 0, 0, 0, 0, 0, -10,
    0, -8, 0, 0, -15, 0, 0, 0,
    0, 0, 0, 0, 0, 0, 0, 0,
    0, 0, 0, 0, 0, 0, 0, 0,
    0, 0, -34, -12, -34, -16, 10, 10,
    0, -8, 0, -30, 0, 0, 0, 0,
    0, 0, 0, -5, 5, -12, -5, 0,
    -5, 0, 0, 0, -3, 0, 0, 10,
    8, 0, 10, -3, 0, 0, 0, -21,
    0, 5, 0, 0, 0, 0, -8, 0,
    0, 0, 0, -12, 0, -5, 0, 0,
    -10, 0, 0, 0, 0, 0, 0, 0,
    0, 0, 0, -10, 0, 0, 0, 0,
    0, 0, 0, 0, 0, 0, 0, -15,
    0, 3, 5, 5, -15, 0, 0, 0,
    0, -8, 0, 0, 0, 0, -3, 0,
    0, -11, -8, 0, -5, 0, 0, 0,
    -5, -10, 0, 0, 0, -8, 0, 0,
    0, 0, 0, -6, -21, -5, -21, -10,
    0, 0, 0, -6, 0, -20, 0, -10,
    0, -4, 0, 0, -8, -5, 0, -10,
    -3, 0, 0, 0, -5, 0, 0, 0,
    0, 0, 0, 0, 0, -12, 0, 0,
    0, -6, -27, 0, -27, -3, 0, 0,
    0, -3, 0, -15, 0, -12, 0, -4,
    0, -8, -12, 0, 0, -5, -3, 0,
    0, 0, -5, 0, 0, 0, 0, 0,
    0, 0, 0, -10, -8, 0, 0, -11,
    5, -8, -5, 0, 0, 5, 0, 0,
    -5, 0, -3, -15, 0, -8, 0, -5,
    -17, 0, 0, -5, -10, 0, 0, 0,
    0, 0, 0, -12, 0, 0, 0, 0,
    -3, 0, 0, 0, 0, 0, -21, 0,
    -21, -5, 0, 0, 0, 0, 0, -20,
    0, -10, 0, -3, 0, -3, -5, 0,
    0, -10, -3, 0, 0, 0, -5, 0,
    0, 0, 0, 0, 0, -8, 0, -12,
    0, 0, 0, 0, 0, -10, 0, 0,
    0, 0, 0, 0, 0, 0, 0, -12,
    0, 0, 0, 0, -12, 0, 0, -10,
    -5, 0, -3, 0, 0, 0, 0, 0,
    -5, -3, 0, 0, -3, 0
};


/*Collect the kern class' data in one place*/
static const lv_font_fmt_txt_kern_classes_t kern_classes =
{
    .class_pair_values   = kern_class_values,
    .left_class_mapping  = kern_left_class_mapping,
    .right_class_mapping = kern_right_class_mapping,
    .left_class_cnt      = 45,
    .right_class_cnt     = 38,
};

/*--------------------
 *  ALL CUSTOM DATA
 *--------------------*/

#if LVGL_VERSION_MAJOR == 8
/*Store all the custom data of the font*/
static  lv_font_fmt_txt_glyph_cache_t cache;
#endif

#if LVGL_VERSION_MAJOR >= 8
static const lv_font_fmt_txt_dsc_t font_dsc = {
#else
static lv_font_fmt_txt_dsc_t font_dsc = {
#endif
    .glyph_bitmap = glyph_bitmap,
    .glyph_dsc = glyph_dsc,
    .cmaps = cmaps,
    .kern_dsc = &kern_classes,
    .kern_scale = 16,
    .cmap_num = 2,
    .bpp = 4,
    .kern_classes = 1,
    .bitmap_format = 0,
#if LVGL_VERSION_MAJOR == 8
    .cache = &cache
#endif
};



/*-----------------
 *  PUBLIC FONT
 *----------------*/

/*Initialize a public general font descriptor*/
#if LVGL_VERSION_MAJOR >= 8
const lv_font_t SourceHanSansCN_Medium_28px_4bpp = {
#else
lv_font_t SourceHanSansCN_Medium_28px_4bpp = {
#endif
    .get_glyph_dsc = lv_font_get_glyph_dsc_fmt_txt,    /*Function pointer to get glyph's data*/
    .get_glyph_bitmap = lv_font_get_bitmap_fmt_txt,    /*Function pointer to get glyph's bitmap*/
    .line_height = 34,          /*The maximum line height required by the font*/
    .base_line = 8,             /*Baseline measured from the bottom of the line*/
#if !(LVGL_VERSION_MAJOR == 6 && LVGL_VERSION_MINOR == 0)
    .subpx = LV_FONT_SUBPX_NONE,
#endif
#if LV_VERSION_CHECK(7, 4, 0) || LVGL_VERSION_MAJOR >= 8
    .underline_position = -4,
    .underline_thickness = 1,
#endif
    .dsc = &font_dsc,          /*The custom font data. Will be accessed by `get_glyph_bitmap/dsc` */
#if LV_VERSION_CHECK(8, 2, 0) || LVGL_VERSION_MAJOR >= 9
    .fallback = NULL,
#endif
    .user_data = NULL,
};



#endif /*#if SOURCEHANSANSCN_MEDIUM_28PX_4BPP*/

