/*******************************************************************************
 * Size: 28 px
 * Bpp: 4
 * Opts: --font D:/lvgl_with_vscode/my_lvgl/lvgl/tests/src/test_files/fonts/noto/NotoSansSC-Regular.ttf -r 0x20-0x7f --symbols 设置网络连接移动蜂窝显示亮度与休眠音量声音提醒存储空间使用情况关于设备信息当前点击选择允许无线添加扫描附近接入点拖动调节屏幕自动根据环境光锁屏无操作后关闭分钟从不媒体静音所有提示首选模式运营商已缓存清理释放可回收系统版本序列号恢复出厂清除本地开关开启选项更新操作触发模拟返回值数据 --font D:/lvgl_with_vscode/my_lvgl/lvgl/scripts/built_in_font/FontAwesome5-Solid+Brands+Regular.woff -r 61441,61457,61459,61468,61473,61479,61480,61502,61523,61524,61543,61553,61560,61641,61787,61931,62189 --size 28 --bpp 4 --format lvgl --lv-include lvgl.h --lv-font-name settings_demo_cn_28 -o demo/settings_demo_cn_28.c --force-fast-kern-format
 ******************************************************************************/

#ifdef LV_LVGL_H_INCLUDE_SIMPLE
#include "lvgl.h"
#else
#include "lvgl.h"
#endif

#ifndef SETTINGS_DEMO_CN_28
#define SETTINGS_DEMO_CN_28 1
#endif

#if SETTINGS_DEMO_CN_28

/*-----------------
 *    BITMAPS
 *----------------*/

/*Store the image of the glyphs*/
static LV_ATTRIBUTE_LARGE_CONST const uint8_t glyph_bitmap[] = {
    /* U+0020 " " */

    /* U+0021 "!" */
    0xc, 0xfc, 0x0, 0xf9, 0xc1, 0xc0, 0x3e, 0x10,
    0xf, 0x8, 0x0, 0xc0, 0x3c, 0x60, 0x1, 0x0,
    0xf0, 0x80, 0x7d, 0xe0, 0x1e, 0xf0, 0x0, 0x80,
    0x78, 0x40, 0xf, 0xae, 0x0, 0x12, 0x10, 0x5,
    0x7d, 0x2, 0x28, 0x2a, 0x0, 0x72, 0x28, 0x2a,
    0x0,

    /* U+0022 "\"" */
    0x7f, 0xf1, 0x80, 0x3f, 0xd6, 0x1, 0x8, 0x7,
    0x8, 0x7, 0xc2, 0x60, 0x3, 0x0, 0x8, 0x18,
    0x80, 0x4, 0x0, 0x40, 0x2c, 0x2, 0x1, 0x30,
    0x71, 0x81, 0x80, 0x46, 0x6, 0x20, 0xc0, 0x17,
    0x3, 0x5, 0xc0, 0x4, 0xd6, 0x60,

    /* U+0023 "#" */
    0x0, 0xd9, 0xc0, 0x1b, 0xb0, 0x3, 0xc2, 0x40,
    0x18, 0x58, 0x3, 0xc4, 0xc0, 0x11, 0x1, 0x0,
    0x70, 0x81, 0x0, 0x4c, 0x1c, 0x1, 0xc4, 0x1c,
    0x1, 0x10, 0x10, 0x7, 0x30, 0x18, 0x5, 0xc0,
    0xc0, 0x4, 0xff, 0x50, 0x57, 0xfc, 0xe1, 0xbf,
    0x2e, 0x44, 0x10, 0x22, 0xc0, 0x2, 0x27, 0x1e,
    0xe9, 0x43, 0x77, 0x11, 0x37, 0x4e, 0x1, 0x39,
    0x0, 0x62, 0x60, 0xf, 0x13, 0x0, 0x42, 0x4,
    0x1, 0xe1, 0x10, 0x4, 0x41, 0xc0, 0x1c, 0x40,
    0x40, 0x13, 0x1, 0x0, 0x5d, 0xfa, 0xf, 0xff,
    0x50, 0x57, 0xf8, 0x14, 0x84, 0x8, 0xb0, 0x81,
    0x14, 0x17, 0xac, 0x1f, 0xbb, 0x20, 0x6e, 0xc0,
    0x11, 0x1, 0x0, 0x4c, 0x20, 0x1e, 0x61, 0x0,
    0xc4, 0x40, 0xf, 0x11, 0x0, 0x30, 0xb0, 0x7,
    0x85, 0x80, 0x22, 0x2, 0x0, 0xe1, 0x2, 0x0,
    0x98, 0x38, 0x3, 0x0,

    /* U+0024 "$" */
    0x0, 0xf4, 0x30, 0x7, 0xfc, 0xf6, 0x1, 0xff,
    0xd7, 0x8d, 0x2, 0xd8, 0x10, 0xc, 0x5a, 0xe4,
    0x0, 0x27, 0xf4, 0x0, 0xb8, 0x81, 0xf3, 0x12,
    0x43, 0x62, 0x8, 0x61, 0x30, 0x66, 0x6d, 0x6b,
    0x10, 0x30, 0x3, 0x0, 0x74, 0xa0, 0x3, 0xc0,
    0x40, 0x3f, 0xde, 0x2, 0x40, 0x1f, 0xca, 0x0,
    0xf1, 0x0, 0xfc, 0x50, 0x5, 0xec, 0x1, 0xf9,
    0xe4, 0x6, 0x75, 0x40, 0x3e, 0x6d, 0x50, 0x2a,
    0xc2, 0x0, 0xf1, 0x56, 0xa0, 0x1e, 0x98, 0x7,
    0xc5, 0x72, 0x0, 0xd0, 0xf, 0xe6, 0x80, 0x16,
    0x0, 0xfe, 0x70, 0x7, 0x80, 0x7f, 0x88, 0xc,
    0x4, 0x3, 0xf1, 0x1, 0x5, 0x59, 0x0, 0x73,
    0x0, 0x30, 0x91, 0x1b, 0x28, 0x69, 0x12, 0x6,
    0x85, 0x84, 0xd, 0x79, 0x6e, 0x5, 0xa0, 0x3,
    0xda, 0x51, 0x0, 0x1c, 0x68, 0x80, 0x65, 0xae,
    0x2, 0xc7, 0x0, 0xff, 0xe8, 0x80,

    /* U+0025 "%" */
    0x0, 0x36, 0xff, 0x50, 0x80, 0x7e, 0x9f, 0x20,
    0xf, 0x44, 0x9a, 0x92, 0xf8, 0x80, 0x78, 0x99,
    0x84, 0x1, 0xc4, 0xe3, 0xf5, 0x8e, 0x36, 0x1,
    0xe8, 0x8, 0x0, 0xf5, 0x4, 0x8, 0x2, 0x5,
    0x44, 0x3, 0x1a, 0xb8, 0x80, 0x79, 0x1, 0x0,
    0x32, 0x82, 0x80, 0x6f, 0x18, 0x0, 0xf8, 0x80,
    0x80, 0x31, 0x1, 0x0, 0x48, 0x72, 0x1, 0xff,
    0xc3, 0x10, 0xe, 0x92, 0x70, 0xf, 0xc6, 0x2,
    0x1, 0x84, 0xc, 0x0, 0xc5, 0x0, 0x1f, 0xce,
    0xa, 0x1, 0x94, 0x18, 0x1, 0x6, 0xa0, 0x57,
    0xfe, 0xb3, 0x0, 0x60, 0x70, 0x4, 0x46, 0x26,
    0xe, 0x30, 0x7, 0xa8, 0x85, 0x4c, 0x40, 0x61,
    0x57, 0x2, 0xe0, 0x80, 0x19, 0x44, 0x7, 0x85,
    0x5d, 0x58, 0x50, 0x3, 0x46, 0x3f, 0x4d, 0x98,
    0x12, 0x30, 0x6, 0x64, 0x50, 0x2, 0x28, 0xa0,
    0x1f, 0xcb, 0x3e, 0x48, 0xb, 0xa9, 0x82, 0x86,
    0x0, 0x6c, 0xc, 0x0, 0xb, 0x4c, 0x18, 0x2,
    0x2, 0x0, 0x1c, 0x4, 0x1, 0x94, 0x8, 0x3,
    0xf1, 0x33, 0x8, 0x0, 0x20, 0x20, 0x1e, 0x10,
    0xf, 0xd2, 0x10, 0x1, 0x8, 0x8, 0x7, 0x84,
    0x3, 0xe3, 0x48, 0x10, 0xb, 0x80, 0x80, 0x32,
    0x81, 0x0, 0x7d, 0xe2, 0xe0, 0x19, 0x42, 0xc0,
    0x36, 0x6, 0x0, 0x79, 0x4e, 0x0, 0x38, 0xce,
    0x50, 0x2, 0x28, 0xa0, 0x7, 0xa0, 0x98, 0x3,
    0xde, 0x15, 0x75, 0x61, 0x40, 0x1e, 0x62, 0x80,
    0xf, 0x8f, 0x11, 0xa, 0x98, 0x80,

    /* U+0026 "&" */
    0x0, 0xc3, 0x3d, 0xfd, 0x0, 0x1f, 0xf1, 0x7b,
    0x9, 0xb, 0xd8, 0x7, 0xfa, 0x44, 0xfb, 0x70,
    0x10, 0xc0, 0x3f, 0xa, 0x7, 0x8, 0x1a, 0x2,
    0x80, 0x7e, 0x50, 0x12, 0x0, 0x84, 0x3, 0xfc,
    0xe0, 0x20, 0x19, 0x1, 0x0, 0x3f, 0x10, 0x0,
    0x80, 0x16, 0x2a, 0x40, 0x1f, 0x84, 0xc1, 0x4b,
    0x10, 0xe8, 0x3, 0xfd, 0x41, 0x1a, 0x69, 0x80,
    0x1f, 0xf2, 0x0, 0x51, 0x60, 0x1e, 0x44, 0x8,
    0x1, 0x30, 0x2, 0x50, 0xf, 0x25, 0xd8, 0x0,
    0xb6, 0x28, 0x80, 0xf0, 0xf, 0x70, 0x20, 0x95,
    0x2, 0xdd, 0x9, 0x58, 0x6, 0x15, 0xe, 0x8,
    0x1, 0xa0, 0x1a, 0x4, 0xa0, 0xa, 0x40, 0x94,
    0x10, 0x1c, 0x2, 0x49, 0x5, 0xa0, 0x27, 0x8,
    0x0, 0x8, 0x8, 0x6, 0x68, 0x5, 0xbf, 0x4,
    0x50, 0x0, 0x81, 0x80, 0x73, 0xc0, 0x21, 0x4,
    0x80, 0x4e, 0x8, 0xa0, 0x1c, 0xc4, 0x1, 0x50,
    0x5, 0x2, 0x15, 0x6, 0x27, 0x1c, 0x40, 0x20,
    0xfc, 0xe2, 0x2d, 0x10, 0x7c, 0xec, 0x70, 0x2c,
    0xe7, 0x1, 0x84, 0x3, 0xf8, 0x30, 0x0, 0xa5,
    0x69, 0x84, 0x73, 0x92, 0x0,

    /* U+0027 "'" */
    0x7f, 0xf1, 0x80, 0x42, 0x20, 0x8, 0xc0, 0x6,
    0x20, 0x1, 0x60, 0x10, 0x30, 0x30, 0x10, 0x60,
    0x5, 0xc0, 0x0,

    /* U+0028 "(" */
    0x0, 0xc6, 0x40, 0x1d, 0xda, 0x20, 0x13, 0x13,
    0x8, 0x5, 0x61, 0x60, 0x12, 0x12, 0x90, 0x5,
    0xe1, 0xe0, 0x10, 0xa0, 0x28, 0x4, 0xe0, 0x80,
    0x1b, 0x3, 0x0, 0x32, 0x2, 0x0, 0x42, 0x20,
    0x20, 0x8, 0x80, 0x44, 0x1, 0x30, 0x18, 0x6,
    0x30, 0x10, 0xf, 0x38, 0x7, 0xff, 0x18, 0xc1,
    0x80, 0x33, 0x1, 0x80, 0x62, 0x1, 0x0, 0xc2,
    0x20, 0x30, 0xc, 0xa0, 0xa0, 0x1b, 0x43, 0x0,
    0x33, 0x82, 0x0, 0x61, 0x31, 0x40, 0xd, 0x21,
    0xa0, 0x19, 0x45, 0x84, 0x3, 0x48, 0x48, 0x6,
    0x71, 0x71, 0x0, 0xd5, 0x62,

    /* U+0029 ")" */
    0x5, 0x0, 0xd3, 0x4a, 0x1, 0x58, 0x40, 0x4,
    0x4a, 0x4a, 0x1, 0x48, 0x48, 0x4, 0x64, 0x66,
    0x0, 0x94, 0x2c, 0x2, 0xb0, 0x60, 0x8, 0xc0,
    0x48, 0x2, 0x30, 0x70, 0x9, 0x43, 0x40, 0x2e,
    0x2, 0x0, 0x88, 0x18, 0x2, 0x10, 0x10, 0x9,
    0xc0, 0xc0, 0x3f, 0x9c, 0xc, 0x2, 0x10, 0x10,
    0x8, 0xc1, 0xc0, 0x2f, 0x2, 0x0, 0x88, 0x3c,
    0x2, 0x50, 0x40, 0x1, 0x8, 0x88, 0x0, 0xa0,
    0xe0, 0x15, 0x85, 0x0, 0x8, 0xc8, 0xc0, 0x16,
    0x16, 0x0, 0x16, 0x16, 0x0, 0x40, 0x40, 0x5,
    0x10, 0x60, 0x8,

    /* U+002A "*" */
    0x0, 0xc9, 0xea, 0x1, 0xf8, 0x40, 0xc0, 0x38,
    0xc0, 0x4, 0x2, 0x0, 0x30, 0x6, 0x7e, 0x58,
    0x56, 0x7e, 0x0, 0x24, 0x8c, 0xc0, 0x46, 0x52,
    0x0, 0x6d, 0x80, 0xa, 0x35, 0x80, 0x35, 0x80,
    0x85, 0x80, 0x72, 0x99, 0xb9, 0xd, 0x80, 0x37,
    0x8e, 0x85, 0x16, 0x80, 0x6a, 0xf1, 0x1, 0xcb,
    0x0, 0x0,

    /* U+002B "+" */
    0x0, 0xe2, 0x87, 0x0, 0xff, 0x99, 0xec, 0x3,
    0xff, 0xfe, 0x1f, 0xfd, 0x60, 0x7f, 0xfd, 0x2,
    0x1, 0xff, 0xc0, 0xfe, 0xff, 0xd6, 0x7, 0xff,
    0xce, 0x1, 0xff, 0xfa,

    /* U+002C "," */
    0x1, 0x99, 0x8, 0x3, 0x59, 0x9a, 0x0, 0x10,
    0x1, 0x88, 0x40, 0x80, 0xc, 0x17, 0x8c, 0xc,
    0x0, 0x26, 0x42, 0x0, 0xa0, 0xb0, 0x2c, 0x45,
    0x60, 0x63, 0x6a, 0x0, 0x26, 0xc8, 0x4,

    /* U+002D "-" */
    0x0, 0xfd, 0x7f, 0xfe, 0x70, 0xf, 0xc0,

    /* U+002E "." */
    0x5e, 0xd2, 0xb1, 0x28, 0x0, 0xd6, 0x25, 0x0,

    /* U+002F "/" */
    0x0, 0xfc, 0xfe, 0xc0, 0x1f, 0xb0, 0x1c, 0x3,
    0xe1, 0x42, 0x10, 0xf, 0x90, 0x14, 0x3, 0xf7,
    0x85, 0x80, 0x7e, 0x41, 0x30, 0xf, 0x8c, 0x5c,
    0x3, 0xf5, 0x86, 0x0, 0x7e, 0x50, 0x50, 0xf,
    0x88, 0x88, 0x1, 0xf9, 0x43, 0x40, 0x3f, 0x60,
    0x38, 0x7, 0xc2, 0x84, 0x20, 0x1f, 0x20, 0x28,
    0x7, 0xef, 0xb, 0x0, 0xfc, 0x82, 0x60, 0x1f,
    0x18, 0xa0, 0x7, 0xeb, 0xf, 0x0, 0xfc, 0xa0,
    0xa0, 0x1f, 0x11, 0x10, 0x3, 0xf2, 0x86, 0x80,
    0x7e, 0xc0, 0x40, 0xf, 0x85, 0x8, 0x80, 0x1f,
    0x20, 0x28, 0x7, 0xef, 0xb, 0x0, 0xfc, 0x82,
    0x60, 0x1f, 0x18, 0xa0, 0x7, 0xeb, 0xf, 0x0,
    0xfc,

    /* U+0030 "0" */
    0x0, 0xd1, 0xbf, 0xeb, 0x40, 0xf, 0xe, 0xb9,
    0x0, 0x12, 0xe0, 0x3, 0xb4, 0x82, 0x7b, 0x14,
    0x1d, 0x40, 0x25, 0x30, 0xb6, 0x13, 0xa4, 0xb,
    0x0, 0xa4, 0xd, 0x0, 0x34, 0x0, 0xa8, 0x9,
    0x85, 0x0, 0x71, 0x90, 0x78, 0x28, 0x1, 0x0,
    0x3c, 0x80, 0xe0, 0x40, 0x2, 0x0, 0xf7, 0x1,
    0x7, 0x0, 0x80, 0x7c, 0x40, 0x1, 0x10, 0x7,
    0xff, 0x0, 0xc0, 0x6, 0x1, 0xf0, 0x80, 0x71,
    0x80, 0x7c, 0x20, 0x10, 0x80, 0x7f, 0xf0, 0xf,
    0x80, 0x40, 0x3e, 0x20, 0x0, 0x90, 0x0, 0xc0,
    0x3d, 0xa0, 0x40, 0x80, 0x5, 0x0, 0xf3, 0x82,
    0x0, 0x10, 0x28, 0x3, 0x8c, 0x83, 0x0, 0x1c,
    0x6, 0xa0, 0x1b, 0xc0, 0x54, 0x0, 0xa6, 0x14,
    0xe4, 0x76, 0x61, 0x60, 0x1b, 0x48, 0x23, 0x71,
    0x1, 0xd4, 0x3, 0xe, 0xb9, 0x0, 0x12, 0xe0,
    0x2,

    /* U+0031 "1" */
    0x0, 0x85, 0xfb, 0xe4, 0x3, 0x97, 0x3a, 0x4,
    0x3, 0xec, 0x30, 0xf, 0xf4, 0x6e, 0xc0, 0x1f,
    0x84, 0x8a, 0x0, 0xff, 0xff, 0x80, 0x7f, 0xff,
    0xc0, 0x3f, 0xf8, 0x22, 0x67, 0x80, 0x6, 0x78,
    0xa7, 0x33, 0x0, 0x17, 0x32, 0x90, 0xf, 0xfe,
    0x0,

    /* U+0032 "2" */
    0x0, 0xc, 0x6f, 0xfb, 0xa4, 0x80, 0x39, 0x3d,
    0xc8, 0x0, 0x2d, 0xaa, 0x1, 0x2d, 0x89, 0x56,
    0xea, 0x44, 0x28, 0xc0, 0x6, 0xd, 0xaa, 0x44,
    0x6c, 0x0, 0x40, 0x1, 0xb2, 0x40, 0x38, 0x94,
    0x10, 0x2, 0x30, 0xf, 0xb0, 0x0, 0x40, 0x1f,
    0xfc, 0xce, 0x0, 0x10, 0x7, 0xf9, 0x0, 0xc0,
    0x3f, 0xc4, 0x61, 0x40, 0x1f, 0xe8, 0x1, 0x60,
    0xf, 0xe4, 0x50, 0x80, 0xf, 0xe1, 0xa0, 0x36,
    0x0, 0xfe, 0xd1, 0x17, 0x0, 0x7f, 0x51, 0x85,
    0x10, 0x7, 0xe9, 0x50, 0x94, 0x0, 0xfd, 0x2c,
    0x10, 0xc0, 0x1f, 0xa5, 0x81, 0xdc, 0x1, 0xfa,
    0x98, 0x1a, 0x44, 0x7e, 0xa, 0x50, 0x3, 0x77,
    0x7e, 0x26, 0x0, 0xff, 0xe0, 0x80,

    /* U+0033 "3" */
    0x0, 0xcf, 0x9f, 0xee, 0xb5, 0x0, 0xe4, 0xe8,
    0x30, 0x0, 0xa5, 0x58, 0x4, 0x76, 0x25, 0x3b,
    0xaa, 0x30, 0x49, 0x0, 0x1b, 0xbb, 0x58, 0x88,
    0xb8, 0x40, 0xc2, 0x0, 0x88, 0x0, 0x7a, 0xc0,
    0x4, 0x1, 0xfe, 0x30, 0xf, 0xfe, 0xe, 0x0,
    0x8, 0x3, 0xf8, 0xd8, 0x18, 0x40, 0x3c, 0x29,
    0x38, 0x7, 0x20, 0x1e, 0xfe, 0xb6, 0x19, 0xc0,
    0xf, 0xf8, 0x69, 0x0, 0x3e, 0xfe, 0xc8, 0x23,
    0xb7, 0x0, 0xf8, 0x4d, 0xf5, 0x82, 0xc, 0x3,
    0xfd, 0x22, 0x10, 0x1, 0xff, 0x20, 0x28, 0x7,
    0xff, 0x4, 0x40, 0x6, 0x1, 0xf9, 0x0, 0x82,
    0xb1, 0x40, 0x3d, 0x2, 0x14, 0xc, 0x15, 0x8c,
    0x66, 0x5b, 0x70, 0x27, 0xc, 0x60, 0x39, 0xcc,
    0x52, 0x1, 0x78, 0x5, 0x3a, 0xc4, 0x0, 0x14,
    0x9d, 0x20,

    /* U+0034 "4" */
    0x0, 0xfc, 0x7f, 0xee, 0x0, 0xff, 0xb8, 0x3,
    0xff, 0x83, 0x4, 0x1, 0xff, 0xc0, 0x27, 0x6,
    0x0, 0xff, 0xb8, 0x17, 0xc0, 0x3f, 0xcc, 0x61,
    0x2, 0x1, 0xfc, 0x32, 0xe, 0x40, 0x1f, 0xea,
    0x2, 0x80, 0xf, 0xf2, 0xa0, 0x70, 0x7, 0xf8,
    0x6c, 0x1c, 0xc0, 0x3f, 0xd0, 0x25, 0x0, 0x1f,
    0xe3, 0x60, 0xe0, 0xf, 0xfb, 0x81, 0xcc, 0x3,
    0xfc, 0xc4, 0xf, 0xff, 0xd0, 0x3, 0xfe, 0xa1,
    0x0, 0xff, 0xe1, 0x3f, 0x77, 0xe7, 0x0, 0x77,
    0x2c, 0x4, 0x7f, 0x78, 0x8, 0xe0, 0xf, 0xff,
    0x80,

    /* U+0035 "5" */
    0x0, 0xbf, 0xff, 0xc0, 0x1f, 0xfc, 0x71, 0x0,
    0x45, 0xdf, 0xc0, 0x18, 0xc0, 0x8, 0x9f, 0x80,
    0x30, 0x80, 0x8, 0x3, 0xfe, 0x60, 0x0, 0x80,
    0x7f, 0xc6, 0x2, 0x1, 0xff, 0xc0, 0x10, 0x38,
    0xdf, 0xf6, 0x38, 0x7, 0xbc, 0x9, 0xc8, 0x0,
    0x71, 0xc4, 0x1, 0xb4, 0xe, 0xff, 0xd8, 0xa0,
    0x38, 0x1, 0x97, 0xb1, 0x0, 0x7, 0x4e, 0x2,
    0xe0, 0x18, 0x40, 0x3d, 0x2, 0x16, 0x1, 0xff,
    0xc0, 0x40, 0x30, 0xf, 0xfe, 0x1, 0x0, 0x7f,
    0xf0, 0x84, 0x3, 0xff, 0x84, 0xa0, 0x20, 0x1,
    0x20, 0xf, 0x88, 0xc1, 0xc0, 0x15, 0x88, 0x1,
    0xc3, 0xc0, 0xa, 0x1, 0x61, 0xbb, 0x29, 0x99,
    0xfc, 0xc1, 0xcc, 0x7, 0x58, 0x12, 0xb3, 0x10,
    0x20, 0xf0, 0x1, 0xa7, 0x18, 0x80, 0x2, 0xb9,
    0x0, 0x10,

    /* U+0036 "6" */
    0x0, 0xc2, 0xf9, 0xfe, 0xd9, 0x10, 0xe, 0x3f,
    0x83, 0x0, 0x13, 0x72, 0x0, 0x45, 0x82, 0xf,
    0x9b, 0x46, 0x1a, 0x1, 0x70, 0xe, 0xc1, 0x92,
    0xe4, 0xc8, 0x0, 0x86, 0x14, 0x40, 0x1c, 0xc0,
    0x17, 0x1, 0xa0, 0x7, 0xf9, 0x42, 0xc0, 0x3f,
    0xc4, 0x0, 0x40, 0xf, 0xf3, 0x0, 0x8, 0x1f,
    0x7f, 0xad, 0x40, 0x22, 0x0, 0x1e, 0xc1, 0x0,
    0xa5, 0x50, 0x3, 0xb0, 0xe7, 0xfd, 0xaa, 0xa,
    0xc0, 0x18, 0xfd, 0x80, 0x5, 0x46, 0x10, 0x1,
    0xbc, 0x40, 0x3a, 0x40, 0x48, 0x80, 0x1f, 0xce,
    0x0, 0x65, 0x0, 0x30, 0x7, 0x8c, 0x0, 0x22,
    0x20, 0xd0, 0xf, 0x10, 0x0, 0x41, 0x41, 0xc0,
    0x3c, 0x80, 0x5, 0x9, 0x1, 0x90, 0xc, 0x32,
    0x8, 0x20, 0x30, 0xd, 0x46, 0x29, 0x82, 0x12,
    0x1, 0x3b, 0x81, 0x73, 0xac, 0x82, 0xc8, 0x3,
    0x45, 0xa8, 0x80, 0xb6, 0xa0, 0x0,

    /* U+0037 "7" */
    0xaf, 0xff, 0xfe, 0x1, 0x80, 0x7f, 0xf0, 0x46,
    0x2e, 0xff, 0x84, 0x18, 0x88, 0x89, 0xf8, 0xc4,
    0xa4, 0x3, 0xf8, 0xa0, 0x38, 0x3, 0xfd, 0x20,
    0xa6, 0x1, 0xfc, 0x68, 0x10, 0x1, 0xfe, 0x80,
    0x52, 0x0, 0xfe, 0x24, 0x9, 0x0, 0xff, 0x50,
    0x11, 0x80, 0x7f, 0x94, 0x14, 0x3, 0xfc, 0x44,
    0xc, 0x0, 0xff, 0x20, 0x1, 0x40, 0x3f, 0xde,
    0x2, 0x20, 0xf, 0xf2, 0x82, 0x80, 0x7f, 0xc6,
    0x4, 0x1, 0xfe, 0x10, 0x7, 0x0, 0x7f, 0x88,
    0x0, 0x20, 0x1f, 0xe7, 0x0, 0x18, 0x7, 0xf8,
    0x40, 0x2, 0x1, 0xfe, 0x30, 0x3, 0x80, 0x78,

    /* U+0038 "8" */
    0x0, 0x86, 0x37, 0xfd, 0xae, 0x1, 0xe3, 0xf7,
    0x20, 0x1, 0x46, 0x90, 0x4, 0x3a, 0x25, 0x9f,
    0xea, 0x12, 0xe0, 0x9, 0x84, 0x30, 0xc0, 0xb,
    0xa0, 0x66, 0x0, 0x68, 0x20, 0x80, 0x63, 0x20,
    0x40, 0x0, 0x81, 0x0, 0x79, 0xc3, 0xc0, 0x6,
    0xa, 0x1, 0xe1, 0xe, 0x0, 0x50, 0x1a, 0x80,
    0x72, 0x3, 0x80, 0xa, 0x2, 0x98, 0x2, 0x80,
    0x91, 0x0, 0x9e, 0x42, 0x75, 0x95, 0xd9, 0x80,
    0x18, 0x74, 0x4, 0xa6, 0x82, 0xc0, 0x30, 0xe2,
    0x47, 0x62, 0x80, 0x35, 0x40, 0x2d, 0x27, 0x70,
    0x1d, 0x61, 0x5, 0x20, 0x29, 0x8c, 0x0, 0x63,
    0xc2, 0x9, 0xc, 0x4, 0x0, 0xf0, 0xd8, 0x11,
    0x40, 0x60, 0x1f, 0x28, 0x0, 0x44, 0xa, 0x1,
    0xf3, 0x80, 0x7, 0xc0, 0xd4, 0x3, 0xd0, 0x2,
    0x4a, 0x61, 0x50, 0x40, 0x3, 0xb3, 0xb, 0x0,
    0x6a, 0x3, 0xef, 0xfb, 0x10, 0x21, 0x40, 0x3,
    0x76, 0x51, 0x0, 0x13, 0x6b, 0x80, 0x0,

    /* U+0039 "9" */
    0x0, 0x97, 0x3f, 0xdb, 0x2, 0x1, 0xea, 0xa1,
    0x80, 0x9, 0xfd, 0x0, 0x34, 0x28, 0x3e, 0xf5,
    0x90, 0xd9, 0x0, 0x9, 0xc1, 0xe0, 0x85, 0x34,
    0x82, 0x40, 0xa, 0x0, 0x80, 0xe, 0x90, 0x42,
    0xd, 0x4, 0x0, 0xf2, 0x8, 0x50, 0x30, 0x8,
    0x7, 0xc8, 0x8, 0xe, 0x2, 0x1, 0xf6, 0x81,
    0x1, 0x2, 0x80, 0x7d, 0xc0, 0x21, 0xa0, 0x2c,
    0x1, 0xcc, 0xc0, 0x9, 0x8, 0x25, 0xc4, 0xe,
    0xa4, 0x80, 0x37, 0x88, 0x47, 0x7e, 0x2b, 0xd0,
    0x6, 0x2f, 0x73, 0x11, 0x2e, 0x47, 0x81, 0x0,
    0x43, 0x19, 0xdc, 0xa3, 0x3, 0x6, 0x0, 0xff,
    0x94, 0xc, 0x3, 0xfc, 0x82, 0x16, 0x1, 0xfe,
    0xf0, 0x23, 0x0, 0x1a, 0x0, 0x73, 0xa0, 0x40,
    0x0, 0xb6, 0xe9, 0x4d, 0x6e, 0x1, 0x54, 0x0,
    0x24, 0x5, 0xac, 0xa4, 0x5, 0xa0, 0xd, 0x56,
    0x82, 0x2, 0x97, 0x40, 0x18,

    /* U+003A ":" */
    0x5e, 0xd2, 0xb1, 0x28, 0x0, 0xd6, 0x3, 0x2b,
    0xfc, 0x60, 0x1f, 0xfd, 0x5, 0xed, 0x2b, 0x12,
    0x80, 0xd, 0x62, 0x50,

    /* U+003B ";" */
    0x5, 0xed, 0x20, 0x5, 0x89, 0x40, 0x7, 0xeb,
    0x1, 0x90, 0x2, 0xff, 0x18, 0x7, 0xff, 0x80,
    0x66, 0x42, 0x0, 0xd6, 0x66, 0x80, 0x4, 0x0,
    0x62, 0x10, 0x20, 0x3, 0x5, 0xe3, 0x3, 0x0,
    0x9, 0x90, 0x80, 0x28, 0x2c, 0xb, 0x11, 0x58,
    0x18, 0xda, 0x80, 0x9, 0xb2, 0x1, 0x0,

    /* U+003C "<" */
    0x0, 0xff, 0xe6, 0xad, 0xb8, 0x7, 0xe1, 0x8e,
    0xa4, 0xf0, 0xf, 0x25, 0xf3, 0x88, 0x9e, 0x40,
    0x21, 0x7e, 0xb4, 0x5, 0xbe, 0x81, 0x4, 0xae,
    0x81, 0x28, 0xea, 0x40, 0xb, 0x6d, 0x41, 0xb3,
    0x5c, 0x40, 0x38, 0x80, 0x6a, 0x4c, 0x3, 0xf3,
    0x88, 0xab, 0xa0, 0x80, 0x3e, 0x8e, 0xa3, 0x17,
    0xdc, 0x60, 0xf, 0x97, 0x35, 0x80, 0xe7, 0xe9,
    0x0, 0x3c, 0x53, 0xf2, 0x60, 0xb7, 0xa8, 0x1,
    0xf3, 0x66, 0x18, 0xb, 0x0, 0x3f, 0x8e, 0x7e,
    0x74,

    /* U+003D "=" */
    0xef, 0xff, 0xfe, 0x3, 0x88, 0x7, 0xff, 0x3,
    0xff, 0xff, 0x85, 0x0, 0x1f, 0xfe, 0xce, 0xff,
    0xff, 0xe0, 0x38, 0x80, 0x7f, 0xf0, 0x3c,

    /* U+003E ">" */
    0x0, 0xff, 0xe1, 0x6c, 0x10, 0x7, 0xfc, 0x4f,
    0xb6, 0xa0, 0x1f, 0xd6, 0x80, 0x95, 0xd0, 0x40,
    0x1e, 0x4b, 0xe8, 0x21, 0x7d, 0xb4, 0x0, 0xf0,
    0xbe, 0xe3, 0x2, 0x5f, 0x38, 0x80, 0x78, 0xe7,
    0xe8, 0xc6, 0x39, 0x80, 0x3f, 0x2e, 0xb0, 0x3,
    0x80, 0x3e, 0x5b, 0xe6, 0x3, 0xb0, 0xc, 0x53,
    0xd4, 0x80, 0xd9, 0x83, 0x1, 0x6c, 0xd6, 0x13,
    0x9f, 0x93, 0x0, 0x57, 0x49, 0x83, 0x66, 0x18,
    0x3, 0x94, 0xa, 0x7e, 0x4c, 0x3, 0xe6, 0xcd,
    0x60, 0xf, 0xf0,

    /* U+003F "?" */
    0x0, 0x1d, 0x77, 0xf5, 0xa0, 0x5, 0x38, 0xa2,
    0x2, 0x97, 0x1, 0xc, 0xf, 0x79, 0x22, 0xe,
    0x90, 0xbb, 0x8, 0x6d, 0x80, 0xe, 0xa, 0x20,
    0xc, 0x46, 0xc, 0x1, 0xfe, 0x70, 0xf, 0x84,
    0xc3, 0x0, 0x3e, 0xb0, 0x17, 0x0, 0xf3, 0xa8,
    0x68, 0x7, 0x96, 0x2, 0x8c, 0x3, 0x86, 0x81,
    0xd4, 0x3, 0xd0, 0x5, 0x0, 0x1f, 0x30, 0x58,
    0x7, 0xc2, 0x0, 0x50, 0xf, 0x85, 0xdc, 0x40,
    0x1f, 0xa2, 0x2, 0x1, 0xff, 0xc6, 0x2d, 0xf6,
    0x0, 0xfa, 0x88, 0x24, 0x3, 0xff, 0x8d, 0x24,
    0x12, 0x1, 0x80,

    /* U+0040 "@" */
    0x0, 0xfe, 0x49, 0xcf, 0xfb, 0x69, 0x80, 0x3f,
    0xf8, 0x2d, 0xd6, 0xc6, 0x46, 0x44, 0x59, 0xe6,
    0x0, 0xfe, 0x1c, 0x91, 0x6c, 0xfd, 0xcd, 0xfc,
    0x61, 0x9b, 0x0, 0xf8, 0xfc, 0xd3, 0xa4, 0xc0,
    0x38, 0xe7, 0x49, 0x28, 0x3, 0x8b, 0x45, 0xec,
    0x40, 0x3f, 0x8b, 0x9, 0x54, 0x1, 0xb8, 0x5e,
    0x0, 0x3f, 0xf8, 0x3, 0xc1, 0x0, 0x13, 0x9a,
    0x40, 0x7, 0xff, 0x8, 0xd0, 0x90, 0x1, 0x21,
    0x20, 0x1c, 0xdb, 0xfc, 0xc9, 0x86, 0x1, 0x70,
    0x60, 0x30, 0xb1, 0x0, 0x6b, 0x92, 0x20, 0x4c,
    0x8c, 0x40, 0x24, 0x3, 0xa, 0xa, 0x0, 0xd2,
    0x87, 0xba, 0xe5, 0x20, 0x20, 0x8, 0x41, 0x80,
    0xc4, 0xc0, 0x23, 0x61, 0xd2, 0x0, 0x70, 0x18,
    0x7, 0x9, 0x98, 0x10, 0x3, 0x48, 0x40, 0x80,
    0x44, 0xa, 0x1, 0xc2, 0x6c, 0x4, 0x1, 0x94,
    0x1c, 0x3, 0x78, 0x60, 0x6, 0x10, 0x63, 0xf,
    0x0, 0x88, 0x4, 0x40, 0x19, 0x41, 0xc0, 0x32,
    0x1, 0x80, 0x78, 0x40, 0xc0, 0x38, 0xc0, 0x80,
    0x37, 0x5, 0x80, 0x3c, 0x2, 0x10, 0x20, 0xc,
    0xc0, 0x1e, 0x44, 0x8c, 0x80, 0x80, 0x22, 0x10,
    0xb2, 0x18, 0x92, 0x5, 0x0, 0x2d, 0x84, 0x82,
    0x82, 0x0, 0x68, 0x4, 0xde, 0x77, 0x48, 0x56,
    0xf5, 0xd, 0x90, 0x9, 0x9, 0x80, 0x4d, 0x44,
    0x5, 0x50, 0x92, 0x44, 0x6, 0xf4, 0x0, 0xa8,
    0x24, 0x3, 0x2e, 0xfe, 0xa8, 0x1, 0xb7, 0xfa,
    0x44, 0x3, 0x38, 0xaa, 0x80, 0x3f, 0xf9, 0x36,
    0x14, 0x80, 0x1f, 0xfc, 0x85, 0x70, 0xb7, 0x0,
    0xfe, 0x40, 0xf, 0xf4, 0x48, 0x47, 0x42, 0x8,
    0x0, 0x9f, 0x6d, 0x0, 0x3f, 0xcd, 0xaa, 0x2f,
    0x7d, 0xfe, 0xd8, 0x25, 0x60, 0xf, 0xf8, 0xab,
    0xa9, 0x91, 0x26, 0x9e, 0xa2, 0x0, 0xf0,

    /* U+0041 "A" */
    0x0, 0xf0, 0xff, 0xc2, 0x1, 0xff, 0xc0, 0x70,
    0x9, 0xc0, 0x3f, 0xf8, 0x14, 0x8, 0x14, 0x1,
    0xff, 0x9, 0x84, 0x1, 0x88, 0x7, 0xf9, 0xc0,
    0xcc, 0x40, 0xe0, 0x1f, 0xea, 0xb, 0x5, 0xa,
    0x0, 0xfe, 0x13, 0x4, 0xc, 0x3, 0x10, 0xf,
    0xce, 0x2, 0x60, 0x80, 0x7, 0x0, 0xfd, 0x40,
    0xe0, 0x12, 0x85, 0x0, 0x7c, 0x26, 0x1a, 0x1,
    0x78, 0x18, 0x80, 0x79, 0xc0, 0x8, 0x1, 0x20,
    0x1, 0xc0, 0x3d, 0xa0, 0xa0, 0x18, 0x50, 0x28,
    0x3, 0x85, 0x3, 0x44, 0x78, 0xc0, 0xc4, 0x3,
    0x38, 0x2, 0x3b, 0xb9, 0xc0, 0xe, 0x1, 0xb4,
    0x3, 0xfe, 0xa0, 0x8, 0x50, 0x27, 0xff, 0xe7,
    0x3, 0x10, 0x3, 0x80, 0x1c, 0x3, 0xeb, 0x0,
    0x38, 0x3, 0x40, 0xc4, 0x3, 0xe3, 0x10, 0xd0,
    0x14, 0xb, 0x0, 0xfe, 0x70, 0x41, 0x70, 0x2,
    0x80, 0x7f, 0x68, 0x1, 0xf4, 0x8, 0x80, 0x1f,
    0xc8, 0x0, 0xd0,

    /* U+0042 "B" */
    0x2f, 0xff, 0xbb, 0x20, 0x40, 0x3f, 0xf8, 0x2,
    0x6f, 0xcc, 0x1, 0xe8, 0xee, 0xb6, 0xdc, 0x1,
    0x28, 0x1, 0xc2, 0x38, 0x92, 0x30, 0x1, 0xe0,
    0x1f, 0xfc, 0x3, 0x40, 0x50, 0xf, 0xfe, 0x9,
    0x0, 0x7f, 0xf0, 0xc8, 0x8, 0x3, 0xff, 0x80,
    0x88, 0xa, 0x0, 0xe1, 0x1e, 0x39, 0xb0, 0x46,
    0x0, 0xe8, 0xee, 0xd8, 0xc0, 0xf6, 0x1, 0xff,
    0xc2, 0x79, 0x10, 0xe, 0x9f, 0xfd, 0xd6, 0xc0,
    0xd8, 0x20, 0x1f, 0xc2, 0x93, 0x80, 0x56, 0x1,
    0xff, 0xc0, 0x36, 0x5, 0x0, 0xff, 0xe0, 0xf8,
    0x0, 0x40, 0x3f, 0xf8, 0x2, 0x1, 0xff, 0xc3,
    0xb0, 0x11, 0x0, 0x7f, 0xce, 0x60, 0xe0, 0x18,
    0x48, 0xb1, 0xb6, 0x40, 0x14, 0x0, 0x68, 0xdd,
    0xd9, 0x26, 0x9, 0x82, 0x1, 0xfe, 0x26, 0xbb,
    0x8, 0x0,

    /* U+0043 "C" */
    0x0, 0xf3, 0x5f, 0x7f, 0xb1, 0xc0, 0x3e, 0x5e,
    0x94, 0x10, 0x1, 0xc7, 0x18, 0x6, 0x7a, 0x10,
    0x48, 0xa9, 0x60, 0x1c, 0x20, 0x2, 0xc0, 0xd,
    0xd9, 0xd5, 0xa7, 0x8d, 0x88, 0x1, 0x60, 0xc,
    0x40, 0xe, 0x1c, 0x90, 0x3, 0x88, 0x49, 0x0,
    0x7f, 0xd6, 0x2, 0xc0, 0x1f, 0xf0, 0x98, 0x20,
    0x7, 0xff, 0x0, 0x80, 0x18, 0x1, 0xff, 0xc0,
    0x60, 0x1, 0x80, 0x7f, 0xf0, 0xc4, 0x3, 0xff,
    0x86, 0x20, 0x1f, 0xfc, 0x6, 0x0, 0x10, 0x7,
    0xff, 0x0, 0x80, 0x1a, 0x1, 0xff, 0xc0, 0x12,
    0x4, 0x0, 0xff, 0xe0, 0xd0, 0xb, 0x0, 0x7f,
    0xf0, 0x18, 0x1, 0x24, 0x1, 0xf9, 0x40, 0x3,
    0x20, 0xc, 0x30, 0xe, 0x1b, 0xa6, 0x0, 0x33,
    0x0, 0x72, 0xdd, 0x5a, 0x79, 0x0, 0x3a, 0x64,
    0x0, 0x48, 0xa9, 0x60, 0x1a, 0x60, 0xc, 0xdd,
    0x6, 0x20, 0x3, 0x8f, 0x50,

    /* U+0044 "D" */
    0x2f, 0xff, 0x76, 0x41, 0x0, 0x7f, 0xf0, 0x4,
    0xdf, 0x64, 0x3, 0xe7, 0xdd, 0x65, 0x30, 0x1,
    0xb4, 0x40, 0x3b, 0x88, 0x86, 0xb3, 0xca, 0x5,
    0xa0, 0x1f, 0xf0, 0xd2, 0x1, 0xa8, 0x7, 0xff,
    0x2, 0x80, 0x10, 0x1, 0xff, 0xc0, 0x15, 0x2,
    0x20, 0x7, 0xff, 0x3, 0xc0, 0xe, 0x1, 0xff,
    0xc0, 0x70, 0x6, 0x80, 0x7f, 0xf0, 0xc, 0x0,
    0x20, 0x1f, 0xfc, 0x1, 0x0, 0xff, 0xe1, 0x88,
    0x7, 0xff, 0xc, 0x80, 0x1c, 0x1, 0xff, 0xc0,
    0x50, 0x1, 0x0, 0x7f, 0xf0, 0x34, 0x0, 0x80,
    0x1f, 0xf1, 0x20, 0x18, 0x80, 0x7f, 0xdc, 0x0,
    0x90, 0xf, 0xf0, 0xd9, 0x82, 0x28, 0x6, 0xe3,
    0x39, 0x67, 0x90, 0xa, 0x80, 0x39, 0xf3, 0x2a,
    0x60, 0x3, 0x68, 0x80, 0x7f, 0x9, 0xbe, 0xc8,
    0x6,

    /* U+0045 "E" */
    0x2f, 0xff, 0xfa, 0x80, 0x3f, 0xf8, 0x8f, 0x77,
    0xfa, 0x0, 0x2e, 0x44, 0xfc, 0x40, 0x1f, 0xfe,
    0xbf, 0x44, 0xf8, 0x3, 0x9a, 0xef, 0xe3, 0x0,
    0xff, 0xe2, 0xcf, 0xff, 0xc6, 0x1, 0xff, 0xff,
    0x0, 0xfb, 0xd1, 0x3f, 0x80, 0x26, 0xbb, 0xfe,
    0x0, 0xff, 0xe0, 0x80,

    /* U+0046 "F" */
    0x2f, 0xff, 0xfa, 0x80, 0x3f, 0xf8, 0x8f, 0x77,
    0xfa, 0x0, 0x2e, 0x44, 0xfc, 0x40, 0x1f, 0xff,
    0x89, 0xff, 0xf9, 0x0, 0x3f, 0xf8, 0xaf, 0x99,
    0xf2, 0x0, 0x6e, 0x33, 0xf8, 0x3, 0xff, 0xfe,
    0x1, 0xff, 0xd3,

    /* U+0047 "G" */
    0x0, 0xf2, 0xd7, 0x7f, 0xba, 0x8c, 0x3, 0xe4,
    0xda, 0x51, 0x0, 0xa, 0xe5, 0x0, 0x73, 0x59,
    0x1, 0x3d, 0x52, 0xc, 0x16, 0xc0, 0x24, 0x90,
    0x5, 0x6c, 0x2a, 0x9f, 0x28, 0xa4, 0x2, 0xa0,
    0x6, 0x28, 0x7, 0x97, 0x48, 0x0, 0xc2, 0x10,
    0x60, 0x1f, 0xfc, 0xa, 0x0, 0x38, 0x7, 0xff,
    0x0, 0x4c, 0x14, 0x3, 0xff, 0x82, 0x40, 0xd,
    0x0, 0xff, 0xe0, 0xb0, 0x0, 0x80, 0x38, 0x4c,
    0xfc, 0x1, 0x84, 0x3, 0xa7, 0x33, 0xc6, 0x1,
    0x8, 0x7, 0xff, 0x4, 0x40, 0x4, 0x1, 0xd1,
    0xff, 0x68, 0x4, 0xa0, 0xd, 0x0, 0xff, 0xe0,
    0x89, 0x2, 0x0, 0x7f, 0xf0, 0xa8, 0x5, 0x80,
    0x3f, 0xf8, 0x2c, 0x21, 0x24, 0x1, 0xff, 0xc0,
    0x1b, 0x0, 0x62, 0x0, 0x79, 0xc0, 0x39, 0x60,
    0x6, 0xf2, 0x15, 0x4f, 0x94, 0x0, 0x10, 0x9,
    0xe8, 0x40, 0xde, 0xa9, 0x6, 0x5, 0x84, 0x1,
    0x97, 0xa5, 0x4, 0x0, 0x4b, 0x5a, 0x60,

    /* U+0048 "H" */
    0x2f, 0xf3, 0x0, 0x7f, 0x7f, 0xa4, 0x3, 0xff,
    0xfe, 0x1, 0xff, 0xdc, 0xf4, 0x4f, 0xe0, 0xf,
    0x35, 0xdf, 0xf0, 0x7, 0xff, 0x2a, 0x7f, 0xff,
    0x80, 0x3f, 0xff, 0xe0, 0x1f, 0xff, 0xc0,

    /* U+0049 "I" */
    0x2f, 0xf3, 0x0, 0x7f, 0xff, 0xc0, 0x38,

    /* U+004A "J" */
    0x0, 0xfe, 0x5f, 0xf2, 0x0, 0x7f, 0xff, 0xc0,
    0x3f, 0xff, 0xe0, 0x1f, 0xfd, 0xd3, 0x0, 0x38,
    0x1, 0x80, 0x3d, 0xe0, 0x2, 0xa, 0x9a, 0x0,
    0xc2, 0xc0, 0x42, 0x1a, 0xb, 0xae, 0xaf, 0xe0,
    0x8, 0x0, 0x3b, 0x80, 0xa2, 0xa0, 0x41, 0x94,
    0x2, 0x8b, 0x51, 0x0, 0x25, 0x48, 0x0,

    /* U+004B "K" */
    0x2f, 0xf3, 0x0, 0x7c, 0xbf, 0xe9, 0x0, 0xff,
    0x8e, 0x80, 0xe4, 0x3, 0xfc, 0x3a, 0x3, 0xa0,
    0x1f, 0xf6, 0x88, 0x68, 0x80, 0x7f, 0xa4, 0xc2,
    0x8c, 0x3, 0xfc, 0xcc, 0x7, 0x50, 0xf, 0xf2,
    0x48, 0x24, 0x0, 0x7f, 0x8a, 0x80, 0xa8, 0x3,
    0xfe, 0xf1, 0x0, 0x8, 0x7, 0xfa, 0x88, 0x0,
    0x4c, 0x1, 0xfd, 0x6a, 0xc, 0x41, 0x2, 0x1,
    0xf8, 0x81, 0x26, 0x40, 0x30, 0x1, 0xfc, 0x54,
    0x8, 0x80, 0x62, 0x0, 0xfd, 0xe2, 0x0, 0x90,
    0x4, 0x80, 0x7d, 0x4, 0x1, 0x13, 0x2, 0x20,
    0x3, 0xc2, 0x1, 0xd0, 0x21, 0x20, 0x1f, 0xfc,
    0x1, 0x90, 0x26, 0x0, 0xff, 0xe0, 0x39, 0x4,
    0x0, 0x7f, 0xf0, 0x60, 0x6, 0x0, 0x3f, 0xf8,
    0xa, 0x60, 0xe4, 0x1, 0xff, 0xc0, 0xf0, 0x4,
    0x0,

    /* U+004C "L" */
    0x2f, 0xf3, 0x0, 0x7f, 0xff, 0xc0, 0x3f, 0xff,
    0xe0, 0x1f, 0xff, 0xf0, 0xf, 0xde, 0x89, 0xf8,
    0x40, 0x26, 0xbb, 0xfc, 0xe0, 0x1f, 0xfc, 0x10,

    /* U+004D "M" */
    0x2f, 0xf8, 0x40, 0x3f, 0x9b, 0xfd, 0xc0, 0x19,
    0x80, 0x3f, 0xb4, 0x3, 0xeb, 0x0, 0xfc, 0x28,
    0x1, 0xc2, 0x6, 0x40, 0x1f, 0x38, 0x18, 0x6,
    0x16, 0xa, 0x0, 0xfa, 0x81, 0x0, 0x3b, 0x41,
    0x40, 0x3c, 0x46, 0x3a, 0x1, 0xca, 0x24, 0x60,
    0x1c, 0xa0, 0xe6, 0x1, 0xe7, 0xb, 0x0, 0xea,
    0xa, 0x10, 0xe, 0x3a, 0x6, 0x0, 0xc4, 0x41,
    0x30, 0xf, 0x8c, 0x85, 0x0, 0x2a, 0x6, 0xf,
    0x0, 0xf9, 0x43, 0x40, 0x25, 0xa, 0x0, 0xfe,
    0xa0, 0x70, 0x1, 0x91, 0x40, 0x1f, 0xc4, 0x62,
    0x81, 0x61, 0x40, 0x1f, 0xf5, 0x87, 0x2, 0x83,
    0x0, 0x7f, 0xcc, 0xa, 0x64, 0x62, 0x1, 0xff,
    0xa, 0x7, 0x5, 0x0, 0x7f, 0xf0, 0x74, 0x8,
    0x1c, 0x3, 0xff, 0x82, 0xc0, 0x4, 0x10, 0xf,
    0xfe, 0x13, 0xf, 0x0, 0x7f, 0xf0, 0xe7, 0x94,
    0x3, 0xff, 0x9a,

    /* U+004E "N" */
    0x2f, 0xf5, 0x80, 0x7f, 0x7f, 0x98, 0x2, 0x44,
    0x0, 0x7f, 0xf0, 0xe4, 0x3, 0xff, 0x84, 0x24,
    0xc0, 0x1f, 0xfc, 0x18, 0x8, 0x10, 0xf, 0xfe,
    0x3, 0x90, 0xc0, 0x7, 0xff, 0x0, 0xe0, 0x18,
    0x80, 0x3f, 0xe1, 0x52, 0x9, 0x0, 0xff, 0xe0,
    0xc8, 0x22, 0x0, 0x3f, 0xce, 0x8, 0x80, 0x90,
    0xf, 0xfe, 0xc, 0x81, 0x30, 0x7, 0xff, 0x0,
    0x98, 0x20, 0x3, 0xff, 0x83, 0x0, 0x30, 0x1,
    0xff, 0xc0, 0x18, 0x7, 0x10, 0xf, 0xfe, 0x3,
    0x88, 0x40, 0x8, 0x7, 0xfd, 0x60, 0xc4, 0x60,
    0x1f, 0xf2, 0x98, 0x40, 0x80, 0x7f, 0xf0, 0x3c,
    0x14, 0x40, 0x3f, 0xf8, 0x6, 0xa0, 0x40, 0x1f,
    0xfc, 0x18, 0x0, 0xff, 0xe1, 0x93, 0x80, 0x40,

    /* U+004F "O" */
    0x0, 0xe2, 0x8c, 0xff, 0x76, 0x38, 0x80, 0x7f,
    0x46, 0xb9, 0x80, 0x4, 0xe3, 0xd4, 0x3, 0xea,
    0x70, 0x2, 0xcd, 0x42, 0x0, 0xd3, 0x0, 0x73,
    0xa8, 0x16, 0xd3, 0x2b, 0xdd, 0x84, 0x24, 0xc0,
    0x21, 0x80, 0x1c, 0x20, 0xe, 0x4d, 0x0, 0x70,
    0x5, 0x20, 0xb, 0x10, 0xf, 0x8d, 0x80, 0x90,
    0x0, 0xa0, 0x2a, 0x1, 0xfd, 0x60, 0xe, 0x1,
    0x20, 0x70, 0xf, 0xf1, 0x10, 0x10, 0x14, 0x1,
    0xe0, 0x1f, 0xf3, 0x80, 0x80, 0x80, 0xc, 0x3,
    0xfe, 0x20, 0x1, 0x0, 0x42, 0x1, 0xff, 0xc6,
    0x10, 0xf, 0xf8, 0x40, 0x6, 0x20, 0x2, 0x0,
    0xff, 0x8c, 0x0, 0x2a, 0x0, 0xd0, 0xf, 0xf9,
    0xc0, 0x80, 0x48, 0x10, 0x3, 0xfc, 0x44, 0x4,
    0x0, 0x50, 0xb, 0x0, 0x7f, 0x58, 0x3, 0x40,
    0xc, 0x0, 0x81, 0x0, 0xf9, 0x18, 0xd, 0x0,
    0x3, 0x20, 0x38, 0x40, 0x1c, 0x96, 0x0, 0xf0,
    0xc, 0xcc, 0x2, 0xda, 0x65, 0x7b, 0xb0, 0x2,
    0x4c, 0x3, 0xa6, 0x0, 0xb, 0x35, 0x8, 0x3,
    0x6c, 0x1, 0xf3, 0xf3, 0x98, 0x0, 0x4e, 0x39,
    0x0, 0x30,

    /* U+0050 "P" */
    0x2f, 0xff, 0xba, 0xdc, 0x40, 0x3f, 0xe1, 0x48,
    0xe5, 0x0, 0xe7, 0xdd, 0xb2, 0x98, 0x1, 0x48,
    0x1, 0xb8, 0x8a, 0x35, 0x9d, 0x0, 0x48, 0x7,
    0xfc, 0x4e, 0x4, 0x40, 0xf, 0xfb, 0x0, 0xe,
    0x1, 0xff, 0x38, 0x7, 0xff, 0x9, 0x80, 0x2,
    0x1, 0xff, 0x60, 0x1, 0x40, 0x3f, 0xc8, 0xc0,
    0x82, 0x1, 0x71, 0x14, 0x6b, 0x56, 0x0, 0x90,
    0xc, 0xfb, 0xb6, 0x52, 0x81, 0x61, 0x0, 0x7f,
    0xa, 0xd6, 0x98, 0x7, 0x4f, 0xfe, 0xea, 0x50,
    0xf, 0xff, 0xf8, 0x7, 0xff, 0x58,

    /* U+0051 "Q" */
    0x0, 0xe2, 0x8c, 0xff, 0x76, 0x38, 0x80, 0x7f,
    0x46, 0xb9, 0x80, 0x4, 0xe3, 0xd4, 0x3, 0xea,
    0x70, 0x2, 0xcd, 0x42, 0x0, 0xd3, 0x0, 0x73,
    0xa8, 0x16, 0xd3, 0x2b, 0xdd, 0x84, 0x24, 0xc0,
    0x21, 0x80, 0x1c, 0x20, 0xe, 0x4d, 0x0, 0x70,
    0x5, 0x20, 0xb, 0x10, 0xf, 0x8d, 0x80, 0x90,
    0x0, 0xa0, 0x2a, 0x1, 0xfd, 0x60, 0xe, 0x1,
    0x20, 0x70, 0xf, 0xf1, 0x10, 0x10, 0x14, 0x1,
    0xe0, 0x1f, 0xf3, 0x80, 0x80, 0x80, 0xc, 0x3,
    0xfe, 0x20, 0x1, 0x0, 0x42, 0x1, 0xff, 0xc6,
    0x10, 0xf, 0xf8, 0x40, 0x6, 0x20, 0x2, 0x0,
    0xff, 0x8c, 0x0, 0x2a, 0x0, 0xe0, 0xf, 0xf9,
    0xc0, 0x80, 0x48, 0x1c, 0x3, 0xfc, 0x44, 0x4,
    0x0, 0x50, 0xa, 0x80, 0x7f, 0x58, 0x3, 0x40,
    0xc, 0x0, 0xb1, 0x0, 0xf8, 0xd8, 0xd, 0x0,
    0x3, 0x20, 0x3a, 0x20, 0x1c, 0x7a, 0x0, 0xf0,
    0xc, 0xcc, 0x3, 0xe8, 0x43, 0x59, 0xc1, 0x9,
    0x30, 0xe, 0x98, 0x0, 0x3d, 0xe5, 0x30, 0xd,
    0xb0, 0x7, 0xcf, 0xce, 0x60, 0x11, 0xc7, 0x20,
    0x7, 0xf0, 0xc6, 0x30, 0x2, 0x1c, 0x3, 0xff,
    0x85, 0x2, 0x14, 0x60, 0x1f, 0xfc, 0x21, 0xa0,
    0x1c, 0xa5, 0x33, 0x30, 0x80, 0x7f, 0x25, 0x88,
    0x2d, 0x66, 0x25, 0x0, 0x3f, 0xc9, 0xd2, 0x82,
    0x0, 0x20,

    /* U+0052 "R" */
    0x2f, 0xff, 0xbb, 0x24, 0xc0, 0x3f, 0xe1, 0x36,
    0xc9, 0x0, 0xe7, 0xdd, 0xd6, 0xe2, 0xd, 0x0,
    0x1b, 0x88, 0xb2, 0x47, 0x90, 0x38, 0x7, 0xfc,
    0x36, 0x0, 0x40, 0xf, 0xf9, 0x40, 0x4, 0x1,
    0xff, 0xc2, 0x30, 0xf, 0xf9, 0x40, 0xc, 0x1,
    0xfe, 0x18, 0x1, 0x30, 0xf, 0xc4, 0xfe, 0x21,
    0x0, 0x1a, 0x7f, 0xf6, 0xc0, 0x84, 0x30, 0x7,
    0xfc, 0xda, 0xe0, 0x1d, 0x1b, 0xb2, 0x0, 0x2c,
    0x80, 0x3c, 0x24, 0x54, 0x80, 0x24, 0x3, 0xfe,
    0x26, 0x4, 0x40, 0x7, 0xfd, 0x2, 0x12, 0x1,
    0xff, 0xc, 0x81, 0x30, 0x7, 0xfc, 0xe4, 0x10,
    0x20, 0x1f, 0xf4, 0x0, 0xc0, 0x7, 0xfc, 0xa6,
    0xc, 0x40, 0x1f, 0xf7, 0x80, 0x24,

    /* U+0053 "S" */
    0x0, 0xcb, 0x7d, 0xfe, 0xd8, 0x20, 0xe, 0x1c,
    0xa4, 0x10, 0x1, 0x3e, 0xc0, 0x6, 0xd3, 0x2,
    0x8a, 0x97, 0x10, 0x78, 0x0, 0x29, 0x83, 0x6b,
    0xab, 0x47, 0x40, 0xc8, 0x3, 0x0, 0x12, 0x1,
    0xe7, 0xe1, 0x0, 0x10, 0x7, 0xff, 0x8, 0x80,
    0x6, 0x1, 0xff, 0x50, 0x3, 0x50, 0x3, 0xfc,
    0x6e, 0x3, 0x78, 0x80, 0x1f, 0xd1, 0x20, 0x3,
    0xbd, 0x70, 0xf, 0xcd, 0xce, 0x20, 0x51, 0xee,
    0x1, 0xf0, 0xc7, 0x49, 0x0, 0x23, 0x44, 0x3,
    0xf3, 0x6d, 0x90, 0x15, 0x0, 0x7f, 0x93, 0x4c,
    0x10, 0xc0, 0x3f, 0xe8, 0x0, 0x28, 0x7, 0xfc,
    0xc0, 0x1, 0x6, 0x40, 0xf, 0xce, 0x0, 0x24,
    0x9b, 0x81, 0x0, 0xe2, 0xb0, 0x2, 0xb0, 0x83,
    0xf5, 0x32, 0xb4, 0xe8, 0x84, 0x81, 0x7a, 0x80,
    0x16, 0x6a, 0x58, 0x1, 0x2c, 0x0, 0x1a, 0xd7,
    0x30, 0x8, 0xdf, 0x98, 0x0,

    /* U+0054 "T" */
    0x2f, 0xff, 0xfe, 0x17, 0x0, 0x7f, 0xf1, 0xa,
    0xef, 0xc0, 0x3, 0xbb, 0xed, 0x4, 0x4f, 0x8,
    0x3a, 0x27, 0x18, 0x7, 0xff, 0xfc, 0x3, 0xff,
    0xfe, 0x1, 0xff, 0xff, 0x0, 0xff, 0xf1, 0x80,

    /* U+0055 "U" */
    0x4f, 0xf2, 0x80, 0x7f, 0x7f, 0x9c, 0x3, 0xff,
    0xfe, 0x1, 0xff, 0xff, 0x0, 0xff, 0xe7, 0x38,
    0x7, 0xff, 0x3c, 0x40, 0x2, 0x40, 0xd, 0x0,
    0xfc, 0x40, 0x2, 0x11, 0x2, 0x0, 0x7e, 0x40,
    0x3, 0x3, 0x81, 0x98, 0x3, 0xe9, 0x2, 0x20,
    0x50, 0x3, 0x84, 0x3, 0xa8, 0x42, 0xc0, 0x6,
    0xc0, 0x5d, 0x2c, 0xb1, 0xca, 0x6, 0xc0, 0x14,
    0xb0, 0x1, 0xa6, 0x9c, 0x40, 0xf4, 0x3, 0xa7,
    0x14, 0x80, 0x2, 0x95, 0x82, 0x0,

    /* U+0056 "V" */
    0xdf, 0xe0, 0xf, 0xf5, 0x7f, 0x2, 0x80, 0x98,
    0x7, 0xf2, 0x82, 0x5, 0x80, 0x10, 0x3, 0xf2,
    0x0, 0x3c, 0xc, 0x42, 0xc0, 0x3f, 0x60, 0x1,
    0x40, 0xe, 0x6, 0x20, 0x1f, 0x28, 0x20, 0x5,
    0xa0, 0x4, 0x0, 0xf1, 0x10, 0x34, 0x2, 0x41,
    0xf, 0x0, 0xf2, 0x0, 0x1c, 0x3, 0x20, 0x20,
    0x7, 0xb4, 0xc, 0x40, 0x37, 0x80, 0x98, 0x7,
    0x20, 0x58, 0x7, 0x28, 0x2, 0xc0, 0x32, 0x0,
    0x14, 0x3, 0xc8, 0xa, 0x1, 0xb4, 0x8, 0x80,
    0x1e, 0xd0, 0x21, 0x0, 0x9c, 0x14, 0x3, 0xe7,
    0x0, 0x38, 0x0, 0x84, 0x2c, 0x3, 0xe1, 0x30,
    0xc0, 0x2, 0x80, 0x98, 0x7, 0xeb, 0x4, 0x0,
    0x60, 0x38, 0x7, 0xf2, 0x80, 0x98, 0x20, 0x68,
    0x7, 0xf1, 0x10, 0x2d, 0x0, 0x8, 0x1, 0xfe,
    0x50, 0x5d, 0x5, 0x0, 0xff, 0xac, 0x9, 0x83,
    0xc0, 0x3f, 0xe3, 0x10, 0x9, 0x0, 0x3f, 0xf8,
    0xe, 0x0, 0x41, 0x0, 0xf0,

    /* U+0057 "W" */
    0x2f, 0xf3, 0x80, 0x7d, 0xfe, 0xa0, 0xf, 0xaf,
    0xec, 0x80, 0x1a, 0x1, 0xe3, 0x0, 0x20, 0x7,
    0xca, 0x6, 0x6, 0xe, 0x1, 0xe4, 0x0, 0x9,
    0x0, 0x70, 0x88, 0x34, 0x10, 0x8, 0x3, 0xd8,
    0x2, 0x8, 0x1, 0xc8, 0x0, 0x40, 0xd0, 0x1,
    0x80, 0x72, 0x83, 0x6, 0x0, 0x76, 0x80, 0x88,
    0x1c, 0x0, 0xa0, 0x18, 0xc4, 0xb0, 0x10, 0x3,
    0x8c, 0x14, 0x0, 0x42, 0x1e, 0x1, 0x90, 0x11,
    0x0, 0x24, 0x1, 0x94, 0xc, 0x2, 0x50, 0x50,
    0xd, 0x81, 0xe0, 0x40, 0x80, 0x10, 0x88, 0x34,
    0x2, 0x30, 0x30, 0xc, 0xa0, 0x80, 0x81, 0x80,
    0x12, 0x80, 0x10, 0x2, 0xc0, 0x1, 0x0, 0x8,
    0x44, 0x41, 0x80, 0x80, 0x11, 0x80, 0x88, 0x2,
    0x50, 0x3, 0x80, 0x10, 0x10, 0x0, 0x80, 0x24,
    0x0, 0xd0, 0x50, 0xc, 0x22, 0xd, 0x0, 0x60,
    0x68, 0x0, 0x48, 0x10, 0x0, 0xe0, 0x60, 0x1c,
    0xa0, 0x60, 0x4, 0x4, 0x0, 0x90, 0x30, 0x0,
    0x41, 0x80, 0x1d, 0x80, 0xa0, 0x22, 0x3, 0x0,
    0xbc, 0x1c, 0xc, 0x0, 0xa0, 0x1c, 0x60, 0x22,
    0x40, 0x40, 0xc, 0x80, 0x42, 0xc0, 0x22, 0x0,
    0xe5, 0x0, 0x2e, 0x86, 0x0, 0x62, 0x10, 0x5d,
    0x5, 0x0, 0xf0, 0x90, 0x19, 0x81, 0x0, 0x39,
    0x3, 0x8, 0xc, 0x3, 0xe7, 0xd, 0x40, 0x30,
    0xe, 0xc0, 0x37, 0xc, 0x0, 0xfb, 0x41, 0x41,
    0x0, 0x3c, 0x80, 0x84, 0xa, 0x1, 0xf2, 0x0,
    0x46, 0x1, 0xe2, 0x10, 0x0, 0x88, 0x3, 0xe3,
    0x0, 0xb0, 0x3, 0xe4, 0x0, 0x28, 0x6,

    /* U+0058 "X" */
    0xd, 0xfe, 0x0, 0xfd, 0x9f, 0xa0, 0x9, 0x1,
    0x80, 0xf, 0x29, 0x84, 0x0, 0x11, 0x0, 0xe2,
    0x1, 0xd0, 0x6, 0xa0, 0x14, 0x0, 0x24, 0x3,
    0x29, 0x4, 0x0, 0x63, 0x50, 0x71, 0x0, 0xa0,
    0x11, 0x0, 0x1d, 0x60, 0x8, 0x0, 0x29, 0x4,
    0x0, 0x78, 0x5c, 0x18, 0x82, 0x1, 0x4c, 0x3,
    0xe9, 0x10, 0x84, 0x20, 0xb0, 0xf, 0xc3, 0x20,
    0xb2, 0xe, 0x20, 0x1f, 0xce, 0x40, 0x43, 0x20,
    0x1f, 0xf3, 0x0, 0x14, 0x40, 0x3f, 0xc8, 0x80,
    0x2, 0x20, 0x3, 0xfd, 0x20, 0xe6, 0x12, 0x1,
    0xfc, 0xc4, 0x13, 0x0, 0x4c, 0x1, 0xfa, 0x1,
    0x85, 0x10, 0x10, 0x1, 0xf3, 0x88, 0x40, 0x2,
    0x0, 0x60, 0x3, 0x86, 0x1, 0xc4, 0x0, 0x6a,
    0xe, 0x20, 0x1a, 0x0, 0x12, 0x1, 0xa0, 0x1,
    0x60, 0x11, 0x30, 0x38, 0x80, 0x62, 0x60, 0x53,
    0x0, 0x48, 0xc, 0x80, 0x7a, 0x0, 0x1e, 0x8,
    0x80, 0x91, 0x0, 0xf0, 0xb8, 0x1a, 0x80,

    /* U+0059 "Y" */
    0xc, 0xfe, 0x0, 0xfc, 0x3f, 0xea, 0x9, 0x1,
    0x60, 0xf, 0x98, 0x1, 0x0, 0xa4, 0x16, 0x1,
    0xf4, 0x82, 0x10, 0x2, 0x0, 0x90, 0x3, 0x94,
    0x42, 0x0, 0x25, 0x20, 0xf0, 0xe, 0x90, 0x43,
    0x0, 0xd6, 0x8, 0x40, 0x11, 0x98, 0x20, 0x3,
    0x98, 0x42, 0xc0, 0x29, 0x3, 0x30, 0x7, 0xa4,
    0x18, 0x40, 0x94, 0x20, 0x3, 0xe7, 0x10, 0x60,
    0xa0, 0x34, 0x0, 0xfd, 0x21, 0x22, 0xe1, 0x20,
    0x1f, 0xcc, 0x3, 0xa0, 0x4a, 0x1, 0xfc, 0x2e,
    0x6, 0x10, 0x1, 0xff, 0x48, 0x0, 0x94, 0x3,
    0xfe, 0x11, 0x3, 0x0, 0x7f, 0xff, 0xc0, 0x3f,
    0xfb, 0xe0,

    /* U+005A "Z" */
    0xa, 0xff, 0xff, 0xe0, 0x30, 0x7, 0xff, 0x8,
    0xc2, 0x2e, 0xff, 0x80, 0x4, 0xa0, 0x48, 0x9f,
    0xb0, 0x1, 0xc0, 0x1f, 0xe3, 0x70, 0x63, 0x0,
    0xff, 0x78, 0xc, 0x80, 0x7f, 0x9c, 0xc2, 0xc0,
    0x3f, 0xc3, 0x0, 0x8a, 0x1, 0xfe, 0xa0, 0x5,
    0x0, 0x7f, 0x95, 0x2, 0x44, 0x3, 0xf8, 0x6c,
    0xd, 0x80, 0x3f, 0xd0, 0x21, 0xc0, 0x1f, 0xe3,
    0x60, 0x72, 0x0, 0xff, 0x70, 0x14, 0x0, 0x7f,
    0xa0, 0x82, 0x40, 0x3f, 0xc4, 0xe0, 0xa8, 0x1,
    0xfe, 0xe0, 0x1b, 0x0, 0xff, 0x31, 0x84, 0x8,
    0x7, 0xf0, 0xc8, 0x11, 0x11, 0x3f, 0x8a, 0x40,
    0x5, 0x77, 0xff, 0x8, 0x7, 0xff, 0x8,

    /* U+005B "[" */
    0xf, 0xfe, 0x80, 0x9, 0xde, 0xc0, 0x0, 0xc4,
    0x48, 0x1, 0xff, 0xff, 0x0, 0xff, 0xff, 0x80,
    0x7f, 0xf0, 0x47, 0xfe, 0x80, 0x77, 0xec,

    /* U+005C "\\" */
    0x6f, 0x60, 0xf, 0xc8, 0x1a, 0x1, 0xf8, 0x88,
    0x80, 0x1f, 0xca, 0xa, 0x1, 0xfa, 0xc3, 0x0,
    0x3f, 0x18, 0xb8, 0x7, 0xf2, 0x9, 0x80, 0x7e,
    0xf0, 0xb0, 0xf, 0xc8, 0x8, 0x1, 0xf8, 0x50,
    0xc4, 0x3, 0xf6, 0x3, 0x80, 0x7e, 0x50, 0xd0,
    0xf, 0xc4, 0x44, 0x0, 0xfe, 0x50, 0x40, 0xf,
    0xd6, 0x1a, 0x1, 0xf8, 0xc5, 0xc0, 0x3f, 0x90,
    0x4c, 0x3, 0xf7, 0x85, 0x80, 0x7e, 0x40, 0x40,
    0xf, 0xc2, 0x86, 0x20, 0x1f, 0xb0, 0x1c, 0x3,
    0xf2, 0x86, 0x80, 0x7e, 0x22, 0x20, 0x7, 0xf2,
    0x82, 0x0, 0x7e, 0xc0, 0xd0, 0xf, 0xc8, 0xe,
    0x1, 0xfc, 0xa2, 0x60, 0x1f, 0xbc, 0x10,

    /* U+005D "]" */
    0xf, 0xfe, 0x80, 0x77, 0x90, 0x2, 0x88, 0xb4,
    0x3, 0xff, 0xfe, 0x1, 0xff, 0xff, 0x0, 0xff,
    0xe1, 0x7f, 0xd2, 0x1, 0x3b, 0xf6, 0x0,

    /* U+005E "^" */
    0x0, 0xe3, 0x87, 0x0, 0xff, 0x43, 0xc2, 0x0,
    0x7e, 0x24, 0x0, 0x70, 0x7, 0xea, 0x7, 0x5,
    0x10, 0xf, 0x94, 0x29, 0x81, 0xc0, 0x3c, 0x84,
    0x56, 0x85, 0x0, 0x7b, 0x82, 0x81, 0x4, 0xcc,
    0x1, 0xca, 0xc, 0x0, 0x60, 0xa0, 0xc, 0xc0,
    0x62, 0x0, 0xb0, 0x70, 0xd, 0x41, 0x40, 0x11,
    0x90, 0xa8, 0x0, 0x8c, 0x18, 0x3, 0x50, 0x70,
    0x2, 0x81, 0x40, 0x39, 0x81, 0x4, 0x18, 0x38,
    0x3, 0x84, 0xc1, 0x80,

    /* U+005F "_" */
    0x7b, 0xbf, 0xfe, 0x11, 0xea, 0x27, 0xff, 0x9,
    0xc0,

    /* U+0060 "`" */
    0x0, 0xfd, 0x68, 0x1, 0xa9, 0x2c, 0x80, 0x29,
    0x0, 0x78, 0x80, 0xf, 0x0, 0xa8, 0x2, 0x3c,
    0x4, 0x90, 0x8, 0xf0, 0x1c, 0x40, 0x23, 0xcc,
    0x8,

    /* U+0061 "a" */
    0x0, 0x8a, 0x37, 0xfd, 0xd2, 0x20, 0x10, 0xd6,
    0xb9, 0x0, 0x5, 0xbc, 0x80, 0xc, 0xa0, 0xb5,
    0x96, 0xc0, 0x32, 0x0, 0x76, 0xda, 0x53, 0x49,
    0x60, 0x42, 0x0, 0x49, 0x0, 0x75, 0x0, 0x1c,
    0x3, 0xf8, 0xc0, 0x4, 0x1, 0xc6, 0xf5, 0x9e,
    0x0, 0xf0, 0x9, 0xf7, 0x21, 0x48, 0xc0, 0x30,
    0xec, 0x12, 0xdf, 0x73, 0x0, 0x36, 0x90, 0xed,
    0x20, 0x80, 0x71, 0x18, 0x59, 0x0, 0x7e, 0x70,
    0x3, 0x80, 0x7f, 0x8, 0x1, 0x80, 0x30, 0xd8,
    0x4, 0x80, 0xa, 0x62, 0x37, 0xf4, 0x0, 0xd2,
    0x3, 0x3b, 0x90, 0x16, 0x80, 0x13, 0x59, 0x80,
    0xe, 0x39, 0x4, 0x0,

    /* U+0062 "b" */
    0x6f, 0xf1, 0x0, 0x7f, 0xff, 0xc0, 0x3f, 0xf9,
    0x46, 0xf, 0xbf, 0xec, 0x60, 0xf, 0x2e, 0xc1,
    0x0, 0xe, 0x6c, 0x3, 0xac, 0x9a, 0xf2, 0x48,
    0x12, 0x0, 0x31, 0x64, 0xa1, 0xb6, 0x90, 0x38,
    0x80, 0x5c, 0x60, 0x1d, 0x0, 0x6, 0x0, 0x84,
    0x3, 0xca, 0x0, 0xd0, 0xf, 0xf8, 0x81, 0x80,
    0x3f, 0xe1, 0x1, 0x0, 0xff, 0x84, 0x3, 0xff,
    0x82, 0x60, 0xc0, 0x1f, 0xe2, 0x10, 0x30, 0xf,
    0xf5, 0x80, 0x2c, 0x2, 0xa0, 0xe, 0x46, 0x3,
    0x30, 0x4, 0xfa, 0xe8, 0x89, 0xb0, 0x7, 0x0,
    0x46, 0xe5, 0x17, 0x66, 0x1, 0xc2, 0x0, 0x9a,
    0x31, 0x44, 0x9, 0xfc, 0xc0, 0x0,

    /* U+0063 "c" */
    0x0, 0xc7, 0x5d, 0xfe, 0xc5, 0x0, 0xe9, 0xc5,
    0x10, 0x1, 0xd5, 0x80, 0x56, 0xc0, 0x53, 0x96,
    0xc0, 0x20, 0x6, 0x40, 0x4d, 0x63, 0x49, 0xca,
    0x0, 0x40, 0xd, 0x80, 0x71, 0x80, 0xc, 0x41,
    0x80, 0x3f, 0x94, 0x1, 0x60, 0x1f, 0xdc, 0x0,
    0x20, 0xf, 0xfe, 0x57, 0x80, 0x8, 0x3, 0xf8,
    0xc0, 0x8, 0x1, 0xfc, 0x82, 0x12, 0x1, 0xfe,
    0x60, 0x1a, 0x0, 0xe1, 0x50, 0x4, 0x18, 0x2e,
    0xb1, 0xa4, 0x75, 0x10, 0x3, 0x4c, 0xa, 0x72,
    0xdc, 0xc, 0xc0, 0x1, 0xca, 0x41, 0x1, 0x4a,
    0xc1,

    /* U+0064 "d" */
    0x0, 0xff, 0xb3, 0xf0, 0x3, 0xff, 0xfe, 0x1,
    0xff, 0xc1, 0x6c, 0xff, 0x6b, 0x83, 0x80, 0x76,
    0x49, 0x80, 0xa, 0x35, 0xc0, 0x36, 0x18, 0x15,
    0x65, 0x29, 0x18, 0x4, 0xc6, 0x9, 0xaa, 0x6b,
    0x56, 0x1, 0xa0, 0x6, 0x80, 0x39, 0xc, 0x0,
    0x62, 0xc, 0x20, 0x1f, 0xca, 0x0, 0xc0, 0xf,
    0xf0, 0x80, 0x18, 0x3, 0xfd, 0xe0, 0x1f, 0xfc,
    0x1e, 0x0, 0x8, 0x7, 0xf8, 0x80, 0xa, 0x1,
    0xfe, 0x50, 0x5, 0x0, 0x7c, 0x20, 0x1, 0x50,
    0x37, 0x0, 0xe9, 0x20, 0xa, 0x0, 0x11, 0x4a,
    0x6d, 0xac, 0x1, 0x8a, 0xc0, 0xb, 0x59, 0x24,
    0xf0, 0x1, 0x93, 0x58, 0x80, 0x9, 0x90, 0x40,
    0x0,

    /* U+0065 "e" */
    0x0, 0xcb, 0x7f, 0xee, 0x92, 0x0, 0xf5, 0xd2,
    0x0, 0x5, 0xb5, 0x0, 0x35, 0xa0, 0x36, 0x75,
    0x98, 0x59, 0x0, 0x19, 0x2, 0x64, 0x62, 0x98,
    0x61, 0x0, 0x8, 0x5, 0x60, 0xe, 0x80, 0x50,
    0x31, 0xe, 0x0, 0xf2, 0x0, 0xd, 0x40, 0x8,
    0x1, 0xf0, 0x83, 0xf0, 0x3, 0xff, 0xf0, 0x80,
    0x80, 0x44, 0x5f, 0xe6, 0xf0, 0x6, 0xef, 0xf8,
    0xcc, 0x0, 0x40, 0xf, 0xf2, 0x8, 0x78, 0x7,
    0xfd, 0x20, 0x8e, 0x1, 0xe1, 0x0, 0x9d, 0x2,
    0x2d, 0x8, 0x52, 0x78, 0xc0, 0x2b, 0x50, 0x4b,
    0xde, 0xb6, 0x5, 0x0, 0xd5, 0x6a, 0x20, 0x2,
    0x7e, 0x60,

    /* U+0066 "f" */
    0x0, 0xf8, 0x40, 0x3c, 0x57, 0xfd, 0xf6, 0x1,
    0xe, 0xa0, 0x4, 0x20, 0x14, 0x0, 0x27, 0xfa,
    0x0, 0x24, 0x3, 0x60, 0x12, 0x0, 0x88, 0x14,
    0x3, 0xf8, 0x40, 0x3f, 0xf8, 0x43, 0xfe, 0x0,
    0x3f, 0xfb, 0x0, 0x3f, 0xe1, 0xff, 0x0, 0x1b,
    0xfd, 0x80, 0x1e, 0x10, 0xf, 0xff, 0xf8, 0x7,
    0xff, 0x94,

    /* U+0067 "g" */
    0x0, 0x8a, 0x7b, 0xff, 0xf1, 0x0, 0x17, 0x58,
    0x40, 0x3f, 0xc7, 0x40, 0x9b, 0xfe, 0x80, 0x4,
    0xff, 0x88, 0x20, 0x6, 0xc8, 0x0, 0xec, 0x10,
    0x1, 0x90, 0x18, 0x3, 0xa8, 0x4, 0x80, 0x3b,
    0xc0, 0x38, 0x80, 0x2, 0x1, 0x8, 0x70, 0x7,
    0x10, 0x0, 0x40, 0x26, 0x6, 0x10, 0xd, 0x20,
    0x44, 0x0, 0xa4, 0x43, 0x10, 0x6, 0x54, 0x24,
    0x3, 0xd, 0x1, 0x5f, 0xf3, 0x4, 0xa0, 0x7,
    0x48, 0x4b, 0x1a, 0x3f, 0x30, 0x7, 0x41, 0x3b,
    0x4e, 0x5c, 0x8, 0x7, 0x8c, 0x3, 0xff, 0x84,
    0x60, 0xec, 0x64, 0x58, 0x40, 0x3a, 0x44, 0x27,
    0x37, 0x77, 0x72, 0x4, 0x0, 0x28, 0x4, 0x1,
    0xe1, 0x7d, 0x0, 0x5a, 0xce, 0xff, 0xf6, 0x18,
    0x1a, 0x24, 0x4c, 0x1, 0xe3, 0xf0, 0x1, 0x60,
    0x30, 0x7, 0xfc, 0x5e, 0xa, 0x1, 0xfa, 0x0,
    0x51, 0x40, 0x71, 0x0, 0x32, 0x62, 0x5, 0x1,
    0x50, 0x1d, 0xfe, 0xeb, 0xec, 0xcb, 0x10, 0x0,
    0xbc, 0xe6, 0x24, 0x52, 0xd6, 0x98, 0x0,

    /* U+0068 "h" */
    0x6f, 0xf1, 0x0, 0x7f, 0xff, 0xc0, 0x3f, 0xf8,
    0x66, 0xb, 0x9f, 0xed, 0x60, 0xe, 0x3a, 0xa1,
    0x80, 0xa, 0x60, 0x3, 0x7a, 0xa4, 0xd3, 0x80,
    0x1c, 0x80, 0x22, 0x9b, 0x65, 0x89, 0x0, 0x28,
    0x5, 0x2c, 0x1, 0x98, 0x1, 0xa0, 0x12, 0x0,
    0x78, 0x80, 0x40, 0x3f, 0xff, 0xe0, 0x1f, 0xfe,
    0xb0,

    /* U+0069 "i" */
    0x5f, 0xd2, 0x90, 0x2a, 0x50, 0x7, 0x4c, 0xa9,
    0x81, 0x94, 0x3, 0xf9, 0xbf, 0xc4, 0x1, 0xff,
    0xf0,

    /* U+006A "j" */
    0x0, 0xcb, 0xfa, 0x40, 0x1a, 0x0, 0xa8, 0x3,
    0x38, 0x3, 0x80, 0x35, 0x4d, 0x30, 0x7, 0x32,
    0x80, 0x7f, 0xf2, 0x5b, 0xfc, 0x40, 0x1f, 0xff,
    0xf0, 0xf, 0xff, 0xc1, 0x80, 0x6f, 0x0, 0x8,
    0x18, 0xa3, 0x2, 0x0, 0x33, 0xac, 0x1, 0x0,
    0x24, 0x0, 0x3b, 0x30,

    /* U+006B "k" */
    0x6f, 0xf0, 0x80, 0x7f, 0xff, 0xc0, 0x3f, 0xfa,
    0x17, 0xfe, 0x20, 0xf, 0xe8, 0x40, 0xa2, 0x0,
    0xfc, 0x8e, 0xe, 0xa0, 0x1f, 0x86, 0x81, 0x20,
    0x3, 0xfb, 0x44, 0x54, 0x1, 0xfd, 0x26, 0x1a,
    0x20, 0x1f, 0x95, 0x81, 0x8c, 0x3, 0xf1, 0x50,
    0x1, 0x84, 0x3, 0xf6, 0x81, 0x88, 0x58, 0x7,
    0xe1, 0x16, 0xd8, 0x2a, 0x0, 0x7e, 0xc1, 0x53,
    0x9, 0x0, 0xfa, 0x88, 0x1, 0xe0, 0x4e, 0x1,
    0xe4, 0x0, 0x8d, 0x82, 0x4, 0x3, 0xfd, 0x0,
    0xb, 0x0, 0xff, 0xc, 0x2, 0xa0, 0x7, 0xf9,
    0xc8, 0x24, 0x0,

    /* U+006C "l" */
    0x6f, 0xf1, 0x0, 0x7f, 0xff, 0xc0, 0x3f, 0xf9,
    0x26, 0x0, 0x51, 0x40, 0x4, 0x48, 0xc8, 0x80,
    0x80,

    /* U+006D "m" */
    0x6f, 0xb0, 0x3, 0x6f, 0xfa, 0xc8, 0x2, 0x4b,
    0xff, 0x62, 0x0, 0x66, 0xb, 0x92, 0x0, 0x26,
    0x90, 0x45, 0xa0, 0x0, 0xed, 0x40, 0x23, 0xc4,
    0x45, 0x51, 0x0, 0x13, 0x27, 0x39, 0xa6, 0x0,
    0x58, 0x4, 0x27, 0x56, 0xaa, 0xb3, 0x4, 0x67,
    0xc6, 0x59, 0x60, 0x14, 0x0, 0xa9, 0x40, 0x35,
    0x0, 0x1a, 0x0, 0x35, 0x0, 0xc, 0x2, 0x70,
    0xe, 0x20, 0x6, 0x0, 0x71, 0x80, 0x3c, 0x3,
    0xf9, 0xc0, 0x3f, 0xff, 0xe0, 0x1f, 0xff, 0xf0,
    0xf, 0xff, 0x80,

    /* U+006E "n" */
    0x6f, 0xb0, 0x2, 0xe7, 0xfb, 0x58, 0x3, 0x30,
    0x55, 0xc, 0x0, 0x53, 0x0, 0x11, 0xe2, 0xa4,
    0xd3, 0x80, 0x1c, 0x80, 0x2, 0x73, 0x6c, 0xb1,
    0x20, 0x5, 0x0, 0xa5, 0x80, 0x33, 0x0, 0x34,
    0x2, 0x40, 0xf, 0x10, 0x8, 0x7, 0xff, 0xfc,
    0x3, 0xff, 0xd6,

    /* U+006F "o" */
    0x0, 0xc9, 0x7d, 0xfd, 0x68, 0x1, 0xf5, 0x5a,
    0x8, 0xa, 0x5d, 0x80, 0x3a, 0xd4, 0x12, 0xb2,
    0x8c, 0x12, 0xc0, 0x27, 0x40, 0x6b, 0x53, 0x5c,
    0x60, 0x46, 0x0, 0x48, 0x14, 0x80, 0x74, 0x90,
    0x40, 0x20, 0x85, 0x0, 0x7d, 0x40, 0x26, 0x40,
    0x4, 0x0, 0xf9, 0x0, 0xb, 0xc0, 0x2, 0x0,
    0xf8, 0x80, 0x2, 0x1, 0xff, 0xc3, 0xf0, 0x1,
    0x0, 0x7c, 0x40, 0x1, 0x30, 0x2, 0x0, 0x7c,
    0x80, 0x5, 0x41, 0xa, 0x0, 0xfa, 0x80, 0x4c,
    0x24, 0xa, 0x0, 0x3a, 0x48, 0x20, 0x0, 0xe6,
    0xf, 0x6a, 0x6b, 0x6c, 0x8, 0xc0, 0x16, 0x20,
    0x25, 0x65, 0x20, 0x2d, 0x80, 0x75, 0xd9, 0x4,
    0x5, 0x2e, 0x80, 0x20,

    /* U+0070 "p" */
    0x6f, 0xb0, 0x3, 0xef, 0xfb, 0x18, 0x3, 0x98,
    0xf6, 0x8, 0x0, 0x73, 0x60, 0x18, 0xb0, 0x9a,
    0xf2, 0x48, 0x12, 0x40, 0x30, 0xe4, 0xa1, 0xb6,
    0x90, 0x30, 0x80, 0x5a, 0x60, 0x1d, 0x0, 0x6,
    0x0, 0x84, 0x3, 0xca, 0x0, 0xd0, 0xf, 0xf8,
    0x81, 0x80, 0x3f, 0xe1, 0x1, 0x0, 0xff, 0x84,
    0x3, 0xff, 0x82, 0x60, 0xc0, 0x1f, 0xe2, 0x10,
    0x30, 0xf, 0xf5, 0x80, 0x2c, 0x2, 0xa0, 0xe,
    0x46, 0x3, 0x30, 0x4, 0xfa, 0xe8, 0x89, 0xb0,
    0x7, 0x0, 0x66, 0x28, 0xbb, 0x30, 0xe, 0x10,
    0x6, 0x8d, 0x51, 0x2, 0x7f, 0x30, 0xe, 0x32,
    0xae, 0xfd, 0x81, 0x0, 0xff, 0xff, 0x80, 0x7f,
    0xf0, 0x0,

    /* U+0071 "q" */
    0x0, 0xcd, 0x9f, 0xed, 0x70, 0x5f, 0xc0, 0xb,
    0x24, 0xc0, 0x5, 0x1d, 0xe0, 0x1b, 0xc, 0xa,
    0xb2, 0x94, 0x54, 0x2, 0x63, 0x4, 0xd5, 0x35,
    0xab, 0x0, 0xd0, 0x3, 0x40, 0x1c, 0x86, 0x0,
    0x31, 0x6, 0x10, 0xf, 0xe5, 0x0, 0x60, 0x7,
    0xf8, 0x40, 0xc, 0x1, 0xfe, 0xf0, 0xf, 0xfe,
    0xf, 0x0, 0x4, 0x3, 0xfc, 0x40, 0x5, 0x0,
    0xff, 0x28, 0x2, 0x80, 0x3e, 0x10, 0x0, 0xa8,
    0x1b, 0x80, 0x74, 0x90, 0x5, 0x0, 0x8, 0xa5,
    0x36, 0xd6, 0x0, 0xc5, 0x60, 0x5, 0xac, 0x92,
    0x74, 0x0, 0xc9, 0xac, 0x40, 0x4, 0xc8, 0x0,
    0xf1, 0x4e, 0xff, 0xac, 0xc1, 0xc0, 0x3f, 0xff,
    0xe0, 0x1f, 0xf0,

    /* U+0072 "r" */
    0x6f, 0xb0, 0x3, 0xf7, 0xe8, 0x1, 0xc2, 0xe0,
    0x41, 0xc0, 0x3, 0x28, 0x53, 0x2e, 0x0, 0x13,
    0x33, 0x59, 0x88, 0x1, 0x14, 0x80, 0x7d, 0x0,
    0x1f, 0x9c, 0x3, 0xff, 0xfe, 0x1, 0xff, 0x0,

    /* U+0073 "s" */
    0x0, 0x86, 0x77, 0xfd, 0xb0, 0x20, 0x18, 0xfd,
    0x88, 0x0, 0x4f, 0xc8, 0x1, 0x70, 0x8a, 0xbb,
    0x96, 0x60, 0xc0, 0x2, 0x20, 0x5a, 0x88, 0x93,
    0x34, 0x80, 0x2, 0x0, 0x60, 0xe, 0x20, 0x8,
    0x80, 0x10, 0x1, 0xfc, 0x2e, 0x9, 0xd0, 0x20,
    0x1f, 0x44, 0x88, 0x9f, 0xac, 0xc0, 0x3c, 0xdd,
    0x24, 0x9, 0x92, 0x1, 0xf3, 0x6d, 0x98, 0x34,
    0x0, 0x7e, 0x4c, 0x40, 0x70, 0xf, 0xf6, 0x80,
    0x62, 0x90, 0xf, 0x78, 0x8, 0x3, 0xdb, 0x98,
    0x84, 0x9d, 0x81, 0xc0, 0x10, 0x22, 0x9d, 0xed,
    0x80, 0x39, 0x0, 0x2f, 0x4a, 0x8, 0x0, 0xe7,
    0x0, 0x0,

    /* U+0074 "t" */
    0x0, 0x92, 0x10, 0x3, 0xf7, 0x3e, 0x80, 0x7e,
    0x10, 0xf, 0xf3, 0x80, 0x7f, 0x84, 0x3, 0xe4,
    0xff, 0x10, 0x37, 0xfd, 0x60, 0x1f, 0xfc, 0x4,
    0xff, 0x0, 0x1b, 0xfe, 0xb0, 0xf, 0xff, 0xf8,
    0x7, 0xff, 0x1c, 0xc0, 0x3f, 0x10, 0x38, 0x7,
    0xe5, 0x2, 0x92, 0x35, 0x0, 0xd2, 0x20, 0xdb,
    0x96, 0x1, 0x87, 0x10, 0x40, 0x50, 0x0,

    /* U+0075 "u" */
    0xaf, 0xe0, 0xf, 0xf, 0xf9, 0xc0, 0x3f, 0xff,
    0xe0, 0x1f, 0xfe, 0x1, 0x0, 0xff, 0x10, 0x0,
    0x40, 0x39, 0x80, 0x2d, 0x0, 0x30, 0x6, 0x68,
    0x0, 0x90, 0x1, 0x10, 0x45, 0xb9, 0x41, 0x0,
    0xc, 0x0, 0x1e, 0xe9, 0x11, 0x64, 0x1, 0x3d,
    0x18, 0x0, 0xe6, 0xc1, 0xc0, 0x0,

    /* U+0076 "v" */
    0x7f, 0xf1, 0x80, 0x7c, 0xff, 0xe1, 0x50, 0x5,
    0x80, 0x7d, 0x60, 0x82, 0x46, 0xa, 0x1, 0xe1,
    0x30, 0xd0, 0x5, 0x81, 0x10, 0x3, 0x9c, 0x0,
    0xe0, 0x6, 0x0, 0x28, 0x7, 0x68, 0x20, 0x80,
    0x4, 0xc2, 0xc0, 0x30, 0xa0, 0x70, 0x6, 0xa0,
    0x31, 0x0, 0x90, 0x0, 0xa0, 0x19, 0xc0, 0xe,
    0x1, 0x78, 0x20, 0x7, 0xa, 0x6, 0x80, 0x4a,
    0x1c, 0x1, 0xed, 0x4, 0x0, 0x20, 0x1, 0x40,
    0x3c, 0xc0, 0x4, 0xd, 0x4, 0x0, 0xfc, 0x81,
    0xa0, 0xe1, 0xc0, 0x1f, 0xb8, 0x1c, 0x84, 0x14,
    0x3, 0xf2, 0x80, 0xc8, 0x28, 0x7, 0xf9, 0x41,
    0x3, 0xc0, 0x3f, 0xde, 0x1, 0x28, 0x7, 0x0,

    /* U+0077 "w" */
    0x1f, 0xf3, 0x80, 0x70, 0xff, 0xa8, 0x3, 0xdb,
    0xf2, 0x24, 0x18, 0x1, 0xc8, 0x0, 0x40, 0xe,
    0x12, 0xc, 0x4, 0x4, 0x0, 0xec, 0x0, 0x9,
    0x80, 0x64, 0x0, 0x20, 0x60, 0x0, 0xc0, 0x32,
    0x3, 0x2, 0x0, 0x6c, 0x2, 0x10, 0x40, 0x2,
    0x0, 0x42, 0x47, 0x81, 0x80, 0x19, 0x1, 0x0,
    0x2, 0x61, 0x80, 0x12, 0x2, 0xa0, 0x20, 0x4,
    0x24, 0x18, 0x1, 0x20, 0x20, 0x5, 0xe1, 0x82,
    0x20, 0x30, 0x2, 0x80, 0x10, 0x2, 0xc0, 0x1,
    0x80, 0x10, 0x10, 0x10, 0x10, 0x1, 0x80, 0x62,
    0x1, 0x20, 0x1, 0x0, 0x84, 0x84, 0x30, 0x30,
    0x0, 0x80, 0x80, 0x1c, 0x81, 0xa0, 0x80, 0x80,
    0x4, 0x4, 0x0, 0x18, 0x60, 0x7, 0x60, 0x20,
    0x78, 0x60, 0x0, 0x84, 0xc, 0xc0, 0x4, 0x0,
    0xe4, 0x1, 0x12, 0x2, 0x0, 0x48, 0x8, 0xa0,
    0x60, 0x1e, 0x31, 0x4, 0x22, 0x8, 0x5, 0x81,
    0x98, 0x4, 0x0, 0xf9, 0x2, 0x41, 0x0, 0x32,
    0x2, 0xb8, 0x60, 0x7, 0xd8, 0x6, 0x18, 0x1,
    0x88, 0x44, 0x40, 0x80, 0x1f, 0x20, 0x4, 0x80,
    0x1c, 0x80, 0x4, 0x0, 0xc0,

    /* U+0078 "x" */
    0xd, 0xfd, 0x0, 0xf6, 0x7e, 0x80, 0x24, 0x9,
    0xc0, 0x32, 0x98, 0x48, 0x1, 0x14, 0x20, 0x40,
    0x28, 0x5, 0x40, 0xa, 0xc0, 0x10, 0x0, 0x62,
    0x8, 0x0, 0xc3, 0x0, 0xc4, 0x10, 0xe, 0x40,
    0x1c, 0xe4, 0x12, 0xc2, 0x28, 0x0, 0xfa, 0x41,
    0x24, 0x2c, 0x3, 0xf2, 0x20, 0x0, 0x6a, 0x1,
    0xf8, 0x50, 0x0, 0x20, 0x1f, 0xd6, 0x8, 0x5,
    0x0, 0x1f, 0x22, 0x84, 0xb8, 0x39, 0x0, 0x7a,
    0x41, 0x8a, 0x4, 0x24, 0x3, 0x9c, 0x82, 0x0,
    0x16, 0x8, 0xa0, 0x10, 0xc0, 0x40, 0x80, 0x14,
    0xc2, 0xc4, 0x1, 0x60, 0x2e, 0x1, 0xbc, 0x6,
    0x1, 0x14, 0x20, 0x3, 0x8d, 0x81, 0x8c,

    /* U+0079 "y" */
    0x7f, 0xf1, 0x80, 0x7c, 0xdf, 0xe1, 0x60, 0x5,
    0x80, 0x7d, 0xa0, 0x82, 0x24, 0x6, 0x0, 0xf0,
    0xa0, 0x68, 0x3, 0x80, 0x4c, 0x3, 0x90, 0x0,
    0xe0, 0x5, 0x10, 0xa0, 0xe, 0xf0, 0x41, 0x0,
    0x9c, 0x1c, 0x3, 0x94, 0x34, 0x3, 0x58, 0xa,
    0x0, 0x48, 0x0, 0x70, 0xc, 0x46, 0x1a, 0x1,
    0x68, 0x18, 0x80, 0x75, 0x3, 0x80, 0x4e, 0x16,
    0x1, 0xe7, 0x1, 0x40, 0x21, 0x6, 0x0, 0xf0,
    0xa8, 0x68, 0x20, 0x18, 0x80, 0x7d, 0xc0, 0xe1,
    0xa1, 0x60, 0x1f, 0x90, 0x44, 0x88, 0x5, 0x0,
    0xfe, 0x60, 0x90, 0x32, 0x0, 0xfe, 0xa0, 0x20,
    0xb0, 0xf, 0xf1, 0x18, 0x1, 0x40, 0x3f, 0xe6,
    0x2, 0x20, 0x7, 0xfc, 0x81, 0x40, 0x1f, 0xf2,
    0x88, 0x30, 0x7, 0xfd, 0x0, 0xa2, 0x1, 0xf1,
    0x1a, 0x61, 0x5, 0x80, 0x7e, 0x8c, 0xb3, 0xb,
    0x10, 0xf, 0xc2, 0x0, 0x4c, 0x40, 0xf, 0xc0,

    /* U+007A "z" */
    0x2, 0xff, 0xff, 0x18, 0x7, 0xff, 0x0, 0x40,
    0xb7, 0x7d, 0x20, 0x7, 0x20, 0x1, 0x17, 0xac,
    0xa, 0x0, 0x3f, 0x41, 0x7, 0x0, 0x7e, 0x37,
    0x6, 0x30, 0xf, 0xde, 0x3, 0x20, 0x1f, 0x9c,
    0xc2, 0x80, 0x3f, 0x14, 0x2, 0xa0, 0x7, 0xe9,
    0x1, 0xb0, 0xf, 0xcc, 0x81, 0x2, 0x1, 0xf0,
    0xc8, 0x23, 0x0, 0x7e, 0xb0, 0x4, 0x80, 0x7e,
    0x55, 0x3, 0x81, 0x17, 0x84, 0x2c, 0x0, 0xfb,
    0xbf, 0x30, 0x8, 0x7, 0xfc,

    /* U+007B "{" */
    0x0, 0x8e, 0xff, 0xd0, 0x0, 0x1c, 0x43, 0x7c,
    0x0, 0x20, 0x16, 0x42, 0x0, 0x8, 0x1c, 0x3,
    0xbc, 0xc, 0x3, 0xff, 0x83, 0xe0, 0x60, 0x1c,
    0x20, 0x1f, 0x18, 0x8, 0x7, 0x8, 0x7, 0xff,
    0xc, 0xc0, 0x40, 0x32, 0x48, 0x78, 0x5, 0xf6,
    0x30, 0xa0, 0x12, 0x88, 0x58, 0x80, 0x55, 0xc6,
    0x66, 0x0, 0xe9, 0xd, 0x0, 0xe1, 0x1, 0x0,
    0xff, 0xe0, 0x88, 0x7, 0xc6, 0x2, 0x1, 0xc2,
    0x6, 0x1, 0xde, 0x1, 0xff, 0xc3, 0xf0, 0x20,
    0xe, 0x30, 0x44, 0x0, 0x64, 0x40, 0x5f, 0xc0,
    0x5, 0x76, 0x87, 0xc0,

    /* U+007C "|" */
    0x1f, 0xa0, 0xf, 0xff, 0xf8, 0x7, 0xff, 0x18,

    /* U+007D "}" */
    0xf, 0xf7, 0x40, 0x7, 0x3b, 0xb, 0xc0, 0x6,
    0x89, 0x90, 0x28, 0x7, 0x90, 0x8, 0x3, 0xc6,
    0x1, 0xf8, 0xc0, 0x3f, 0xf8, 0xa2, 0x4, 0x1,
    0xf8, 0x40, 0x3f, 0xf8, 0xae, 0x1, 0xe1, 0x5,
    0x0, 0xf1, 0x10, 0x64, 0x40, 0x3b, 0xcd, 0xb9,
    0x80, 0x32, 0x18, 0x19, 0x0, 0x69, 0xb, 0xc4,
    0x0, 0x8c, 0x9, 0x0, 0x39, 0xc1, 0x80, 0x3c,
    0xe0, 0xe0, 0x1f, 0x84, 0x3, 0xc2, 0x6, 0x1,
    0xf8, 0x40, 0x3c, 0x60, 0x1f, 0x8c, 0x3, 0xf3,
    0x0, 0x7c, 0x3e, 0x8, 0x1, 0xbf, 0x90, 0x20,
    0x3, 0x3c, 0x4f, 0x18, 0x4,

    /* U+007E "~" */
    0x0, 0x47, 0x7d, 0x8, 0x7, 0xeb, 0x71, 0x5,
    0xf2, 0x0, 0x9b, 0x5, 0xd1, 0x1d, 0xc5, 0x1d,
    0x50, 0x49, 0x30, 0x11, 0x58, 0x8a, 0x9c, 0x2b,
    0xec, 0x28, 0x5b, 0x80, 0x34, 0x59, 0x1, 0xda,
    0x80,

    /* U+4E0D "不" */
    0x5, 0x5f, 0xfe, 0x60, 0xd, 0x57, 0xff, 0x30,
    0x44, 0x45, 0xff, 0xc0, 0x0, 0x88, 0xbf, 0x84,
    0x37, 0x7f, 0xec, 0x0, 0x2e, 0xef, 0xf0, 0x7,
    0xff, 0x6, 0x80, 0x6c, 0x3, 0xff, 0x92, 0xe8,
    0x16, 0x20, 0x1f, 0xfc, 0x84, 0x80, 0x3, 0x80,
    0x7f, 0xf2, 0xe, 0xc0, 0x30, 0xb0, 0x7, 0xff,
    0x14, 0xb4, 0x3, 0xf, 0xce, 0x10, 0x7, 0xff,
    0x8, 0xb0, 0x45, 0x60, 0x1, 0xa1, 0x3d, 0x60,
    0xf, 0xfe, 0x2, 0x68, 0x8b, 0x18, 0x2, 0x4f,
    0x40, 0x9a, 0x10, 0xf, 0xe7, 0xb0, 0x1c, 0x20,
    0xe, 0x1b, 0x90, 0x5f, 0x30, 0xf, 0xd, 0xc0,
    0x1f, 0x90, 0x7, 0xe6, 0xc1, 0x16, 0x30, 0x6,
    0x6f, 0x40, 0x6c, 0x10, 0xf, 0xf1, 0xf9, 0x84,
    0xc8, 0xf, 0x24, 0x45, 0x52, 0x1, 0xff, 0xc1,
    0x1c, 0x50, 0x69, 0x3, 0x5, 0xf5, 0x0, 0xff,
    0xe2, 0x53, 0x15, 0x9d, 0x65, 0x8, 0x7, 0xff,
    0x1a, 0x70, 0x81, 0x4c, 0x3, 0xff, 0x92, 0x20,
    0x1f, 0xff, 0xf0, 0xf, 0xff, 0xf8, 0x7, 0xc0,

    /* U+4E0E "与" */
    0x0, 0xf0, 0x80, 0x7f, 0xf2, 0xf7, 0xd0, 0x3,
    0xff, 0x92, 0x60, 0xc0, 0x1f, 0xfc, 0x83, 0x0,
    0x10, 0x7, 0xff, 0x21, 0x40, 0x1d, 0xdf, 0xfc,
    0x37, 0x0, 0xef, 0x0, 0x8, 0xff, 0xf0, 0xfc,
    0x3, 0x90, 0x27, 0x77, 0xff, 0x87, 0x20, 0x1c,
    0x40, 0x84, 0x5f, 0xfc, 0x31, 0x0, 0xc8, 0x2,
    0x40, 0x1f, 0xfc, 0x83, 0x5, 0x0, 0xff, 0xe4,
    0xe0, 0x60, 0x7, 0xff, 0x25, 0x2, 0x77, 0x7f,
    0xf8, 0x98, 0x1, 0x18, 0x0, 0x48, 0xbf, 0xf8,
    0x82, 0x1, 0x1e, 0xe6, 0xef, 0xff, 0xd, 0xc1,
    0x80, 0x31, 0x19, 0x17, 0xff, 0xc, 0x0, 0x20,
    0x1f, 0xfc, 0x92, 0x2, 0x0, 0xff, 0xe4, 0xb0,
    0x72, 0xf7, 0x7f, 0xf1, 0x40, 0x22, 0x2, 0x31,
    0x1f, 0xfe, 0x30, 0x0, 0x41, 0x5f, 0x77, 0xff,
    0x8a, 0x20, 0x60, 0x1, 0x11, 0x17, 0xff, 0x14,
    0x0, 0xa0, 0x60, 0x1f, 0xfc, 0x9c, 0x4, 0x0,
    0xff, 0xe4, 0xa, 0x86, 0x0, 0x7f, 0xf0, 0x44,
    0x80, 0x3a, 0xc0, 0x50, 0x3, 0xff, 0x85, 0xbf,
    0xfc, 0xa1, 0x0, 0x1f, 0xfc, 0x21, 0x40, 0xe,
    0x29, 0x60, 0xf, 0xfe, 0x1d, 0xff, 0xf6, 0xb0,
    0x4,

    /* U+4E8E "于" */
    0x0, 0x35, 0x57, 0xff, 0x21, 0x0, 0x37, 0xaa,
    0xff, 0xf2, 0xc, 0x3, 0x6c, 0x47, 0xf0, 0x1,
    0xa2, 0x3f, 0x20, 0x6, 0x47, 0x7f, 0xe1, 0xd,
    0x77, 0xfc, 0x60, 0x1f, 0xff, 0xf0, 0xf, 0xff,
    0x68, 0x91, 0x7f, 0xc2, 0x4, 0x5f, 0xf0, 0x4e,
    0xef, 0xfc, 0x0, 0x9d, 0xdf, 0xf3, 0x0, 0x7f,
    0xf3, 0xa3, 0xff, 0xfe, 0x10, 0xbf, 0xff, 0xf3,
    0x0, 0x7f, 0xff, 0xc0, 0x3f, 0xff, 0xe0, 0x1f,
    0xff, 0x41, 0x1e, 0x21, 0x0, 0xff, 0xe3, 0xcf,
    0x76, 0xd0, 0x2, 0x80, 0x7f, 0xf1, 0x68, 0x3,
    0xa, 0x58, 0x80, 0x7f, 0xf1, 0x4b, 0xff, 0x75,
    0xa0, 0x7, 0xff, 0x0,

    /* U+4EAE "亮" */
    0x0, 0xff, 0x8d, 0xd0, 0x3, 0xff, 0x96, 0xb1,
    0x40, 0x1f, 0xfc, 0xb6, 0x11, 0x40, 0x7, 0xfc,
    0xdb, 0xbf, 0xf0, 0x83, 0xee, 0xff, 0x84, 0x44,
    0x5f, 0xf0, 0x4, 0x45, 0xfe, 0x7, 0xff, 0xff,
    0xe6, 0x8, 0x6, 0x38, 0x8f, 0xfe, 0x21, 0x80,
    0x7e, 0x47, 0x7f, 0xfe, 0x22, 0x0, 0x7f, 0x93,
    0xff, 0xff, 0x80, 0xa0, 0x1f, 0xfd, 0xa6, 0x99,
    0xff, 0xe0, 0x38, 0x7, 0xf8, 0x40, 0x99, 0xbf,
    0xf8, 0x4, 0x2, 0x1, 0xf9, 0xbf, 0xff, 0xf8,
    0x8c, 0x1, 0xc2, 0x3f, 0xfc, 0xb0, 0xb, 0xbb,
    0xff, 0x97, 0x20, 0x19, 0x59, 0xbf, 0xf8, 0xc6,
    0x1, 0xeb, 0x99, 0xff, 0xe3, 0x50, 0x7, 0xf9,
    0xb3, 0x3f, 0xca, 0x1, 0xf9, 0xd8, 0x40, 0x2f,
    0x33, 0xff, 0x10, 0x4, 0xad, 0x80, 0x8, 0x90,
    0xc, 0x41, 0x1f, 0xfe, 0x30, 0xe, 0x39, 0x50,
    0xf, 0xc8, 0x6, 0x1, 0xff, 0xca, 0x50, 0x2,
    0x0, 0x7f, 0xf0, 0x69, 0x80, 0x3c, 0x56, 0xe,
    0x1, 0xff, 0xc2, 0x79, 0x0, 0xc2, 0xfa, 0x25,
    0x0, 0x1f, 0xfc, 0x22, 0x10, 0x28, 0xbe, 0x80,
    0x4c, 0x0, 0xfc, 0xc1, 0x1b, 0xb7, 0x2, 0x1,
    0x2a, 0x2, 0xdd, 0x84, 0x3, 0xf4, 0x18, 0x11,
    0x42, 0x70, 0x0, 0xec, 0xfa, 0x40, 0xf, 0xf1,
    0x67, 0xff, 0x61, 0x0,

    /* U+4ECE "从" */
    0x0, 0xf5, 0x6b, 0x80, 0x7e, 0xdd, 0x20, 0x7,
    0xff, 0x1, 0x8b, 0xc0, 0x3f, 0x11, 0x0, 0x3f,
    0xf8, 0x7e, 0x1, 0xf0, 0x80, 0x1c, 0x3, 0xff,
    0x80, 0x20, 0x20, 0x1f, 0x18, 0x0, 0x80, 0x3f,
    0xf8, 0x4, 0x6, 0x1, 0xf3, 0x0, 0x4, 0x3,
    0xff, 0x84, 0xc0, 0x1f, 0x8, 0x8, 0x7, 0xff,
    0x0, 0x40, 0x2, 0x1, 0xf1, 0x1, 0x80, 0x7f,
    0xf0, 0x8, 0x0, 0x40, 0x1f, 0x70, 0x30, 0x7,
    0xff, 0x1, 0x80, 0x3f, 0xc4, 0x6, 0x1, 0xff,
    0xc0, 0x20, 0x2, 0x80, 0x7c, 0xa0, 0x1f, 0xfc,
    0x2e, 0x0, 0x51, 0x0, 0x78, 0x40, 0xc0, 0x3f,
    0xf8, 0x4, 0x1, 0x78, 0x7, 0x20, 0x1, 0x40,
    0x3f, 0xf8, 0xa, 0x10, 0x25, 0x20, 0x18, 0xc0,
    0x2, 0x60, 0x1f, 0xe1, 0x10, 0x2e, 0x83, 0x20,
    0x5, 0x80, 0x15, 0x80, 0x7f, 0x90, 0x0, 0x46,
    0xc1, 0x40, 0x12, 0x3, 0x83, 0x0, 0x7f, 0xb0,
    0x10, 0x1, 0x24, 0x30, 0xa, 0x0, 0x92, 0x14,
    0x0, 0xfe, 0x70, 0xc0, 0xa, 0x41, 0xc7, 0x81,
    0x6, 0x83, 0xc0, 0x3f, 0x18, 0x82, 0x80, 0x48,
    0x68, 0x68, 0x1c, 0xc, 0x8, 0x60, 0x1f, 0x50,
    0x11, 0x0, 0x37, 0x5d, 0x80, 0x54, 0x5, 0x83,
    0xc0, 0x3c, 0x2c, 0x14, 0x1, 0xc4, 0x46, 0x9,
    0x0, 0xa0, 0xd, 0xc0, 0x3a, 0x40, 0xc, 0x1,
    0xe9, 0x1, 0x70, 0x8, 0x60, 0x20, 0xc0, 0x22,
    0x70, 0x61, 0x0, 0xe8, 0x40, 0x80, 0xe, 0x72,
    0xd, 0x20, 0x7, 0x0, 0x20, 0x3, 0x99, 0xc1,
    0x18, 0x3, 0xde, 0x3, 0x89, 0x26, 0x12, 0x20,
    0x19, 0x24, 0xa, 0x80, 0x3e, 0x2b, 0x1, 0x14,
    0xaa, 0x30, 0x7, 0x24, 0x97, 0x88, 0x7, 0xe4,
    0xb7, 0x50, 0xab, 0x0, 0xf9, 0xb4, 0x80, 0x3f,
    0xc9, 0x0,

    /* U+4F11 "休" */
    0x0, 0xff, 0xeb, 0xa7, 0xc8, 0x7, 0xb3, 0x8c,
    0x3, 0xff, 0x89, 0xe0, 0x1f, 0x84, 0x40, 0x1f,
    0xfc, 0x42, 0x40, 0xb0, 0xf, 0xfe, 0x64, 0x2,
    0x90, 0x7, 0xff, 0x2c, 0xd4, 0x20, 0x3, 0xff,
    0x99, 0xc0, 0xc4, 0x1, 0xff, 0xcb, 0x82, 0xa,
    0x12, 0x2f, 0x80, 0xc, 0x45, 0xf0, 0x80, 0x63,
    0x70, 0x0, 0xd6, 0xef, 0xc4, 0x15, 0xbb, 0xf3,
    0x80, 0x43, 0xa0, 0x18, 0x47, 0xe0, 0xe, 0x11,
    0xf1, 0x80, 0x7, 0x4, 0x40, 0x15, 0x77, 0x76,
    0x0, 0x63, 0xee, 0xf2, 0x80, 0xe1, 0x6, 0x88,
    0x7, 0xeb, 0x0, 0x84, 0xcc, 0x1, 0xf1, 0x10,
    0x28, 0xc0, 0x3f, 0xb, 0x0, 0x83, 0x4, 0x0,
    0x7c, 0x6d, 0xa, 0x1, 0xfd, 0x0, 0xe6, 0x16,
    0x48, 0x60, 0x1f, 0x4b, 0x80, 0x7f, 0x13, 0x4,
    0x80, 0x50, 0x1e, 0x1, 0xff, 0xc6, 0xe0, 0x81,
    0x0, 0x94, 0xcc, 0xe0, 0x1f, 0xfc, 0x47, 0x32,
    0x70, 0xe, 0xf0, 0x82, 0x0, 0xff, 0xe1, 0x1c,
    0x7, 0x0, 0x78, 0xd8, 0x3c, 0x3, 0xff, 0x82,
    0x3c, 0xe, 0x60, 0x1f, 0x49, 0x12, 0x80, 0x3f,
    0xf8, 0x1a, 0x47, 0x0, 0x1f, 0xdc, 0xb, 0x20,
    0x1f, 0xc3, 0x86, 0x3a, 0x1, 0xfe, 0x39, 0x6,
    0x90, 0xf, 0xcc, 0x43, 0x82, 0x1, 0xff, 0x33,
    0x87, 0x0, 0x7e, 0x7a, 0xc2, 0x0, 0xff, 0xe0,
    0xc6, 0x38, 0x7, 0xf2, 0x10, 0x7, 0xff, 0xc,
    0xc0, 0x3f, 0xfd, 0xc0,

    /* U+4F53 "体" */
    0x0, 0xf1, 0x20, 0x7, 0xe8, 0x80, 0x7, 0xff,
    0x12, 0xae, 0x40, 0x3e, 0x77, 0x8, 0x7, 0xff,
    0xd, 0x83, 0x40, 0x3f, 0xf9, 0x8a, 0x24, 0x80,
    0x1f, 0xfc, 0xc9, 0xa, 0x0, 0xff, 0xe6, 0x21,
    0x83, 0x0, 0x7f, 0xf3, 0x20, 0x1c, 0x77, 0xff,
    0xe0, 0x7, 0x7f, 0xfc, 0xe0, 0x19, 0x8c, 0x30,
    0xc, 0x3, 0xff, 0x8b, 0xe0, 0x10, 0xc0, 0x6,
    0xee, 0xf4, 0x80, 0x65, 0xee, 0xf4, 0x0, 0x56,
    0x20, 0x1c, 0x23, 0xd4, 0x1, 0xa, 0x88, 0xf8,
    0x2, 0x55, 0x0, 0x80, 0x7e, 0x33, 0x28, 0x1,
    0xc1, 0x80, 0x3e, 0x2a, 0x5, 0x50, 0x7, 0xe9,
    0x9, 0x0, 0x50, 0x58, 0x7, 0xc4, 0x55, 0x0,
    0x7e, 0x35, 0x33, 0x0, 0x9, 0x49, 0x40, 0x3e,
    0xef, 0x0, 0xfe, 0x80, 0x90, 0xd, 0x1, 0x60,
    0x1f, 0x19, 0x0, 0x7e, 0x54, 0x35, 0x0, 0xc4,
    0xa2, 0xe0, 0x1f, 0xfc, 0x31, 0xb0, 0x80, 0xf,
    0x40, 0x41, 0x0, 0x7f, 0xf0, 0xac, 0x55, 0x0,
    0x3c, 0x4e, 0x1c, 0x1, 0xff, 0xc1, 0x65, 0x1b,
    0x0, 0xfd, 0x2, 0x72, 0x1, 0xff, 0x24, 0x85,
    0x88, 0x7, 0xf5, 0x3, 0x38, 0x7, 0xf2, 0x58,
    0x36, 0xf7, 0x60, 0x7, 0xf7, 0x59, 0x1, 0xe,
    0x1, 0xfb, 0x1, 0x24, 0x47, 0x80, 0x2, 0x3c,
    0xea, 0x1, 0xfe, 0x89, 0xb0, 0x9f, 0xfc, 0x0,
    0xdf, 0xfa, 0x42, 0xa8, 0xe0, 0x1f, 0xcc, 0x1,
    0xfc, 0x60, 0x1e, 0x50, 0xf, 0xff, 0xf1, 0x8,
    0x7, 0xf8,

    /* U+4F5C "作" */
    0x0, 0xf8, 0xc0, 0x3f, 0xf9, 0x8d, 0x98, 0x0,
    0xd3, 0xec, 0x1, 0xff, 0xc4, 0xb0, 0xb0, 0xc,
    0xe0, 0xa0, 0x1f, 0xfc, 0x34, 0x20, 0x70, 0x9,
    0x44, 0x8c, 0x3, 0xff, 0x87, 0x0, 0xe0, 0x1a,
    0x2, 0xc0, 0x3f, 0xf8, 0x6a, 0x61, 0x20, 0x12,
    0x90, 0x5e, 0xef, 0xfa, 0xc0, 0x21, 0xb0, 0x81,
    0x0, 0xa0, 0x0, 0x45, 0xff, 0x28, 0x5, 0x2,
    0xa, 0x1, 0x39, 0x13, 0x34, 0x1, 0x5b, 0xbf,
    0x60, 0x1, 0x18, 0x0, 0x60, 0x2, 0x80, 0x83,
    0x20, 0x3, 0x91, 0x7e, 0x2, 0xa0, 0xf, 0x70,
    0x22, 0x80, 0x7f, 0xf0, 0x47, 0xc4, 0x40, 0x1a,
    0x4c, 0x68, 0x3, 0xff, 0x85, 0x44, 0x1a, 0x1,
    0x1b, 0x5, 0x88, 0x7, 0x67, 0x77, 0xc7, 0xa1,
    0x26, 0x1, 0x1d, 0x42, 0x80, 0x78, 0x47, 0xf0,
    0x34, 0xb0, 0x7, 0x2b, 0x80, 0x7d, 0x9f, 0xff,
    0x18, 0x30, 0x7, 0xff, 0xc, 0x40, 0x3f, 0xff,
    0xe0, 0xf, 0xcc, 0xf9, 0xc0, 0x3f, 0xf8, 0xa4,
    0x67, 0xf7, 0x0, 0x7f, 0xf1, 0x6b, 0x33, 0xe8,
    0x0, 0xff, 0xe2, 0xb9, 0x9f, 0xc2, 0x1, 0xff,
    0xff, 0x0, 0xff, 0xf5, 0x80,

    /* U+4F7F "使" */
    0x0, 0xf8, 0x48, 0x3, 0xf1, 0x90, 0x7, 0xff,
    0x11, 0xb6, 0x80, 0x3c, 0x59, 0x80, 0xf, 0xfe,
    0x24, 0x87, 0x80, 0x7f, 0xf3, 0x18, 0x49, 0xcc,
    0xfc, 0xc0, 0x26, 0x7f, 0x80, 0x3e, 0x80, 0x8c,
    0xcf, 0xac, 0x1, 0x99, 0xf8, 0x3, 0xd2, 0x26,
    0xa8, 0x9f, 0x18, 0x1, 0x13, 0xf0, 0x7, 0x1b,
    0x7, 0x85, 0x5d, 0xfb, 0x80, 0x6e, 0xff, 0x0,
    0x77, 0x0, 0xc, 0x3, 0xff, 0x97, 0x24, 0x1,
    0xd7, 0x7e, 0xe0, 0x1b, 0xbf, 0x84, 0x2, 0x66,
    0x0, 0x70, 0xa2, 0x78, 0xc0, 0x8, 0x9f, 0x0,
    0x49, 0x20, 0xc0, 0x1e, 0x1f, 0xfd, 0xa0, 0x3f,
    0xfc, 0x20, 0x11, 0x58, 0x24, 0x0, 0x7f, 0xf2,
    0xc9, 0xa, 0xc0, 0x3f, 0xf9, 0xb3, 0x80, 0x1f,
    0xfc, 0xe2, 0x10, 0xf, 0xc3, 0x99, 0xb8, 0x7,
    0x33, 0x84, 0x3, 0xff, 0x86, 0x67, 0xc0, 0x3,
    0x3e, 0x0, 0xff, 0xe0, 0x8f, 0x57, 0xfe, 0x90,
    0x4f, 0xff, 0x84, 0x3, 0xfe, 0xda, 0x50, 0xb,
    0xc0, 0xc0, 0x3f, 0xf8, 0xfc, 0x14, 0x80, 0x7,
    0xb, 0x0, 0xff, 0xe3, 0x95, 0x85, 0xab, 0x9,
    0x18, 0x7, 0xff, 0x21, 0x2c, 0x2a, 0x42, 0x0,
    0x3f, 0xf9, 0x49, 0x40, 0x16, 0x88, 0x7, 0xff,
    0x25, 0xe8, 0x8, 0x1f, 0xa9, 0x0, 0x3f, 0xf8,
    0x84, 0xfd, 0x0, 0xdb, 0xcc, 0xb, 0x7f, 0x6e,
    0x84, 0x1, 0xfe, 0x8d, 0x81, 0x3b, 0x90, 0x19,
    0xfa, 0x40, 0x48, 0xbd, 0xd0, 0x80, 0x7e, 0x92,
    0x6c, 0xc2, 0x0, 0x72, 0xdf, 0xdc, 0x21, 0x48,
    0x80,

    /* U+4FE1 "信" */
    0x0, 0xf2, 0x8, 0x7, 0xcc, 0x20, 0x1f, 0xfc,
    0x3b, 0xe1, 0x0, 0xea, 0x9b, 0x0, 0xff, 0xe1,
    0x28, 0x20, 0x80, 0x75, 0x82, 0xa0, 0x7, 0xff,
    0x6, 0x43, 0x80, 0x3c, 0x2e, 0x10, 0x1, 0xff,
    0xc0, 0x43, 0x15, 0x0, 0xfa, 0x52, 0x0, 0x3f,
    0xf8, 0x10, 0x10, 0x3f, 0xff, 0x72, 0x5f, 0xff,
    0xd6, 0x1, 0x21, 0x83, 0x1, 0x17, 0xff, 0x14,
    0x40, 0x29, 0x2, 0x1, 0xdd, 0xff, 0xe2, 0xd0,
    0x1, 0xc8, 0x3, 0xff, 0x96, 0x50, 0x1, 0xe4,
    0xcc, 0xff, 0xe0, 0xa0, 0x5, 0xe0, 0x80, 0x1e,
    0x33, 0xff, 0xe0, 0x88, 0x2, 0x88, 0x64, 0x3,
    0x93, 0xff, 0xff, 0x82, 0xa0, 0xc, 0xd, 0x30,
    0xf, 0xfe, 0x53, 0x59, 0x80, 0x79, 0x3f, 0xff,
    0xf8, 0x2a, 0x1, 0x20, 0x7, 0xce, 0x67, 0xff,
    0xc1, 0x60, 0xf, 0xf8, 0xf3, 0x3f, 0xf8, 0x26,
    0x1, 0xff, 0xd9, 0x8c, 0xcf, 0xfe, 0xb, 0x80,
    0x7f, 0xc4, 0x67, 0xff, 0xc1, 0xe0, 0xf, 0xfe,
    0xe, 0xff, 0xff, 0x58, 0x7, 0xff, 0xfc, 0x3,
    0xff, 0x8d, 0x37, 0x7f, 0xd0, 0x1, 0xff, 0xc3,
    0x44, 0xff, 0x18, 0x7, 0xff, 0xf, 0x3f, 0xff,
    0xa8, 0x3, 0xe1, 0xdf, 0x0, 0xab, 0x8c, 0x3,
    0xf9, 0x7e, 0x40, 0x0,

    /* U+503C "值" */
    0x0, 0xfa, 0xc, 0x3, 0xe2, 0xa9, 0x0, 0xff,
    0xe1, 0x1b, 0xe8, 0x7, 0xce, 0xa8, 0x1, 0xff,
    0xc2, 0x90, 0x60, 0xf, 0x88, 0x1c, 0x3, 0xff,
    0x82, 0x2a, 0x15, 0xbb, 0xf4, 0x2, 0x6e, 0xfa,
    0x80, 0x3d, 0x20, 0xa4, 0x5f, 0x80, 0x2, 0x45,
    0xe6, 0x0, 0xe1, 0x70, 0x90, 0xff, 0xf8, 0x1,
    0xdf, 0xfe, 0xc0, 0xe, 0x80, 0x43, 0x0, 0xf8,
    0x80, 0xc4, 0x3, 0xfe, 0x36, 0xf, 0x0, 0xfc,
    0x80, 0xa0, 0x1f, 0xfc, 0xf, 0x0, 0x38, 0x4,
    0x9f, 0xfa, 0x41, 0xbf, 0xfc, 0xa0, 0x19, 0xcc,
    0x3, 0xf1, 0x33, 0x7f, 0x10, 0x7, 0x24, 0x0,
    0x7f, 0x24, 0xcf, 0xf3, 0x80, 0x61, 0xa0, 0x43,
    0x0, 0xf8, 0xc0, 0x3f, 0xf8, 0x42, 0x63, 0x40,
    0x1f, 0x97, 0xff, 0xf9, 0x40, 0x3a, 0x34, 0x40,
    0x3f, 0x13, 0xbf, 0xf1, 0x0, 0x72, 0x98, 0x7,
    0xf2, 0x44, 0x7f, 0x38, 0x7, 0xff, 0x10, 0xc0,
    0x3f, 0xf9, 0xcb, 0xff, 0xfc, 0xa0, 0x1f, 0xfc,
    0x43, 0x88, 0xfe, 0x30, 0xf, 0xfe, 0x22, 0xbb,
    0xff, 0x30, 0x7, 0xff, 0x10, 0xc0, 0x3f, 0xf9,
    0xcb, 0xff, 0xfc, 0xa0, 0x1f, 0xfc, 0x43, 0x88,
    0xfe, 0x30, 0xf, 0xfe, 0x22, 0xbb, 0xff, 0x30,
    0x7, 0xff, 0x1, 0xe3, 0x81, 0x62, 0x3f, 0x9c,
    0x3e, 0x18, 0x3, 0xf4, 0x3a, 0x81, 0xbb, 0xff,
    0x10, 0x2b, 0xd8, 0x7, 0xeb, 0xaa, 0xff, 0xe2,
    0xc8,

    /* U+50A8 "储" */
    0x0, 0xf1, 0x80, 0x7f, 0xc8, 0x60, 0x1f, 0xfc,
    0x2, 0xcb, 0x0, 0xfe, 0x1b, 0xf0, 0xc, 0x24,
    0x1, 0xe5, 0xc, 0x18, 0x0, 0xff, 0xe1, 0x5e,
    0xb8, 0x7, 0x50, 0x2c, 0xbe, 0x0, 0x44, 0x58,
    0x4, 0x8b, 0x28, 0x30, 0x6, 0x32, 0x32, 0x86,
    0x3a, 0x0, 0x6e, 0xd8, 0x5, 0xba, 0xcb, 0x7,
    0x10, 0xd, 0x41, 0x40, 0x9, 0x45, 0x60, 0x54,
    0x48, 0x0, 0x88, 0x26, 0x18, 0x0, 0xc2, 0xc2,
    0xc0, 0x15, 0x11, 0x2, 0xae, 0xd4, 0x7, 0x76,
    0x10, 0x80, 0xe, 0x90, 0x20, 0xc, 0x3a, 0x80,
    0x1f, 0xa0, 0x91, 0x80, 0x30, 0xb8, 0x7, 0xf1,
    0x19, 0xca, 0x2, 0xce, 0x1e, 0x66, 0x20, 0x4,
    0x0, 0x6d, 0xdc, 0xe1, 0xd9, 0x95, 0x81, 0x48,
    0x2, 0xf3, 0x1e, 0x6, 0xc0, 0x18, 0x8b, 0x70,
    0x38, 0x8e, 0x0, 0x84, 0x7c, 0x1c, 0xe, 0x1,
    0x66, 0x24, 0x2, 0xbe, 0xeb, 0xc8, 0x17, 0xbb,
    0xb0, 0xc, 0xd2, 0x1, 0x19, 0x88, 0x3, 0xc5,
    0xe4, 0x94, 0x1, 0xf5, 0xf0, 0x7, 0xff, 0x1,
    0x74, 0x52, 0x80, 0x3f, 0x29, 0x0, 0x7f, 0xd3,
    0x40, 0x4, 0xef, 0xfe, 0xe0, 0xf, 0xfe, 0x9,
    0xeb, 0x0, 0x48, 0x9e, 0x0, 0xff, 0xe1, 0x90,
    0x16, 0x0, 0xdd, 0xf8, 0x3, 0xff, 0x86, 0x39,
    0xa6, 0x1, 0xff, 0xcc, 0x10, 0x8, 0x62, 0x3a,
    0x40, 0x3f, 0xf9, 0x2e, 0xfc, 0xc0, 0x1f, 0xfc,
    0x47, 0x50, 0x0, 0xff, 0xf7, 0x0, 0x7f, 0xf0,
    0x97, 0x63, 0xc0, 0x3f, 0x8, 0x7, 0xff, 0x3,
    0x0, 0xc9, 0x6c, 0x3, 0xf0, 0x80, 0x7f, 0xc2,
    0xe0, 0x57, 0x42, 0x0, 0x1f, 0xfe, 0xe0, 0xf,
    0xf8, 0x55, 0xb5, 0x0, 0x39, 0x13, 0xc0, 0x1f,
    0xfc, 0xa, 0x90, 0xf, 0xd, 0xdf, 0x80, 0x3c,
    0x3d, 0xa0, 0x1f, 0xee, 0xf0, 0xf, 0x7f, 0x0,

    /* U+5141 "允" */
    0x0, 0xff, 0x84, 0xc0, 0x3f, 0xf9, 0xd3, 0x9a,
    0x1, 0xff, 0xcc, 0x27, 0xa, 0x0, 0xff, 0xe6,
    0x70, 0x13, 0x80, 0x7f, 0xf2, 0xd8, 0xc3, 0x80,
    0x31, 0xc0, 0x7, 0xff, 0x14, 0xa4, 0x20, 0xc0,
    0x21, 0xc7, 0x70, 0x7, 0xff, 0x13, 0x81, 0x1c,
    0x3, 0xd, 0x4, 0x20, 0x7, 0xff, 0xa, 0x4c,
    0x68, 0x3, 0xca, 0xe1, 0x42, 0x1, 0xff, 0xc0,
    0x56, 0xd, 0x10, 0xf, 0xa0, 0xc7, 0x40, 0x3f,
    0xe3, 0xa0, 0xa3, 0x0, 0xfe, 0xd1, 0x3a, 0x0,
    0xfe, 0x3c, 0x7, 0x71, 0xa2, 0xbc, 0x4d, 0x5e,
    0x6f, 0x88, 0x2b, 0x0, 0x7c, 0x98, 0x0, 0x7d,
    0xcb, 0xa8, 0x76, 0x54, 0x32, 0x11, 0x82, 0x4c,
    0x3, 0xcc, 0x1, 0x84, 0x40, 0x2f, 0x13, 0x60,
    0xc, 0xfe, 0xe1, 0x87, 0x0, 0x78, 0xa7, 0x3b,
    0xfa, 0x41, 0x61, 0xd9, 0x0, 0x2, 0x1, 0x70,
    0x50, 0x7, 0xcc, 0x62, 0x0, 0xe0, 0x20, 0xf,
    0xf1, 0x7b, 0x80, 0x7f, 0xf0, 0xc, 0x4, 0x3,
    0xff, 0x9a, 0xe1, 0xa0, 0x1f, 0xfc, 0xd2, 0x7,
    0x0, 0xff, 0xe6, 0x20, 0x0, 0x80, 0x3f, 0xf9,
    0x9e, 0xa, 0x1, 0xff, 0xc2, 0xd8, 0x0, 0xfc,
    0x68, 0x1c, 0x1, 0xff, 0xc2, 0x27, 0x0, 0xf8,
    0x78, 0x11, 0x0, 0x1f, 0xfc, 0xa2, 0xc2, 0x19,
    0x0, 0xff, 0xe1, 0x10, 0x10, 0x7, 0x3e, 0x90,
    0xe9, 0x0, 0x7e, 0x70, 0xe, 0xa0, 0x70, 0x2,
    0x4f, 0xc0, 0x1e, 0x18, 0x7, 0xc6, 0x15, 0xff,
    0xce, 0x1e, 0x0, 0x36, 0x2, 0xac, 0x20, 0xf,
    0xdc, 0x60, 0x1e, 0x17, 0x50, 0x3, 0xc6, 0x6a,
    0x80, 0x7f, 0x8b, 0x3f, 0xfd, 0xd0, 0x0,

    /* U+5149 "光" */
    0x0, 0xff, 0xe0, 0x15, 0x48, 0x7, 0xff, 0x14,
    0x80, 0x3c, 0x2a, 0xe0, 0x1f, 0x38, 0x80, 0x7d,
    0xba, 0x30, 0xf, 0xfe, 0x12, 0xc7, 0x8, 0x7,
    0x94, 0x3c, 0x3, 0xff, 0x85, 0x20, 0xa2, 0x1,
    0xe9, 0x13, 0x50, 0xf, 0xfe, 0x2, 0x18, 0x40,
    0x7, 0xc3, 0x21, 0x0, 0x1f, 0xfc, 0x8, 0x6,
    0x20, 0xf, 0xce, 0x4, 0xa0, 0x1f, 0xe5, 0x30,
    0x80, 0xf, 0xf3, 0x4, 0x80, 0x7f, 0xa0, 0x20,
    0x40, 0x3f, 0xd4, 0x2, 0x1, 0xfc, 0x84, 0x6e,
    0x1, 0xff, 0x1e, 0x68, 0x7, 0xf2, 0x7e, 0x80,
    0x7f, 0xf0, 0x4c, 0x3, 0xff, 0x80, 0x20, 0x1f,
    0x47, 0xff, 0xfb, 0x0, 0x7f, 0xff, 0xe3, 0x0,
    0xff, 0xe8, 0x47, 0xff, 0xb4, 0x1, 0xdf, 0xf8,
    0x43, 0x3f, 0xfe, 0x30, 0xf, 0xcc, 0x0, 0x10,
    0xf, 0xfe, 0x59, 0x1, 0x0, 0x7f, 0xf3, 0x3c,
    0x1c, 0x3, 0xff, 0x98, 0x81, 0xa0, 0x1f, 0xfc,
    0xb2, 0x20, 0x28, 0x7, 0xff, 0x2e, 0xc0, 0x88,
    0x1, 0xff, 0xc1, 0x14, 0x0, 0xf9, 0x18, 0x20,
    0x3, 0xff, 0x84, 0x57, 0x60, 0xe, 0x3a, 0x3,
    0x50, 0xf, 0xfe, 0x13, 0x80, 0x80, 0x66, 0xc1,
    0x16, 0x80, 0x7f, 0xf0, 0xc4, 0xc, 0x0, 0xb9,
    0x20, 0x58, 0x20, 0x1f, 0x18, 0x30, 0x7, 0x78,
    0x78, 0x65, 0x18, 0x36, 0x90, 0x7, 0xe7, 0xa,
    0xff, 0xe5, 0x4, 0xe, 0x17, 0xd9, 0x0, 0xff,
    0x42, 0x0, 0x78, 0x64, 0x80, 0xba, 0x8, 0x3,
    0xfe, 0x2b, 0xff, 0xf7, 0x30, 0x0,

    /* U+5165 "入" */
    0x0, 0xfd, 0x46, 0x1, 0xff, 0xcb, 0x75, 0xc5,
    0x0, 0xff, 0xe5, 0x31, 0x85, 0x30, 0x7, 0xff,
    0x24, 0x71, 0x2, 0x50, 0x3, 0xff, 0x95, 0x68,
    0x14, 0x20, 0x1f, 0xfc, 0xaa, 0x21, 0xa0, 0xf,
    0xfe, 0x50, 0xc0, 0x23, 0x0, 0x7f, 0xf2, 0xb4,
    0x1, 0x0, 0x1f, 0xfc, 0xa4, 0x0, 0xc, 0x0,
    0x7f, 0xf2, 0x4, 0xc0, 0xc1, 0xc4, 0x3, 0xff,
    0x8e, 0xe0, 0xd, 0x20, 0x80, 0xf, 0xfe, 0x3d,
    0x2, 0xd, 0x83, 0x8, 0x7, 0xff, 0x14, 0x8c,
    0x38, 0x18, 0x82, 0x0, 0x3f, 0xf8, 0xb6, 0x2,
    0xa0, 0xb, 0x6, 0x10, 0xf, 0xfe, 0x19, 0x30,
    0x30, 0x4, 0xc4, 0x16, 0x1, 0xff, 0xc3, 0x80,
    0x4, 0x80, 0x68, 0x5, 0x30, 0xf, 0xfe, 0xa,
    0x28, 0x40, 0x80, 0x65, 0x30, 0xe0, 0xf, 0xfe,
    0x0, 0xd0, 0x13, 0x80, 0x7b, 0xc0, 0x9c, 0x3,
    0xfe, 0xa1, 0xe, 0x0, 0xf8, 0xd8, 0x21, 0x0,
    0x3f, 0xa5, 0x2, 0xc, 0x3, 0xf4, 0x8, 0x59,
    0x80, 0x7d, 0x4c, 0xa, 0xe0, 0x1f, 0xc3, 0xa0,
    0xd, 0x30, 0xc, 0x38, 0xa0, 0xb4, 0x1, 0xff,
    0x1c, 0x80, 0xe3, 0x0, 0x1b, 0x8c, 0x1a, 0x80,
    0x3f, 0xf8, 0x2d, 0x20, 0x9, 0xa7, 0x90, 0x4,
    0xc8, 0x3, 0xff, 0x86, 0xd6, 0x0, 0x27, 0x83,
    0xd6, 0x0, 0xff, 0xe2, 0xa7, 0x2c, 0x83, 0xe1,
    0x0, 0x7f, 0xf1, 0xc6, 0x84,

    /* U+5173 "关" */
    0x0, 0xf1, 0x8, 0x7, 0xf8, 0x54, 0x3, 0xfe,
    0x6d, 0xd0, 0x7, 0xfa, 0x6b, 0x80, 0x3f, 0xce,
    0x26, 0xe0, 0x1f, 0x85, 0xc2, 0x40, 0x3f, 0xc3,
    0x61, 0x2, 0x1, 0xf4, 0x81, 0x38, 0x7, 0xfc,
    0xa6, 0x10, 0x1, 0xe2, 0x70, 0x90, 0xf, 0xfe,
    0xc, 0x0, 0x80, 0x7a, 0x41, 0x50, 0x3, 0xf2,
    0x5d, 0xef, 0x23, 0xbb, 0xec, 0x40, 0x6b, 0xbc,
    0xe0, 0x18, 0x91, 0x38, 0x91, 0x3c, 0x60, 0x3,
    0x44, 0xda, 0x1, 0x92, 0x67, 0xf4, 0x0, 0x1a,
    0x67, 0xf7, 0x0, 0x62, 0x66, 0xfe, 0x0, 0x6b,
    0x37, 0xe4, 0x0, 0xff, 0xff, 0x80, 0x79, 0x13,
    0xfc, 0xe0, 0x2, 0x44, 0xff, 0x0, 0xdd, 0xff,
    0xa4, 0x1, 0x37, 0x7f, 0xe3, 0x2, 0x2f, 0xf0,
    0x6, 0x22, 0xff, 0x8, 0xb7, 0x7f, 0xc2, 0x1,
    0x76, 0xef, 0xf1, 0x0, 0x7f, 0x94, 0x40, 0xc3,
    0xc0, 0x3f, 0xf8, 0xe3, 0x60, 0x58, 0x27, 0x20,
    0x1f, 0xfc, 0x6d, 0x10, 0xe0, 0xa0, 0x66, 0x0,
    0x7f, 0xf0, 0xc7, 0xc, 0x20, 0xc1, 0x20, 0x25,
    0xc0, 0x3f, 0xf8, 0x29, 0xe6, 0xe, 0xe0, 0x9,
    0xd8, 0x22, 0x84, 0x3, 0xf8, 0xaa, 0xc4, 0x26,
    0x0, 0x3a, 0x5c, 0x17, 0xd8, 0x3, 0xc7, 0x5a,
    0xa0, 0x7a, 0xc0, 0x1f, 0x45, 0x0, 0xcf, 0x41,
    0x2, 0x6e, 0x28, 0xc, 0xe1, 0x0, 0x7f, 0x2f,
    0x28, 0xb, 0xec, 0x20, 0x81, 0xcf, 0x30, 0x7,
    0xff, 0x0, 0x6b, 0x58, 0xa, 0x3, 0x73, 0xc,
    0x1, 0xff, 0xc4, 0x29, 0xfc, 0x0,

    /* U+51B5 "况" */
    0x0, 0xff, 0x84, 0x7f, 0xf8, 0x20, 0x1c, 0x50,
    0x1, 0xee, 0xef, 0xfe, 0x18, 0x6, 0xc7, 0xb1,
    0x0, 0xff, 0xe5, 0xe8, 0xa6, 0x8, 0x7, 0x77,
    0xff, 0xf6, 0x0, 0x78, 0xf0, 0x4b, 0x4, 0x3,
    0xff, 0x94, 0x58, 0x25, 0xa0, 0x1f, 0xfc, 0xb2,
    0xd0, 0xb0, 0xf, 0xfe, 0x61, 0xeb, 0x80, 0x7f,
    0xf3, 0x48, 0x3, 0xff, 0xdf, 0x31, 0x1f, 0xd4,
    0x1, 0xfe, 0x30, 0xe, 0x77, 0xff, 0x30, 0x7,
    0xf0, 0xe4, 0x0, 0x25, 0xdc, 0x20, 0x8e, 0xe6,
    0x0, 0x3b, 0xd2, 0x1, 0xf4, 0x0, 0x80, 0x1e,
    0x20, 0x61, 0xf1, 0x10, 0xc, 0x44, 0xe0, 0x1e,
    0x36, 0x8, 0x0, 0xe3, 0x7, 0x0, 0xff, 0xe1,
    0xf8, 0x38, 0x80, 0x70, 0x81, 0x0, 0x7f, 0xf0,
    0x94, 0xc6, 0x40, 0x38, 0xc0, 0x2, 0x1, 0xff,
    0xc1, 0x1b, 0x8, 0x10, 0xe, 0x50, 0x30, 0xf,
    0xfe, 0x14, 0x9, 0x30, 0x7, 0xb4, 0x2c, 0x3,
    0xff, 0x82, 0x8c, 0x12, 0x1, 0xe2, 0x40, 0x50,
    0xf, 0xf7, 0x40, 0x48, 0x2a, 0x0, 0x7a, 0x41,
    0x8, 0x3, 0xfc, 0x2a, 0x1c, 0x56, 0x1, 0xe9,
    0x40, 0x90, 0xf, 0xf0, 0x80, 0x81, 0xe8, 0x80,
    0x61, 0xb6, 0xa, 0x20, 0xf, 0x8, 0x4, 0xa0,
    0xc0, 0x1e, 0x19, 0xe4, 0xa, 0x50, 0xe, 0x10,
    0x7, 0x75, 0x61, 0x80, 0x1e, 0x12, 0x4, 0xd5,
    0x0, 0xfa, 0x44, 0x70, 0x23, 0x0, 0x7d, 0x5b,
    0x64, 0x1, 0xf9, 0xbb, 0xff, 0x58, 0x0,

    /* U+51FA "出" */
    0x0, 0xff, 0x91, 0x0, 0x1f, 0xfc, 0x93, 0xbb,
    0x8, 0x7, 0xff, 0x62, 0x71, 0x0, 0x3f, 0xf8,
    0x49, 0x96, 0x1, 0x94, 0xc8, 0x3, 0xff, 0x84,
    0x26, 0x80, 0x1f, 0xff, 0xf0, 0xf, 0xff, 0x38,
    0x91, 0x73, 0x0, 0x8, 0xbc, 0x60, 0x1f, 0xa3,
    0x77, 0xa8, 0x1, 0x9b, 0xbd, 0x20, 0x1e, 0x71,
    0x1f, 0xc0, 0x1, 0x1f, 0xc4, 0x1, 0xaf, 0xbb,
    0xed, 0x0, 0x7f, 0x77, 0xda, 0x0, 0x1c, 0xc1,
    0x0, 0x7f, 0xf1, 0xb, 0x30, 0x0, 0x33, 0x8,
    0x7, 0xff, 0x10, 0x4c, 0xc2, 0x1, 0xff, 0xff,
    0x0, 0xff, 0xfe, 0x7d, 0xdf, 0xbc, 0x1, 0xb7,
    0x7e, 0xf0, 0xf, 0x1a, 0x27, 0x8c, 0x0, 0x68,
    0x9e, 0x30, 0x8, 0x66, 0x7f, 0xf8, 0xee, 0x1,
    0x99, 0xbf, 0xf8, 0xf6, 0x1, 0x0,

    /* U+51FB "击" */
    0x0, 0xff, 0xe0, 0x3b, 0x80, 0x3f, 0xf9, 0x63,
    0x10, 0x10, 0xf, 0xff, 0xb1, 0x17, 0xf0, 0x1,
    0x48, 0xbf, 0x0, 0x71, 0x6e, 0xfe, 0xc0, 0x5,
    0xee, 0xfe, 0x30, 0xf, 0xfe, 0x91, 0x7f, 0xfe,
    0xe0, 0x7, 0x7f, 0xfe, 0x30, 0xf, 0xff, 0xf8,
    0x7, 0x1f, 0x77, 0xfb, 0xc0, 0x1f, 0xdd, 0xfe,
    0x27, 0x11, 0xff, 0x80, 0x2, 0x3f, 0xf0, 0x26,
    0x67, 0xfa, 0xc0, 0x17, 0x99, 0xfe, 0x20, 0x33,
    0xff, 0x28, 0x1, 0x4c, 0xff, 0xc0, 0x19, 0x98,
    0x40, 0x1f, 0xfc, 0x22, 0x65, 0x0, 0xf4, 0x4b,
    0x0, 0x7f, 0xf0, 0x9e, 0x64, 0x1, 0xff, 0xff,
    0x0, 0xff, 0xf9, 0xeb, 0x37, 0x80, 0xc, 0xde,
    0xf0, 0xf, 0xf3, 0x4c, 0xf4, 0x0, 0x22, 0x67,
    0x94, 0x3, 0xf3, 0xaa, 0xff, 0xf1, 0xc, 0x3,
    0xf4, 0xd5, 0x7f, 0xf1, 0x24, 0x3, 0x80,

    /* U+5206 "分" */
    0x0, 0xff, 0xea, 0xae, 0x40, 0x7, 0xc, 0xe0,
    0x7, 0xff, 0xe, 0x4c, 0xc0, 0x1c, 0x2e, 0x6c,
    0x1, 0xff, 0xc1, 0x33, 0x7, 0x80, 0x7a, 0x2,
    0x4, 0x3, 0xff, 0x81, 0xe0, 0x68, 0x1, 0xe6,
    0x21, 0xb0, 0xf, 0xf9, 0x8c, 0x3c, 0x3, 0xf7,
    0x2, 0xa8, 0x3, 0xf8, 0x60, 0x18, 0xc0, 0x3f,
    0x1b, 0x5, 0x88, 0x7, 0xed, 0x11, 0x40, 0x7,
    0xfa, 0x48, 0x70, 0x3, 0xe9, 0x30, 0xa1, 0x0,
    0xff, 0xbc, 0xa, 0xc0, 0x3a, 0x18, 0x21, 0x0,
    0x3f, 0xf8, 0x5, 0x40, 0x96, 0x1, 0x4b, 0x82,
    0xb8, 0x7, 0xff, 0x9, 0x60, 0x12, 0xc6, 0x98,
    0x11, 0x7f, 0xff, 0xf8, 0x80, 0xc0, 0x88, 0xb2,
    0x5b, 0x0, 0xff, 0xe3, 0x4b, 0xca, 0x8e, 0x50,
    0x6e, 0xf2, 0x3, 0x6e, 0xfc, 0x60, 0x21, 0xc,
    0x0, 0x10, 0x1, 0x17, 0x30, 0x79, 0x17, 0xc0,
    0x3, 0x0, 0xff, 0xe0, 0x90, 0x20, 0x7, 0xc2,
    0x2, 0x1, 0xff, 0xc0, 0x40, 0x1, 0x0, 0x7c,
    0x60, 0xe0, 0x1f, 0xfc, 0xd, 0x5, 0x0, 0xfc,
    0x20, 0x20, 0x1f, 0xf0, 0xb0, 0x78, 0x7, 0xc2,
    0x0, 0x30, 0xf, 0xfa, 0x40, 0x94, 0x3, 0xe3,
    0x0, 0x8, 0x7, 0xf8, 0xdc, 0x20, 0x3, 0xf3,
    0x0, 0x80, 0x7f, 0x8b, 0x41, 0x14, 0x3, 0xf1,
    0x1, 0x0, 0x7f, 0x26, 0x89, 0x50, 0x7, 0xf6,
    0x3, 0x0, 0x7c, 0x55, 0x60, 0x58, 0x20, 0x10,
    0x88, 0x2, 0x25, 0xc, 0x0, 0xe1, 0xbd, 0x50,
    0x6d, 0x10, 0xc, 0xbd, 0xff, 0x68, 0x1, 0xc0,
    0x38, 0x44, 0x9, 0x92, 0x1, 0xe4, 0x10, 0xc,
    0x56, 0x20, 0x1e, 0xbd, 0xb3, 0x0, 0xfd, 0xdf,
    0xfb, 0x50, 0x3, 0xc0,

    /* U+5217 "列" */
    0x0, 0xff, 0xe5, 0xb, 0xb0, 0x7, 0xff, 0x28,
    0xa2, 0x9, 0xff, 0xff, 0xc2, 0x0, 0xff, 0xeb,
    0xae, 0x66, 0x10, 0x8c, 0xcf, 0x80, 0x1f, 0xe0,
    0xf, 0x9, 0x9c, 0x42, 0xe, 0x67, 0xf0, 0x7,
    0xff, 0x9, 0x0, 0xc0, 0x3f, 0xf9, 0x5e, 0x16,
    0x1, 0xff, 0xca, 0x50, 0xd8, 0x8e, 0x96, 0x0,
    0xff, 0xe1, 0x28, 0x1, 0x5d, 0xf9, 0xa4, 0x3,
    0xff, 0x85, 0x20, 0xd3, 0x3c, 0xe0, 0x40, 0x1f,
    0xfc, 0x13, 0x30, 0x4b, 0x37, 0x70, 0x38, 0x7,
    0xff, 0x6, 0x1, 0xc0, 0x3d, 0x81, 0x80, 0x1f,
    0xfc, 0x5, 0x40, 0x90, 0xf, 0x28, 0x20, 0x7,
    0xfc, 0x36, 0x10, 0x10, 0x20, 0x12, 0x81, 0x10,
    0x3, 0xfe, 0x33, 0x9e, 0xdf, 0xd0, 0x1, 0xc1,
    0x40, 0x1f, 0xfc, 0x2, 0xce, 0x8, 0x31, 0xb7,
    0x34, 0x6, 0x0, 0xff, 0xe0, 0x89, 0x1, 0x63,
    0x4, 0x60, 0x30, 0x80, 0x7f, 0xf1, 0xa6, 0x40,
    0x14, 0x0, 0x7f, 0xf2, 0x10, 0x1, 0x22, 0x1,
    0xca, 0xa0, 0xf, 0xfe, 0x0, 0xf8, 0x23, 0x0,
    0x7a, 0xa8, 0x1, 0xff, 0xe, 0x10, 0xd0, 0x7,
    0xff, 0x1c, 0xfc, 0x87, 0x4, 0x3, 0xff, 0x8a,
    0x31, 0x82, 0x5e, 0x40, 0x1f, 0xfc, 0x56, 0xe7,
    0x6, 0xd1, 0x0, 0xff, 0xf, 0xfd, 0x80, 0x40,
    0xe0, 0x79, 0x20, 0x1f, 0xfc, 0x1, 0x30, 0x0,
    0xa7, 0x0, 0xf6, 0x18, 0x7, 0xff, 0xb, 0x3f,
    0xdd, 0x64,

    /* U+524D "前" */
    0x0, 0xe1, 0x50, 0xf, 0xfe, 0x3, 0x90, 0x7,
    0xfb, 0x2a, 0x80, 0x1f, 0xe6, 0x8d, 0x10, 0xf,
    0xef, 0x5, 0x60, 0xf, 0xe8, 0x8, 0x10, 0xf,
    0xe2, 0x80, 0x91, 0x0, 0xfa, 0x4, 0x9c, 0x3,
    0xfe, 0x72, 0x22, 0x80, 0x78, 0xdc, 0x38, 0x3,
    0xd7, 0xff, 0xe2, 0x25, 0xff, 0xfb, 0x0, 0x19,
    0xff, 0xc8, 0x23, 0xff, 0xcd, 0xa, 0xee, 0xff,
    0xe6, 0x20, 0x7, 0xff, 0x24, 0x94, 0x80, 0x34,
    0x55, 0x7d, 0x76, 0x50, 0x9, 0x90, 0x2, 0xba,
    0x50, 0xc, 0x8a, 0xbf, 0x22, 0x34, 0x0, 0x53,
    0x0, 0x1f, 0xfc, 0xa, 0xdd, 0xe5, 0x0, 0xff,
    0xe3, 0xb1, 0x17, 0x80, 0x3f, 0xf8, 0xee, 0x23,
    0xe0, 0xf, 0xfe, 0x3d, 0xf7, 0x73, 0x0, 0x7f,
    0xf1, 0xd5, 0x9b, 0x88, 0x3, 0xff, 0x8f, 0x33,
    0xe5, 0x0, 0xff, 0xf0, 0xc4, 0xcf, 0x28, 0x7,
    0xff, 0x1d, 0x19, 0xb8, 0x80, 0x3f, 0xf8, 0xf7,
    0xdd, 0xcc, 0x1, 0xff, 0xc7, 0x71, 0x1f, 0x0,
    0x62, 0xed, 0x0, 0xff, 0xe6, 0x8, 0x80, 0x3f,
    0xfb, 0xb7, 0x98, 0x70, 0xe0, 0xd, 0x1d, 0xd3,
    0x0, 0x80, 0x7f, 0x11, 0x98, 0x55, 0x80, 0x35,
    0x8, 0xe6, 0x60, 0x6, 0xcf, 0x30, 0x4, 0xff,
    0xba, 0x80, 0x38, 0xbf, 0xee, 0x90, 0x8,

    /* U+52A0 "加" */
    0x0, 0xff, 0xe9, 0xdf, 0xa8, 0x7, 0xff, 0xfc,
    0x3, 0xfc, 0x3f, 0xff, 0xc4, 0x2, 0x45, 0x38,
    0x19, 0x14, 0x64, 0x1, 0xff, 0xc0, 0x10, 0xbd,
    0xd8, 0xc2, 0x77, 0x6c, 0xd7, 0x0, 0x87, 0xbb,
    0x84, 0x3, 0xff, 0x90, 0x23, 0xc0, 0x1a, 0xbf,
    0xe3, 0xc, 0xff, 0x98, 0x4, 0x3, 0xff, 0x8a,
    0x20, 0x1f, 0xfc, 0xd3, 0x1, 0x0, 0x8c, 0x3,
    0xff, 0x8e, 0x20, 0x60, 0x1c, 0x60, 0x1f, 0xfc,
    0x71, 0x0, 0x84, 0x3, 0xff, 0x8c, 0x20, 0x20,
    0x1f, 0xfc, 0xb2, 0x2, 0x0, 0xf0, 0x80, 0x7f,
    0xf1, 0x18, 0x18, 0x3, 0x38, 0x7, 0xff, 0x1b,
    0x40, 0x80, 0x30, 0x83, 0x80, 0x7f, 0xf1, 0xc,
    0x34, 0x3, 0xff, 0x96, 0x80, 0x80, 0x18, 0xc0,
    0x40, 0x3f, 0xf8, 0x68, 0x4, 0x20, 0x18, 0x40,
    0xc0, 0x3f, 0xf8, 0x7a, 0xa, 0x1, 0x84, 0x0,
    0x20, 0x1f, 0xfc, 0x21, 0x60, 0xb0, 0xc, 0x60,
    0x1e, 0x11, 0xf0, 0x7, 0x48, 0x19, 0x80, 0x33,
    0x81, 0x0, 0x77, 0x77, 0x8, 0x4, 0x4e, 0x10,
    0x2, 0x42, 0x2e, 0x7, 0x0, 0xff, 0xe1, 0x70,
    0x22, 0x0, 0xf7, 0xb8, 0x81, 0xe0, 0x18, 0x7f,
    0xf8, 0x40, 0x2, 0xe3, 0x40, 0x2, 0x20, 0x0,
    0xa1, 0x40, 0x3f, 0xf8, 0x23, 0x78, 0x20, 0x16,
    0xff, 0xb5, 0xc0, 0x21, 0xfe, 0x0, 0xee, 0xf3,

    /* U+52A8 "动" */
    0x0, 0xff, 0xef, 0xdf, 0xb0, 0x7, 0xff, 0x34,
    0xc0, 0x3e, 0x6f, 0xff, 0xf3, 0x0, 0x7f, 0xf0,
    0x8c, 0x8b, 0xfc, 0x60, 0x1f, 0xfc, 0x25, 0xdd,
    0xff, 0x28, 0x7, 0xff, 0x3c, 0x46, 0x70, 0x0,
    0x8f, 0x0, 0x7f, 0xf0, 0xb3, 0xba, 0x30, 0xae,
    0xee, 0x50, 0xf, 0xfe, 0xa, 0x99, 0xc0, 0x2,
    0x33, 0x80, 0x24, 0xcc, 0xff, 0xae, 0x73, 0x21,
    0xf, 0xcc, 0x8c, 0x4, 0x8c, 0xff, 0xe5, 0x0,
    0xc2, 0x6, 0x1, 0xe7, 0xdd, 0x94, 0x17, 0x77,
    0xb0, 0x3, 0xc2, 0x1, 0x8, 0x38, 0x91, 0x4e,
    0x1c, 0x45, 0xe0, 0x8, 0x80, 0x40, 0x31, 0x80,
    0x80, 0x42, 0x40, 0x80, 0x1, 0x30, 0xe, 0x60,
    0x30, 0xf, 0xf2, 0x2, 0x0, 0x5d, 0xa0, 0x1c,
    0x40, 0xe0, 0x18, 0x40, 0xc0, 0x2f, 0xd, 0x0,
    0x94, 0x50, 0x3, 0x78, 0x10, 0x7, 0x84, 0x2,
    0x50, 0x70, 0xb, 0x83, 0x80, 0x32, 0x86, 0x80,
    0x42, 0x1, 0xca, 0x8, 0x20, 0x12, 0xa, 0x88,
    0x4, 0x60, 0x80, 0x11, 0x80, 0x80, 0x5c, 0x1c,
    0x1, 0x8c, 0x81, 0xc0, 0xa, 0x4, 0x20, 0x10,
    0x81, 0x80, 0xd, 0x5, 0xd6, 0x73, 0xf0, 0xc3,
    0x40, 0x1e, 0xa, 0x1, 0x9c, 0x4, 0x1, 0xe0,
    0x3b, 0x4c, 0x60, 0x90, 0x28, 0x22, 0x50, 0xb0,
    0xc, 0x40, 0xe0, 0x7, 0x0, 0xa, 0xc6, 0x7d,
    0xbb, 0x84, 0xa0, 0xc, 0xc0, 0x1b, 0x80, 0x80,
    0x1c, 0xf9, 0xd4, 0xe6, 0x1, 0x47, 0xb, 0x4,
    0x80, 0x71, 0x87, 0x0, 0x16, 0xc, 0x3, 0xe1,
    0xf, 0x3, 0x51, 0x0, 0x89, 0x1, 0x0, 0x3f,
    0xf8, 0x36, 0x41, 0xc0, 0xdf, 0xf6, 0x81, 0x18,
    0x7, 0xff, 0x7, 0xc2, 0x88, 0x14, 0x3, 0x27,
    0x80, 0x7f, 0xf0, 0x93, 0x94, 0x0, 0x5f, 0xfa,
    0xc8, 0x0,

    /* U+5382 "厂" */
    0x0, 0x95, 0xd5, 0x7f, 0xf9, 0x2, 0x1, 0x54,
    0x55, 0x7f, 0xf2, 0x8, 0x3, 0x84, 0x8b, 0xff,
    0x8e, 0x20, 0x1d, 0x5b, 0xbf, 0xfc, 0x72, 0x0,
    0xff, 0xff, 0x80, 0x7f, 0xff, 0xc0, 0x3f, 0xe7,
    0x0, 0xff, 0xf3, 0x88, 0x7, 0xff, 0x28, 0x40,
    0x6, 0x1, 0xff, 0xca, 0x20, 0x0, 0x80, 0x7f,
    0xf2, 0x98, 0x4, 0x3, 0xff, 0x96, 0x40, 0x40,
    0x1f, 0xfc, 0xbd, 0x5, 0x0, 0xff, 0xe5, 0xa0,
    0x60, 0x7, 0xff, 0x28, 0xc4, 0x1c, 0x3, 0xff,
    0x95, 0x60, 0x44, 0x0, 0xff, 0xe5, 0x30, 0x50,
    0x7, 0xff, 0x29, 0xc4, 0x18, 0x3, 0xff, 0x94,
    0x42, 0xc2, 0x1, 0xff, 0xca, 0x5f, 0x90, 0xf,
    0xfe, 0x58,

    /* U+53D1 "发" */
    0x0, 0xff, 0xe0, 0x1b, 0x18, 0x7, 0xff, 0x19,
    0xd8, 0x80, 0x24, 0x9d, 0x0, 0xcf, 0xa2, 0x1,
    0xfe, 0x18, 0x96, 0x0, 0xb8, 0x8, 0x3, 0x69,
    0x60, 0x80, 0x7f, 0x38, 0xa, 0x0, 0x4a, 0xa,
    0x1, 0xa9, 0xb, 0x40, 0x3f, 0xa8, 0x18, 0x3,
    0x18, 0x78, 0x7, 0x59, 0x1d, 0x80, 0x7c, 0x66,
    0x9, 0x0, 0x88, 0x0, 0xa0, 0x1e, 0xc2, 0xe0,
    0xf, 0xa0, 0x14, 0x4, 0x65, 0x0, 0x10, 0x8f,
    0x83, 0x10, 0x44, 0x1, 0x9d, 0x1, 0x7b, 0xb4,
    0x0, 0x3b, 0xbf, 0xf8, 0x2, 0x1, 0x18, 0x7,
    0xff, 0x28, 0x40, 0x24, 0xcf, 0xfe, 0xb0, 0x6,
    0x7f, 0xff, 0xf0, 0x0, 0x38, 0xc0, 0x3b, 0x40,
    0x8c, 0x3, 0xff, 0x96, 0xc0, 0xa2, 0x3f, 0xc0,
    0x1f, 0xfc, 0x26, 0x0, 0x3f, 0x77, 0xf7, 0xb0,
    0x7, 0xff, 0x2, 0x0, 0x3f, 0xf8, 0x24, 0x1,
    0xff, 0x38, 0x80, 0x33, 0xff, 0xe7, 0x2, 0x40,
    0xf, 0xf0, 0xc0, 0x10, 0x78, 0x7, 0x85, 0xc2,
    0xc0, 0x3f, 0xea, 0x0, 0x61, 0x99, 0xc0, 0x3a,
    0xc0, 0x98, 0x3, 0xfc, 0xe8, 0x12, 0x3c, 0x10,
    0x80, 0x13, 0x28, 0x48, 0x7, 0xf9, 0x60, 0x15,
    0x80, 0xa4, 0x2c, 0xc1, 0x24, 0x1d, 0x0, 0x3f,
    0x92, 0x80, 0xe8, 0x2, 0x66, 0x6, 0x3d, 0x82,
    0xc0, 0x7, 0xf3, 0x58, 0x16, 0x80, 0x74, 0xa8,
    0x40, 0x25, 0x0, 0x7f, 0x54, 0x81, 0xe0, 0x80,
    0x71, 0x30, 0x4, 0xe4, 0x1, 0xfb, 0x14, 0x17,
    0x4, 0x3, 0xc, 0xe9, 0x83, 0x89, 0xed, 0x10,
    0x7, 0xb8, 0xa6, 0x80, 0x32, 0x57, 0x30, 0x2f,
    0x47, 0xa8, 0x2e, 0xe3, 0x8, 0x4, 0x5a, 0xc0,
    0x15, 0x75, 0xa8, 0x2e, 0xd0, 0x80, 0xd6, 0xa8,
    0x1c, 0xf6, 0xb8, 0x7, 0xc6, 0x25, 0x1d, 0x44,
    0x1, 0xc5, 0x5d, 0x6, 0x4, 0x80, 0x1f, 0x46,
    0xe9, 0xc4, 0x3, 0xf8, 0x5f, 0x3b, 0xc,

    /* U+53EF "可" */
    0x59, 0x9f, 0xfe, 0x61, 0xe3, 0x37, 0xff, 0x31,
    0x71, 0xdf, 0xff, 0x8c, 0xa0, 0x7, 0x79, 0x55,
    0x11, 0xff, 0xc6, 0xe0, 0x18, 0x88, 0xc0, 0x3f,
    0xfd, 0x62, 0x42, 0x3f, 0xe0, 0xf, 0xfe, 0x16,
    0xeb, 0xbb, 0xfb, 0xc0, 0x3f, 0xf8, 0xa2, 0x3f,
    0x0, 0x7f, 0xf1, 0xaf, 0xbb, 0xd8, 0x1, 0xff,
    0xff, 0x0, 0xff, 0xfe, 0xdf, 0xff, 0xb4, 0x3,
    0xff, 0xc1, 0x7d, 0xdf, 0xc0, 0x1f, 0xfc, 0x51,
    0x1f, 0xc0, 0x1f, 0xfc, 0x3f, 0xb5, 0x0, 0xff,
    0xe5, 0x9a, 0x8, 0x7, 0xff, 0x58, 0xcc, 0x45,
    0x18, 0x7, 0xff, 0x23, 0xf3, 0x76, 0x80, 0x50,
    0xf, 0xfe, 0x35, 0x0, 0x62, 0x5a, 0x0, 0xff,
    0xe3, 0x37, 0xfe, 0xda, 0x10, 0xc,

    /* U+53F7 "号" */
    0x0, 0xc4, 0x5f, 0xfc, 0x60, 0xf, 0xdf, 0xbb,
    0xff, 0xc4, 0xf0, 0xf, 0xf1, 0xa2, 0x7f, 0xf0,
    0x8, 0x3, 0xff, 0x81, 0x17, 0x7f, 0xfc, 0x10,
    0xf, 0xff, 0xa4, 0xe6, 0x7f, 0xf0, 0x20, 0x3,
    0xff, 0x80, 0x46, 0x7f, 0xfc, 0x1, 0x0, 0xff,
    0x6f, 0xff, 0xff, 0x13, 0x40, 0x3f, 0xfa, 0x62,
    0x3f, 0xfc, 0xc0, 0x3e, 0xef, 0xfe, 0x61, 0x1,
    0x17, 0x8, 0x0, 0x8b, 0xff, 0x88, 0x66, 0xdd,
    0xe4, 0x5, 0xdd, 0xff, 0xe2, 0x8, 0x7, 0x94,
    0x3c, 0x3, 0xff, 0x94, 0xc0, 0x4, 0x0, 0xff,
    0x8, 0x7, 0xfd, 0x40, 0xe, 0xff, 0xff, 0x77,
    0xe0, 0x7, 0xe1, 0x10, 0x9, 0x17, 0xfc, 0x0,
    0x60, 0xf, 0xc3, 0xbf, 0xdb, 0xbf, 0xf1, 0x86,
    0x80, 0x7f, 0xf2, 0xcc, 0xc, 0x3, 0xff, 0x94,
    0x60, 0x5, 0x0, 0xff, 0xe5, 0x58, 0x10, 0x80,
    0x7f, 0xf2, 0x49, 0xc2, 0x80, 0x3f, 0xf8, 0x89,
    0xfd, 0xcd, 0xd8, 0x5, 0x80, 0x3f, 0xf8, 0x88,
    0x23, 0x11, 0x0, 0xf4, 0x40, 0x3f, 0xf8, 0xbd,
    0xff, 0xd8, 0x60, 0x1e,

    /* U+540E "后" */
    0x0, 0xff, 0xe5, 0x18, 0x7, 0xff, 0x20, 0x95,
    0xeb, 0x7f, 0x1c, 0x3, 0xf0, 0x91, 0xab, 0x44,
    0xde, 0x77, 0xed, 0x42, 0x90, 0x17, 0x8, 0x7,
    0xbf, 0xb7, 0x2a, 0x5d, 0x90, 0xc4, 0x46, 0xaf,
    0x59, 0xfb, 0x22, 0x1, 0xf8, 0xd5, 0x9e, 0x6b,
    0x37, 0xfb, 0x2a, 0x14, 0xc0, 0x3f, 0xf8, 0x1d,
    0x53, 0xc, 0xa6, 0x40, 0x1f, 0xff, 0xdd, 0xff,
    0xff, 0xe3, 0xb8, 0x7, 0xff, 0x3b, 0xc0, 0x3d,
    0x9d, 0xdf, 0xfc, 0x78, 0x0, 0xf1, 0x8, 0xff,
    0xf1, 0xc0, 0x3f, 0xfa, 0x62, 0x0, 0x10, 0xf,
    0xfe, 0x59, 0x80, 0x63, 0xee, 0xff, 0xe1, 0xa0,
    0x7, 0x30, 0x8, 0x1, 0xc4, 0x7f, 0xf8, 0x80,
    0x1c, 0x40, 0x40, 0x18, 0xbf, 0xff, 0xe1, 0x0,
    0xfb, 0x81, 0x40, 0x3f, 0xf9, 0x86, 0x1c, 0x1,
    0xff, 0xcc, 0x50, 0x40, 0xf, 0xfe, 0x59, 0x88,
    0x18, 0x7, 0xff, 0x2e, 0xc1, 0x40, 0x3f, 0xf9,
    0x8c, 0x1e, 0x1, 0xff, 0xcb, 0x61, 0x12, 0x80,
    0x71, 0x7f, 0xff, 0xc2, 0x1, 0x86, 0x42, 0x0,
    0x3e, 0x11, 0xff, 0x80, 0x38, 0x64, 0xd8, 0x3,
    0xc5, 0xdd, 0xff, 0x8, 0x7, 0x36, 0x0, 0x72,
    0x7e, 0x80, 0x7f, 0xdd, 0xea, 0x0,

    /* U+542F "启" */
    0x0, 0xff, 0xe0, 0x1c, 0x28, 0x7, 0xff, 0x29,
    0x9e, 0xc0, 0x3f, 0xf9, 0x4a, 0x42, 0xe0, 0x1f,
    0xfc, 0xab, 0x9, 0x0, 0xff, 0xe0, 0xce, 0x5d,
    0xfd, 0x40, 0xb, 0xbf, 0xc4, 0x1, 0x94, 0xd1,
    0x3e, 0x30, 0x14, 0x4f, 0xc2, 0x1, 0xe7, 0xcc,
    0xff, 0xe1, 0x80, 0x7f, 0x69, 0x9f, 0xff, 0xc,
    0x40, 0x3f, 0xfd, 0xd7, 0xdd, 0xff, 0xc3, 0x10,
    0xf, 0xc2, 0x3f, 0xfc, 0x40, 0xf, 0xe9, 0xee,
    0xff, 0xe2, 0x98, 0x6, 0x10, 0x21, 0x1f, 0xfe,
    0x28, 0x7, 0x18, 0x38, 0x7, 0xff, 0x28, 0x40,
    0x45, 0xdd, 0xff, 0xc4, 0xa0, 0x8, 0x40, 0x4,
    0x62, 0x3f, 0xfc, 0x50, 0x8, 0x80, 0x40, 0x21,
    0xff, 0xff, 0xe0, 0x40, 0x7, 0x28, 0x28, 0x7,
    0xff, 0x2b, 0x0, 0xc0, 0x3f, 0xf9, 0x4a, 0x18,
    0x1, 0xff, 0xc9, 0x50, 0x2, 0x0, 0x7f, 0xf2,
    0x78, 0x14, 0x3, 0xe, 0xef, 0xff, 0x2, 0x40,
    0x24, 0x40, 0x48, 0x7, 0x11, 0x7f, 0xf0, 0x4,
    0x2, 0x90, 0x33, 0x0, 0x61, 0xee, 0xff, 0xe0,
    0x38, 0x5, 0xe3, 0xc0, 0x1e, 0x11, 0xff, 0xe0,
    0x78, 0x4, 0x5c, 0x40, 0x11, 0x7f, 0x0, 0x7f,
    0xf0, 0x1f, 0xec,

    /* U+5546 "商" */
    0x0, 0xff, 0x8e, 0x5c, 0x3, 0xff, 0x96, 0xed,
    0x2, 0x1, 0xff, 0xca, 0x42, 0x6, 0x0, 0xff,
    0xe0, 0x5d, 0xff, 0xc6, 0x13, 0x77, 0xfe, 0x61,
    0x44, 0xff, 0x84, 0x5, 0x13, 0xfd, 0xc3, 0xdd,
    0xd8, 0xc7, 0xdd, 0xf9, 0xdd, 0x7d, 0xdd, 0x0,
    0x23, 0xc6, 0xe6, 0xe2, 0x3e, 0x37, 0x70, 0x8,
    0xf0, 0x7, 0xe8, 0x8, 0x0, 0xf4, 0x2, 0xa0,
    0x7, 0xff, 0x5, 0x89, 0x48, 0x3, 0x1a, 0x8d,
    0x80, 0x7f, 0x35, 0xdf, 0x8, 0x4d, 0xde, 0xd0,
    0x5, 0x5d, 0xd9, 0x20, 0x1b, 0x91, 0x38, 0xd1,
    0x3c, 0x20, 0x28, 0x98, 0xd4, 0x3, 0xd1, 0xff,
    0xba, 0xff, 0xf5, 0x5f, 0xfe, 0xc0, 0xf, 0xc2,
    0x1, 0xe, 0xda, 0x80, 0x6, 0xad, 0xc0, 0x21,
    0x0, 0xff, 0x8b, 0xd, 0xd4, 0x0, 0x36, 0x31,
    0x62, 0x1, 0xff, 0xc0, 0x4c, 0x27, 0x80, 0xc,
    0x98, 0x49, 0x84, 0x1, 0xfe, 0x7b, 0x19, 0x80,
    0xf, 0x16, 0xa9, 0x6b, 0x80, 0x7f, 0x20, 0xce,
    0x54, 0xcf, 0xeb, 0x74, 0x70, 0xf, 0xe3, 0xf5,
    0x59, 0x9b, 0xf0, 0x45, 0x80, 0x7f, 0xc2, 0x0,
    0x6f, 0xff, 0x28, 0x7, 0xff, 0xe9, 0xbf, 0xfc,
    0xa0, 0x1f, 0xfc, 0x62, 0x66, 0xfc, 0x20, 0x1f,
    0xfc, 0x31, 0x59, 0x9f, 0xc0, 0x1f, 0xfc, 0x33,
    0xe8, 0x0, 0xf9, 0x2e, 0xef, 0x7, 0x0, 0xff,
    0xe3, 0xaa, 0xcc, 0xb, 0x20, 0x0,

    /* U+56DE "回" */
    0x22, 0xff, 0xe5, 0x86, 0x6e, 0xff, 0xf2, 0x94,
    0x3, 0xff, 0x9d, 0x9f, 0xff, 0xfc, 0x61, 0x0,
    0xff, 0xff, 0x80, 0x76, 0xf7, 0x7f, 0x88, 0x3,
    0xff, 0x80, 0x62, 0x3f, 0xe0, 0xf, 0xfe, 0x1f,
    0x7f, 0xf8, 0x40, 0x3f, 0xff, 0xe0, 0x1f, 0xff,
    0x1c, 0xdd, 0xf0, 0x80, 0x7f, 0xf1, 0x8, 0xbe,
    0x0, 0xff, 0xe1, 0xf7, 0x7f, 0xc4, 0x1, 0xff,
    0xc1, 0x11, 0xff, 0x0, 0x7f, 0xfb, 0x5c, 0x47,
    0xff, 0x8e, 0x1, 0xaf, 0xbb, 0xff, 0x8c, 0x1,
    0xe1, 0x1f, 0xfe, 0x30, 0x7, 0x67, 0x77, 0xff,
    0x18, 0x40, 0x0,

    /* U+5730 "地" */
    0x0, 0xc6, 0x40, 0x1f, 0xf4, 0x38, 0x7, 0xfc,
    0x39, 0x80, 0xf, 0xf0, 0xbc, 0x80, 0x7f, 0xf8,
    0xb7, 0x84, 0x3, 0xff, 0x98, 0x62, 0x1, 0xff,
    0xd8, 0x1a, 0x60, 0xf, 0xfe, 0x51, 0xd7, 0x2d,
    0x80, 0x23, 0x31, 0xa0, 0x39, 0x91, 0x0, 0x7e,
    0x1c, 0xc2, 0x80, 0x71, 0x19, 0xc0, 0x3, 0x38,
    0x40, 0x38, 0x64, 0x0, 0x62, 0xf6, 0x1, 0xa3,
    0x31, 0x60, 0x39, 0x91, 0x80, 0x49, 0x5c, 0xe0,
    0xa, 0xe8, 0x60, 0xc, 0x46, 0x65, 0x0, 0x19,
    0xc0, 0x1, 0xa, 0x50, 0x40, 0x15, 0x0, 0xff,
    0xe1, 0x94, 0x78, 0x0, 0x5f, 0xa8, 0x3, 0xff,
    0x8d, 0xe, 0x1, 0x7c, 0x8, 0x7, 0xff, 0x1e,
    0x57, 0x4, 0x3, 0xff, 0x80, 0x20, 0x1f, 0xe3,
    0xa3, 0x0, 0xff, 0x84, 0x3, 0xff, 0x9c, 0xe0,
    0xe0, 0x1f, 0xcb, 0x86, 0x1, 0xff, 0xc0, 0x30,
    0x10, 0xf, 0x87, 0x68, 0xd0, 0x3, 0xfd, 0xbf,
    0x1, 0x80, 0x18, 0xa0, 0x0, 0x44, 0xa7, 0x0,
    0xff, 0x29, 0xac, 0xb0, 0x1, 0x73, 0x58, 0xa,
    0xb5, 0x40, 0x3f, 0xe8, 0xca, 0x61, 0x0, 0x79,
    0x81, 0xde, 0xa8, 0x7, 0xf0, 0xff, 0x0, 0x76,
    0xd0, 0x72, 0x66, 0x10, 0x3, 0xff, 0x8e, 0x4a,
    0x9, 0x66, 0x1, 0xff, 0xc9, 0x11, 0x0, 0x7f,
    0xf0, 0xc, 0x1c, 0x3, 0xf9, 0xc1, 0x40, 0x3f,
    0xf8, 0xa, 0x13, 0xfd, 0xdf, 0x7c, 0x7, 0x0,
    0x7f, 0xf0, 0x21, 0xc8, 0x4, 0x7e, 0x2, 0x85,
    0x0,

    /* U+5883 "境" */
    0x0, 0xc6, 0x40, 0x1f, 0xc5, 0xe, 0x1, 0xff,
    0x26, 0x70, 0x7, 0xf1, 0xbc, 0x10, 0x7, 0xff,
    0x16, 0x2e, 0xf5, 0x8, 0x7d, 0xdf, 0x18, 0x7,
    0xfc, 0x89, 0xe1, 0x2, 0x44, 0xe6, 0x0, 0xff,
    0xb3, 0xb5, 0xef, 0xbb, 0xa7, 0x3b, 0x8a, 0x1,
    0xff, 0xc0, 0x16, 0x7e, 0x11, 0xc5, 0x3e, 0x22,
    0x0, 0xff, 0xe1, 0x20, 0x28, 0x6, 0xa0, 0x90,
    0xc, 0x71, 0xe, 0x2, 0x88, 0x18, 0x91, 0x46,
    0x26, 0x45, 0x38, 0xb9, 0x14, 0xa, 0xee, 0x50,
    0x17, 0x72, 0x46, 0xec, 0x63, 0x9b, 0xb0, 0x8b,
    0x77, 0xa, 0xbb, 0x94, 0x5, 0xdc, 0x9e, 0xab,
    0xff, 0xc3, 0x13, 0x88, 0x70, 0x14, 0x40, 0xda,
    0xae, 0xff, 0xf8, 0x34, 0x1, 0xff, 0x27, 0x77,
    0xff, 0x2, 0x0, 0x3f, 0xf8, 0x45, 0x33, 0xf9,
    0x40, 0x3f, 0xf8, 0x8c, 0xdf, 0xda, 0x1, 0xff,
    0xc4, 0x4f, 0xff, 0xd0, 0x1, 0xff, 0xc4, 0x28,
    0x8f, 0xc8, 0x1, 0xff, 0xc4, 0x67, 0x7f, 0xd8,
    0x1, 0xff, 0x1b, 0x0, 0x4d, 0x11, 0xfa, 0xc0,
    0x3f, 0x8b, 0x72, 0x1, 0xc0, 0x9d, 0xff, 0x18,
    0x8, 0x6, 0x58, 0x1, 0x21, 0x90, 0x3f, 0xf4,
    0x3, 0x7f, 0x88, 0x33, 0xfd, 0x0, 0x8, 0xfa,
    0x30, 0x4b, 0xe7, 0x0, 0xda, 0x1e, 0x1, 0xfe,
    0xf0, 0x17, 0xdb, 0x40, 0xe, 0x15, 0x4, 0x0,
    0xfc, 0xe2, 0xb5, 0xd0, 0x40, 0x1f, 0x58, 0x19,
    0x0, 0x7e, 0x9d, 0x25, 0x0, 0xfc, 0x34, 0xa1,
    0xc0, 0x10, 0x80, 0x70, 0xb8, 0x7, 0xc2, 0xb5,
    0xca, 0x38, 0x40, 0x13, 0x87, 0xd5, 0x30, 0xc,
    0x3, 0xe1, 0x85, 0x17, 0xf3, 0x0, 0xd0, 0x66,
    0x55, 0x1a, 0x48, 0x7, 0xee, 0xbe, 0x81, 0x0,
    0xe3, 0xcf, 0xfd, 0x62,

    /* U+58F0 "声" */
    0x0, 0xff, 0xe0, 0xb, 0x30, 0x3, 0xff, 0x96,
    0x53, 0x0, 0x1f, 0xfc, 0xb7, 0x0, 0xff, 0xe1,
    0x17, 0xff, 0xfa, 0xc0, 0x7f, 0xff, 0xe0, 0x32,
    0x2f, 0xf8, 0x0, 0x45, 0xfe, 0x30, 0x1d, 0xdf,
    0xf7, 0x0, 0xee, 0xff, 0xb0, 0x3, 0xff, 0xa2,
    0xbb, 0xbf, 0xb8, 0x7, 0x77, 0xfa, 0x40, 0x31,
    0x91, 0x7f, 0x0, 0x8, 0xbf, 0xc0, 0x19, 0xbf,
    0xff, 0xf9, 0x16, 0x1, 0xff, 0xd3, 0x8a, 0x99,
    0xff, 0xe3, 0x8, 0x7, 0x3a, 0xb3, 0x7f, 0xf1,
    0x80, 0x3f, 0x5e, 0x67, 0x50, 0xe, 0x67, 0xc0,
    0x1f, 0xe6, 0x33, 0xe7, 0x0, 0x19, 0xfc, 0x1,
    0xff, 0xd8, 0x30, 0xf, 0xfe, 0x50, 0x80, 0x15,
    0x13, 0xc0, 0x4, 0x4f, 0x80, 0x3e, 0x30, 0x5,
    0xdf, 0xa4, 0x6, 0xef, 0xe0, 0xf, 0x9c, 0x9,
    0xdf, 0xff, 0x88, 0x1, 0xf6, 0x2, 0xc4, 0x7f,
    0xf1, 0x0, 0x3e, 0x70, 0xc0, 0xf, 0xfe, 0x27,
    0xf8, 0x40, 0x25, 0x11, 0x20, 0x7, 0xff, 0x2a,
    0xc2, 0x40, 0x3f, 0xf9, 0x54, 0x22, 0x70, 0xf,
    0xfe, 0x50, 0x85, 0x0, 0x7f, 0xf2, 0xee, 0xc8,
    0x1, 0xff, 0xca,

    /* U+5907 "备" */
    0x0, 0xff, 0x32, 0x88, 0x7, 0xff, 0x31, 0x66,
    0x88, 0x3, 0xff, 0x96, 0x74, 0xe, 0x60, 0x1f,
    0x8, 0x7, 0xff, 0x8, 0xb4, 0x0, 0xff, 0xff,
    0xbb, 0x88, 0x1, 0xff, 0x1e, 0x8, 0x8c, 0xff,
    0x80, 0x25, 0x0, 0xff, 0x36, 0x8, 0x3e, 0x67,
    0xe5, 0x0, 0x68, 0x80, 0x7e, 0x2b, 0x90, 0x50,
    0x6a, 0x0, 0xe1, 0xc6, 0xb, 0x30, 0xf, 0xcd,
    0xa8, 0x35, 0x4c, 0x15, 0xe4, 0x0, 0x37, 0x98,
    0xe2, 0x0, 0x7f, 0x39, 0x37, 0xa8, 0x1f, 0xa0,
    0xdd, 0xb2, 0x45, 0x7c, 0xc0, 0x3f, 0xc3, 0xb2,
    0x20, 0x10, 0xda, 0x2, 0x18, 0x2d, 0x8, 0x7,
    0xff, 0x15, 0x27, 0xd0, 0x4, 0x40, 0xbf, 0x4c,
    0x20, 0x1f, 0xf1, 0xb5, 0x7d, 0xb0, 0x1c, 0xf7,
    0x24, 0xc1, 0x67, 0xb6, 0x9d, 0x4, 0x2, 0x9c,
    0xfc, 0x95, 0x2, 0x7d, 0xc6, 0x0, 0x36, 0x6c,
    0x20, 0x12, 0xc5, 0xf6, 0x80, 0x46, 0x2, 0xb3,
    0xba, 0x82, 0x0, 0xf1, 0x3d, 0xfe, 0x42, 0x90,
    0x70, 0x2, 0x2f, 0xb5, 0x23, 0x3b, 0xbf, 0xf8,
    0x3b, 0x31, 0xbe, 0x60, 0x1, 0x41, 0x1, 0x1f,
    0xfe, 0x30, 0x7, 0xff, 0x3, 0xff, 0xb4, 0x1,
    0xff, 0xd8, 0x1, 0xff, 0xde, 0x11, 0xf0, 0x0,
    0x84, 0x73, 0x80, 0x7f, 0xf0, 0xbb, 0xbb, 0x0,
    0x1b, 0xdd, 0xac, 0x3, 0xff, 0x84, 0xcd, 0xca,
    0x0, 0x56, 0x6c, 0x80, 0x1f, 0xfc, 0x29, 0x9e,
    0x80, 0x5, 0x4c, 0xe8, 0x0, 0xff, 0xef, 0x22,
    0x78, 0x0, 0x89, 0xe0, 0xf, 0xfe, 0x15, 0xdf,
    0x48, 0x2, 0xef, 0xa0, 0x3, 0xff, 0x84, 0xcd,
    0xff, 0xc1, 0x50, 0xf, 0xf8, 0xff, 0xd3, 0x3f,
    0xfc, 0x1a, 0xff, 0x10, 0x6,

    /* U+590D "复" */
    0x0, 0xf9, 0xc, 0x3, 0xff, 0x9a, 0x37, 0x84,
    0x1, 0xff, 0xcc, 0xb0, 0x62, 0x0, 0xff, 0xe5,
    0xb2, 0x82, 0x66, 0x7f, 0xf1, 0x18, 0x3, 0xc9,
    0x20, 0x2, 0x33, 0xff, 0xe2, 0x8, 0x7, 0x1d,
    0x84, 0x7f, 0xff, 0xf1, 0x9c, 0x3, 0x26, 0x3,
    0x38, 0x7, 0xff, 0x29, 0x6c, 0x1a, 0x7f, 0xff,
    0xf8, 0xae, 0x1, 0xca, 0x71, 0x20, 0x13, 0xc4,
    0x7f, 0xf0, 0x8, 0x3, 0xf6, 0x38, 0x6, 0x97,
    0x7f, 0xfe, 0x3, 0x0, 0x7f, 0xf0, 0xbb, 0xff,
    0xff, 0x80, 0x80, 0x1f, 0xfc, 0x27, 0x88, 0xff,
    0xe0, 0x10, 0x7, 0xff, 0xa, 0x5d, 0xff, 0xf8,
    0xc, 0x1, 0xff, 0xc2, 0x97, 0x7f, 0xfe, 0x3,
    0x0, 0x7f, 0xf0, 0x9e, 0x23, 0xff, 0x80, 0x40,
    0x1f, 0xfc, 0xf, 0xf5, 0x80, 0x37, 0xff, 0xfe,
    0x70, 0xf, 0xf8, 0xa8, 0x24, 0x80, 0x3f, 0x84,
    0x3, 0xff, 0x80, 0x78, 0x21, 0x3f, 0xff, 0xee,
    0xa0, 0xf, 0xf2, 0xe0, 0x82, 0xb3, 0x7f, 0x18,
    0x3, 0x40, 0x3f, 0xc, 0xd0, 0x28, 0x3d, 0x4c,
    0xfd, 0xe6, 0xe, 0xe0, 0xf, 0x87, 0xd8, 0x6e,
    0xa8, 0x59, 0x2, 0x1, 0x1e, 0x48, 0x4c, 0x0,
    0x7e, 0x1b, 0x5f, 0x40, 0x5d, 0x37, 0xe8, 0x5b,
    0xc3, 0x36, 0xb0, 0x7, 0xf9, 0x68, 0x40, 0x22,
    0xd4, 0x7, 0xa4, 0x8, 0xc2, 0x0, 0xff, 0xe1,
    0x1b, 0x4e, 0x72, 0x0, 0xc, 0x1, 0x1d, 0x70,
    0xa6, 0x20, 0x1d, 0x17, 0x9d, 0xf9, 0x2c, 0x64,
    0xd7, 0xf9, 0xd2, 0x82, 0x8f, 0x59, 0xdf, 0xb4,
    0x1, 0x21, 0x89, 0x23, 0xd7, 0x6c, 0xa0, 0x0,
    0x5a, 0xff, 0x65, 0xd0, 0x80, 0xbc, 0x1, 0x39,
    0xbf, 0xb7, 0xa, 0x20, 0x1f, 0xc4, 0xd1, 0x7b,
    0xfc, 0xa0,

    /* U+5A92 "媒" */
    0x0, 0xcb, 0x48, 0x1, 0xea, 0xb0, 0xf, 0xae,
    0xc0, 0x1f, 0xb5, 0x48, 0x3, 0xc8, 0x80, 0xf,
    0x91, 0x0, 0x1f, 0x88, 0x8, 0x3, 0xff, 0x9a,
    0xc0, 0xa0, 0x12, 0x5d, 0x84, 0x2e, 0xfe, 0x0,
    0x5d, 0x94, 0x3, 0x88, 0x4, 0x2, 0x24, 0x40,
    0x1, 0x13, 0xe0, 0x2, 0x23, 0x40, 0x30, 0x88,
    0x80, 0x33, 0xee, 0x80, 0x1b, 0xbf, 0x0, 0x37,
    0x52, 0x0, 0x8d, 0xf0, 0x2d, 0xd7, 0xe8, 0x11,
    0x4, 0x8, 0xbe, 0x0, 0x11, 0x4, 0x0, 0x44,
    0x10, 0x1, 0x10, 0x8, 0x3, 0xff, 0x8f, 0x34,
    0x80, 0xf5, 0x40, 0x0, 0x80, 0x6f, 0xff, 0x80,
    0x3e, 0x35, 0x70, 0x95, 0x50, 0x8, 0x7, 0x33,
    0x7c, 0x1, 0xfc, 0x62, 0x20, 0x10, 0x20, 0xe,
    0x99, 0xf8, 0x3, 0xf1, 0x2, 0x80, 0x8, 0x18,
    0x3, 0xff, 0x90, 0x80, 0x60, 0x5, 0x2, 0x0,
    0xef, 0xff, 0x80, 0x3f, 0x78, 0x60, 0x3, 0xc3,
    0x40, 0x22, 0x2e, 0x0, 0x11, 0x60, 0xf, 0x20,
    0x28, 0x1, 0x1, 0xc0, 0x2c, 0xdd, 0xbc, 0xb,
    0x77, 0x0, 0x70, 0x90, 0x88, 0x4, 0x84, 0x80,
    0x3f, 0xf8, 0xe6, 0x22, 0xc1, 0x70, 0x40, 0x4c,
    0xcf, 0x78, 0x16, 0x67, 0x98, 0x0, 0x5e, 0x66,
    0xfb, 0xf, 0x2, 0x33, 0xf1, 0x0, 0xc, 0xfd,
    0xc0, 0x10, 0xe2, 0x89, 0x2, 0x83, 0x7f, 0xee,
    0x30, 0xd, 0x5f, 0xfa, 0x0, 0x3a, 0x88, 0x0,
    0x80, 0x1e, 0x83, 0x30, 0x8, 0xa8, 0xc0, 0x3f,
    0x90, 0x80, 0x16, 0x80, 0x1a, 0x58, 0xbc, 0xe,
    0x83, 0x4c, 0x3, 0xe1, 0xa0, 0x77, 0x5, 0x8,
    0x2, 0x98, 0x70, 0x40, 0x9, 0x3, 0x88, 0x1,
    0xed, 0x13, 0x88, 0x2a, 0x84, 0xf5, 0x4b, 0xc4,
    0x3, 0x3b, 0x82, 0xdc, 0x2, 0x2d, 0x31, 0xd0,
    0x5, 0x55, 0x84, 0x98, 0x20, 0x1e, 0x88, 0x4,
    0x68, 0x3, 0xc8, 0x98, 0x20, 0x10, 0x98, 0x4d,
    0x88, 0x7, 0xe7, 0xb1, 0x80, 0x7, 0xae, 0x10,
    0x7, 0x4f, 0x30, 0x7, 0xfc, 0x9c, 0xa0,

    /* U+5B58 "存" */
    0x0, 0xfe, 0x27, 0x20, 0xf, 0xfe, 0x5a, 0xc7,
    0x0, 0x7f, 0xf2, 0xec, 0x2c, 0x3, 0xff, 0x94,
    0x46, 0xc, 0x1, 0xff, 0xc2, 0x1f, 0xff, 0xb4,
    0x1, 0xdf, 0xff, 0xfc, 0x16, 0x0, 0xff, 0xe6,
    0x88, 0xbb, 0xbd, 0x0, 0x5d, 0xdf, 0xfc, 0x37,
    0x1, 0x1f, 0x50, 0x58, 0x8f, 0xff, 0xc, 0x3,
    0xe6, 0x21, 0x60, 0xf, 0xfe, 0x48, 0xc0, 0x40,
    0x1f, 0x77, 0xfd, 0xee, 0x1, 0xf5, 0x89, 0x30,
    0x0, 0x47, 0xfe, 0xb, 0x0, 0xf2, 0xa8, 0x38,
    0x0, 0x7f, 0xff, 0xb4, 0x80, 0xf0, 0x3, 0x8a,
    0x81, 0x8c, 0x3, 0xfc, 0x5e, 0x49, 0x80, 0x1c,
    0x3e, 0x0, 0xf0, 0xf, 0xf2, 0xe9, 0x3d, 0x80,
    0x70, 0xe1, 0x0, 0x7f, 0xf0, 0x26, 0x86, 0xa0,
    0x3, 0x8b, 0xc8, 0x8, 0x3, 0xfe, 0x50, 0x85,
    0x0, 0xf7, 0x8, 0xb1, 0xc0, 0x22, 0x33, 0xf8,
    0x43, 0x8c, 0xfe, 0x82, 0xc3, 0x0, 0xd1, 0x99,
    0xf1, 0x3, 0xe6, 0x7b, 0xd3, 0x48, 0x3, 0xb5,
    0x13, 0xe0, 0x1, 0x22, 0x79, 0x40, 0x3f, 0x3d,
    0xdf, 0xc6, 0x17, 0x7f, 0x48, 0x7, 0xff, 0xfc,
    0x3, 0xff, 0x92, 0x60, 0x1f, 0xfc, 0x63, 0xfe,
    0xe7, 0x98, 0x8, 0x7, 0xff, 0x18, 0xc4, 0x60,
    0x17, 0x40, 0xf, 0xfa, 0xbd, 0x80, 0x3b, 0xbf,
    0xee, 0x80, 0xf, 0xc0,

    /* U+5C4F "屏" */
    0x0, 0xe1, 0x0, 0xff, 0xe6, 0x1f, 0xf7, 0xff,
    0xff, 0x1c, 0x3, 0xf1, 0x9f, 0xff, 0x10, 0x80,
    0x3f, 0x87, 0x33, 0xff, 0x89, 0xc0, 0x1f, 0xfd,
    0x81, 0xbb, 0xff, 0xe2, 0x78, 0x7, 0xf9, 0x13,
    0xff, 0x88, 0x60, 0x1f, 0xc3, 0xbb, 0xaa, 0x37,
    0x7f, 0x4c, 0x66, 0xe8, 0x3, 0xf1, 0x14, 0x35,
    0x0, 0x45, 0xf5, 0x45, 0x11, 0x0, 0x3f, 0xe3,
    0x50, 0x90, 0xf, 0x21, 0x8c, 0x0, 0x7f, 0xf0,
    0xac, 0x4c, 0x3, 0xd0, 0x16, 0x20, 0x1f, 0xe1,
    0xcc, 0xb4, 0x93, 0x33, 0xb4, 0xc2, 0x73, 0x29,
    0x0, 0xce, 0x6, 0x7f, 0xfc, 0x12, 0x0, 0x19,
    0xe2, 0x0, 0xf0, 0x97, 0xfe, 0x30, 0xbf, 0xfe,
    0x0, 0x6f, 0xfd, 0x60, 0x18, 0x81, 0xc0, 0x3f,
    0xf9, 0x82, 0x2, 0x1, 0xff, 0xcc, 0xe0, 0x20,
    0xe, 0x10, 0xf, 0xe1, 0x0, 0xfc, 0x41, 0xdc,
    0xff, 0xc4, 0x17, 0xff, 0xc0, 0xc, 0xff, 0xd0,
    0x1, 0x28, 0x2a, 0x19, 0xc4, 0x0, 0x33, 0xf0,
    0x0, 0xcf, 0xb8, 0x0, 0x42, 0x7, 0x59, 0x95,
    0x1, 0xe6, 0x78, 0x1, 0xd9, 0x99, 0x80, 0xa,
    0x6, 0x1, 0x86, 0x42, 0x80, 0x3f, 0xf8, 0x94,
    0x16, 0x1, 0xe, 0x89, 0xb0, 0x7, 0xff, 0xd,
    0x8, 0x18, 0x0, 0x98, 0x63, 0xc0, 0x1f, 0xfc,
    0x49, 0x6, 0x10, 0xab, 0x23, 0xf2, 0x0, 0xff,
    0xe2, 0x49, 0xc0, 0x2, 0x4a, 0x70, 0x40, 0x3f,
    0xf8, 0xa9, 0x82, 0x0, 0x3d, 0x60, 0xf, 0xf7,
    0xf8, 0x80, 0x38,

    /* U+5DF2 "已" */
    0x8f, 0xff, 0xfe, 0x41, 0x0, 0x7f, 0xf4, 0x27,
    0x77, 0xff, 0x8c, 0x1, 0xe1, 0x22, 0xff, 0xe3,
    0x0, 0x7f, 0xf5, 0x6e, 0xc0, 0x1f, 0xfc, 0xb4,
    0x40, 0x80, 0x7f, 0xff, 0x88, 0x47, 0xff, 0x84,
    0x1, 0xfe, 0xce, 0xef, 0xfe, 0x10, 0x7, 0xff,
    0x5f, 0xbf, 0xff, 0xf8, 0x40, 0x1f, 0xfc, 0xda,
    0xa1, 0x80, 0x7f, 0xf2, 0x95, 0x42, 0x1, 0xff,
    0xe6, 0x69, 0x30, 0xf, 0xfe, 0x57, 0xb4, 0x80,
    0x7f, 0xf2, 0x88, 0x34, 0x3, 0xff, 0x94, 0x80,
    0x60, 0x1, 0x9, 0x0, 0xff, 0xe1, 0x8d, 0x0,
    0x10, 0x0, 0xc0, 0xff, 0xdb, 0xbf, 0xfc, 0x1e,
    0x50, 0x80, 0xa, 0x1c, 0x40, 0x48, 0xbf, 0xf8,
    0x20, 0x30, 0xe0, 0x1a, 0x3b, 0x99, 0x9f, 0xfc,
    0x2e, 0xe3, 0x80, 0x0,

    /* U+5E55 "幕" */
    0x0, 0xfc, 0xf0, 0x20, 0x1e, 0x18, 0x70, 0xf,
    0xfe, 0x25, 0x39, 0x80, 0x78, 0xde, 0x40, 0x3f,
    0x8e, 0xef, 0xc4, 0x1d, 0x77, 0xee, 0x1, 0xbb,
    0xf2, 0x80, 0x1d, 0x13, 0xc0, 0x3, 0x44, 0xf1,
    0x80, 0x11, 0x3c, 0x40, 0x4, 0xff, 0xf1, 0x6,
    0x7f, 0xfb, 0x40, 0x7f, 0xfc, 0xe0, 0x1e, 0x22,
    0xa9, 0xc0, 0x8b, 0xc1, 0x10, 0x22, 0x84, 0x3,
    0xf0, 0xee, 0xd0, 0xf9, 0xbb, 0xf4, 0x4e, 0xed,
    0x80, 0x1f, 0xf5, 0xdf, 0xff, 0xa, 0x40, 0x3f,
    0xf8, 0x2, 0x89, 0xff, 0xc2, 0x50, 0xf, 0xfe,
    0x0, 0xff, 0xff, 0xf0, 0xb0, 0x3, 0xff, 0x83,
    0x33, 0xff, 0xc2, 0x70, 0xf, 0xfe, 0x0, 0xb3,
    0x7f, 0xf0, 0xac, 0x3, 0xff, 0x80, 0x3f, 0xff,
    0xfc, 0x2c, 0x0, 0xff, 0xc, 0x46, 0x50, 0x4,
    0x47, 0xfd, 0x60, 0x1f, 0xce, 0xf9, 0x81, 0xdf,
    0xff, 0x80, 0xc0, 0x1c, 0xbb, 0xbe, 0xe3, 0x5,
    0xdd, 0xff, 0xe1, 0x40, 0x7, 0xe2, 0x10, 0x20,
    0x1, 0x10, 0x2, 0x32, 0x20, 0x7, 0xe5, 0xdd,
    0xc8, 0x3, 0xbb, 0x80, 0x1b, 0xb7, 0x20, 0x26,
    0xee, 0x80, 0xe, 0x2c, 0x61, 0xd2, 0x0, 0x8,
    0x0, 0x40, 0x2a, 0x46, 0xd4, 0x0, 0xfa, 0x34,
    0xc0, 0x73, 0xfe, 0xe0, 0x7, 0x7f, 0xdc, 0x80,
    0x57, 0x64, 0x0, 0x9f, 0x9c, 0x20, 0x0, 0xab,
    0xc0, 0x5, 0x5e, 0x40, 0x53, 0x4b, 0xd0, 0x8,
    0x5b, 0x9c, 0xa, 0xab, 0x80, 0x15, 0x5d, 0xe1,
    0xb9, 0x69, 0x40, 0x7, 0xe9, 0x10, 0xf, 0xfe,
    0x3a, 0x5b, 0x80, 0x42, 0x1, 0xff, 0xc3, 0x11,
    0x80, 0x3f, 0xf9, 0xbd, 0xca, 0x2, 0x0, 0xff,
    0x9a, 0x80, 0x3f, 0xd5, 0x13, 0x8a, 0x1, 0xc0,

    /* U+5E8F "序" */
    0x0, 0xff, 0xe1, 0x20, 0x7, 0xff, 0x37, 0x2e,
    0x0, 0x3f, 0xf9, 0x92, 0xe, 0x20, 0x1f, 0xfc,
    0x12, 0x33, 0x11, 0x7c, 0xc2, 0x10, 0x45, 0xfc,
    0x20, 0x17, 0xe6, 0x37, 0x7e, 0xc1, 0x6, 0xdd,
    0xfe, 0x70, 0xe, 0x23, 0x3f, 0xfe, 0x48, 0x7,
    0x76, 0x67, 0xff, 0x21, 0x40, 0x3e, 0x2a, 0xaf,
    0xfe, 0xd, 0xc8, 0x7, 0xfc, 0x2a, 0xbf, 0xfc,
    0x14, 0x66, 0x0, 0x7f, 0x8f, 0xbb, 0xfe, 0x60,
    0x4, 0xb0, 0x7, 0xfc, 0x23, 0x49, 0x8, 0xe0,
    0xa6, 0x1b, 0x60, 0xf, 0xfe, 0x13, 0xbb, 0x30,
    0xa0, 0xde, 0x88, 0xf4, 0x0, 0xff, 0x8, 0x6,
    0x7d, 0x63, 0xaf, 0x90, 0x9b, 0x10, 0xf, 0xe3,
    0x0, 0xf8, 0xa7, 0x98, 0x3, 0xff, 0x8a, 0x6f,
    0x55, 0xeb, 0x34, 0x1, 0x9c, 0xaa, 0xd6, 0xe0,
    0x18, 0x40, 0x6d, 0x57, 0xf2, 0x0, 0x46, 0xab,
    0x92, 0x80, 0x3e, 0xec, 0xcf, 0xc0, 0xb, 0xcc,
    0xd2, 0x0, 0xe0, 0x8, 0x80, 0x80, 0x8c, 0xff,
    0x0, 0x14, 0xce, 0x2b, 0x9, 0x30, 0x9, 0x81,
    0x80, 0x3f, 0xf8, 0x94, 0x4c, 0xc0, 0xc, 0x60,
    0x40, 0x1f, 0xfc, 0x38, 0x44, 0x48, 0x7, 0x68,
    0x78, 0x7, 0xff, 0xe, 0x2a, 0xc0, 0x3c, 0x80,
    0x80, 0x1f, 0xfc, 0x45, 0x0, 0xf2, 0x8, 0x88,
    0x3, 0xff, 0x97, 0xc0, 0xe0, 0x1f, 0xe1, 0x0,
    0x8, 0x7, 0xf1, 0x28, 0x58, 0x7, 0xe, 0xf7,
    0x60, 0xf, 0xfe, 0x1, 0x4a, 0x90, 0x7, 0xb,
    0x88, 0xe3, 0xb0, 0xf, 0xf9, 0xa8, 0x3, 0xea,
    0xff, 0xbb, 0x10, 0x3, 0xfc,

    /* U+5EA6 "度" */
    0x0, 0xff, 0xe0, 0x14, 0xd0, 0x7, 0xff, 0x30,
    0xd9, 0x50, 0x3, 0xff, 0x96, 0x2a, 0x1e, 0x1,
    0xff, 0xc1, 0x3f, 0xff, 0xf2, 0x82, 0x7f, 0xff,
    0x58, 0x4, 0xe0, 0x1f, 0xfc, 0xa7, 0x0, 0xe2,
    0xff, 0xed, 0xd7, 0xff, 0xbb, 0x75, 0xff, 0xb0,
    0x3, 0xfe, 0xdd, 0x0, 0x78, 0xf7, 0x0, 0x3f,
    0xfb, 0x4b, 0x77, 0x80, 0x17, 0x7e, 0x90, 0x1b,
    0xbc, 0xa0, 0x1e, 0x24, 0x4c, 0x0, 0x44, 0xf8,
    0x0, 0x89, 0x88, 0x3, 0xcf, 0xff, 0x80, 0x1d,
    0xff, 0xd8, 0x3, 0xff, 0x9c, 0x3, 0xff, 0x82,
    0x20, 0x1c, 0x20, 0x1f, 0xfd, 0xb1, 0x0, 0xfb,
    0xff, 0xda, 0x1, 0xfe, 0x10, 0x70, 0xe, 0x44,
    0xff, 0x80, 0x3f, 0x18, 0x8, 0x7, 0x5d, 0xff,
    0xa8, 0x3, 0xf0, 0x81, 0x9a, 0xab, 0xff, 0x87,
    0x70, 0x20, 0x1d, 0xc1, 0xcc, 0xab, 0xff, 0xc3,
    0x47, 0x20, 0xe, 0x50, 0x25, 0xee, 0x58, 0xe,
    0x77, 0x7d, 0x82, 0xe, 0x60, 0x1c, 0x40, 0xe0,
    0x22, 0x46, 0x1e, 0x31, 0x1e, 0x3e, 0x15, 0x80,
    0xe, 0x11, 0x1, 0x0, 0x69, 0x62, 0xd7, 0x0,
    0x9f, 0x49, 0xa8, 0x3, 0xc8, 0x6, 0x1, 0xe9,
    0x90, 0x46, 0xc7, 0x40, 0x4c, 0x80, 0x3e, 0xf0,
    0x40, 0xf, 0x9d, 0xc0, 0x4e, 0x21, 0x4c, 0x1,
    0xf9, 0x42, 0xc0, 0x4, 0x8f, 0x5b, 0xce, 0x4,
    0x80, 0xa, 0xeb, 0x74, 0x10, 0x9, 0xc0, 0x8c,
    0xbf, 0x6e, 0x14, 0x8d, 0xf3, 0x6f, 0xa5, 0x5,
    0x22, 0xfb, 0xec, 0x15, 0x56, 0x4, 0xc8, 0xd3,
    0x9f, 0x90, 0x60, 0x1, 0x6b, 0xfb, 0x85, 0x20,
    0x80, 0x2a, 0x60, 0x4, 0xdc, 0xb1, 0x80, 0x7f,
    0x91, 0xeb, 0x7c, 0xc0,

    /* U+5F00 "开" */
    0x9, 0xee, 0xff, 0xe5, 0x40, 0x0, 0xc4, 0x7f,
    0xf9, 0x60, 0xa, 0xee, 0xe0, 0x5, 0xf7, 0x7c,
    0x0, 0xbe, 0xed, 0x20, 0x10, 0x8f, 0x81, 0xc4,
    0x7e, 0x0, 0x38, 0x8e, 0x0, 0xff, 0xff, 0x80,
    0x7f, 0xfd, 0x4, 0x3, 0xff, 0x8d, 0x3d, 0xde,
    0x0, 0x67, 0x77, 0xc0, 0xc, 0xee, 0xe6, 0x31,
    0x1f, 0x0, 0x42, 0x3f, 0x0, 0x42, 0x3e, 0xbe,
    0xee, 0xc0, 0x7, 0x77, 0xe0, 0x5, 0xf7, 0x73,
    0x88, 0xf9, 0xc0, 0x47, 0xf8, 0x0, 0xe2, 0x3c,
    0x1, 0xf6, 0x2, 0x80, 0x7f, 0xf2, 0xd0, 0xc,
    0x3, 0xff, 0x94, 0x46, 0x16, 0x1, 0xff, 0xca,
    0x80, 0x23, 0x0, 0xff, 0xe4, 0xa2, 0x85, 0x80,
    0x7f, 0xf2, 0x46, 0x80, 0xd8, 0x3, 0xff, 0x90,
    0x38, 0x21, 0xc0, 0x1f, 0xfc, 0x83, 0xf2, 0xb,
    0x20, 0xf, 0xfe, 0x3a, 0x60, 0x85, 0xa0, 0x7,
    0xff, 0x21, 0x20, 0xf5, 0x0, 0x3f, 0xf9, 0x4f,
    0x84, 0x1, 0xff, 0xc1, 0xff, 0x18, 0x7, 0x80,

    /* U+5F0F "式" */
    0x0, 0xff, 0xe1, 0x99, 0x80, 0x3f, 0xf9, 0xb9,
    0x84, 0x5, 0xe6, 0x0, 0xff, 0xe6, 0x8c, 0xd0,
    0x7, 0xff, 0x1c, 0x40, 0x25, 0xd1, 0x5c, 0x0,
    0xff, 0xe4, 0x8, 0x0, 0xbc, 0x8c, 0xc0, 0x10,
    0x8f, 0xff, 0x8, 0xc0, 0xc4, 0x60, 0xea, 0x21,
    0x3, 0xee, 0xff, 0xe1, 0x10, 0x4f, 0x76, 0xca,
    0xea, 0x0, 0xff, 0xe7, 0x8, 0x1f, 0xff, 0xff,
    0x9, 0x41, 0xff, 0xfe, 0xa0, 0xf, 0xfe, 0x21,
    0x81, 0x0, 0x7f, 0xf3, 0x38, 0x4, 0x3, 0xfe,
    0x11, 0xff, 0xe0, 0x1, 0x3, 0x0, 0x7f, 0x93,
    0xbb, 0xff, 0x80, 0x2c, 0x4, 0x1, 0xff, 0xcc,
    0x20, 0x1, 0x0, 0x7f, 0x27, 0xfe, 0xc0, 0x1f,
    0xfe, 0x11, 0x81, 0x80, 0x3f, 0xf9, 0x8a, 0x6,
    0x1, 0xff, 0xcc, 0x30, 0xc0, 0xf, 0xfe, 0x66,
    0x2, 0x0, 0x7f, 0xf3, 0x10, 0x0, 0x80, 0x18,
    0x40, 0x3f, 0xf8, 0xe8, 0x1a, 0x1, 0xa2, 0x44,
    0x3, 0xfe, 0x14, 0x8a, 0x0, 0x68, 0x30, 0x6,
    0x36, 0x20, 0xf, 0x38, 0xd, 0x77, 0x2d, 0xd4,
    0x0, 0xc2, 0xe, 0x1, 0x30, 0x8, 0x1, 0x1e,
    0xb6, 0xc0, 0xa, 0x22, 0x59, 0xc0, 0x9, 0x82,
    0x8, 0x0, 0x60, 0x41, 0xf7, 0xa, 0x40, 0x6d,
    0x5d, 0xca, 0x63, 0x0, 0xa0, 0x83, 0x15, 0xc0,
    0xc0, 0xa, 0x29, 0x17, 0xf9, 0x2a, 0x20, 0x1f,
    0xb8, 0x45, 0x50, 0x14, 0x0, 0xae, 0xb7, 0x40,
    0xf, 0xfe, 0x9, 0xe2, 0x80, 0x19, 0x80,

    /* U+5F53 "当" */
    0x0, 0xfe, 0x2b, 0xb0, 0x80, 0x7f, 0x8c, 0xc0,
    0x1f, 0x22, 0xc, 0x3, 0xd0, 0xc2, 0xb9, 0xa2,
    0x1, 0xff, 0xc2, 0x17, 0x96, 0x54, 0x1a, 0x0,
    0xff, 0xe1, 0x48, 0xb, 0x84, 0x82, 0x28, 0x7,
    0xff, 0x0, 0x5c, 0x2c, 0x0, 0x4e, 0x16, 0x1,
    0xff, 0xc0, 0x80, 0x35, 0x0, 0xa0, 0x44, 0xe0,
    0x1f, 0xe2, 0x60, 0xf0, 0xe, 0x60, 0xa0, 0xf,
    0xf4, 0x82, 0x98, 0x7, 0x4b, 0xe0, 0x7, 0xfb,
    0xe, 0xc0, 0x3c, 0x30, 0x20, 0x1f, 0xe7, 0xc1,
    0x0, 0x8b, 0x77, 0xf7, 0x80, 0x3f, 0x77, 0xf2,
    0x9, 0x17, 0xf0, 0x0, 0x8b, 0xf8, 0x4e, 0xef,
    0xff, 0x8c, 0x20, 0x12, 0x27, 0xff, 0x18, 0x3,
    0xff, 0xc8, 0x26, 0x7f, 0xfc, 0x50, 0xc, 0xb9,
    0x9f, 0xfc, 0x51, 0x0, 0x9c, 0xcf, 0xff, 0x8a,
    0x1, 0x8f, 0x33, 0xff, 0x8a, 0x20, 0x1f, 0xfe,
    0x31, 0x1f, 0xfe, 0x30, 0x5, 0x9d, 0xdf, 0xfc,
    0x61, 0x0, 0xff, 0xe6, 0x67, 0xff, 0xff, 0x18,
    0x40, 0x0,

    /* U+6062 "恢" */
    0x0, 0x8e, 0xe0, 0x3, 0xe8, 0xa2, 0x0, 0xff,
    0xe1, 0x32, 0x18, 0x7, 0xca, 0xa0, 0xf, 0xfe,
    0x69, 0x81, 0x80, 0x7f, 0xf3, 0x4, 0x4, 0x3,
    0xff, 0x96, 0x60, 0x40, 0x1f, 0xfc, 0x66, 0x71,
    0xff, 0xb0, 0xb, 0xff, 0xfd, 0x40, 0x8, 0xc0,
    0xb, 0x60, 0xc4, 0x60, 0x8, 0x47, 0xfc, 0x60,
    0x2, 0x30, 0xb, 0x81, 0x7b, 0xa5, 0xa, 0xee,
    0xd9, 0xdd, 0xd2, 0x0, 0x62, 0x0, 0x94, 0x2c,
    0x2, 0x60, 0x70, 0x8, 0x76, 0x80, 0x3e, 0x26,
    0x0, 0xc8, 0x62, 0x0, 0x30, 0x20, 0x8, 0xc0,
    0xc0, 0x3c, 0x42, 0x40, 0x1b, 0x8, 0xc0, 0xc0,
    0xc0, 0x8c, 0x4, 0x4, 0x0, 0x8a, 0x0, 0x70,
    0xc0, 0xc, 0xfa, 0x40, 0x80, 0x80, 0xb8, 0x4c,
    0x1e, 0x0, 0xfa, 0x0, 0x78, 0x20, 0x7, 0xeb,
    0xc, 0xd, 0x2, 0x30, 0x10, 0x2, 0x18, 0x3,
    0x9c, 0x40, 0x3e, 0x13, 0x4, 0x4, 0x40, 0x70,
    0x10, 0x20, 0x58, 0x1, 0x20, 0x3, 0xf3, 0x82,
    0x81, 0x8e, 0x1, 0x83, 0x6, 0x82, 0x80, 0x7f,
    0xf0, 0x2c, 0x38, 0x2c, 0x14, 0x14, 0x8, 0x58,
    0x88, 0x1, 0xff, 0x21, 0xa, 0xb, 0x99, 0x8,
    0x80, 0xc, 0x16, 0x1, 0xff, 0xc0, 0x80, 0x90,
    0x1a, 0x80, 0x70, 0x2, 0xbc, 0xb0, 0x7, 0xfc,
    0xc6, 0x2e, 0x0, 0x54, 0xd, 0x0, 0x70, 0x30,
    0x7, 0xfc, 0x52, 0x10, 0x1, 0xc4, 0x82, 0x88,
    0x30, 0xf, 0xfe, 0x7, 0x2, 0x30, 0x7, 0x70,
    0x4c, 0x7, 0x80, 0x7f, 0xf0, 0x38, 0xe8, 0x3,
    0xa0, 0xc5, 0xcd, 0x4d, 0xc0, 0x3f, 0xe2, 0xc1,
    0x0, 0xd0, 0xe1, 0xa0, 0xb, 0x8, 0x60, 0xf,
    0xfe, 0x19, 0xe3, 0x85, 0x18, 0x0, 0x6c, 0x26,
    0x40, 0x1f, 0xfc, 0x19, 0xc3, 0x1b, 0x50, 0xc,
    0x94, 0xd, 0x60, 0x1f, 0xfc, 0x8, 0x17, 0xe4,
    0x0, 0xf2, 0xea, 0x50, 0x6, 0x5f, 0xb0, 0xe,
    0x1e, 0x80, 0xf, 0xe2, 0xb1, 0x0,

    /* U+606F "息" */
    0x0, 0xff, 0x92, 0xe0, 0x3, 0xff, 0x97, 0xc8,
    0x60, 0x1f, 0xfc, 0xa1, 0x50, 0x90, 0xf, 0xfe,
    0x25, 0xff, 0xf7, 0x0, 0x37, 0xff, 0xe2, 0x0,
    0xfc, 0xe0, 0x68, 0x9f, 0xfc, 0x0, 0x0, 0x80,
    0x7f, 0xbe, 0xef, 0xff, 0x80, 0x20, 0x1f, 0xfd,
    0xac, 0xff, 0xff, 0xe0, 0x8, 0x7, 0xff, 0x1,
    0x19, 0xbf, 0xf8, 0x0, 0x1f, 0xfc, 0x18, 0x99,
    0xff, 0xe0, 0x8, 0x7, 0xff, 0x1, 0xc0, 0x3f,
    0xf9, 0xb7, 0xff, 0xff, 0xc0, 0x10, 0xf, 0xfe,
    0x2, 0xb3, 0x7f, 0xf0, 0x0, 0x3f, 0xf8, 0x33,
    0x3f, 0xfc, 0x11, 0x0, 0xff, 0xe0, 0x38, 0x7,
    0xff, 0x36, 0xff, 0xff, 0xf8, 0x2, 0x1, 0xfe,
    0xb5, 0x5f, 0x19, 0x95, 0x7f, 0x10, 0x7, 0xe7,
    0xaa, 0xe9, 0x32, 0x8a, 0xaf, 0x84, 0x3, 0xc2,
    0x60, 0x6, 0x71, 0x3, 0x71, 0xc1, 0x0, 0xe5,
    0xc3, 0x0, 0xe6, 0xc8, 0x8, 0x81, 0x0, 0x21,
    0x87, 0x0, 0x3b, 0x4f, 0x80, 0x3a, 0x42, 0xc0,
    0x3e, 0x93, 0x29, 0x0, 0xd0, 0x44, 0x80, 0x9,
    0x84, 0xcc, 0x1, 0xfb, 0x92, 0xc0, 0x19, 0x43,
    0x0, 0xe2, 0x0, 0xb0, 0x90, 0xf, 0xe2, 0xb2,
    0x0, 0x12, 0x9a, 0x98, 0x40, 0x39, 0xa, 0x80,
    0xc, 0x18, 0x3, 0xf1, 0x88, 0x10, 0x40, 0x38,
    0x0, 0x6c, 0x2, 0x70, 0xaf, 0xff, 0xd8, 0xa,
    0x0, 0x49, 0xe0, 0x7e, 0x50, 0xa, 0xd4, 0x40,
    0x3f, 0x92, 0xc0, 0x26, 0x0, 0x0,

    /* U+60C5 "情" */
    0x0, 0xd3, 0x60, 0x1f, 0xe9, 0xb3, 0x0, 0xff,
    0xe0, 0x22, 0x4, 0x3, 0xf9, 0x51, 0xc0, 0x3f,
    0xf8, 0xb1, 0x33, 0xe2, 0xf, 0x99, 0xf3, 0x0,
    0x7f, 0x9d, 0x9b, 0xc2, 0x8, 0xcd, 0xed, 0x0,
    0xf9, 0x58, 0x3f, 0xbb, 0xc6, 0x15, 0xdd, 0xeb,
    0x0, 0x84, 0x2, 0xe9, 0x10, 0x11, 0xf0, 0x0,
    0x47, 0xe0, 0x8, 0x79, 0xc0, 0x1c, 0xc, 0x9f,
    0xfe, 0x30, 0xbf, 0xff, 0x0, 0x44, 0x2, 0x0,
    0x52, 0xb6, 0x6f, 0x84, 0x11, 0x9b, 0xc0, 0x13,
    0x1, 0x80, 0x4a, 0x5, 0x33, 0xe2, 0xf, 0x99,
    0xf0, 0x4, 0x40, 0xc0, 0x14, 0x54, 0x47, 0xc4,
    0x1d, 0x11, 0xf2, 0x6, 0x81, 0x80, 0x6a, 0x77,
    0xf8, 0x41, 0x5d, 0xfe, 0xc0, 0x71, 0x0, 0xed,
    0xee, 0xff, 0xe2, 0xc0, 0x92, 0x0, 0x70, 0x8f,
    0xff, 0x8, 0x4, 0x60, 0x3, 0xf8, 0x7, 0xcd,
    0xff, 0xff, 0x77, 0xb8, 0x0, 0x61, 0x40, 0x3f,
    0x8d, 0x9b, 0xf8, 0xc0, 0x3f, 0xf8, 0x89, 0x33,
    0xfc, 0x80, 0x1f, 0xfc, 0x44, 0x88, 0xfe, 0x40,
    0xf, 0xfe, 0x21, 0xbb, 0xff, 0x18, 0x7, 0xff,
    0x11, 0xff, 0xff, 0x9c, 0x3, 0xff, 0xbe, 0xb5,
    0x5f, 0xca, 0x1, 0xff, 0xc4, 0x25, 0x5f, 0xe2,
    0x0, 0xff, 0xe2, 0x3f, 0xff, 0xf3, 0x80, 0x7f,
    0xf9, 0x47, 0xb7, 0x4e, 0x2, 0x1, 0xff, 0xc8,
    0x15, 0x33, 0x9d, 0x80, 0x0,

    /* U+6240 "所" */
    0x0, 0xff, 0xe6, 0x10, 0x80, 0x7f, 0xc6, 0xfb,
    0x80, 0x1f, 0x8d, 0xf3, 0x70, 0x3, 0x84, 0xda,
    0x2f, 0xf2, 0x8, 0xd4, 0x0, 0x4b, 0x17, 0xd9,
    0x6, 0x2, 0x60, 0x11, 0xf6, 0x4b, 0xa0, 0x13,
    0x57, 0x28, 0x7e, 0xd3, 0xa0, 0x92, 0xcf, 0x61,
    0x80, 0x42, 0x0, 0x7a, 0xcf, 0xd9, 0x51, 0x0,
    0xcb, 0x39, 0xfb, 0x4c, 0x20, 0x1f, 0xc, 0x29,
    0x80, 0x7f, 0x4b, 0x18, 0x7, 0xff, 0x70, 0x6e,
    0xfe, 0x30, 0xf, 0xfe, 0x42, 0x27, 0xce, 0x1,
    0xff, 0xc7, 0x1c, 0xce, 0x20, 0xf, 0xfe, 0x51,
    0x9f, 0x8, 0x7, 0xb3, 0xff, 0xf8, 0x80, 0x3f,
    0xfc, 0x3b, 0xff, 0x58, 0x17, 0xfc, 0x40, 0x1f,
    0xfd, 0x21, 0x1, 0xff, 0xe3, 0x0, 0xf1, 0x80,
    0x7f, 0xf0, 0xc8, 0xbe, 0x70, 0x10, 0x0, 0x80,
    0x7f, 0xf0, 0x1c, 0xf, 0x77, 0xe3, 0x3, 0x0,
    0xff, 0xe1, 0x88, 0x38, 0x7, 0xf3, 0x81, 0x0,
    0x7f, 0xf0, 0x4c, 0x8, 0x3, 0xfb, 0x41, 0xc0,
    0x3f, 0xf8, 0x3c, 0x2, 0x1, 0xfc, 0x81, 0x80,
    0x1f, 0xfc, 0x13, 0xd, 0x0, 0xfc, 0x26, 0x8,
    0x1, 0xff, 0xc1, 0x50, 0x70, 0xf, 0xd2, 0x6,
    0x40, 0x1f, 0xfc, 0x2, 0x10, 0x20, 0xf, 0x85,
    0xc2, 0x80, 0x3f, 0xf8, 0x34, 0x8, 0x1, 0xfa,
    0x80, 0x98, 0x3, 0xff, 0x82, 0xc1, 0xc0, 0x1f,
    0x42, 0x4, 0x80, 0x7f, 0xf0, 0xb4, 0xd4, 0x3,
    0xe9, 0x38, 0x40, 0xf, 0xfe, 0x11, 0xe0, 0x7,
    0xe1, 0xc7, 0x0, 0xf9, 0x3f, 0x40, 0x30,

    /* U+626B "扫" */
    0x0, 0xc2, 0xea, 0x1, 0xff, 0xca, 0x28, 0x80,
    0x7, 0xff, 0xa4, 0x7b, 0xbf, 0xf8, 0x28, 0x1,
    0xff, 0x8, 0xff, 0xf0, 0x80, 0x33, 0x80, 0x70,
    0xf7, 0x7f, 0xc8, 0x0, 0x5f, 0xfa, 0xc0, 0xbf,
    0xe8, 0x11, 0xff, 0x80, 0x30, 0x8c, 0x1, 0x8,
    0xde, 0x1, 0xff, 0xc2, 0x5e, 0xeb, 0x0, 0xbb,
    0xa7, 0x0, 0xff, 0xff, 0x80, 0x7f, 0xf3, 0x6,
    0x3f, 0xff, 0xc8, 0x1, 0xf8, 0xe3, 0x3e, 0x44,
    0x3, 0xff, 0x84, 0x2b, 0x3c, 0x2, 0xe6, 0x0,
    0x8e, 0xef, 0xf2, 0x0, 0x23, 0xa9, 0x88, 0x0,
    0xf9, 0xf0, 0x23, 0xff, 0x0, 0x5a, 0x4, 0xf0,
    0x5, 0x6, 0x1, 0xff, 0xc4, 0x5e, 0xd8, 0x40,
    0xf, 0xfe, 0x48, 0x80, 0x7f, 0xff, 0xc0, 0x3f,
    0xfa, 0xa9, 0xff, 0xff, 0x20, 0x7, 0x9c, 0x3,
    0xff, 0x92, 0xdd, 0xcb, 0x6, 0x0, 0x93, 0xff,
    0xfe, 0x40, 0x9, 0x4, 0x64, 0x90, 0xf, 0xfe,
    0x39, 0x7f, 0xba, 0xc8, 0x3, 0xff, 0x87, 0x7c,
    0xa0,

    /* U+62D6 "拖" */
    0x0, 0x85, 0xd8, 0x3, 0xe6, 0x30, 0xf, 0xfe,
    0x19, 0xc4, 0x0, 0x3c, 0x53, 0x80, 0x1f, 0xfc,
    0xca, 0x5, 0x0, 0xff, 0xe6, 0x30, 0x70, 0x7,
    0xff, 0x2d, 0x84, 0x3a, 0xab, 0xfd, 0x20, 0x1f,
    0xfc, 0xb, 0x0, 0x2a, 0xff, 0xce, 0x17, 0xfe,
    0xd0, 0x1f, 0xf5, 0x83, 0x91, 0x33, 0x3f, 0xf8,
    0x20, 0x1f, 0xe2, 0x80, 0x93, 0x3d, 0xd8, 0x67,
    0xe2, 0xb, 0xff, 0x68, 0xf, 0xfa, 0xfc, 0x15,
    0x0, 0x31, 0x80, 0x7f, 0xf1, 0x5c, 0x86, 0x2e,
    0x40, 0x3f, 0x12, 0x0, 0x7f, 0xcf, 0x5a, 0x68,
    0x80, 0xf, 0x2d, 0xed, 0xa0, 0x7, 0xfc, 0xa6,
    0x1, 0xfb, 0xa9, 0x0, 0x3f, 0xf8, 0x24, 0x1,
    0xe5, 0xb1, 0x1, 0x4b, 0x50, 0x70, 0xf, 0x86,
    0x7b, 0x80, 0x18, 0xba, 0x90, 0x1, 0xd6, 0x80,
    0x1e, 0x15, 0x90, 0x3, 0xb, 0x83, 0x68, 0x0,
    0x56, 0xc4, 0x4, 0x3, 0xeb, 0xea, 0x40, 0x4,
    0x75, 0xec, 0x98, 0xf, 0x52, 0x0, 0x7f, 0x84,
    0xd, 0xc0, 0x5c, 0x41, 0x5a, 0xc0, 0xc4, 0x3,
    0xff, 0x81, 0x1d, 0x94, 0x1, 0xd1, 0x2a, 0x1,
    0xff, 0xc0, 0x10, 0x1, 0x8, 0x7, 0xff, 0x19,
    0x15, 0x0, 0xc0, 0x3f, 0xf9, 0x5d, 0x42, 0x42,
    0x1, 0xff, 0xca, 0xe8, 0xad, 0x0, 0xff, 0xe4,
    0x5c, 0x82, 0x3a, 0x85, 0xc0, 0x7, 0xff, 0x19,
    0x58, 0x3, 0x95, 0xc0, 0x30, 0x81, 0x80, 0x70,
    0x81, 0x10, 0x3, 0xf2, 0x9, 0x80, 0xff, 0xb0,
    0x4, 0x3, 0xc8, 0x1b, 0xff, 0xfa, 0xc2, 0xc0,
    0x50, 0x5, 0x38, 0x3, 0xd4, 0xc6, 0x45, 0xf8,
    0xe1, 0xc0,

    /* U+62DF "拟" */
    0x0, 0xd0, 0xe0, 0x1f, 0xfc, 0xc1, 0x7a, 0x0,
    0xc2, 0xca, 0x1, 0xf8, 0xf2, 0x80, 0x3f, 0xf8,
    0x25, 0x30, 0x1, 0xf9, 0x8d, 0x80, 0x3f, 0xf8,
    0x83, 0x32, 0x0, 0xf9, 0xc0, 0x3f, 0xf8, 0x82,
    0x8c, 0x60, 0x18, 0xc0, 0x40, 0x3f, 0xf8, 0xb0,
    0x10, 0x1, 0x84, 0xc, 0x2, 0x8e, 0xe7, 0x81,
    0x77, 0x1c, 0x3, 0x94, 0x50, 0xc0, 0x2f, 0x1,
    0x0, 0x84, 0x70, 0x0, 0x44, 0x1, 0xf4, 0x84,
    0x80, 0x42, 0x1e, 0x1, 0x4f, 0xfb, 0x40, 0xbf,
    0xce, 0x1, 0xe6, 0x5, 0x10, 0x1, 0x1, 0x0,
    0x78, 0xc0, 0x3f, 0xe1, 0x50, 0x70, 0x3, 0x80,
    0x80, 0x7f, 0xf1, 0xf8, 0x28, 0x0, 0x40, 0xc0,
    0x1f, 0xfc, 0x74, 0x16, 0x1, 0x10, 0x10, 0x7,
    0xfc, 0x20, 0x1f, 0xba, 0x80, 0x80, 0x80, 0x3f,
    0x8e, 0xbe, 0x0, 0x3f, 0xe5, 0x7, 0x0, 0xe2,
    0x7d, 0x1, 0x50, 0x10, 0xf, 0xfb, 0x0, 0x80,
    0x36, 0xea, 0xc, 0x6, 0xbe, 0x0, 0x3f, 0xe4,
    0x5, 0x0, 0xce, 0xb, 0x20, 0x6a, 0x1, 0xf8,
    0x6a, 0x40, 0xc4, 0x9, 0x40, 0x2b, 0xfa, 0x70,
    0xf, 0xf2, 0x7a, 0xa0, 0x50, 0x5, 0x0, 0x10,
    0x80, 0x7f, 0xc7, 0x36, 0x2b, 0xa0, 0xe1, 0x42,
    0x48, 0x1, 0xff, 0xc2, 0x16, 0xa, 0xa0, 0x38,
    0x92, 0xb0, 0x78, 0x7, 0xff, 0x2, 0x80, 0x7,
    0xaa, 0x3, 0x1, 0x61, 0x40, 0x84, 0x1, 0xfe,
    0x66, 0x3, 0x61, 0x0, 0x28, 0x9, 0x80, 0x90,
    0x2c, 0x3, 0xfc, 0x41, 0x52, 0x1, 0x4a, 0x7,
    0x0, 0x5c, 0xe, 0x1, 0x8c, 0x3, 0x93, 0x54,
    0x2, 0x96, 0x8, 0x30, 0x9, 0x40, 0x50, 0x3b,
    0x9a, 0xc, 0x1, 0x88, 0x2, 0x56, 0x6, 0x70,
    0xe, 0x55, 0x30, 0x28, 0x88, 0xe0, 0x3, 0xf2,
    0xcb, 0xc8, 0x7, 0xaa, 0x84,

    /* U+62E9 "择" */
    0x0, 0xd1, 0x0, 0xf, 0xfe, 0x6b, 0xb8, 0x3,
    0xff, 0xa7, 0xdf, 0xff, 0xfc, 0xd, 0x10, 0xf,
    0xfe, 0x1, 0x8, 0x0, 0x47, 0xe0, 0x3, 0x8,
    0x7, 0xff, 0x3, 0x38, 0x43, 0x3b, 0xbb, 0xc4,
    0x24, 0x3, 0xff, 0x87, 0x41, 0xe2, 0x1, 0xe,
    0x8c, 0x90, 0x5, 0x5d, 0xd0, 0x3, 0xba, 0x40,
    0x2, 0x39, 0x68, 0x80, 0xe1, 0xb3, 0x0, 0x30,
    0x8e, 0x0, 0x8, 0xe0, 0xa, 0x14, 0xf1, 0xbc,
    0x9a, 0x40, 0x3a, 0xff, 0xdc, 0x0, 0xff, 0x94,
    0x3, 0x52, 0x94, 0x8c, 0x48, 0x7, 0xf0, 0x80,
    0x7f, 0x9d, 0x40, 0x2a, 0x40, 0xf, 0xfe, 0x29,
    0xcf, 0xc0, 0x3e, 0x19, 0x5e, 0xb0, 0x80, 0x7f,
    0xc3, 0x1b, 0x8c, 0xb, 0xb0, 0x79, 0x44, 0x49,
    0xeb, 0x70, 0xf, 0xc2, 0xa2, 0x42, 0xfd, 0x44,
    0xd0, 0x2b, 0xb6, 0x80, 0x84, 0x1, 0xf6, 0x75,
    0x4e, 0x74, 0x8, 0x2, 0xdc, 0x80, 0x9, 0x7d,
    0x6a, 0x0, 0x38, 0xd0, 0x1, 0x8b, 0x81, 0x80,
    0x7c, 0xe0, 0x18, 0x50, 0x1, 0xb8, 0xe4, 0x0,
    0xbe, 0x90, 0x8f, 0xfe, 0x20, 0xbf, 0xfd, 0x20,
    0x13, 0x82, 0xd0, 0x1, 0x0, 0x2f, 0x22, 0xe0,
    0x0, 0x91, 0x6e, 0x0, 0xaf, 0xe9, 0x40, 0x3c,
    0xfb, 0xbc, 0x41, 0xbb, 0xce, 0x1, 0x8, 0x7,
    0xff, 0x5c, 0x47, 0xe3, 0x7, 0x11, 0xf0, 0x7,
    0xfd, 0xdd, 0xf0, 0x85, 0xf7, 0x7a, 0x40, 0x3f,
    0xc4, 0x5f, 0x0, 0x4, 0x8b, 0xdc, 0x1, 0xfe,
    0xdd, 0xf8, 0x83, 0x77, 0xe7, 0x0, 0xc2, 0x1,
    0xff, 0xcc, 0xef, 0xe0, 0x10, 0xf, 0xfe, 0x52,
    0x0, 0xe, 0x80, 0x3f, 0xf9, 0x55, 0xfe, 0xc4,
    0x0, 0xff, 0x7e, 0x98, 0x7, 0xe0,

    /* U+636E "据" */
    0x0, 0xce, 0xc0, 0x1f, 0xfc, 0xc1, 0x8b, 0x0,
    0xe1, 0x1f, 0xfe, 0x10, 0x7, 0xff, 0x3, 0xbb,
    0xff, 0x86, 0x20, 0x1f, 0xfc, 0x13, 0x3f, 0xf8,
    0x3, 0xff, 0x89, 0xd9, 0x9f, 0xe0, 0xf, 0xfe,
    0x9b, 0xee, 0xb0, 0xb, 0x76, 0x0, 0xff, 0xe3,
    0x71, 0x14, 0x0, 0x22, 0x80, 0x2c, 0xee, 0xff,
    0x0, 0x69, 0xee, 0x60, 0xf, 0x74, 0x1, 0x8,
    0xff, 0xc0, 0x1c, 0x22, 0x20, 0x31, 0x18, 0x2,
    0xdf, 0xfd, 0xc0, 0x3f, 0xfc, 0x20, 0x1f, 0xfd,
    0xc3, 0x0, 0xff, 0xe5, 0x10, 0x8, 0x77, 0xfe,
    0xe0, 0x1f, 0xff, 0x10, 0x7, 0x1c, 0xf6, 0x0,
    0x44, 0x5c, 0x20, 0x2, 0x2f, 0x0, 0x9, 0xa8,
    0x5, 0x84, 0x84, 0x1, 0xbb, 0xde, 0x3, 0xbb,
    0xe2, 0xcd, 0x94, 0x0, 0x4f, 0x61, 0x80, 0x80,
    0x7f, 0xf0, 0xd8, 0x16, 0x0, 0x98, 0x41, 0x80,
    0x80, 0x3f, 0xf8, 0x77, 0xf4, 0xc0, 0x1c, 0x40,
    0xc1, 0x99, 0xc0, 0x39, 0x9c, 0x40, 0x20, 0x1f,
    0xb8, 0x8, 0xc, 0xf1, 0x0, 0xc, 0xf8, 0x3,
    0xfe, 0x30, 0xd0, 0x1, 0x7f, 0xfe, 0x30, 0xf,
    0xfe, 0x2, 0x2, 0x0, 0x7f, 0xf2, 0xd0, 0x8,
    0x40, 0x3f, 0xf9, 0x7c, 0xa, 0x1, 0xff, 0xc7,
    0x30, 0x8, 0x54, 0x28, 0x2, 0x2b, 0xbf, 0xc4,
    0x1, 0xbf, 0xda, 0xc, 0x10, 0x8, 0x40, 0x19,
    0x13, 0xf0, 0x80, 0x65, 0x12, 0x59, 0xb, 0x38,
    0x0, 0xc5, 0xff, 0xf8, 0xc0, 0x35, 0x76, 0xd1,
    0x1, 0x61, 0x80, 0x5d, 0x80, 0x1f, 0xb3, 0xc8,
    0x0,

    /* U+63A5 "接" */
    0x0, 0xcd, 0x2, 0x1, 0xfc, 0x46, 0x1, 0xff,
    0xc1, 0xd7, 0x20, 0xf, 0xc5, 0xb8, 0x40, 0x1f,
    0xfc, 0xb2, 0x70, 0x80, 0xf, 0xfe, 0x32, 0xd5,
    0x71, 0x82, 0xd5, 0x79, 0x80, 0x3f, 0xec, 0x55,
    0xe4, 0x0, 0x2a, 0xfb, 0x0, 0x3f, 0xeb, 0xcc,
    0x45, 0x66, 0x79, 0xeb, 0x31, 0x0, 0x3d, 0xd2,
    0x6, 0xf7, 0x0, 0x8d, 0xe2, 0x4c, 0xf8, 0x1e,
    0x8c, 0xc4, 0x0, 0x11, 0x80, 0x2, 0x30, 0x4,
    0x8a, 0x6c, 0x1, 0xa0, 0x20, 0x3, 0xf, 0xfc,
    0x61, 0x7f, 0xe0, 0xd, 0x1, 0x0, 0x11, 0xa1,
    0x38, 0x7, 0xe7, 0x7, 0x0, 0xf1, 0x34, 0x0,
    0x5c, 0x12, 0x1, 0xff, 0xc2, 0x9f, 0xfc, 0xd3,
    0xff, 0x10, 0x5f, 0xfe, 0x50, 0xf, 0xee, 0x33,
    0xff, 0xe2, 0x8, 0x7, 0xf3, 0xe6, 0x75, 0x15,
    0xe6, 0x7e, 0x40, 0xf, 0x5d, 0xb0, 0x3, 0xd0,
    0x28, 0x1, 0xff, 0x13, 0xa8, 0x3a, 0x10, 0x7,
    0x38, 0xa1, 0x80, 0x7f, 0x1e, 0xea, 0x4, 0xe,
    0x7f, 0xbf, 0xf4, 0x2, 0x7f, 0xff, 0x50, 0x90,
    0x29, 0x7, 0xb0, 0xa9, 0x9c, 0x0, 0x23, 0x3e,
    0x0, 0x11, 0x98, 0x89, 0x5f, 0x4c, 0x1, 0xaf,
    0x31, 0xe0, 0x3b, 0x99, 0xb8, 0x1, 0xb9, 0x88,
    0x5, 0x0, 0xff, 0x70, 0x58, 0x7, 0x58, 0x30,
    0x7, 0xff, 0xe, 0x88, 0x34, 0xc0, 0x23, 0x60,
    0xb0, 0xf, 0xfe, 0x1f, 0xa8, 0x3e, 0x6b, 0xa6,
    0x84, 0x10, 0x7, 0xff, 0xd, 0x6b, 0xe9, 0xa,
    0x2c, 0x4d, 0xc0, 0x3f, 0xf8, 0xeb, 0xe4, 0x1,
    0x1e, 0xa8, 0x7, 0xe7, 0x0, 0xf1, 0xb5, 0x75,
    0x91, 0xdc, 0x91, 0x2b, 0x54, 0x2, 0x6f, 0xf1,
    0x81, 0x0, 0x37, 0xf2, 0x54, 0x1b, 0x30, 0x8d,
    0xb4, 0x44, 0xa9, 0x0, 0x38, 0x0, 0xa4, 0x40,
    0x8, 0x4b, 0x19, 0xd2, 0x60, 0x19, 0x76, 0xa,
    0xc0, 0x3, 0xfe, 0xd6, 0x0, 0xa7, 0x69, 0xcc,
    0x3, 0xf9, 0xf4, 0x80,

    /* U+63CF "描" */
    0x0, 0x85, 0xd4, 0x3, 0xe8, 0x80, 0x80, 0x67,
    0x80, 0xf, 0x8a, 0x24, 0x3, 0xe7, 0x71, 0x0,
    0x69, 0x71, 0x0, 0xff, 0xfa, 0x44, 0x60, 0x4,
    0xc4, 0x61, 0x8, 0x89, 0x80, 0x3f, 0x9d, 0xf0,
    0x1, 0x5d, 0xf0, 0x1, 0x9d, 0xd5, 0x1d, 0xcd,
    0x3, 0xee, 0x55, 0x26, 0x60, 0x3, 0xcc, 0xe0,
    0x4, 0x4c, 0xa0, 0x47, 0x0, 0x4, 0x65, 0x66,
    0x80, 0x16, 0xcd, 0x84, 0x19, 0xa4, 0x9f, 0xf5,
    0x81, 0xff, 0xac, 0x3, 0xff, 0x90, 0xe0, 0x1f,
    0xfd, 0x7e, 0xe1, 0x80, 0x6f, 0xe1, 0x0, 0xff,
    0xe0, 0xce, 0x63, 0x75, 0x99, 0xdb, 0xac, 0xc4,
    0x0, 0x7f, 0x10, 0x29, 0x9f, 0xff, 0x4, 0x80,
    0x3c, 0x37, 0xf0, 0x1, 0x5f, 0x75, 0x80, 0x7d,
    0xd5, 0x0, 0x62, 0x6f, 0x2, 0x40, 0x30, 0x9,
    0xc4, 0x70, 0x0, 0x47, 0x0, 0x59, 0xb2, 0x60,
    0x33, 0xd2, 0x1, 0xff, 0xc5, 0x70, 0x36, 0x2,
    0x61, 0x0, 0xff, 0xe3, 0x47, 0x65, 0x0, 0x7e,
    0xde, 0xeb, 0x0, 0xfb, 0xaa, 0x0, 0x8c, 0x40,
    0x3f, 0xc2, 0x3c, 0x0, 0x11, 0xc0, 0x1f, 0xfc,
    0x3c, 0xff, 0xb4, 0xf, 0xfe, 0xb0, 0xf, 0xff,
    0xbb, 0x91, 0x4c, 0x2, 0x45, 0x8, 0x7, 0xe7,
    0x0, 0xf5, 0xee, 0xd6, 0x5, 0xbb, 0x50, 0x4,
    0x5d, 0xcc, 0x1, 0x0, 0xf1, 0x9f, 0xf8, 0x80,
    0x22, 0x31, 0x12, 0x40, 0x7, 0xbf, 0x33, 0xfa,
    0x40, 0x36, 0xff, 0x59, 0x0, 0x6d, 0xd1, 0x80,
    0x7f, 0x27, 0xd0, 0x0,

    /* U+63D0 "提" */
    0x0, 0x85, 0xd4, 0x3, 0xff, 0x98, 0x51, 0x20,
    0x18, 0x66, 0x7f, 0xf8, 0x20, 0x1f, 0xfc, 0x26,
    0x6f, 0xfe, 0x8, 0x7, 0xff, 0xc, 0xbf, 0xff,
    0x80, 0x3f, 0xfc, 0x5, 0xff, 0xfc, 0x1, 0xd5,
    0xfe, 0xc0, 0x3f, 0xf7, 0x0, 0x42, 0xef, 0xf9,
    0x80, 0x3f, 0xf8, 0xa7, 0x11, 0xfa, 0x40, 0x3a,
    0xbf, 0xd8, 0x7, 0xfe, 0xe0, 0xf, 0xfe, 0x0,
    0x80, 0x7f, 0xf1, 0x4b, 0xff, 0xf7, 0x0, 0x7f,
    0xf1, 0x19, 0xbf, 0xf8, 0xe, 0x1, 0xff, 0xc1,
    0x19, 0x9f, 0xfe, 0x4, 0x0, 0x7f, 0x84, 0xe2,
    0xab, 0xff, 0x86, 0x60, 0x1e, 0x2b, 0xe8, 0x55,
    0xff, 0xe2, 0x38, 0x0, 0x5b, 0xc0, 0x50, 0xb,
    0x37, 0x7c, 0x0, 0xdd, 0xf9, 0x2, 0xfa, 0x4c,
    0x6, 0x7e, 0x44, 0x84, 0x44, 0x50, 0x0, 0x8b,
    0xe0, 0xc, 0x2a, 0x4, 0xc0, 0x1b, 0xf0, 0xc0,
    0x3f, 0xf8, 0x3f, 0x7d, 0x20, 0x1f, 0x18, 0x18,
    0x6, 0x32, 0x2e, 0x0, 0x91, 0x0, 0x1f, 0x88,
    0x8, 0x3, 0xb3, 0x77, 0x60, 0x7, 0xff, 0x5,
    0x40, 0xc0, 0x39, 0x9b, 0xc0, 0x1f, 0xfc, 0x1b,
    0x1, 0x60, 0xd, 0x33, 0xd0, 0x1, 0xff, 0xc0,
    0x33, 0xa, 0x40, 0x80, 0x7f, 0xf2, 0x60, 0x22,
    0x3, 0xa2, 0x1, 0xff, 0xc7, 0x74, 0x26, 0x38,
    0x3e, 0x0, 0x8, 0x7, 0xe1, 0xff, 0x60, 0x30,
    0x34, 0x7, 0x0, 0x1e, 0x40, 0x2e, 0xef, 0xb4,
    0x4, 0xc0, 0x52, 0x0, 0xc6, 0xcc, 0x2, 0x6e,
    0x94, 0x21, 0x1f, 0x38, 0x3, 0x3f, 0xac, 0x81,
    0x79, 0x0, 0x38, 0x5a, 0xf7, 0xff, 0xd4, 0x0,

    /* U+64CD "操" */
    0x0, 0xcd, 0x2, 0x1, 0xff, 0xcd, 0xa7, 0x20,
    0xf, 0x44, 0x7f, 0x80, 0x3f, 0xf8, 0xa2, 0xef,
    0xfe, 0x0, 0xff, 0xe3, 0x9f, 0xff, 0x70, 0x7,
    0xff, 0x3c, 0x40, 0x3f, 0xfb, 0x1d, 0xfe, 0x30,
    0xcf, 0xc0, 0xe, 0x3f, 0xff, 0x0, 0x7e, 0x10,
    0xf, 0x8, 0x6, 0x44, 0xfe, 0x50, 0xf, 0x7f,
    0x70, 0xc2, 0xfb, 0x40, 0x21, 0xbb, 0xfe, 0xa0,
    0xf, 0x84, 0x40, 0x7, 0x10, 0x1f, 0xff, 0x89,
    0x3f, 0xfd, 0x80, 0x1f, 0xfc, 0x12, 0x66, 0x8c,
    0x3, 0x23, 0x34, 0x1, 0xff, 0xc3, 0x49, 0x99,
    0x40, 0x37, 0xcc, 0xc0, 0x1f, 0xfc, 0x3, 0x0,
    0xff, 0xe6, 0xc7, 0xf0, 0x0, 0xd1, 0x23, 0x0,
    0xc6, 0x89, 0x0, 0x79, 0x24, 0xc1, 0x1, 0xc0,
    0xb, 0x77, 0x28, 0x6, 0x8b, 0xb8, 0x3, 0xf,
    0x5b, 0x0, 0x1f, 0xe8, 0x6a, 0xbe, 0x9f, 0xaa,
    0xf4, 0x0, 0x4, 0xca, 0x8, 0x2c, 0x2, 0x55,
    0xf2, 0x21, 0x57, 0xe4, 0x0, 0xb3, 0x5c, 0x40,
    0x32, 0xdd, 0xfa, 0x80, 0x6e, 0xfe, 0x60, 0x0,
    0x80, 0x7c, 0x48, 0x9f, 0x0, 0x11, 0x3e, 0xf0,
    0xf, 0xf3, 0xff, 0xee, 0x20, 0xc, 0xbf, 0xfd,
    0x20, 0x1f, 0xfc, 0x22, 0xc2, 0x40, 0x14, 0x5a,
    0x0, 0xff, 0xe3, 0x3e, 0x93, 0x50, 0x2, 0xcd,
    0x70, 0x80, 0x3f, 0xf8, 0x49, 0xb0, 0x13, 0x20,
    0xd, 0x88, 0x7b, 0x0, 0x1f, 0xe1, 0x6d, 0xb2,
    0x3d, 0x60, 0xf, 0x5b, 0x83, 0xf3, 0x80, 0x5b,
    0xc6, 0x2, 0x16, 0x44, 0xac, 0x20, 0xf, 0xd1,
    0x86, 0x28, 0x1, 0x30, 0x8a, 0x8, 0x7e, 0xf5,
    0x40, 0x3f, 0xe3, 0xcd, 0x30,

    /* U+6536 "收" */
    0x0, 0xfc, 0xaa, 0x0, 0xe9, 0x91, 0x80, 0x7f,
    0xf1, 0x6e, 0x88, 0x3, 0x33, 0x1c, 0x3, 0xff,
    0x96, 0x40, 0x5, 0x0, 0xff, 0xc, 0x38, 0x7,
    0xf9, 0x0, 0x84, 0x3, 0xfc, 0x6f, 0x20, 0x1f,
    0xec, 0x4, 0x0, 0xff, 0xe6, 0x28, 0x60, 0x7,
    0xff, 0x2d, 0x0, 0x15, 0xff, 0xfb, 0x80, 0x3f,
    0xf8, 0x5c, 0x1, 0xff, 0x18, 0x7, 0xff, 0x4,
    0x54, 0x1f, 0xff, 0xa4, 0x13, 0xf4, 0x3, 0xff,
    0x82, 0xc0, 0x4, 0x0, 0xec, 0x3, 0x0, 0xff,
    0xe1, 0xc, 0x80, 0xc, 0x40, 0x33, 0x86, 0x0,
    0x7f, 0xf0, 0xac, 0x44, 0xe0, 0xe0, 0x10, 0x90,
    0x20, 0x7, 0xff, 0x5, 0x54, 0x11, 0x41, 0x40,
    0x13, 0x81, 0x80, 0x7f, 0xf0, 0x95, 0x10, 0xc4,
    0x66, 0x20, 0x6, 0x85, 0x80, 0x7f, 0xf0, 0xea,
    0x80, 0xa, 0xb, 0x1, 0x40, 0x60, 0xf, 0xfe,
    0x18, 0x88, 0x0, 0xc0, 0xc2, 0xc0, 0x82, 0x1,
    0xfe, 0x27, 0x10, 0xf, 0x9c, 0x2e, 0x43, 0xc0,
    0x3c, 0x20, 0x2f, 0xba, 0x80, 0xf, 0xd2, 0xa,
    0x26, 0x80, 0x1e, 0xb0, 0x4, 0x10, 0xb8, 0x7,
    0xe1, 0x70, 0x4, 0x0, 0x7c, 0xc0, 0x4, 0xbe,
    0x81, 0x0, 0xfc, 0xa0, 0xd, 0x0, 0xfa, 0x5f,
    0xad, 0x0, 0x3f, 0xd6, 0x42, 0xc, 0xc0, 0xf,
    0x3c, 0x8, 0x7, 0xfd, 0x68, 0x19, 0x1, 0x2a,
    0x1, 0xff, 0xc5, 0x2d, 0x40, 0xc2, 0x76, 0xa,
    0x70, 0xf, 0xfe, 0x1c, 0x69, 0xe, 0x18, 0x2,
    0x58, 0x23, 0x8, 0x3, 0xff, 0x81, 0x4e, 0x9,
    0xe6, 0x1, 0xa6, 0x40, 0x72, 0x1, 0xff, 0xc0,
    0xb3, 0xab, 0x10, 0xf, 0x36, 0xad, 0x0,

    /* U+653E "放" */
    0x0, 0xf8, 0xc0, 0x3f, 0x8c, 0x80, 0x3f, 0xf8,
    0x7b, 0x84, 0x1, 0xfb, 0x74, 0xc0, 0x1f, 0xfc,
    0x2a, 0xa, 0x0, 0xf8, 0x44, 0x8, 0x1, 0xff,
    0xc2, 0x60, 0x60, 0xf, 0x90, 0x0, 0x40, 0x1f,
    0xfc, 0x21, 0x47, 0x10, 0xf, 0x60, 0x20, 0x7,
    0xf9, 0xb3, 0x39, 0xd7, 0x73, 0x2a, 0x0, 0x20,
    0x60, 0x8f, 0xe0, 0x7, 0x19, 0xff, 0xc8, 0x4,
    0x40, 0x8e, 0xef, 0xc4, 0x13, 0x98, 0x90, 0x2c,
    0xcf, 0x82, 0x80, 0x2, 0x3c, 0x0, 0x11, 0x0,
    0x4, 0xcc, 0x40, 0x26, 0x7e, 0x20, 0x60, 0x4e,
    0xed, 0x80, 0xe, 0xe1, 0x0, 0x7f, 0xf0, 0x94,
    0x41, 0x40, 0x33, 0x81, 0x80, 0x7f, 0x84, 0x62,
    0x10, 0x4, 0x80, 0x4, 0x40, 0x16, 0x82, 0x80,
    0x7f, 0x1f, 0x75, 0xbc, 0xcc, 0x30, 0x30, 0x40,
    0x9, 0x3, 0x0, 0x3f, 0xc2, 0x30, 0x0, 0x60,
    0x12, 0x43, 0xc0, 0x23, 0x4, 0x0, 0xfe, 0x3e,
    0xe9, 0x43, 0xc0, 0x12, 0xa0, 0x80, 0x5, 0x3,
    0x10, 0xf, 0xe7, 0x0, 0xed, 0xfa, 0x20, 0x41,
    0x40, 0xf0, 0xb0, 0xf, 0xc2, 0x2, 0x1, 0x8,
    0x8, 0x94, 0x1, 0xa1, 0xc2, 0xa0, 0xa0, 0x1f,
    0x88, 0xc, 0x3, 0xfc, 0xe0, 0xb6, 0x8, 0x40,
    0x1f, 0xb8, 0x38, 0x2, 0x70, 0x70, 0xc, 0x2a,
    0xa, 0x1e, 0x1, 0xfc, 0xa0, 0x40, 0x1f, 0xf4,
    0x0, 0x11, 0x0, 0x1f, 0xc6, 0x8, 0x1, 0x8,
    0x8, 0x7, 0x38, 0x1, 0xc0, 0x3f, 0x94, 0x8,
    0x40, 0x23, 0x3, 0x0, 0xc7, 0x40, 0x3, 0x80,
    0xf, 0xd2, 0xa, 0x1, 0x84, 0x4, 0x2, 0x3d,
    0x5, 0x90, 0x75, 0x0, 0xf2, 0x18, 0x48, 0x4,
    0x20, 0x1c, 0xd8, 0x29, 0x4c, 0xa1, 0x4c, 0x1,
    0x86, 0x81, 0xc4, 0x2, 0x40, 0x20, 0x2b, 0x90,
    0x4b, 0x0, 0x52, 0x4, 0xd0, 0x80, 0x28, 0x4a,
    0x2, 0x3b, 0x94, 0x8, 0xda, 0x81, 0x16, 0x1,
    0xad, 0x41, 0x7c, 0x83, 0x87, 0x80, 0x18, 0x22,
    0x4, 0x87, 0x3, 0xc7, 0x0, 0xf5, 0x48, 0xc9,
    0x2, 0xf9, 0x80, 0x13, 0xfe, 0xb1, 0x16, 0xe1,
    0x80, 0x7e, 0x6f, 0x70,

    /* U+6570 "数" */
    0x0, 0xf3, 0xc0, 0x7, 0xe2, 0x20, 0x7, 0xf8,
    0xa8, 0xc0, 0x12, 0xe2, 0x0, 0xb7, 0x0, 0xaf,
    0x58, 0x3, 0xfc, 0xbe, 0x1, 0xe6, 0x4c, 0x0,
    0x88, 0x14, 0x3, 0xf8, 0x94, 0xd0, 0x3, 0xa0,
    0x28, 0x2, 0x50, 0x30, 0xf, 0xf4, 0x6, 0x80,
    0x67, 0x1a, 0x10, 0x1, 0x9, 0x80, 0x7f, 0x12,
    0x33, 0x35, 0x0, 0x8, 0x6e, 0x28, 0x60, 0xe0,
    0xa0, 0x1f, 0xd1, 0x76, 0x6b, 0xb0, 0x85, 0x5b,
    0xdd, 0xbc, 0x30, 0x1b, 0xff, 0xe7, 0xf, 0x88,
    0xc4, 0x0, 0x17, 0x88, 0xa8, 0x1c, 0x0, 0x23,
    0x0, 0x42, 0x20, 0x57, 0x78, 0x48, 0x0, 0x2a,
    0x6e, 0xe6, 0x31, 0xc, 0xee, 0x9c, 0x23, 0x98,
    0x3, 0x3c, 0x90, 0x85, 0x1d, 0xd0, 0x85, 0x0,
    0x14, 0x2, 0x20, 0x30, 0xc, 0x35, 0x5, 0x80,
    0x4, 0xf4, 0x5d, 0x6, 0x0, 0x60, 0x4, 0xe0,
    0xa0, 0x13, 0x7a, 0x9e, 0x8, 0x4, 0x37, 0x1c,
    0xe0, 0xa0, 0x80, 0x11, 0x8, 0x80, 0x30, 0xb6,
    0x8, 0x3a, 0x8, 0x1, 0xce, 0x2, 0x50, 0x48,
    0x10, 0x10, 0x3, 0x36, 0x48, 0x2, 0x4e, 0x80,
    0x31, 0x2, 0x9e, 0x82, 0x86, 0x86, 0x0, 0x71,
    0x80, 0x9, 0x90, 0x3, 0x9, 0xed, 0x83, 0x85,
    0x82, 0x2, 0x0, 0x61, 0xff, 0xb4, 0x7, 0xbf,
    0xee, 0x92, 0x10, 0x13, 0x33, 0x11, 0x90, 0x6,
    0x14, 0x41, 0x80, 0x11, 0x30, 0x87, 0x80, 0x6a,
    0x9, 0xa, 0x0, 0xf5, 0xd9, 0x42, 0x2e, 0xf0,
    0x1, 0x80, 0x33, 0x80, 0x4e, 0x1, 0xf1, 0xb0,
    0xb8, 0x5, 0x2, 0xe0, 0x1c, 0x26, 0xa, 0x20,
    0x1f, 0x78, 0xd, 0x18, 0x23, 0x94, 0x0, 0x72,
    0x18, 0x29, 0x0, 0x7d, 0x94, 0x6b, 0x97, 0x60,
    0xe0, 0xe, 0x2a, 0x3, 0xe, 0x0, 0xfc, 0xb9,
    0x81, 0x40, 0x31, 0x0, 0xc3, 0xe2, 0xd8, 0x47,
    0x20, 0x1f, 0x8f, 0xc4, 0x44, 0x7a, 0xc0, 0x3,
    0xf2, 0x49, 0xe, 0x6, 0x90, 0xe, 0x5c, 0xc1,
    0xa7, 0xec, 0xa, 0x83, 0xe0, 0xa5, 0x80, 0xe,
    0x81, 0xac, 0x42, 0x3e, 0x8c, 0xd7, 0x61, 0x7,
    0xe1, 0xd8, 0x7, 0xb0, 0xc, 0xb4, 0x9, 0xa1,
    0x42, 0xd9, 0x84, 0x0, 0xe2, 0x61, 0xb8, 0x0,
    0xf2, 0xe9, 0xf0, 0x17, 0x49, 0x80, 0x7e, 0xae,
    0x40, 0xf, 0xc5, 0x84, 0x0,

    /* U+65B0 "新" */
    0x0, 0xe3, 0x70, 0xf, 0xfe, 0x64, 0xc4, 0x0,
    0x3f, 0xf8, 0x2, 0xb5, 0x82, 0x1, 0xe8, 0x7,
    0x10, 0xf, 0x89, 0x67, 0x7a, 0x94, 0xec, 0xe,
    0xef, 0x48, 0x3, 0x2e, 0xf0, 0x57, 0xed, 0x31,
    0xa3, 0xdf, 0x50, 0x3a, 0x27, 0x0, 0x9, 0x13,
    0x8, 0x81, 0xef, 0xb9, 0x70, 0x82, 0x0, 0x4f,
    0xc5, 0xaf, 0xfd, 0xb, 0x9e, 0x20, 0xb, 0x41,
    0x0, 0xfe, 0x15, 0xe0, 0xd, 0x4a, 0x1, 0xff,
    0xc5, 0x22, 0x20, 0x4, 0x45, 0x18, 0x7, 0xff,
    0x15, 0x1, 0x0, 0xa, 0x14, 0x1, 0xff, 0xc3,
    0x12, 0x20, 0xa0, 0x11, 0x28, 0xc, 0x88, 0x20,
    0x1f, 0xfc, 0xa, 0xdd, 0x3a, 0x5e, 0xe8, 0x82,
    0xf7, 0x52, 0x0, 0xcf, 0xff, 0xec, 0x55, 0xe0,
    0x2, 0xaf, 0x68, 0x7, 0xff, 0x1, 0xea, 0xb8,
    0x1, 0x55, 0xca, 0x0, 0xcf, 0xfb, 0x40, 0x7f,
    0xe0, 0xf, 0xfe, 0x73, 0x5d, 0xf0, 0x2, 0xef,
    0x89, 0xc0, 0x3f, 0xef, 0x44, 0xe0, 0x2, 0x27,
    0x8, 0x0, 0x40, 0x3f, 0xa3, 0x77, 0x80, 0x1b,
    0xbc, 0x62, 0x6, 0x1, 0xfc, 0x24, 0x34, 0x4,
    0x0, 0x26, 0xb2, 0x20, 0x18, 0x8, 0x7, 0xfd,
    0x2e, 0x20, 0x1b, 0x99, 0x0, 0x2, 0x20, 0xf,
    0xf8, 0x54, 0x8c, 0x3, 0x40, 0x40, 0x10, 0x28,
    0x7, 0xfd, 0x1, 0x60, 0x1c, 0x4c, 0x68, 0xe0,
    0x60, 0x1f, 0xe4, 0x62, 0x60, 0xf, 0x58, 0x7e,
    0x6, 0x80, 0x7f, 0x8c, 0x24, 0x3, 0xe2, 0x79,
    0x70, 0x40, 0xf, 0xf3, 0xe2, 0x0, 0x7e, 0x86,
    0x14, 0x10, 0xf, 0xf8, 0xc0, 0xf3, 0x0, 0x20,
    0x1a, 0x3, 0x80, 0x3f, 0xf8, 0x46, 0x71, 0x58,
    0x6, 0x94, 0x50, 0xf, 0xf8,

    /* U+65E0 "无" */
    0x0, 0x5d, 0xff, 0xf2, 0x68, 0x3, 0x22, 0x7f,
    0xf2, 0x80, 0x35, 0x57, 0xf1, 0x82, 0xd5, 0x7f,
    0x80, 0x32, 0xaf, 0xf3, 0x86, 0x2a, 0xff, 0x20,
    0x7, 0xff, 0x5, 0xc0, 0xc0, 0x3f, 0xf9, 0x62,
    0x2, 0x1, 0xff, 0xcb, 0x30, 0x70, 0xf, 0xfe,
    0x58, 0x81, 0x0, 0x7f, 0xf0, 0xd, 0x57, 0xf9,
    0xc0, 0x8, 0xab, 0xff, 0x1d, 0xd5, 0x7f, 0x40,
    0x2, 0xab, 0xff, 0x81, 0x3c, 0x89, 0xfc, 0x40,
    0x20, 0x3, 0x44, 0xfe, 0xc6, 0xbb, 0xfe, 0x60,
    0x92, 0x9, 0xbb, 0xfe, 0x60, 0xf, 0xf2, 0x2,
    0x0, 0x7f, 0xf2, 0x94, 0x4, 0xc0, 0x3f, 0xf9,
    0x52, 0xc, 0x1, 0xff, 0xca, 0x43, 0xa, 0x0,
    0xff, 0xe5, 0x48, 0x29, 0x0, 0x7f, 0xf2, 0x60,
    0x82, 0xc0, 0x3f, 0xf8, 0x4, 0x80, 0x1f, 0x2b,
    0x84, 0x88, 0x7, 0xff, 0x1, 0xae, 0xc0, 0x1c,
    0xb4, 0xa, 0xc0, 0x1f, 0xfc, 0x11, 0x0, 0xf4,
    0x50, 0x25, 0x0, 0x7f, 0xf0, 0x88, 0x8, 0x0,
    0x78, 0xe0, 0xb6, 0x1, 0xc2, 0x18, 0x23, 0xe2,
    0xa0, 0xf4, 0xbc, 0x30, 0x9a, 0x0, 0xf2, 0x83,
    0x77, 0x7b, 0x48, 0x1c, 0x90, 0x17, 0x58, 0x3,
    0xe8, 0x51, 0x0, 0xf8, 0xac, 0x5a, 0x76, 0x88,
    0x3, 0xf0, 0xd7, 0x7f, 0xfd, 0xa8, 0x0,

    /* U+663E "显" */
    0x0, 0xff, 0xe8, 0x97, 0xff, 0xff, 0x18, 0xc0,
    0x3f, 0x95, 0x7f, 0xf8, 0x40, 0x1f, 0xf0, 0xd5,
    0x7f, 0xf0, 0x84, 0x3, 0xff, 0xb0, 0x33, 0x3f,
    0xfc, 0x21, 0x0, 0xff, 0x99, 0xbf, 0xf8, 0x40,
    0x1f, 0xf0, 0xff, 0xff, 0xf0, 0x84, 0x3, 0xff,
    0xe4, 0x3f, 0xff, 0xfc, 0x21, 0x0, 0xfc, 0x6a,
    0xbf, 0xfc, 0x61, 0x0, 0xf0, 0xd5, 0x74, 0xca,
    0xab, 0x4c, 0xaa, 0xb8, 0x80, 0x3f, 0xf8, 0x19,
    0x80, 0xd, 0xb8, 0x20, 0x1f, 0xe2, 0xb9, 0x0,
    0xff, 0xe2, 0x3f, 0x30, 0x6, 0x25, 0x63, 0x0,
    0xff, 0xe1, 0xc, 0xa, 0x0, 0x75, 0x87, 0x80,
    0x7f, 0xf0, 0xa8, 0x20, 0x80, 0x39, 0x4c, 0xca,
    0x1, 0xff, 0xc0, 0x64, 0x37, 0x0, 0xfb, 0xc2,
    0xc0, 0x3f, 0xe2, 0x91, 0xe0, 0xf, 0xc6, 0x82,
    0x60, 0x1f, 0xea, 0xa, 0x20, 0xf, 0xe9, 0xe3,
    0x0, 0xff, 0x47, 0x20, 0x7, 0x8, 0xf1, 0x80,
    0x90, 0x0, 0x47, 0x80, 0x84, 0x4, 0x7d, 0xbd,
    0xdf, 0x68, 0x3, 0xbb, 0x0, 0x33, 0xbb, 0xf3,
    0x88, 0xff, 0xf3, 0x40,

    /* U+66F4 "更" */
    0x6f, 0xff, 0xfe, 0x5f, 0x0, 0x7f, 0xf3, 0xdb,
    0xff, 0xfd, 0xa0, 0xf, 0xff, 0xf7, 0x0, 0x7f,
    0xf4, 0xab, 0x33, 0xee, 0x0, 0x66, 0x7f, 0x10,
    0x7, 0x39, 0x9f, 0xe0, 0x1, 0x9f, 0xf0, 0x7,
    0xed, 0xff, 0xed, 0x0, 0x77, 0xff, 0x84, 0x3,
    0xff, 0x8c, 0x20, 0x1f, 0xfc, 0x41, 0x0, 0xe1,
    0x0, 0x8, 0x7, 0xff, 0x13, 0x3f, 0xfb, 0x0,
    0x1d, 0xff, 0xe1, 0x0, 0xfe, 0x45, 0x5e, 0x40,
    0x2, 0xaf, 0xc0, 0x1f, 0xe9, 0xaa, 0xe9, 0x0,
    0x55, 0x7c, 0x20, 0x1f, 0xfd, 0x79, 0xbb, 0xee,
    0x0, 0x5d, 0xfc, 0x20, 0x1f, 0xc8, 0x9e, 0x30,
    0x2, 0x27, 0xc0, 0x1f, 0xb7, 0x1b, 0x7f, 0xf2,
    0x82, 0xff, 0xff, 0x10, 0x7, 0xa5, 0xa4, 0x2,
    0x15, 0xf, 0x0, 0xff, 0xe2, 0x59, 0x25, 0x0,
    0x20, 0x9, 0x40, 0x3f, 0xf8, 0x83, 0xe2, 0xb9,
    0xc, 0x12, 0x1, 0xff, 0xc6, 0x2c, 0x23, 0x70,
    0x74, 0x0, 0xff, 0xe3, 0xd, 0x10, 0x4, 0xf4,
    0xa2, 0x1, 0xff, 0xc1, 0x37, 0xbe, 0x70, 0x3a,
    0x50, 0x5a, 0xee, 0x5c, 0xba, 0xa1, 0x90, 0x80,
    0x1f, 0xf2, 0x10, 0x12, 0xf1, 0x6b, 0xa9, 0x44,
    0x48, 0xd1, 0x57, 0x9b, 0xdf, 0x2c, 0x2, 0xb3,
    0xd6, 0x80, 0x10, 0xad, 0x77, 0x2e, 0x19, 0x4c,
    0x84, 0x1, 0x63, 0xdc, 0xa6, 0x10, 0xf, 0xe1,
    0x47, 0x9a, 0xcd, 0xef, 0xf1, 0x0,

    /* U+6709 "有" */
    0x0, 0xff, 0x31, 0x80, 0x7f, 0xf2, 0xd6, 0x74,
    0x3, 0xff, 0x97, 0xe0, 0xe0, 0x1f, 0xfc, 0xb5,
    0xa, 0x0, 0xff, 0xe1, 0xf, 0x77, 0xe0, 0x6,
    0xf7, 0x7f, 0xf0, 0x58, 0x4, 0x7f, 0x0, 0x4,
    0x7f, 0xf8, 0x9f, 0xfe, 0xa0, 0x1e, 0xff, 0xff,
    0xe1, 0x38, 0x7, 0xd0, 0x12, 0x20, 0x1f, 0xfc,
    0x96, 0x21, 0x70, 0xf, 0xfe, 0x48, 0xc8, 0xe,
    0xef, 0xfd, 0xda, 0x1, 0xfd, 0x40, 0x11, 0x17,
    0xfc, 0x24, 0x1, 0xf9, 0xd0, 0x1, 0x7f, 0xff,
    0xee, 0x0, 0xfe, 0x58, 0x0, 0x9c, 0x3, 0xff,
    0x8e, 0x94, 0xe, 0x40, 0x1f, 0xfc, 0x86, 0xb0,
    0x58, 0x0, 0x6e, 0xff, 0xd8, 0x1, 0xe7, 0x90,
    0x6a, 0x0, 0x84, 0x8b, 0xfe, 0x0, 0xf3, 0x14,
    0x48, 0x6, 0xcf, 0xff, 0xf7, 0x0, 0x78, 0x75,
    0xc0, 0x3f, 0xfa, 0x6e, 0x1, 0xff, 0xcd, 0xbf,
    0xff, 0xf7, 0x0, 0x7f, 0xf0, 0x88, 0xcf, 0xfe,
    0x0, 0xff, 0xe1, 0x76, 0x67, 0xfb, 0x40, 0x3f,
    0xfc, 0xe6, 0x1, 0xff, 0xc9, 0x8f, 0xfb, 0x40,
    0x80, 0x3f, 0xf8, 0xf4, 0x2, 0x22, 0x4e, 0x0,
    0xc0,

    /* U+672C "本" */
    0x0, 0xff, 0x86, 0xec, 0x20, 0x1f, 0xfc, 0xb3,
    0x44, 0x0, 0x7f, 0xff, 0xc0, 0x3f, 0xfc, 0x45,
    0xbb, 0xfe, 0xf0, 0x6, 0x6e, 0xff, 0x8c, 0x4,
    0x8b, 0xfe, 0x0, 0x11, 0x7f, 0xc0, 0x3, 0xbb,
    0xfc, 0x20, 0xc0, 0x5, 0x2, 0xbb, 0xfc, 0x40,
    0x4, 0x4f, 0x80, 0x45, 0x60, 0x8, 0x2, 0x64,
    0x4f, 0x84, 0x3, 0xfa, 0x2, 0x40, 0x23, 0x60,
    0x80, 0xf, 0xfe, 0x22, 0x18, 0x30, 0x6, 0x80,
    0x53, 0x0, 0xff, 0xe1, 0xc8, 0x40, 0x80, 0x61,
    0x60, 0xf0, 0xf, 0xfe, 0x14, 0x11, 0x1c, 0x3,
    0xd0, 0x26, 0xe0, 0x1f, 0xfc, 0x3, 0x70, 0x90,
    0xf, 0x86, 0xc2, 0xc, 0x3, 0xfc, 0x3a, 0xc,
    0x80, 0x1f, 0x95, 0x3, 0x44, 0x3, 0xfb, 0x44,
    0xa4, 0x3, 0xfd, 0x42, 0x2d, 0x0, 0xfd, 0x66,
    0x1e, 0x1, 0xff, 0xe, 0x81, 0xe0, 0x80, 0x61,
    0xc4, 0xa, 0x2, 0x2c, 0xc0, 0x2, 0x2e, 0x19,
    0x3, 0xc2, 0x0, 0x1f, 0x98, 0x5f, 0xee, 0xf5,
    0x80, 0x33, 0x77, 0xbe, 0x80, 0xb5, 0x82, 0xc4,
    0x56, 0x80, 0x1f, 0xfc, 0x45, 0xb1, 0x0, 0xa2,
    0x18, 0x81, 0x5f, 0xfd, 0xa0, 0xe, 0xff, 0xe9,
    0x4, 0xca, 0x60, 0x3, 0x90, 0x7, 0xff, 0x20,
    0x94, 0x3, 0xff, 0xfe, 0x1, 0xf8,

    /* U+6839 "根" */
    0x0, 0xe8, 0x60, 0xf, 0xfe, 0x60, 0xbd, 0x80,
    0x70, 0x8f, 0xff, 0x0, 0x3, 0xff, 0x85, 0xfd,
    0xdf, 0xfc, 0x0, 0xf, 0xfe, 0x21, 0x9f, 0xf0,
    0x7, 0xff, 0x1b, 0x73, 0x3e, 0xd0, 0xf, 0xe3,
    0x0, 0xff, 0xe5, 0x37, 0xfd, 0xa0, 0x5f, 0xf1,
    0x0, 0xc, 0x3, 0xe3, 0x0, 0xe3, 0x22, 0x84,
    0x0, 0x45, 0x0, 0x5b, 0xff, 0xf6, 0x80, 0x72,
    0xee, 0xd2, 0x5, 0xbb, 0x10, 0x0, 0xd1, 0x3f,
    0x0, 0x7f, 0x60, 0x10, 0x80, 0x76, 0xdd, 0xfd,
    0x40, 0x1f, 0xc8, 0x0, 0xa0, 0xf, 0xfe, 0x52,
    0x80, 0x48, 0xc0, 0x1f, 0xfc, 0x9e, 0x0, 0x11,
    0xc8, 0x80, 0x59, 0xbb, 0xf6, 0x0, 0x7c, 0x28,
    0xa0, 0x8, 0xa, 0x0, 0x88, 0xbf, 0x80, 0x3e,
    0x90, 0xe0, 0x2, 0x21, 0x80, 0x2d, 0xff, 0x0,
    0x3f, 0xfc, 0x1, 0x85, 0xcd, 0x40, 0x28, 0xc0,
    0x8, 0xc0, 0xa, 0xa, 0x1, 0xa6, 0xc0, 0x29,
    0xa, 0x0, 0xc6, 0x20, 0x1e, 0xe0, 0xe0, 0x1,
    0x63, 0x22, 0x0, 0x9c, 0x58, 0x3, 0xff, 0x80,
    0x82, 0x88, 0x7d, 0x32, 0xc4, 0xb, 0x9, 0x0,
    0xff, 0xe1, 0x40, 0x5c, 0x3, 0xe9, 0x80, 0x2c,
    0x9c, 0x3, 0xff, 0x84, 0xc4, 0x5, 0xb0, 0x1,
    0x8b, 0x0, 0x3f, 0xf8, 0x92, 0x4, 0xe0, 0x1e,
    0x10, 0xf, 0xfe, 0x22, 0x38, 0x52, 0x80, 0x7f,
    0xf1, 0x85, 0x67, 0xe, 0x14, 0x2a, 0x0, 0x3f,
    0xf8, 0x22, 0x0, 0xfe, 0xa6, 0x30, 0x5, 0x28,
    0x3e, 0xa8, 0x7, 0xfc, 0xe0, 0x1, 0x26, 0xaf,
    0x30, 0x5, 0x48, 0x15, 0x88, 0x7, 0xf9, 0x8a,
    0x37, 0x52, 0xa0, 0x1c, 0xdc, 0xda, 0x20, 0x18,
    0x7f, 0x40, 0x36, 0xb9, 0x0, 0x7f, 0xc, 0x98,
    0x0,

    /* U+6A21 "模" */
    0x0, 0xe5, 0x50, 0x7, 0xc8, 0xa0, 0x18, 0xd4,
    0x80, 0x3f, 0xd, 0x58, 0x7, 0xd3, 0x42, 0x1,
    0x4d, 0x20, 0x7, 0xff, 0x20, 0xc0, 0x3f, 0xf9,
    0x1d, 0xff, 0x10, 0x6f, 0xfc, 0xa1, 0x3f, 0xf1,
    0x80, 0x7f, 0x94, 0xce, 0x0, 0x19, 0xe1, 0x2,
    0x33, 0x84, 0x3, 0xfd, 0x79, 0x91, 0x6, 0xe6,
    0x48, 0x17, 0x99, 0x10, 0x4f, 0xfb, 0x80, 0x7f,
    0xd8, 0x1, 0x98, 0x80, 0x31, 0x10, 0xc0, 0x3f,
    0xf8, 0x6f, 0x54, 0x17, 0xba, 0xa8, 0x9f, 0xea,
    0x0, 0x29, 0xff, 0x58, 0xf, 0xfb, 0x2, 0xd5,
    0x7f, 0xf8, 0x8, 0x1, 0xe3, 0x1, 0x20, 0xe,
    0xdf, 0xff, 0xd8, 0x1, 0xfb, 0x0, 0x1c, 0x1,
    0xc2, 0x1, 0xf9, 0xc0, 0x3f, 0x20, 0x0, 0xd8,
    0x3, 0x67, 0xff, 0xeb, 0x0, 0xf9, 0x40, 0x2,
    0x52, 0x20, 0x13, 0x3b, 0xfe, 0x60, 0xf, 0xbc,
    0x2, 0x80, 0xb0, 0xa, 0xe2, 0x3f, 0x50, 0x7,
    0x85, 0x50, 0x0, 0xa4, 0xa2, 0x0, 0x9a, 0xaf,
    0xd0, 0x1, 0xe6, 0xd, 0x0, 0xae, 0xc2, 0xe2,
    0xa8, 0x92, 0xa9, 0x12, 0x51, 0x70, 0xd, 0x22,
    0xe0, 0x13, 0x20, 0x5f, 0x76, 0xd0, 0x3e, 0xee,
    0xb0, 0x9, 0xc5, 0x80, 0x3f, 0xf8, 0xa, 0xc,
    0x1, 0xfd, 0x21, 0x20, 0x1d, 0x19, 0x9e, 0x80,
    0x4c, 0xcf, 0x88, 0x25, 0x84, 0x3, 0x8c, 0xfe,
    0x10, 0x13, 0x3f, 0x84, 0x1e, 0x0, 0x3d, 0x7f,
    0xfc, 0xe0, 0x66, 0xa, 0xff, 0xe3, 0x0, 0x8,
    0x7, 0xfc, 0x8e, 0x11, 0xe1, 0x46, 0x1, 0xff,
    0xc6, 0x7b, 0x7, 0x43, 0x90, 0xc6, 0x0, 0xff,
    0xe1, 0xb, 0x6c, 0x3, 0xc0, 0x1, 0xa4, 0x27,
    0x14, 0x3, 0xfc, 0x39, 0xd2, 0x47, 0x90, 0x1,
    0x9b, 0xc, 0xd5, 0xec, 0x1, 0xf8, 0x6c, 0x9b,
    0x30, 0x60, 0x1e, 0x3c, 0xb5, 0x36, 0x0, 0xc3,
    0xfc, 0x0, 0x7d, 0x93, 0x0, 0xff, 0x25, 0x60,
    0x0,

    /* U+6DFB "添" */
    0x0, 0x8, 0x7, 0xff, 0x34, 0x7f, 0x50, 0x3,
    0xff, 0x96, 0x46, 0x57, 0x42, 0x17, 0xdd, 0xff,
    0xc3, 0xc0, 0x8, 0xf6, 0x1, 0x7c, 0x1c, 0x47,
    0xff, 0x88, 0x1, 0xcf, 0xa4, 0xe1, 0x9f, 0xfc,
    0x61, 0x1f, 0xff, 0x68, 0x7, 0x8b, 0x24, 0x3,
    0xc2, 0x60, 0xa0, 0x1f, 0xfc, 0x31, 0x0, 0xf9,
    0xc0, 0x88, 0x1, 0xff, 0xcb, 0xa0, 0xa0, 0xf,
    0xfe, 0x3, 0x8, 0x4, 0x3f, 0xfe, 0x30, 0x8f,
    0xff, 0xec, 0x9, 0x97, 0x40, 0x80, 0x7f, 0xf2,
    0x1c, 0x21, 0xc1, 0xfd, 0x47, 0xff, 0x40, 0xf,
    0x7f, 0xca, 0xb, 0xff, 0xac, 0x6, 0x39, 0x87,
    0x0, 0x31, 0xc0, 0x58, 0x80, 0x56, 0x4b, 0x20,
    0x1f, 0xc, 0xe4, 0x80, 0x47, 0x80, 0xca, 0x88,
    0x0, 0xf, 0x8b, 0x50, 0x7, 0xe3, 0x0, 0x97,
    0x1, 0x24, 0x2e, 0xc0, 0x11, 0x68, 0xae, 0x98,
    0x7, 0xe1, 0xaa, 0x2, 0xd8, 0x7, 0xe3, 0xc3,
    0x2c, 0xb0, 0xf, 0x99, 0x42, 0x2c, 0x3, 0xf8,
    0x6a, 0x90, 0x18, 0x1, 0xd2, 0xcf, 0x1a, 0xfb,
    0xa0, 0xe, 0x69, 0x3, 0x79, 0x5e, 0x70, 0xe,
    0x69, 0x27, 0x23, 0x33, 0x0, 0x76, 0x31, 0x94,
    0x87, 0x8, 0x7, 0x30, 0x19, 0x0, 0x24, 0x3c,
    0x3, 0xb8, 0x28, 0x18, 0xcc, 0xc0, 0x1d, 0x61,
    0x20, 0x4, 0x52, 0x40, 0xe, 0x41, 0x70, 0x7,
    0x4, 0x8, 0x4, 0x84, 0x2a, 0x3, 0x41, 0x20,
    0x1f, 0x38, 0xa0, 0x12, 0x8c, 0x80, 0x50, 0xc,
    0x0, 0xd1, 0x54, 0x0, 0xfb, 0x3, 0x0, 0x10,
    0xe, 0x0, 0x43, 0x9, 0x0, 0x7a, 0xd0, 0x7,
    0xe4, 0x89, 0x0, 0x13, 0x48, 0x2, 0x1, 0x44,
    0x0, 0x74, 0x1, 0xfc, 0x2e, 0x20, 0x14, 0xb0,
    0x9, 0x4, 0x80, 0x79, 0x37, 0x60, 0x20, 0xf,
    0xf8, 0x7e, 0x4c, 0x3, 0xc8, 0x45, 0xa0, 0x3,
    0xff, 0x80, 0x2c, 0x1, 0xfb, 0xfe, 0xd5, 0x0,
    0xff, 0x80,

    /* U+6E05 "清" */
    0x0, 0x84, 0x3, 0xff, 0x81, 0x76, 0x10, 0xf,
    0xf1, 0xf5, 0x90, 0x7, 0xf9, 0x10, 0x1, 0xff,
    0x38, 0xa6, 0xc0, 0xc, 0xcf, 0xc0, 0x8, 0x99,
    0xf2, 0x0, 0x49, 0xea, 0xf, 0x66, 0xcd, 0xf0,
    0x1, 0x9b, 0xec, 0x0, 0xc3, 0x54, 0xe, 0x2e,
    0xef, 0x80, 0x1b, 0xdd, 0xe8, 0x0, 0xf2, 0xf2,
    0x80, 0x8f, 0xc0, 0x3, 0x11, 0xf0, 0x7, 0xe1,
    0x0, 0x37, 0xff, 0x80, 0x1d, 0xff, 0xd8, 0x1,
    0xff, 0x13, 0x37, 0x80, 0xa, 0xcd, 0xd6, 0x1,
    0xb, 0x80, 0x79, 0x26, 0x7c, 0x0, 0xb9, 0x9e,
    0x70, 0xb, 0x63, 0x94, 0x0, 0x31, 0x1f, 0x80,
    0x11, 0x1f, 0x90, 0x3c, 0xc6, 0xac, 0x49, 0xdf,
    0xf0, 0x1, 0x9d, 0xfe, 0xc0, 0x3c, 0x80, 0x48,
    0x3e, 0xef, 0xfe, 0x34, 0x0, 0x4f, 0x85, 0x0,
    0x23, 0xff, 0xc2, 0x1, 0x18, 0x3, 0x8f, 0x44,
    0x2, 0xff, 0xff, 0xe0, 0x77, 0x90, 0x7, 0xff,
    0x9, 0x9b, 0xfc, 0x1, 0xff, 0x18, 0x7, 0x4c,
    0xff, 0x88, 0x3, 0xf9, 0x32, 0x0, 0x34, 0x47,
    0xf8, 0xc0, 0x3f, 0xbc, 0x3, 0xce, 0xff, 0xe1,
    0x0, 0xfc, 0x48, 0x12, 0x1, 0xbf, 0xff, 0xc4,
    0x1, 0xfa, 0x1, 0x44, 0x3, 0xff, 0x94, 0x4a,
    0x12, 0x1, 0xd5, 0x5f, 0xe2, 0x0, 0xfa, 0x1,
    0xc, 0x3, 0x95, 0x7f, 0xc0, 0x1f, 0x12, 0x87,
    0x80, 0x7b, 0xff, 0xfc, 0x40, 0x1e, 0x90, 0x34,
    0x0, 0xff, 0xe5, 0xb0, 0x40, 0x7, 0xff, 0x5,
    0x3b, 0x78, 0x80, 0x80, 0x36, 0xca, 0x0, 0x7f,
    0xf0, 0x50, 0xc, 0xea, 0x0, 0x80,

    /* U+70B9 "点" */
    0x0, 0xff, 0xe0, 0x5d, 0x80, 0x3f, 0xf9, 0xa8,
    0x81, 0x0, 0xff, 0xf4, 0xee, 0x67, 0xf5, 0x80,
    0x7f, 0xf1, 0xc, 0xff, 0xca, 0x1, 0xff, 0xc4,
    0xbc, 0xcf, 0xed, 0x0, 0xff, 0xe2, 0x29, 0x9f,
    0xf8, 0x3, 0xff, 0xb8, 0x20, 0x1f, 0xfc, 0x62,
    0xff, 0xfb, 0x80, 0x1d, 0xff, 0xf6, 0x80, 0x7f,
    0xf6, 0xb, 0xff, 0xff, 0x85, 0x60, 0x1f, 0xff,
    0xf0, 0xf, 0xff, 0x1, 0x7f, 0xff, 0xf0, 0xac,
    0x3, 0xff, 0xa0, 0x20, 0x1f, 0x17, 0xff, 0xff,
    0x1b, 0x0, 0x3f, 0x18, 0x7, 0xff, 0x10, 0x90,
    0x3, 0xe3, 0xce, 0x0, 0x15, 0x40, 0x4, 0x59,
    0x60, 0x11, 0xed, 0x90, 0x7, 0xa0, 0x18, 0x2,
    0x56, 0x0, 0x88, 0x88, 0x60, 0x3, 0x60, 0xf0,
    0xe, 0x44, 0x4, 0x80, 0x8, 0x4, 0x40, 0x13,
    0x4, 0x80, 0x52, 0x44, 0x80, 0x8, 0x68, 0x20,
    0x40, 0x21, 0x2, 0x0, 0xa8, 0x14, 0x40, 0x29,
    0x7, 0x30, 0x6, 0x89, 0xb8, 0x6, 0x30, 0x70,
    0x8, 0x8c, 0x18, 0x2, 0x45, 0x8, 0x3, 0x11,
    0x68, 0x7, 0x31, 0x0, 0x75, 0xa1, 0x0, 0x68,
    0x2d, 0x3, 0xdf, 0x10, 0xe, 0xbd, 0x40, 0xc,
    0xf6, 0xa0, 0x18, 0xb5, 0x80,

    /* U+7248 "版" */
    0x0, 0xfd, 0x32, 0x0, 0xff, 0xe1, 0x11, 0x0,
    0x3b, 0xbc, 0x2, 0x66, 0x0, 0x7e, 0x24, 0x69,
    0xbe, 0xdc, 0x10, 0xf, 0xfe, 0x11, 0x66, 0xf7,
    0xed, 0xcb, 0x20, 0x89, 0x54, 0x1, 0xff, 0xc3,
    0x32, 0x12, 0x35, 0x79, 0xbe, 0xe5, 0xa0, 0x7,
    0xff, 0x10, 0x7f, 0x72, 0xa1, 0x90, 0x40, 0x3f,
    0xff, 0xe0, 0x1f, 0xfc, 0x69, 0x98, 0x1, 0x32,
    0x30, 0x8, 0x8b, 0xf1, 0x88, 0x7, 0xcc, 0xd0,
    0x1, 0x98, 0x80, 0x1, 0xdd, 0xfd, 0x9c, 0x40,
    0x1e, 0xde, 0xef, 0x38, 0x4, 0x20, 0x45, 0xe0,
    0x1, 0x0, 0x78, 0x84, 0x7c, 0x1, 0xc, 0x4,
    0xee, 0xef, 0x2, 0x0, 0xff, 0xe2, 0x9a, 0x6,
    0x0, 0x64, 0x4, 0x0, 0xe1, 0x0, 0xff, 0xe0,
    0x10, 0xa8, 0x6, 0xd0, 0xc0, 0xf, 0xb7, 0x7a,
    0x40, 0x2, 0x1, 0x39, 0x10, 0x2, 0x40, 0x40,
    0xf, 0x88, 0xbc, 0x1, 0x84, 0x34, 0x28, 0x0,
    0xc0, 0x82, 0x1, 0x84, 0x7, 0xfe, 0xc0, 0xc,
    0xe0, 0xe0, 0x82, 0xc0, 0xb, 0xe, 0x0, 0xe3,
    0x2, 0x0, 0xfc, 0x40, 0x40, 0x6, 0x16, 0x52,
    0x15, 0x0, 0xe6, 0x7, 0x0, 0xfd, 0xc0, 0x20,
    0x9, 0x8, 0xb0, 0x80, 0xf, 0x10, 0x10, 0x7,
    0xe3, 0xd, 0x0, 0xb, 0x8, 0x89, 0x80, 0x3d,
    0xe1, 0xe0, 0x1f, 0x90, 0x18, 0x2, 0xf0, 0x5,
    0x0, 0x7c, 0xa0, 0xa0, 0x1f, 0x18, 0x0, 0xc0,
    0x7, 0x20, 0x8, 0x30, 0xe, 0x13, 0x3, 0x0,
    0xfa, 0xc1, 0x40, 0xb, 0x80, 0xcc, 0xd, 0x30,
    0xc, 0xe0, 0xa0, 0x1f, 0x98, 0x3c, 0x26, 0x81,
    0xa6, 0x48, 0x38, 0xe0, 0x15, 0x87, 0x0, 0x7c,
    0xe2, 0x24, 0xe6, 0x8, 0x90, 0x5, 0xb0, 0x46,
    0x0, 0x39, 0x10, 0x1, 0xf2, 0x9c, 0xc, 0x1e,
    0x38, 0x6, 0x9a, 0x2e, 0x0, 0x1d, 0x80, 0x71,
    0xfd, 0x96, 0x30, 0x36, 0x18, 0x7, 0x97, 0x48,
    0x0,

    /* U+73AF "环" */
    0x1d, 0xdf, 0xc6, 0x9f, 0xff, 0xfc, 0x33, 0x2,
    0x2f, 0xce, 0x1, 0xff, 0xc5, 0x1d, 0xd8, 0xc2,
    0xb7, 0x48, 0x8e, 0xef, 0x50, 0x3, 0x7b, 0xb8,
    0xc0, 0x8a, 0x70, 0x62, 0x20, 0x0, 0x47, 0xde,
    0xa, 0x42, 0x3c, 0x1, 0xff, 0xc5, 0x15, 0x9,
    0x0, 0xff, 0xe5, 0xc0, 0x11, 0x80, 0x7f, 0xf2,
    0x85, 0x81, 0x80, 0x3f, 0xf9, 0x76, 0x0, 0x79,
    0xd1, 0x0, 0xf3, 0xe6, 0x14, 0x3f, 0x20, 0x3,
    0x91, 0x40, 0xe, 0x44, 0xd0, 0xf, 0x69, 0x98,
    0x40, 0xce, 0x0, 0xea, 0x1, 0x0, 0x51, 0x1d,
    0x0, 0x74, 0x66, 0xc, 0x27, 0x24, 0x3, 0x50,
    0x8a, 0x0, 0x3, 0xe0, 0xae, 0x1, 0x88, 0xcc,
    0xe0, 0xa6, 0x40, 0x13, 0xa8, 0x51, 0x80, 0x45,
    0x41, 0x8, 0x1, 0xff, 0xc1, 0x68, 0x8, 0x40,
    0xe, 0x56, 0xa, 0x10, 0xf, 0xf9, 0xe4, 0x15,
    0xc0, 0x3e, 0x92, 0x1a, 0x0, 0xff, 0xd, 0x2,
    0x50, 0x7, 0xf7, 0x0, 0x7f, 0xf0, 0x7, 0x1a,
    0xc0, 0x3f, 0xc7, 0x76, 0x0, 0xf9, 0xd6, 0x84,
    0x52, 0x1, 0xff, 0xc0, 0x40, 0xf, 0x38, 0x5d,
    0x2a, 0x80, 0x3f, 0xf8, 0xc9, 0x3c, 0x60, 0x4,
    0xa4, 0x0, 0xff, 0xe2, 0x8d, 0xb0, 0x94, 0x75,
    0xa8, 0x7, 0xff, 0x18, 0x51, 0xf7, 0x4e, 0x20,
    0x1f, 0xfc, 0x9b, 0x82, 0x0, 0xff, 0xff, 0x80,
    0x0,

    /* U+7406 "理" */
    0x0, 0xff, 0x8c, 0xff, 0xf8, 0x40, 0x6, 0xbb,
    0xfc, 0x49, 0x99, 0xff, 0xc1, 0xd0, 0x7, 0xa2,
    0x7e, 0x0, 0x89, 0xdf, 0x0, 0xbb, 0xcc, 0x1,
    0xae, 0xea, 0x0, 0x5d, 0xc4, 0x0, 0x68, 0x8c,
    0x5, 0x11, 0x80, 0x31, 0x22, 0x40, 0x28, 0x90,
    0x7, 0xff, 0xb5, 0x73, 0x30, 0x1e, 0x65, 0xa0,
    0x1f, 0xfc, 0x41, 0x33, 0xc0, 0x3, 0x3c, 0x1,
    0xff, 0xc4, 0x4f, 0xfc, 0x7, 0xff, 0x70, 0x6,
    0x29, 0x95, 0x80, 0xcc, 0x98, 0x3, 0xff, 0x8c,
    0xcd, 0x28, 0x1, 0x99, 0x40, 0x1f, 0xfc, 0x65,
    0xcc, 0x58, 0x3, 0x31, 0xc0, 0x12, 0xdd, 0xe0,
    0x3b, 0xbb, 0x40, 0x30, 0x99, 0x94, 0x4, 0xcc,
    0x40, 0x10, 0xa2, 0x60, 0x2, 0x24, 0x60, 0x1f,
    0xfc, 0x24, 0xee, 0xeb, 0x0, 0x77, 0x77, 0x80,
    0x7f, 0xf0, 0x44, 0x79, 0xc0, 0x2, 0x3e, 0x0,
    0xff, 0xed, 0x89, 0x17, 0x30, 0x0, 0x8b, 0xc2,
    0x1, 0xfc, 0x81, 0x1b, 0xbd, 0x40, 0xd, 0xdf,
    0x30, 0x7, 0x86, 0xbe, 0xcf, 0xd1, 0x38, 0xc0,
    0x8, 0x9e, 0x20, 0x1, 0xbe, 0x80, 0x14, 0xc,
    0x1a, 0xef, 0xbc, 0x1, 0x77, 0xe5, 0xb, 0xc8,
    0x30, 0x49, 0xec, 0x30, 0xf, 0xfe, 0x29, 0x93,
    0x5f, 0xdb, 0x8, 0x7, 0xff, 0x1e, 0x36, 0x50,
    0x3, 0x4e, 0xef, 0xdc, 0x0, 0xdd, 0xf9, 0x40,
    0x3f, 0x11, 0x7f, 0x0, 0x8, 0xbf, 0x0, 0x7e,
    0xae, 0xef, 0xfe, 0x2b, 0x80,

    /* U+7528 "用" */
    0x0, 0xd5, 0x77, 0xff, 0xc7, 0x40, 0xc, 0xa8,
    0x9f, 0xfc, 0x72, 0x0, 0xf4, 0xdd, 0xf4, 0x80,
    0x2e, 0xfe, 0x30, 0xf, 0xc8, 0x9f, 0x0, 0x11,
    0x3e, 0x60, 0xf, 0xff, 0xf0, 0x80, 0x7e, 0xdf,
    0xfe, 0xd0, 0x7, 0xff, 0xc8, 0x1, 0xff, 0xd5,
    0xdf, 0xfe, 0xd0, 0x7, 0xff, 0xca, 0x1, 0xff,
    0xd5, 0x30, 0xf, 0xff, 0x29, 0x91, 0x73, 0x0,
    0x8, 0xbe, 0x10, 0xe, 0x10, 0x6, 0xef, 0xac,
    0x1, 0xbb, 0xf2, 0x0, 0x71, 0x0, 0x8, 0xbc,
    0x20, 0x2, 0x2f, 0x80, 0x3c, 0xa0, 0xbb, 0xbe,
    0xc0, 0x6, 0xef, 0xca, 0x1, 0xde, 0x1a, 0x1,
    0xff, 0xca, 0x70, 0x30, 0xf, 0xfe, 0x49, 0x88,
    0x20, 0x7, 0xff, 0x26, 0x41, 0x80, 0x3f, 0xf9,
    0x26, 0xa1, 0x40, 0x1f, 0xfc, 0x51, 0x0, 0xe,
    0x82, 0x98, 0x7, 0xff, 0x1, 0xff, 0xf2, 0x2,
    0x8b, 0xd, 0x80, 0x7f, 0x84, 0x0, 0xc0, 0x18,
    0xa0, 0xc2, 0x3c, 0x40, 0x3f, 0x17, 0xf0, 0x0,
    0x7f, 0xf6, 0xb8, 0x0,

    /* U+7720 "眠" */
    0x0, 0xff, 0x33, 0xaa, 0xff, 0xc2, 0x0, 0xdf,
    0xdd, 0xe9, 0x1, 0x98, 0xaa, 0xff, 0x94, 0x0,
    0x40, 0x45, 0xe0, 0xc, 0xcd, 0xfc, 0x20, 0x1e,
    0xff, 0xac, 0x3, 0x86, 0x67, 0xf8, 0xc0, 0x3f,
    0xfe, 0xe2, 0xcd, 0xfc, 0x60, 0x1e, 0xff, 0xac,
    0x3, 0xd3, 0x3f, 0xc2, 0x1, 0xe3, 0x38, 0x80,
    0x3c, 0xef, 0x84, 0x11, 0xdf, 0x30, 0x6, 0xcc,
    0xa4, 0x3, 0x86, 0x23, 0x28, 0x74, 0x46, 0x20,
    0xf, 0xfe, 0x30, 0x81, 0x80, 0x7f, 0xf2, 0xcc,
    0x3, 0xff, 0x90, 0x23, 0xc0, 0xf, 0x11, 0xf0,
    0x5, 0xff, 0x58, 0x7, 0xbb, 0xb3, 0x3, 0x77,
    0x76, 0x80, 0x46, 0x71, 0x0, 0x78, 0x8b, 0x8,
    0x0, 0x8b, 0x98, 0x2, 0xcc, 0xa4, 0x3, 0x87,
    0x77, 0x60, 0x16, 0xef, 0x50, 0x7, 0xff, 0x14,
    0x80, 0x80, 0x3f, 0xf9, 0x84, 0x6, 0x1, 0xf8,
    0x47, 0x0, 0x7f, 0xc8, 0x8, 0x1, 0xfb, 0xba,
    0xa0, 0xf, 0xfb, 0x3, 0x0, 0x25, 0x10, 0x8,
    0x8b, 0xc0, 0x1f, 0xca, 0x8, 0x20, 0x8, 0xe1,
    0x0, 0x6e, 0xf4, 0x80, 0x78, 0x56, 0x5, 0x82,
    0x0, 0x6, 0x2, 0x1, 0xfc, 0xa0, 0x33, 0xbd,
    0x4e, 0x16, 0xc, 0xc3, 0x11, 0x6, 0x58, 0x7,
    0x8e, 0x80, 0xc, 0x46, 0xf6, 0x25, 0x21, 0x38,
    0xe, 0x6, 0x80, 0x1e, 0x11, 0x9a, 0xff, 0x21,
    0x0, 0xd, 0x24, 0x7, 0x0, 0x1f, 0xc5, 0xbd,
    0x28, 0x1, 0xf3, 0x6f, 0xe0, 0x80,

    /* U+793A "示" */
    0x0, 0xc6, 0x7f, 0xfc, 0x80, 0xf, 0xbf, 0x33,
    0xff, 0x8d, 0xa0, 0x1f, 0x31, 0x17, 0xff, 0x1c,
    0x3, 0xea, 0xdd, 0xff, 0xe3, 0x60, 0x7, 0xff,
    0xfc, 0x3, 0xfc, 0x9b, 0xbf, 0xfc, 0xc4, 0x1,
    0x22, 0xff, 0xe6, 0x8, 0x26, 0x67, 0xfa, 0xc0,
    0x15, 0x99, 0xfe, 0x40, 0x13, 0x3f, 0xf2, 0x80,
    0x18, 0xcf, 0xfc, 0x20, 0x1f, 0xfd, 0x5a, 0xc5,
    0x0, 0xff, 0x25, 0xb8, 0x7, 0xf8, 0x94, 0xc0,
    0x3f, 0xf8, 0x9, 0x6, 0x1, 0xfd, 0x60, 0x4a,
    0x1, 0xfe, 0x46, 0xe, 0x0, 0xfc, 0x6c, 0x10,
    0x1, 0xff, 0xc0, 0x81, 0x28, 0x0, 0xfb, 0xc0,
    0xd4, 0x3, 0xff, 0x80, 0x36, 0xe, 0x40, 0x1d,
    0x6, 0x1e, 0x1, 0xff, 0xc2, 0x53, 0x9, 0x0,
    0xc8, 0xe1, 0x6, 0x1, 0xff, 0xc3, 0xf0, 0x43,
    0x0, 0x25, 0x82, 0x38, 0x7, 0xff, 0x10, 0xd0,
    0x20, 0x1, 0x80, 0x54, 0x1, 0xff, 0xc6, 0xf0,
    0x50, 0x4, 0x66, 0x4, 0x2, 0x21, 0x18, 0x80,
    0x3f, 0xc9, 0x5c, 0x1, 0x18, 0x80, 0x69, 0xee,
    0xb0, 0x0, 0x40, 0x1f, 0x94, 0x3, 0xfd, 0xa0,
    0x18, 0xec, 0x40, 0x3f, 0xf8, 0xed, 0xdf, 0xf6,
    0x20, 0x7, 0xff, 0x0,

    /* U+79FB "移" */
    0x0, 0xfc, 0xa0, 0x1f, 0x15, 0x38, 0x7, 0xff,
    0x0, 0x56, 0xbe, 0xa0, 0x3, 0xdc, 0xba, 0x1,
    0xfc, 0xb3, 0xbd, 0x4a, 0x5, 0xc0, 0x1d, 0x46,
    0x54, 0x1, 0xfd, 0x6c, 0x40, 0x2, 0xdd, 0x30,
    0x6, 0xa5, 0x3, 0xdd, 0xdd, 0x64, 0x1, 0x5d,
    0x6e, 0x0, 0x90, 0x6, 0x1c, 0x50, 0x0, 0x91,
    0x61, 0x40, 0xc, 0xaa, 0x20, 0xf, 0x9b, 0x8c,
    0xdd, 0xff, 0xc6, 0xe, 0x40, 0x1f, 0xfc, 0xb,
    0x90, 0x78, 0x40, 0xd, 0x66, 0x68, 0x0, 0xff,
    0xe0, 0xca, 0xed, 0x55, 0x62, 0x2b, 0x41, 0xd0,
    0xc, 0xb7, 0x77, 0x81, 0x5d, 0xc1, 0x44, 0x4f,
    0x44, 0x7f, 0x90, 0xb0, 0x40, 0x31, 0x22, 0x46,
    0x2, 0x89, 0x8, 0x4, 0x32, 0x23, 0x26, 0x10,
    0x7, 0x35, 0xdc, 0x60, 0x57, 0x71, 0x80, 0x12,
    0xf4, 0x44, 0xfa, 0x40, 0x1e, 0x14, 0x48, 0xc0,
    0x9d, 0x10, 0xb3, 0xd6, 0x83, 0x1e, 0xb3, 0x60,
    0x1f, 0xcc, 0x1, 0x68, 0x86, 0xb0, 0x9c, 0xf3,
    0xc1, 0x1c, 0x0, 0x7f, 0x50, 0x0, 0x86, 0x82,
    0x27, 0xb1, 0x81, 0xd8, 0x7, 0x33, 0x6b, 0x80,
    0x46, 0x65, 0x1, 0x84, 0x70, 0x61, 0x0, 0x44,
    0x0, 0x4, 0x67, 0x8a, 0xc0, 0x29, 0xe, 0x0,
    0x39, 0x48, 0x4, 0x34, 0xe3, 0x9f, 0xfb, 0x84,
    0x24, 0x0, 0x4a, 0xa7, 0x0, 0xa2, 0xc0, 0x9,
    0xea, 0x58, 0x60, 0x19, 0x84, 0x94, 0x1, 0x21,
    0x20, 0x19, 0x54, 0x77, 0x61, 0x5c, 0x40, 0xc,
    0x70, 0x12, 0x0, 0x54, 0x33, 0x0, 0x7c, 0x85,
    0x75, 0x49, 0xd2, 0x2, 0xd0, 0x74, 0x0, 0x78,
    0x78, 0x7, 0xc7, 0xba, 0x40, 0xb5, 0x2d, 0x7c,
    0x14, 0x80, 0xa, 0x18, 0xc0, 0x3f, 0x10, 0x6,
    0xa8, 0x8, 0x14, 0xb0, 0xc, 0x52, 0x1, 0xff,
    0xc2, 0x2c, 0x0, 0x35, 0x80, 0x7f, 0xf1, 0xca,
    0x75, 0x6, 0xe4, 0x3, 0xff, 0x8a, 0x2d, 0x9a,
    0xc1, 0x1c, 0x80, 0x1f, 0xfc, 0x44, 0xde, 0x93,
    0x28, 0xf7, 0x0, 0xff, 0xe3, 0x20, 0x1b, 0xe6,
    0xb8, 0x7, 0xff, 0xc, 0xff, 0x0, 0x2d, 0xc8,
    0x30, 0xf, 0xfe, 0x8,

    /* U+7A7A "空" */
    0x0, 0xff, 0x1b, 0x88, 0x7, 0xff, 0x27, 0x62,
    0x0, 0x1f, 0xfc, 0x99, 0x6, 0x10, 0xf, 0xfe,
    0x43, 0x0, 0x20, 0x3, 0xfd, 0xdf, 0xff, 0xdc,
    0x0, 0x6f, 0xff, 0xee, 0x0, 0x8, 0xff, 0xf2,
    0x0, 0x36, 0x77, 0x7f, 0xf1, 0xb4, 0x3, 0xfc,
    0x60, 0x1e, 0x20, 0xf, 0xfe, 0x1b, 0xe5, 0x80,
    0x6b, 0xda, 0x20, 0xf, 0xf8, 0xb2, 0x3, 0x40,
    0x37, 0x12, 0xed, 0x10, 0xb, 0x32, 0xac, 0x82,
    0x34, 0xcb, 0x18, 0x3, 0x2e, 0xc8, 0xae, 0xc9,
    0xcc, 0x22, 0xc7, 0x38, 0x3e, 0x98, 0x7, 0xcd,
    0xce, 0xd, 0xce, 0xb, 0xce, 0x2b, 0xb0, 0x1,
    0xff, 0x47, 0x28, 0x43, 0x29, 0xae, 0x51, 0x0,
    0x7f, 0xf0, 0x46, 0xad, 0xd8, 0x32, 0xbf, 0x77,
    0xff, 0x8a, 0x90, 0x1, 0x8c, 0x8b, 0xff, 0x8a,
    0x1, 0xee, 0xef, 0xac, 0x1, 0xdd, 0xf8, 0x3,
    0xc2, 0x3f, 0x38, 0x0, 0x47, 0xf0, 0x7, 0xff,
    0xfc, 0x3, 0xff, 0xc9, 0x7b, 0xbf, 0xdc, 0x0,
    0xdd, 0xff, 0x62, 0x91, 0x7f, 0x80, 0x4, 0x5f,
    0xe3, 0xee, 0xff, 0xe5, 0xf8,

    /* U+7A9D "窝" */
    0x0, 0xff, 0x1b, 0xa0, 0x7, 0xff, 0x26, 0xa2,
    0x40, 0x3f, 0xf9, 0x36, 0x4, 0xc0, 0x1f, 0xee,
    0xff, 0xfe, 0xd0, 0x4, 0xff, 0xff, 0x68, 0x1,
    0x15, 0x7f, 0xf8, 0xc6, 0x1, 0xa6, 0xab, 0x60,
    0x4d, 0x56, 0xf3, 0xea, 0xad, 0x20, 0x1f, 0x36,
    0xcb, 0x80, 0x74, 0xb5, 0xf4, 0xa0, 0x6, 0xb9,
    0x69, 0xe9, 0x38, 0xd3, 0x0, 0xd9, 0xae, 0x6d,
    0x7d, 0x95, 0xdb, 0x16, 0xc1, 0x1c, 0xe0, 0x1f,
    0x14, 0x6e, 0x28, 0xb5, 0x25, 0x2, 0x50, 0x47,
    0xff, 0xff, 0x3, 0x13, 0x9c, 0x10, 0xba, 0xd4,
    0x0, 0xac, 0xdf, 0xe5, 0x0, 0xc, 0x79, 0x80,
    0x7a, 0xe6, 0x7f, 0xd0, 0x1, 0xff, 0xd8, 0xfe,
    0xef, 0xf6, 0x0, 0x7f, 0x9d, 0x51, 0x32, 0x88,
    0x91, 0x39, 0x5c, 0x3, 0xf4, 0xd5, 0x78, 0x6,
    0xab, 0xd2, 0x1, 0x86, 0xef, 0xfa, 0x80, 0x6e,
    0xff, 0x65, 0x80, 0x11, 0x3f, 0xc0, 0x4, 0x4f,
    0xc6, 0x82, 0x1, 0x77, 0x7c, 0x80, 0xbd, 0xdf,
    0x80, 0x3c, 0x23, 0xe7, 0x40, 0x5d, 0x41, 0x1f,
    0x0, 0x7f, 0xd1, 0x21, 0xc, 0x75, 0xaa, 0x1,
    0xff, 0xc0, 0x17, 0xe7, 0x9, 0x79, 0xe5, 0x2a,
    0xc2, 0x0, 0xfe, 0x8e, 0x81, 0x4d, 0x60, 0x0,
    0xd6, 0x19, 0xb8, 0x3, 0xfa, 0x4d, 0xf6, 0xc8,
    0x3, 0x8f, 0x23, 0x80, 0x3f, 0x87, 0x20, 0x80,
    0x3f, 0x8b, 0xf7, 0x80, 0x2, 0x1, 0xff, 0xc5,
    0x42, 0x20, 0x94, 0x80,

    /* U+7CFB "系" */
    0x0, 0xff, 0xe4, 0x9, 0x0, 0x7f, 0xf1, 0x89,
    0x1a, 0x2f, 0xb9, 0x84, 0x1, 0xc2, 0x46, 0x8a,
    0xf1, 0x37, 0x9d, 0xfb, 0x72, 0xe8, 0x20, 0xae,
    0x1, 0xdf, 0xb9, 0x75, 0xe, 0xc8, 0x62, 0x23,
    0x46, 0x9b, 0xef, 0xb5, 0x0, 0xe9, 0x55, 0x33,
    0xc5, 0x40, 0x1, 0xfb, 0x2e, 0x59, 0x4, 0x3,
    0xf3, 0xd5, 0x26, 0x1d, 0xa0, 0x1e, 0x0, 0x39,
    0x0, 0x3f, 0xf8, 0x49, 0x81, 0x30, 0x1, 0x86,
    0xed, 0x20, 0x1f, 0xfc, 0x7, 0xb0, 0xb6, 0x0,
    0xc9, 0xe8, 0x3a, 0x1, 0xfe, 0x1b, 0x82, 0xd4,
    0x1, 0x23, 0x8b, 0x14, 0xf4, 0x0, 0xfe, 0x5e,
    0x40, 0x3c, 0xff, 0x76, 0xe3, 0x84, 0xd8, 0x80,
    0x7f, 0x9c, 0x2, 0x32, 0x44, 0x0, 0x47, 0xac,
    0x0, 0x10, 0xf, 0xe2, 0xcf, 0xf6, 0xe7, 0x28,
    0xc, 0xe1, 0x1, 0xf6, 0x8, 0x7, 0xf1, 0x80,
    0xa, 0xe8, 0x5b, 0xd8, 0x2, 0x36, 0x2c, 0x10,
    0xf, 0xe2, 0xad, 0x45, 0xd9, 0x10, 0xe, 0x85,
    0x2c, 0x10, 0xf, 0x1d, 0x6a, 0x8b, 0xe2, 0xc4,
    0xd5, 0xe6, 0xf7, 0xa8, 0x16, 0x80, 0x76, 0xe2,
    0x80, 0x5, 0xe6, 0x1d, 0x95, 0xc, 0xe4, 0x56,
    0x23, 0xa0, 0xc, 0xc0, 0x26, 0xad, 0x13, 0x56,
    0x0, 0xcf, 0xed, 0xba, 0x9c, 0x15, 0x60, 0xa,
    0xbf, 0xb2, 0xa5, 0xd9, 0x50, 0x40, 0x38, 0x80,
    0x3, 0xa4, 0x40, 0x8, 0x40, 0x29, 0xe8, 0x0,
    0xf8, 0x6f, 0x58, 0x0, 0x7a, 0x80, 0x1e, 0x76,
    0x1c, 0x0, 0xf8, 0x74, 0x26, 0x80, 0x3f, 0xa2,
    0x1, 0x28, 0x1, 0xf9, 0xac, 0x17, 0x4, 0x3,
    0xd2, 0xe1, 0xc, 0x1, 0xfe, 0x4d, 0x13, 0xc2,
    0x0, 0x8b, 0x18, 0x25, 0xc0, 0x3f, 0xf8, 0x5,
    0xe4, 0x4c, 0x30, 0x4, 0x98, 0x5b, 0x0, 0x78,
    0x40, 0x3e, 0x1c, 0x31, 0xf0, 0x5, 0xc6, 0xa0,
    0x5, 0xbf, 0xf0, 0x0, 0x80, 0x3c, 0x3a, 0xf8,
    0x1, 0x39, 0x0, 0x6a, 0x0, 0x8a, 0x44, 0x3,
    0xe1, 0x80, 0xf, 0xf3, 0xff, 0xda, 0xc0, 0x1f,
    0xfc, 0x0,

    /* U+7EBF "线" */
    0x0, 0xe3, 0x30, 0x7, 0xe5, 0xb7, 0x0, 0xff,
    0xe1, 0x46, 0x38, 0x7, 0xc6, 0x9a, 0x11, 0xf0,
    0x1, 0xfc, 0x28, 0xa, 0x1, 0xff, 0x61, 0x3f,
    0x28, 0x7, 0xd2, 0x8, 0x40, 0x1f, 0xf2, 0x6c,
    0xc, 0x0, 0x78, 0x5c, 0x20, 0x3, 0xf1, 0x80,
    0x80, 0x4f, 0x9e, 0x1, 0xe9, 0x5, 0x30, 0xf,
    0xc2, 0x1, 0x12, 0xbc, 0xf4, 0x0, 0x61, 0x70,
    0x80, 0x4, 0x18, 0x0, 0x91, 0xb8, 0x13, 0xf6,
    0xa1, 0x4c, 0xc0, 0x1a, 0x1, 0xc8, 0xd, 0xf0,
    0x6b, 0x6e, 0x54, 0x0, 0x28, 0xd3, 0x7b, 0x60,
    0x11, 0xb0, 0xc0, 0x3, 0xc1, 0xc7, 0x49, 0x5e,
    0x0, 0x7a, 0xe5, 0x90, 0x80, 0x21, 0xd0, 0x47,
    0x9b, 0x32, 0x80, 0x7d, 0xa8, 0x70, 0x10, 0xf,
    0xe6, 0x10, 0x58, 0x64, 0x9, 0x0, 0xfe, 0x10,
    0x8, 0x51, 0xcc, 0x14, 0x96, 0x28, 0x81, 0x90,
    0x3, 0xe2, 0x9, 0x95, 0xf7, 0x2e, 0x10, 0xb,
    0x69, 0xcc, 0x89, 0x20, 0x10, 0xa3, 0xd6, 0x90,
    0x3b, 0x20, 0x9b, 0x4a, 0x80, 0x63, 0x90, 0xf0,
    0x9, 0x3a, 0xe1, 0x48, 0x0, 0x75, 0xbf, 0x92,
    0xc4, 0x1, 0xe, 0x85, 0x10, 0x4, 0xa4, 0xb1,
    0x7d, 0x0, 0xca, 0x40, 0x4, 0xb3, 0x0, 0xb4,
    0x54, 0x5e, 0xb7, 0x7, 0x69, 0xd0, 0x4c, 0x18,
    0x2, 0x1a, 0x45, 0x1, 0xb3, 0x5, 0xb8, 0x52,
    0x50, 0xf, 0x28, 0x18, 0x0, 0x70, 0x55, 0x80,
    0x90, 0x0, 0x4d, 0x3b, 0xf2, 0x1, 0xe1, 0x10,
    0x18, 0xe9, 0x1d, 0x0, 0xd, 0xaf, 0xf6, 0x58,
    0x80, 0x3f, 0x90, 0x27, 0xc, 0xda, 0x1, 0xa5,
    0x0, 0x3c, 0x20, 0x1f, 0x78, 0x29, 0x26, 0x8,
    0x7, 0xf2, 0x46, 0xf0, 0x7, 0x8b, 0x80, 0xd,
    0x60, 0x1f, 0x13, 0xdf, 0xdb, 0x91, 0x88, 0x4,
    0x31, 0xa8, 0x1, 0xe6, 0x70, 0x4e, 0xd8, 0x40,
    0x59, 0xec, 0x10, 0x29, 0xe7, 0x6, 0xb0, 0x63,
    0x0, 0x74, 0xb, 0x89, 0x35, 0xfd, 0x30, 0x83,
    0x66, 0xb0, 0x26, 0xca, 0x30, 0x6a, 0xa, 0x88,
    0x8f, 0x75, 0x28, 0x1, 0xd8, 0x60, 0xb9, 0x64,
    0x0, 0x93, 0x1b, 0xe2, 0x70, 0x1, 0x0, 0x7e,
    0xb9, 0xea, 0x30, 0xe, 0xc6, 0x10, 0x48, 0x0,

    /* U+7EDC "络" */
    0x0, 0xe3, 0x0, 0xfc, 0x58, 0xe0, 0x1f, 0xfc,
    0x3f, 0xe4, 0x0, 0xf5, 0x9f, 0x0, 0x7f, 0xf0,
    0x8c, 0xc2, 0xa0, 0x1c, 0x2c, 0x16, 0x1, 0xff,
    0xc2, 0x90, 0x51, 0x0, 0xeb, 0x0, 0x7e, 0xef,
    0xbd, 0xc0, 0x38, 0x94, 0x20, 0x3, 0x91, 0x40,
    0x4, 0x5f, 0x6, 0x80, 0x74, 0x2, 0x90, 0x6,
    0x1a, 0x5, 0xff, 0xf6, 0x80, 0x20, 0x3, 0x12,
    0x85, 0x80, 0x10, 0x1, 0x42, 0xa, 0x40, 0x1d,
    0x20, 0xc4, 0x1, 0xa4, 0x20, 0x41, 0x6e, 0xa8,
    0x82, 0xe1, 0xc0, 0x1a, 0x10, 0xa4, 0x3, 0x2a,
    0x13, 0x80, 0x20, 0x19, 0x42, 0xa1, 0xe, 0x80,
    0xe, 0xe0, 0xf0, 0xc, 0x74, 0x16, 0x8d, 0x44,
    0x4c, 0x7a, 0x40, 0xa2, 0x5a, 0x88, 0x5, 0x90,
    0x6, 0x80, 0x4, 0xdc, 0xa8, 0x48, 0x42, 0x80,
    0x7, 0x9, 0x5c, 0x2d, 0x0, 0x3b, 0x40, 0x51,
    0x80, 0xc, 0x80, 0x1e, 0x72, 0x0, 0x8, 0x80,
    0x3c, 0xdd, 0xcb, 0x10, 0x29, 0x0, 0xe5, 0xd9,
    0x5, 0x61, 0xac, 0x40, 0xe, 0x10, 0x47, 0xf,
    0x0, 0x85, 0xf6, 0x88, 0x6a, 0x93, 0x64, 0x77,
    0xae, 0x20, 0x11, 0x50, 0x51, 0x0, 0xf, 0xa0,
    0x86, 0x39, 0x40, 0x9, 0xb0, 0x25, 0x18, 0x0,
    0x1c, 0x17, 0x67, 0xae, 0x72, 0x38, 0xf6, 0x11,
    0xf3, 0x7c, 0xa5, 0x1, 0x60, 0x83, 0xe4, 0x28,
    0x86, 0xe4, 0x77, 0x7f, 0xa6, 0x9c, 0x28, 0x80,
    0x24, 0x8c, 0xf4, 0x0, 0xc4, 0x5f, 0x80, 0x3a,
    0xc9, 0xf3, 0xed, 0xcc, 0x3, 0xdb, 0xbf, 0x84,
    0x3, 0x1e, 0xc1, 0x80, 0x7f, 0xf4, 0x89, 0xe0,
    0x3, 0xff, 0x90, 0x2b, 0x3d, 0xb0, 0xc0, 0x1f,
    0xfc, 0x53, 0x8c, 0xea, 0x61, 0x37, 0xd0, 0xc,
    0x23, 0xfc, 0x1, 0xa9, 0xcc, 0x12, 0x7b, 0x20,
    0xc0, 0x37, 0x77, 0xe0, 0xe, 0xd5, 0xaf, 0xb6,
    0x10, 0xf, 0x88, 0xbf, 0x0, 0x72, 0x52, 0x80,
    0x7f, 0xdb, 0xbf, 0x84, 0x3, 0xff, 0x89, 0xfe,
    0x0, 0xfd, 0xde, 0x20, 0x0,

    /* U+7EDF "统" */
    0x0, 0xe5, 0x81, 0x0, 0xfc, 0xf4, 0x20, 0x1f,
    0xfc, 0x19, 0x7a, 0x0, 0xfd, 0x8b, 0x20, 0x1f,
    0xfc, 0x3, 0x30, 0x78, 0x7, 0xef, 0x7, 0x10,
    0xf, 0xfa, 0x0, 0xd0, 0x3, 0xf2, 0x10, 0x20,
    0x7, 0xf8, 0xd0, 0x20, 0x2, 0x2a, 0xaf, 0x1,
    0xfd, 0x57, 0x48, 0x6, 0x80, 0x44, 0x0, 0x42,
    0xab, 0xe2, 0x35, 0x5f, 0x38, 0x4, 0x68, 0x12,
    0x0, 0xa4, 0x3c, 0xcc, 0xa0, 0x37, 0x99, 0xed,
    0x0, 0xb8, 0x1c, 0x81, 0x55, 0x64, 0x67, 0x2,
    0x85, 0xa1, 0x99, 0xcc, 0xf0, 0x2, 0x8, 0x90,
    0x0, 0xb0, 0x62, 0x0, 0xe, 0x83, 0x28, 0x3,
    0x2d, 0x40, 0x33, 0x38, 0x53, 0x46, 0x8, 0xa4,
    0x2, 0xa1, 0x39, 0x0, 0xa0, 0x2c, 0x40, 0x2f,
    0x0, 0x44, 0xb9, 0x85, 0x0, 0x50, 0x83, 0xc0,
    0x19, 0x14, 0x68, 0x2, 0xd0, 0x14, 0x60, 0x3,
    0x20, 0x14, 0xb8, 0x58, 0x22, 0xb4, 0x4b, 0x2,
    0x28, 0x1, 0x3b, 0x96, 0x0, 0x29, 0x0, 0x43,
    0x0, 0x2b, 0x6e, 0xa5, 0xd8, 0xc0, 0x16, 0x20,
    0x1, 0x5, 0x60, 0xf0, 0xb, 0x80, 0x31, 0x23,
    0x44, 0xde, 0xf1, 0xc, 0x0, 0x45, 0x41, 0x44,
    0x1, 0x24, 0xe5, 0xc4, 0x2e, 0x5b, 0x8c, 0x86,
    0x47, 0xc0, 0x3, 0x80, 0xea, 0x6d, 0x2e, 0xc,
    0x65, 0x18, 0x0, 0x27, 0xa0, 0x2, 0x73, 0x1,
    0xf8, 0x82, 0xfe, 0x4b, 0x70, 0x4, 0x20, 0x20,
    0x1f, 0xf3, 0x88, 0x0, 0x81, 0x1e, 0xe0, 0x2,
    0xe0, 0xf0, 0xf, 0xf9, 0x1, 0x67, 0x7e, 0xe1,
    0x4, 0x2, 0x20, 0x20, 0xf, 0xfe, 0x7, 0xd3,
    0x10, 0x7, 0xe5, 0x7, 0x0, 0xff, 0xe3, 0x1c,
    0x38, 0x0, 0xc4, 0x44, 0x1, 0xf9, 0x88, 0x3,
    0xa, 0xd7, 0x63, 0xd0, 0x2, 0x41, 0xc0, 0x3f,
    0xb7, 0x44, 0x47, 0xce, 0xa5, 0x13, 0x8f, 0x6,
    0x50, 0xb0, 0xf, 0xe7, 0x3, 0x58, 0x30, 0x49,
    0xec, 0x72, 0x79, 0x7, 0x20, 0xf, 0xe2, 0x1,
    0x44, 0x57, 0x5b, 0x8, 0x2e, 0xc0, 0x2c, 0x0,
    0x62, 0x2, 0xed, 0xe1, 0x30, 0x3b, 0x51, 0x0,
    0xcc, 0x43, 0x34, 0x1, 0xc2, 0xe0, 0x24, 0x22,
    0xf0, 0xf, 0xe3, 0xcf, 0x60, 0xf, 0xa3, 0xff,
    0x71, 0x80,

    /* U+7F13 "缓" */
    0x0, 0xf2, 0x8, 0x7, 0xff, 0xc, 0x4c, 0x3,
    0xfa, 0xf8, 0xc0, 0x30, 0x91, 0xa3, 0x3c, 0xd6,
    0x77, 0x31, 0x40, 0x3e, 0x60, 0x13, 0x3, 0xff,
    0x76, 0xe5, 0xcc, 0x32, 0x99, 0x91, 0xc4, 0x3,
    0xeb, 0x9, 0x0, 0x1a, 0xb3, 0x1e, 0x20, 0xd1,
    0xbd, 0xfb, 0xdc, 0x50, 0xf, 0x21, 0xb, 0x80,
    0x54, 0x41, 0xe, 0xe6, 0xb2, 0x10, 0x5, 0xca,
    0x80, 0x7a, 0x2, 0x40, 0x39, 0xd8, 0x40, 0x4,
    0x60, 0x13, 0x8a, 0xa0, 0x7, 0x29, 0x8b, 0x80,
    0x14, 0x1, 0x40, 0xc0, 0x7, 0x3, 0x1, 0x80,
    0xb0, 0xf, 0x40, 0x58, 0x1, 0x6a, 0x80, 0xe2,
    0x1, 0x7c, 0x10, 0x58, 0x48, 0x80, 0x74, 0x12,
    0x28, 0x2, 0xc3, 0xfd, 0xc3, 0x1f, 0xea, 0x8e,
    0xf5, 0x9, 0xff, 0x30, 0x1, 0x1c, 0x39, 0x5a,
    0xc5, 0x14, 0xce, 0x0, 0x11, 0x9f, 0xf8, 0x1,
    0x20, 0xa, 0xa4, 0xa0, 0x48, 0x66, 0x48, 0x13,
    0x99, 0xfc, 0xa0, 0x5, 0x14, 0x68, 0x0, 0x49,
    0x0, 0x66, 0x7, 0x0, 0xff, 0xe0, 0x47, 0x5c,
    0xf0, 0x2b, 0xf, 0xfe, 0x20, 0xcf, 0xff, 0xec,
    0x0, 0xe5, 0x62, 0xb0, 0x1, 0x9c, 0x40, 0x3,
    0x3f, 0xf2, 0x80, 0x63, 0xa0, 0xe1, 0x1, 0xcc,
    0xa4, 0xf, 0x33, 0xfd, 0x20, 0x10, 0xe8, 0x32,
    0x4e, 0x7a, 0x80, 0xc, 0x6, 0x23, 0xe9, 0x40,
    0xc, 0x78, 0x20, 0xd0, 0xc6, 0x42, 0x0, 0xc0,
    0x27, 0x7f, 0x9a, 0x0, 0x35, 0x10, 0x12, 0xce,
    0x7e, 0xa0, 0x1, 0x0, 0x77, 0xbb, 0x90, 0x28,
    0x3, 0x55, 0x3b, 0x69, 0x8c, 0x3, 0x28, 0x0,
    0x60, 0x47, 0x12, 0xb, 0x0, 0x63, 0x51, 0x0,
    0xe3, 0x10, 0x90, 0x92, 0x58, 0x0, 0xb8, 0x2c,
    0x3, 0xfc, 0x93, 0xd8, 0xe8, 0x62, 0xde, 0x2f,
    0x23, 0x84, 0xca, 0x1, 0xe1, 0x6a, 0xfb, 0x60,
    0x65, 0x90, 0x80, 0x2d, 0x16, 0xe3, 0x49, 0x0,
    0xf5, 0x74, 0xa8, 0x2d, 0xf4, 0xc8, 0x8d, 0x80,
    0x6, 0xe0, 0x10, 0x90, 0x7, 0xe4, 0xaf, 0xa4,
    0x9, 0x51, 0xe0, 0x28, 0xe6, 0x16, 0x5, 0xdb,
    0x61, 0x0, 0xa3, 0xad, 0x40, 0x2a, 0x60, 0xd4,
    0xdd, 0x38, 0xbf, 0xcf, 0x30, 0x24, 0xf6, 0x88,
    0x10, 0x80, 0x75, 0xa6, 0x9a, 0x1a, 0x4f, 0xc0,
    0x80, 0xcf, 0x4a, 0x5, 0x8, 0x7, 0xe1, 0xb2,
    0x2, 0xeb, 0x60, 0xf, 0xb, 0x5f, 0xb8, 0x0,

    /* U+7F51 "网" */
    0x4f, 0xff, 0xfe, 0x56, 0x88, 0x7, 0xff, 0x34,
    0xbb, 0xbf, 0xf8, 0xd4, 0x1, 0xc2, 0x3f, 0xfc,
    0x70, 0xf, 0xfa, 0x79, 0x0, 0x3a, 0x74, 0xc0,
    0x3f, 0x8, 0x6, 0x51, 0x70, 0xe, 0x52, 0x10,
    0xf, 0x87, 0x24, 0x2, 0x30, 0x2b, 0xa0, 0x8,
    0xc0, 0x80, 0x3e, 0x11, 0x33, 0x0, 0x80, 0xc4,
    0x15, 0xc0, 0x80, 0xc0, 0x3f, 0xb4, 0x64, 0xd0,
    0x10, 0x28, 0x61, 0x10, 0x8, 0x1, 0xfc, 0x34,
    0x1b, 0xa0, 0xc0, 0x1d, 0xa, 0xd0, 0xc0, 0xf,
    0xf2, 0x38, 0xa0, 0x20, 0x0, 0xdc, 0x50, 0x10,
    0x3, 0xfe, 0x83, 0x4, 0x0, 0xd0, 0x40, 0x80,
    0x1f, 0xfc, 0x16, 0x4, 0x20, 0xc, 0x80, 0x82,
    0x1, 0xff, 0xa, 0x80, 0x38, 0x3, 0x30, 0x2,
    0xc0, 0x3f, 0xe9, 0x6, 0x33, 0x38, 0x1, 0xc1,
    0x49, 0x50, 0x3, 0xf8, 0x5c, 0x2f, 0x82, 0x4,
    0x52, 0x11, 0x0, 0x90, 0xf, 0xeb, 0x6, 0x22,
    0x39, 0x4, 0xa, 0x92, 0x99, 0x28, 0x7, 0xca,
    0xa1, 0x80, 0x4, 0x62, 0xb0, 0x58, 0x3, 0xc9,
    0xc0, 0x3c, 0x74, 0x16, 0x20, 0x11, 0xd0, 0x48,
    0x80, 0xf, 0x48, 0x3, 0xd4, 0xc, 0xa0, 0x1b,
    0x85, 0x58, 0x3, 0xff, 0x81, 0x37, 0x20, 0x1d,
    0xaf, 0x40, 0x1f, 0xfc, 0x24, 0x0, 0xf0, 0xc0,
    0x6, 0x11, 0xc4, 0x1, 0xff, 0xc7, 0xfe, 0xea,
    0x41, 0xc0, 0x3f, 0xf8, 0xac, 0x1, 0x13, 0x58,

    /* U+7F6E "置" */
    0x0, 0x2b, 0xbf, 0xff, 0x24, 0x3, 0x74, 0x47,
    0xff, 0x24, 0x40, 0x3a, 0xbf, 0xeb, 0x4, 0xff,
    0xc8, 0x17, 0xff, 0x70, 0x7, 0xe1, 0x0, 0xe1,
    0x0, 0xf3, 0x80, 0x42, 0x1, 0xfb, 0xa2, 0x2e,
    0x7, 0x88, 0xcc, 0x13, 0x11, 0x80, 0x3f, 0x2b,
    0xbc, 0xa0, 0x4e, 0xf8, 0x81, 0x5d, 0xf0, 0x7,
    0xaf, 0xff, 0xf5, 0x1, 0xff, 0xff, 0x84, 0x3,
    0xff, 0x81, 0xa0, 0xc0, 0x1f, 0xfc, 0x1, 0xff,
    0xff, 0x38, 0x2f, 0xff, 0xfb, 0x40, 0x59, 0xbf,
    0xc0, 0x5, 0x66, 0xff, 0x28, 0x2, 0x67, 0xfc,
    0x0, 0xa9, 0x9f, 0xf4, 0x0, 0x75, 0x7f, 0xf8,
    0x1, 0xff, 0xfa, 0x40, 0x3f, 0x8, 0x2c, 0x47,
    0xff, 0x1, 0x0, 0xc0, 0x3f, 0xde, 0xef, 0xff,
    0xc0, 0xc0, 0xf, 0xfe, 0x5, 0x7f, 0xff, 0xf0,
    0x20, 0x3, 0xff, 0x80, 0xf7, 0x7f, 0xfc, 0x5,
    0x0, 0xff, 0xe0, 0x72, 0xaf, 0xff, 0x0, 0x80,
    0x3f, 0xf8, 0x13, 0xdd, 0xff, 0xc0, 0x70, 0xf,
    0xfe, 0x4, 0x66, 0x7f, 0xf0, 0x1c, 0x3, 0xff,
    0x82, 0x23, 0xff, 0xc0, 0x0, 0xff, 0xe0, 0xc6,
    0xef, 0xff, 0x1, 0xc0, 0x3f, 0xf8, 0x13, 0xdd,
    0xff, 0xc0, 0x70, 0xf, 0xfe, 0x1, 0x88, 0xff,
    0xf0, 0x3c, 0x3, 0xcd, 0xff, 0x20, 0x57, 0xff,
    0xff, 0x2, 0x1, 0x7f, 0xe7, 0x56, 0x6f, 0xfe,
    0x61, 0x80,

    /* U+81EA "自" */
    0x0, 0xfc, 0xb5, 0x0, 0x1f, 0xfc, 0x5f, 0x53,
    0x0, 0xff, 0xe2, 0xa0, 0x70, 0x7, 0xff, 0x10,
    0xc4, 0x4a, 0x1, 0xfc, 0xdd, 0xde, 0xc0, 0x1e,
    0xef, 0xea, 0x1, 0x1f, 0x0, 0x42, 0x3f, 0xe0,
    0x2, 0x77, 0x7f, 0xf0, 0x98, 0x3, 0x84, 0x7f,
    0xf8, 0x60, 0x1f, 0xfe, 0x5, 0xbb, 0xff, 0xe1,
    0x30, 0x6, 0x14, 0x4f, 0xfe, 0x10, 0x80, 0x63,
    0xbb, 0xff, 0xe1, 0x28, 0x6, 0x74, 0x4f, 0xfe,
    0x11, 0x0, 0x7f, 0xf8, 0x1c, 0x8b, 0xff, 0x84,
    0x20, 0x18, 0xf7, 0x7f, 0xf8, 0x4c, 0x1, 0xc6,
    0x7f, 0xfc, 0x21, 0x0, 0xc9, 0x99, 0xff, 0xc2,
    0x60, 0xf, 0xff, 0x8, 0x8f, 0xff, 0xc, 0x3,
    0x27, 0x77, 0xff, 0x9, 0x80, 0x38, 0x47, 0xff,
    0x84, 0x1, 0xc9, 0xdd, 0xff, 0xc2, 0x70, 0x3,
    0x6d, 0x0, 0x7f, 0xf0, 0xa3, 0xec,

    /* U+8282 "节" */
    0x0, 0xf9, 0x10, 0x20, 0x1e, 0x14, 0x40, 0x7,
    0xff, 0xa, 0xac, 0x80, 0x3c, 0xb7, 0x40, 0x1f,
    0xfd, 0x51, 0x22, 0xf0, 0x83, 0x11, 0x78, 0x40,
    0x48, 0xbc, 0x2d, 0xbb, 0xe0, 0x5, 0x6e, 0xfa,
    0x80, 0x1b, 0xbe, 0x61, 0x1f, 0x80, 0x2, 0x3f,
    0x80, 0x2, 0x3f, 0x37, 0x77, 0x84, 0x37, 0xbb,
    0xd4, 0x3, 0xdd, 0xe6, 0x0, 0xff, 0xf7, 0xff,
    0x18, 0x7, 0x93, 0xbc, 0x3, 0xf0, 0xb3, 0x73,
    0xb9, 0x9b, 0xf3, 0xb9, 0x98, 0xec, 0x1, 0x96,
    0x67, 0xff, 0x8f, 0x12, 0x1, 0x99, 0x57, 0xe0,
    0x2, 0x2a, 0xfe, 0x40, 0xf, 0x15, 0x57, 0xc0,
    0xf, 0xaa, 0xfd, 0x0, 0x1f, 0xff, 0xf0, 0xf,
    0xff, 0xf8, 0x7, 0xff, 0x39, 0xbf, 0xf6, 0x0,
    0x80, 0x7f, 0xf1, 0x9c, 0x3, 0x86, 0xc0, 0x3f,
    0xf8, 0xc3, 0x98, 0xdd, 0x77, 0x14, 0x3, 0xff,
    0x8e, 0x66, 0x22, 0x8, 0x7, 0xff, 0xb4,

    /* U+8425 "营" */
    0x0, 0xf9, 0x58, 0x40, 0x3e, 0x56, 0x10, 0xf,
    0xfe, 0xc, 0x49, 0x80, 0x7d, 0x72, 0x60, 0x1f,
    0xfc, 0x31, 0x0, 0xfe, 0x10, 0xf, 0x27, 0xff,
    0x88, 0x33, 0xff, 0xe1, 0xc, 0xff, 0xe8, 0x72,
    0x2f, 0x0, 0x4, 0x8b, 0xe0, 0x0, 0x91, 0x77,
    0x9e, 0xef, 0x88, 0x33, 0x77, 0xe1, 0xc, 0xdd,
    0xe7, 0x0, 0xf9, 0x88, 0x3, 0xf1, 0x10, 0x3,
    0xf1, 0x55, 0x70, 0xbc, 0x55, 0x7c, 0xcf, 0x15,
    0x5a, 0x40, 0xc, 0xab, 0xff, 0xca, 0x70, 0xc,
    0x9f, 0xff, 0xfc, 0x6e, 0x0, 0xff, 0xeb, 0xf,
    0xff, 0xff, 0xb, 0x40, 0x3c, 0xe6, 0x60, 0xc,
    0xef, 0xfe, 0x50, 0x8, 0x4d, 0x40, 0x7, 0x90,
    0x1, 0xc, 0x47, 0xfb, 0x80, 0x36, 0x58, 0x7,
    0xff, 0x58, 0x7f, 0xff, 0xd6, 0x1, 0xff, 0xc0,
    0x17, 0x7f, 0xfe, 0x15, 0x0, 0x7f, 0xd1, 0x1f,
    0xfc, 0x27, 0x0, 0xfe, 0xcc, 0xff, 0xe3, 0x80,
    0x7c, 0x67, 0xff, 0xc7, 0x0, 0xfe, 0xff, 0xff,
    0xe1, 0x70, 0x7, 0xff, 0xce, 0xef, 0xff, 0x85,
    0x40, 0x1f, 0xf2, 0x27, 0xff, 0xc, 0x3, 0xfe,
    0xff, 0xff, 0xe1, 0x68, 0x7, 0xf7, 0x70, 0x3,
    0xff, 0x84, 0x5f, 0xe0, 0x8,

    /* U+8702 "蜂" */
    0x0, 0xc4, 0x60, 0x1f, 0xc4, 0xa2, 0x1, 0xff,
    0xc1, 0x8c, 0x20, 0xf, 0xd3, 0x4e, 0x1, 0xff,
    0xcb, 0x44, 0xb, 0x80, 0x42, 0x1, 0xff, 0xc6,
    0x1a, 0x1, 0xef, 0xfb, 0xbd, 0x40, 0x3f, 0xf8,
    0x94, 0x26, 0xcd, 0x90, 0x0, 0xc0, 0x19, 0x15,
    0x4c, 0x8, 0xab, 0x0, 0x29, 0x1, 0xa6, 0x70,
    0x1, 0x8c, 0x3, 0x5d, 0x50, 0xc2, 0x6a, 0xa1,
    0xc5, 0x23, 0x57, 0x0, 0x42, 0xc, 0x0, 0x78,
    0xe0, 0xc2, 0x20, 0x81, 0x66, 0x6c, 0xd1, 0x87,
    0x87, 0xd, 0x10, 0xf, 0x2b, 0xa0, 0x3b, 0x8c,
    0x2a, 0x98, 0x22, 0xc1, 0x87, 0xc, 0x30, 0xf,
    0xfe, 0x22, 0x80, 0x4c, 0x60, 0x1, 0x70, 0xf,
    0xfe, 0x39, 0xdd, 0x89, 0x58, 0x6f, 0x14, 0x3,
    0xff, 0x84, 0x2d, 0x98, 0x42, 0xbe, 0xdc, 0x33,
    0x57, 0x4a, 0x80, 0x7f, 0xdd, 0x26, 0x97, 0xa9,
    0x76, 0x3c, 0xb4, 0x16, 0x90, 0xf, 0xfa, 0xa3,
    0x29, 0x44, 0x40, 0x1, 0x12, 0xd6, 0xcf, 0x0,
    0x4d, 0xac, 0x1b, 0xa6, 0x5, 0x6c, 0xee, 0xc0,
    0xe, 0xed, 0xa6, 0x40, 0x18, 0x84, 0x8, 0x82,
    0x0, 0x17, 0x7e, 0x0, 0x3b, 0xf8, 0x3, 0x37,
    0xa8, 0x77, 0xfc, 0x0, 0x88, 0xe0, 0x4, 0x47,
    0x10, 0x5, 0x96, 0x1, 0xc6, 0x40, 0x5, 0x99,
    0xc0, 0x9, 0x9c, 0xe0, 0x18, 0xc8, 0x3, 0xe,
    0x58, 0x3, 0x59, 0xb0, 0x1, 0x9b, 0x60, 0x7,
    0xf8, 0x49, 0xc0, 0x11, 0xff, 0x80, 0x1f, 0xfa,
    0xc0, 0x3f, 0xe4, 0x12, 0x0, 0xfc, 0x20, 0x1f,
    0xf0, 0x84, 0x53, 0x82, 0xff, 0xf8, 0x1, 0xdf,
    0xfd, 0x20, 0xf5, 0xbe, 0x80, 0xca, 0x21, 0xac,
    0xde, 0x0, 0x33, 0x7b, 0x2, 0xd4, 0x85, 0x1e,
    0xb7, 0xc1, 0xa6, 0x7c, 0x0, 0x99, 0xf2, 0x87,
    0xdf, 0x72, 0xe1, 0x48, 0x1e, 0x80, 0x3f, 0xf8,
    0x86, 0x82, 0x1, 0xe8, 0x60, 0xf, 0xfe, 0x20,

    /* U+89E6 "触" */
    0x0, 0xc8, 0xa2, 0x1, 0xff, 0x3b, 0x80, 0x3f,
    0xe9, 0xa5, 0x0, 0xff, 0x14, 0x40, 0x3, 0xfc,
    0x44, 0x14, 0x0, 0xff, 0xe5, 0xd0, 0xf, 0xfe,
    0x80, 0xf, 0xfe, 0x3b, 0x2, 0x24, 0x40, 0x1f,
    0xfc, 0x86, 0x14, 0xbb, 0x84, 0x24, 0x0, 0x24,
    0x53, 0x0, 0xc, 0x8a, 0x10, 0x8, 0x60, 0x20,
    0x0, 0x66, 0x51, 0x0, 0x5e, 0xed, 0x60, 0xc,
    0xdd, 0xc0, 0x15, 0x88, 0x4d, 0x53, 0x80, 0x6e,
    0x40, 0x25, 0x58, 0x0, 0xab, 0x0, 0x66, 0x50,
    0x2, 0xac, 0x40, 0x88, 0x70, 0xa, 0xea, 0x80,
    0x35, 0x4b, 0x0, 0xc2, 0x0, 0x2f, 0xf2, 0x8f,
    0xf8, 0xc0, 0x3f, 0xf8, 0x8f, 0xa2, 0x1, 0xff,
    0xcd, 0x20, 0xf, 0xfe, 0x81, 0x55, 0x10, 0x6a,
    0x84, 0x1, 0xff, 0xc8, 0x44, 0x8, 0x22, 0x4,
    0x3, 0xff, 0x8e, 0x5d, 0xc5, 0x1e, 0xe1, 0x80,
    0x6b, 0xaa, 0x0, 0xd5, 0x2c, 0x3, 0xff, 0x8e,
    0xab, 0x0, 0x15, 0x60, 0xf, 0x8, 0x7, 0xfa,
    0xf7, 0x6b, 0x0, 0x66, 0xed, 0xc0, 0x1c, 0x73,
    0x24, 0x19, 0x91, 0x0, 0x4, 0x8a, 0x50, 0x1,
    0x91, 0x60, 0xe, 0x16, 0x60, 0x83, 0x30, 0x40,
    0x3f, 0xc9, 0xf0, 0x1, 0x88, 0x17, 0xfc, 0x83,
    0xfe, 0x30, 0xf, 0xf2, 0xb, 0x88, 0x4, 0xc0,
    0x40, 0x1, 0x0, 0xff, 0xe1, 0xb0, 0x30, 0x4,
    0x61, 0xa0, 0x1f, 0xfc, 0x42, 0x40, 0x4, 0x80,
    0x58, 0xe, 0x1, 0xf8, 0x4d, 0x5e, 0x74, 0x1,
    0xb6, 0xe0, 0x2a, 0x2, 0x82, 0x40, 0x1f, 0xa7,
    0x2a, 0x18, 0xc0, 0x4, 0xae, 0xc1, 0xc0, 0xc0,
    0xe0, 0x1c, 0xb6, 0x66, 0xd2, 0x46, 0x9b, 0xdf,
    0xda, 0x89, 0x4, 0x1, 0xb, 0x0, 0xa3, 0x5d,
    0x6, 0xd7, 0x6e, 0x59, 0x8, 0x3, 0x8d, 0x45,
    0xb8, 0x80, 0x22, 0x32, 0xfe, 0x60, 0xf, 0xfe,
    0x6, 0x50, 0x80,

    /* U+8BB8 "许" */
    0x0, 0xff, 0xe0, 0xb, 0x20, 0x7, 0xff, 0xd,
    0x4c, 0x3, 0xe4, 0x98, 0x0, 0xff, 0xe1, 0x15,
    0x62, 0x80, 0x7b, 0x41, 0x40, 0x3f, 0xf8, 0x45,
    0x21, 0x4c, 0x1, 0xca, 0x18, 0x1, 0xff, 0xc3,
    0x69, 0x9, 0x60, 0x8, 0x48, 0x14, 0x3, 0xff,
    0x88, 0xd2, 0x12, 0x20, 0x6, 0x0, 0x7f, 0xff,
    0xc2, 0x1, 0xe6, 0x7b, 0x10, 0x5, 0x0, 0x7f,
    0xf2, 0x61, 0x0, 0x8, 0x43, 0xdf, 0xec, 0x0,
    0x7f, 0xf8, 0x40, 0x3f, 0xe9, 0x6, 0x10, 0xf,
    0xfe, 0xc, 0x7f, 0xf7, 0x0, 0x1c, 0x86, 0x40,
    0x3f, 0xf9, 0x2, 0x0, 0x22, 0x40, 0x80, 0x7f,
    0xf0, 0xa3, 0xba, 0xd0, 0xc, 0xba, 0xc0, 0x1f,
    0xfc, 0x41, 0x18, 0xc0, 0x3f, 0xfa, 0x82, 0x3e,
    0x70, 0x0, 0x8f, 0xc0, 0x1f, 0xed, 0xee, 0xf5,
    0x80, 0x3b, 0xbe, 0x10, 0xf, 0xe1, 0x0, 0xff,
    0xe7, 0x67, 0xff, 0xb0, 0x1, 0xff, 0xf0, 0x80,
    0x7f, 0xfc, 0xcc, 0x3, 0xff, 0x9b, 0x18, 0xa0,
    0x1f, 0xfc, 0xbd, 0x71, 0x60, 0xf, 0xfe, 0x42,
    0x0, 0x9, 0xb8, 0xc0, 0x3f, 0xf9, 0x10, 0x3,
    0x72, 0x1, 0xff, 0xca, 0x84, 0xf4, 0x0, 0xff,
    0xe5, 0xad, 0x88, 0x7, 0xff, 0x20,

    /* U+8BBE "设" */
    0x0, 0x84, 0x3, 0xff, 0x98, 0x5f, 0x20, 0x1f,
    0x36, 0x5d, 0xfb, 0x24, 0x3, 0xc2, 0xd, 0x40,
    0x1e, 0xe3, 0x44, 0xf1, 0xa0, 0x7, 0x8f, 0x45,
    0x6c, 0x3, 0xe6, 0xcc, 0xd4, 0x1, 0xfc, 0x78,
    0x29, 0x40, 0x1e, 0xe3, 0x3c, 0xe0, 0x1f, 0xe2,
    0xd0, 0xd0, 0xc, 0x20, 0x20, 0x1f, 0xfc, 0x43,
    0xd7, 0x0, 0xc8, 0x4, 0x1, 0xff, 0xc5, 0x20,
    0xc, 0x84, 0x8, 0x1, 0xff, 0xc9, 0x19, 0x6,
    0x0, 0xf8, 0xc8, 0x86, 0x3b, 0xff, 0xc2, 0x0,
    0x3c, 0x21, 0x80, 0xe, 0x21, 0x16, 0xeb, 0x1c,
    0xc0, 0x38, 0xc1, 0x70, 0x87, 0x44, 0x3, 0xda,
    0xca, 0xb1, 0x77, 0x60, 0xc, 0xa6, 0x6c, 0x30,
    0xf, 0x8e, 0x6a, 0xa4, 0x1, 0x1c, 0x1, 0xb7,
    0x8, 0x3, 0xfc, 0x20, 0x1f, 0xfc, 0x4, 0xff,
    0xff, 0xe0, 0x76, 0x80, 0x7f, 0xc2, 0x20, 0x0,
    0x8f, 0xe0, 0x0, 0x80, 0x7f, 0xc9, 0x80, 0x3d,
    0xdf, 0x88, 0x24, 0x3, 0xff, 0x80, 0x4c, 0x30,
    0x1, 0xe6, 0x22, 0x28, 0x7, 0xff, 0x6, 0x1,
    0xd0, 0x3, 0xc, 0x84, 0x0, 0x7f, 0xf0, 0x86,
    0x42, 0x88, 0x2, 0xd0, 0x55, 0x0, 0x7f, 0xc8,
    0x80, 0x3, 0x28, 0xf8, 0x85, 0x99, 0x50, 0x7,
    0xfd, 0x17, 0xe0, 0x15, 0x21, 0x7e, 0xa0, 0xe0,
    0x7, 0xf0, 0x87, 0xb8, 0xf8, 0x6, 0xb1, 0x11,
    0x6, 0x8, 0x7, 0xe2, 0x0, 0x11, 0xfa, 0x0,
    0x49, 0x82, 0x1, 0x7a, 0x80, 0x7e, 0xe0, 0x3,
    0xe0, 0x80, 0xb6, 0xd9, 0x8d, 0x50, 0x4a, 0xb5,
    0xc4, 0x3, 0x84, 0x2e, 0x0, 0xf3, 0xa4, 0x86,
    0x39, 0x55, 0xee, 0x5, 0x1d, 0x8c, 0x1, 0x4e,
    0xa0, 0x0, 0xc8, 0x12, 0xb9, 0xc0, 0x21, 0x8e,
    0x82, 0x3, 0x40, 0x9, 0x8, 0x3, 0x67, 0xda,
    0x80, 0x7c, 0x2f, 0xba, 0xc2,

    /* U+8C03 "调" */
    0x0, 0xb, 0x0, 0x7c, 0x20, 0x1f, 0xf0, 0x80,
    0x59, 0x34, 0x1, 0x8f, 0xfb, 0xff, 0xfe, 0xee,
    0x0, 0x38, 0x56, 0xc0, 0x3c, 0x45, 0xff, 0x0,
    0x63, 0xc1, 0x4c, 0x0, 0xc9, 0xbb, 0xa6, 0xf7,
    0x78, 0x3, 0x8b, 0x4, 0xd8, 0x3, 0xf7, 0xc8,
    0x7, 0xfc, 0x5a, 0xec, 0x1, 0xff, 0xca, 0x38,
    0x0, 0xf5, 0xff, 0x90, 0x3f, 0xe2, 0x0, 0xff,
    0xe2, 0x6b, 0x30, 0x41, 0x9a, 0x30, 0xa, 0x6e,
    0xec, 0xb1, 0x0, 0xf3, 0x4c, 0x94, 0x26, 0x61,
    0x0, 0x9d, 0x12, 0x34, 0x30, 0xf, 0xfe, 0x37,
    0x76, 0x0, 0xfc, 0xbf, 0xf2, 0x7, 0xfd, 0x80,
    0x18, 0x47, 0x0, 0x78, 0x59, 0x57, 0xf2, 0x0,
    0x7f, 0xf0, 0xce, 0xab, 0xf4, 0x0, 0x7f, 0xf6,
    0x5c, 0xc, 0x2f, 0xff, 0xd4, 0x1, 0xff, 0xc1,
    0x10, 0x10, 0x9, 0x9b, 0x0, 0x80, 0x7f, 0xf0,
    0x48, 0x38, 0x0, 0x33, 0x38, 0x40, 0x3f, 0xf8,
    0x5c, 0x4, 0x1, 0xff, 0xc8, 0x24, 0x50, 0x50,
    0xf, 0xfe, 0x3d, 0x6c, 0x18, 0x88, 0x0, 0x3f,
    0xf8, 0x40, 0x3f, 0x84, 0x1c, 0x2, 0x40, 0xc,
    0xab, 0xd8, 0x1, 0xf2, 0x80, 0x54, 0xc1, 0xe0,
    0x1, 0x3a, 0xae, 0x70, 0xf, 0x15, 0x81, 0x6b,
    0xa8, 0xa8, 0x2, 0xb0, 0x3, 0xff, 0x80, 0x66,
    0x5d, 0x2e, 0x9, 0x0, 0xfe, 0x9d, 0xd7, 0x1,
    0x0, 0x7, 0x28, 0x1, 0x44, 0xe0, 0x1f, 0xde,
    0x44, 0x12, 0x80, 0x8, 0x40, 0x26, 0xd0, 0xf,
    0xf3, 0x7f, 0xda, 0x80,

    /* U+8FD0 "运" */
    0x0, 0xff, 0xe8, 0x37, 0xb0, 0x7, 0x1f, 0xff,
    0xff, 0x7, 0x40, 0x37, 0x4, 0xd8, 0x80, 0x7f,
    0xf1, 0x4c, 0x3, 0x45, 0x8a, 0x7a, 0x80, 0xf,
    0xff, 0xff, 0x83, 0xc0, 0x1c, 0x9e, 0x63, 0x44,
    0x1, 0xff, 0xca, 0x1c, 0x6b, 0x20, 0xf, 0xfe,
    0x64, 0xa0, 0x7, 0xff, 0x42, 0x67, 0xff, 0x8a,
    0xe0, 0x1f, 0x85, 0x9b, 0xff, 0x8b, 0x41, 0x9d,
    0xdc, 0x3, 0x33, 0xc8, 0x0, 0x89, 0x9f, 0xd0,
    0x2, 0x3f, 0x3, 0x37, 0x81, 0x9d, 0x9a, 0x76,
    0x6c, 0xa1, 0xbf, 0xf0, 0x7, 0xe4, 0x20, 0xb0,
    0x2, 0x7c, 0x0, 0x7f, 0xf1, 0xa0, 0x18, 0x80,
    0xa, 0xc, 0x60, 0x1f, 0xfc, 0x44, 0x30, 0x80,
    0x8, 0x60, 0x3c, 0x3, 0xff, 0x89, 0x20, 0xe2,
    0x1, 0x9c, 0x8d, 0x80, 0x3f, 0xf8, 0x4c, 0x43,
    0x0, 0x1e, 0x80, 0x81, 0x0, 0xff, 0xe0, 0x14,
    0x85, 0x0, 0x4, 0x91, 0x58, 0x80, 0x64, 0x3,
    0xff, 0x81, 0x80, 0x9, 0xff, 0x76, 0xdd, 0x4c,
    0x0, 0x1c, 0x80, 0x3f, 0xe4, 0x0, 0x10, 0x4,
    0x26, 0x8c, 0xf2, 0x81, 0x0, 0x1f, 0xf7, 0xbc,
    0xde, 0xf7, 0xf6, 0x5c, 0xc3, 0x48, 0x38, 0x7,
    0x30, 0x2, 0x0, 0xb, 0xc, 0x84, 0x20, 0x1f,
    0x15, 0xe8, 0x4, 0x37, 0x20, 0x6, 0xd4, 0x0,
    0xff, 0xe1, 0x20, 0x4, 0x38, 0x83, 0x7c, 0xc5,
    0x78, 0xc6, 0x20, 0x1f, 0x8, 0x88, 0xd1, 0x82,
    0x88, 0x35, 0x6, 0x6c, 0x8e, 0x73, 0xbf, 0xfe,
    0xee, 0x6e, 0x5d, 0x82, 0x2, 0xcc, 0x2, 0x4d,
    0xb6, 0x30, 0xf, 0xfe, 0x0, 0xa8, 0x1e, 0xa0,
    0x7, 0x92, 0x73, 0xfd, 0xdd, 0xef, 0xfd, 0xd0,
    0x0,

    /* U+8FD1 "近" */
    0x0, 0xff, 0xe5, 0x13, 0x8, 0x6, 0x3c, 0x30,
    0xf, 0xe1, 0x24, 0x68, 0xad, 0xfd, 0x9f, 0x20,
    0xa, 0xcf, 0x4c, 0x3, 0xb3, 0xfd, 0xdb, 0x72,
    0xea, 0x40, 0x6d, 0x66, 0x1, 0x43, 0xe, 0x90,
    0x6, 0x10, 0x13, 0x56, 0x89, 0xbd, 0xfc, 0x95,
    0x10, 0xd, 0x28, 0x3e, 0x20, 0x1d, 0x79, 0x52,
    0xec, 0x84, 0x1, 0xfe, 0xb2, 0x25, 0x80, 0x7f,
    0xf3, 0x3c, 0xe0, 0x3, 0xff, 0x98, 0x58, 0x40,
    0x1f, 0xfd, 0x42, 0x44, 0xff, 0xe0, 0x8, 0x7,
    0xff, 0x6, 0x2e, 0xff, 0xf8, 0x8, 0x4, 0x5e,
    0x0, 0xf0, 0x8f, 0x80, 0x2, 0x3e, 0xe, 0xdd,
    0xe2, 0x0, 0x8c, 0x37, 0xbb, 0x84, 0x33, 0xbb,
    0x20, 0x38, 0x8c, 0x1, 0xe1, 0x2, 0x0, 0xff,
    0xe1, 0x5f, 0x74, 0x20, 0x18, 0x40, 0x2, 0x1,
    0xff, 0xcb, 0x20, 0x20, 0xf, 0xfe, 0x62, 0x3,
    0x0, 0x7f, 0xf3, 0x34, 0x30, 0x3, 0xff, 0x98,
    0xa0, 0x80, 0x1f, 0xfc, 0xb6, 0x2, 0x30, 0xf,
    0xfe, 0x5d, 0x85, 0x0, 0x7f, 0xf1, 0xdc, 0x41,
    0xc8, 0xc5, 0xc0, 0x3f, 0xf8, 0xa3, 0x90, 0x0,
    0xaa, 0x7d, 0x0, 0x7e, 0x66, 0x18, 0x7, 0x8b,
    0xc, 0xb7, 0x44, 0xf8, 0x44, 0x0, 0xfa, 0x24,
    0x40, 0x2, 0x44, 0xf, 0x22, 0x61, 0x13, 0x58,
    0xa7, 0x7f, 0x73, 0x17, 0x6c, 0xc6, 0xeb, 0xbf,
    0xb5, 0x1, 0x43, 0xc4, 0x2, 0x9d, 0x73, 0x2,
    0x33, 0x22, 0xc, 0xc4, 0x41, 0x0, 0x90, 0x23,
    0x8, 0x3, 0x8a, 0x33, 0xfb, 0x31, 0x79, 0x96,
    0xeb, 0xb9, 0xfe, 0x20,

    /* U+8FD4 "返" */
    0x0, 0xff, 0xe5, 0x88, 0x80, 0x39, 0xc4, 0x3,
    0xfe, 0x12, 0x46, 0x8b, 0xde, 0xf2, 0x0, 0xaa,
    0x34, 0x3, 0x8b, 0x31, 0xbd, 0xfd, 0xb7, 0x2e,
    0x84, 0x4, 0xa0, 0x15, 0x89, 0xd8, 0x6, 0x13,
    0x31, 0x8, 0x9, 0xa3, 0x45, 0x6f, 0xe3, 0x80,
    0x43, 0xa0, 0x92, 0x1, 0xc3, 0xdf, 0xee, 0xcb,
    0x97, 0x52, 0x0, 0xf8, 0xe8, 0x19, 0x80, 0x18,
    0xc4, 0x3, 0xff, 0x8a, 0xac, 0x6e, 0x1, 0xff,
    0xcc, 0x9c, 0x10, 0xc, 0x62, 0x3f, 0xe2, 0x0,
    0xff, 0xe1, 0x8f, 0x77, 0xfb, 0x78, 0x3, 0xff,
    0x86, 0x67, 0xfc, 0x20, 0xa0, 0x1f, 0xfc, 0x7,
    0x3, 0xcc, 0xfe, 0x20, 0xd0, 0xa, 0xff, 0xf8,
    0x2, 0x10, 0x70, 0x22, 0x0, 0x71, 0x98, 0x58,
    0x2, 0x10, 0xf, 0xc6, 0x2, 0x7b, 0x88, 0x1,
    0xbc, 0x24, 0x3, 0x57, 0xfb, 0x40, 0x3b, 0x80,
    0x8d, 0xc6, 0xdc, 0x0, 0xc6, 0x2e, 0x1, 0xff,
    0xc1, 0x30, 0xd0, 0x8a, 0x8, 0xa3, 0x90, 0xa0,
    0xf, 0xfe, 0x12, 0x3, 0x80, 0x17, 0x5, 0x70,
    0x19, 0x0, 0x3f, 0xf8, 0x28, 0x2, 0x40, 0x11,
    0xd0, 0x5, 0x40, 0x1f, 0xfc, 0x2e, 0x7, 0x0,
    0xc9, 0x40, 0x16, 0x28, 0x7, 0xff, 0x0, 0x94,
    0x28, 0x0, 0x33, 0x62, 0x9c, 0xa1, 0x4c, 0x1,
    0xff, 0x48, 0x19, 0x85, 0xfd, 0x82, 0x2c, 0x69,
    0x82, 0x60, 0x3, 0xff, 0x81, 0xe1, 0xb0, 0x27,
    0xae, 0x1, 0x4b, 0x83, 0x90, 0x6, 0x4e, 0x0,
    0x3d, 0xe1, 0x87, 0x9d, 0xe1, 0x0, 0x74, 0x3d,
    0x90, 0x5, 0x36, 0x62, 0x11, 0xc8, 0x40, 0x78,
    0x80, 0x1f, 0xa1, 0x0, 0x2c, 0x60, 0x8e, 0xe3,
    0xc, 0x6f, 0xee, 0x5d, 0xfb, 0x37, 0xb9, 0xfe,
    0xb0, 0xb0, 0x97, 0x1, 0x9e, 0x83, 0x2, 0x34,
    0x4f, 0x19, 0x8, 0x80, 0x1a, 0xf, 0x6c, 0x1,
    0x85, 0xf3, 0xfb, 0x72, 0xee, 0xcc, 0xb7, 0x5d,
    0xcf, 0x60,

    /* U+8FDE "连" */
    0x0, 0x88, 0x3, 0xfc, 0x8e, 0x60, 0x1f, 0xfc,
    0x15, 0xdb, 0x0, 0xfe, 0xf8, 0x90, 0xf, 0xfe,
    0xa, 0x12, 0x50, 0x7, 0xe4, 0xe, 0x0, 0xff,
    0xe0, 0x8f, 0x82, 0xb8, 0x2, 0xf3, 0x2d, 0x0,
    0x46, 0x67, 0xea, 0x0, 0xe2, 0xa0, 0x83, 0x5,
    0x33, 0x88, 0x0, 0x67, 0xfc, 0xe0, 0x1e, 0x56,
    0x8, 0xe, 0xff, 0x60, 0x3, 0x7f, 0xff, 0xb4,
    0x3, 0xe9, 0x6a, 0x0, 0xd2, 0xc, 0x40, 0x6a,
    0x60, 0x1f, 0xfc, 0x29, 0x10, 0x8, 0x54, 0x2c,
    0x1, 0x55, 0x0, 0x7f, 0xf1, 0xe0, 0x14, 0x80,
    0x3f, 0xf8, 0x42, 0x45, 0x84, 0x2, 0x36, 0xb,
    0x0, 0xff, 0xe1, 0xd6, 0xee, 0xe0, 0xb, 0x40,
    0x1f, 0xdd, 0x30, 0x37, 0x77, 0x0, 0x62, 0x2c,
    0x1, 0xca, 0x0, 0x11, 0xc0, 0x10, 0x8f, 0x0,
    0x69, 0xdd, 0x60, 0x7, 0x4e, 0xf7, 0xfe, 0x60,
    0x6f, 0xfe, 0x0, 0xff, 0xe0, 0x91, 0x4, 0x3,
    0xff, 0xfe, 0x1, 0x8b, 0xff, 0xf3, 0x3, 0x7f,
    0xf9, 0x40, 0x3f, 0xfb, 0x25, 0xff, 0xf9, 0x81,
    0xbf, 0xfc, 0xa0, 0x1f, 0xfd, 0x53, 0x0, 0xff,
    0xe7, 0x2e, 0x80, 0x28, 0x3, 0xff, 0x94, 0xd4,
    0x8, 0x4b, 0xa6, 0x1, 0xff, 0xc7, 0x59, 0x8,
    0xbd, 0x62, 0xcb, 0x63, 0x10, 0xa, 0x3a, 0x4,
    0x44, 0x6a, 0xf2, 0x21, 0x60, 0x8e, 0x0, 0x99,
    0xa, 0x4e, 0x77, 0xfd, 0xdd, 0xdb, 0x95, 0xe,
    0x21, 0x61, 0x40, 0x19, 0xba, 0x54, 0x80, 0x3f,
    0xe1, 0x13, 0x0, 0x17, 0x44, 0x3, 0xcd, 0x5b,
    0xfd, 0xcd, 0xee, 0xbf, 0xf7, 0x72, 0x0,

    /* U+9009 "选" */
    0x0, 0xff, 0xe2, 0x44, 0x0, 0x3f, 0xc4, 0xe0,
    0x1f, 0x9e, 0x4c, 0x5, 0xdc, 0x1, 0xfc, 0x39,
    0x16, 0x1, 0xf4, 0xb0, 0x7, 0xff, 0x8, 0x74,
    0x52, 0xc0, 0x39, 0x4, 0x8c, 0x3, 0xff, 0x84,
    0x78, 0x29, 0x60, 0x1b, 0xc0, 0xf3, 0x1a, 0x0,
    0xcc, 0xf2, 0x80, 0x62, 0xd0, 0x48, 0x0, 0x1a,
    0x0, 0x99, 0xc0, 0x3, 0x3f, 0x10, 0x7, 0x1d,
    0x1c, 0x80, 0x38, 0x1f, 0xfe, 0xd0, 0x7, 0xff,
    0x9c, 0x3, 0xcb, 0x82, 0x12, 0x44, 0x80, 0x8,
    0xc0, 0x3f, 0xf8, 0xf0, 0xdc, 0x1, 0xff, 0xcc,
    0x19, 0x30, 0xf, 0xfe, 0x66, 0xef, 0xde, 0x0,
    0xdd, 0xfa, 0x1, 0xbb, 0xb8, 0x0, 0x45, 0xf0,
    0x80, 0x8, 0xbf, 0x0, 0x8f, 0x80, 0x1f, 0xfb,
    0x80, 0x1d, 0xfe, 0x0, 0x77, 0xfe, 0xa0, 0x7f,
    0xf8, 0x3, 0xf2, 0x80, 0x88, 0x3, 0xff, 0x96,
    0x60, 0x80, 0x1f, 0xfc, 0xcb, 0xc, 0x0, 0xff,
    0xe5, 0xa1, 0x83, 0x80, 0x7f, 0x51, 0x80, 0x7f,
    0xc3, 0x40, 0xe2, 0x1, 0xfc, 0xbe, 0x1, 0xfe,
    0x3f, 0x12, 0x80, 0xf, 0xe2, 0x7, 0x0, 0xfc,
    0x53, 0x82, 0x5e, 0x1, 0xc2, 0x15, 0x32, 0xe0,
    0x30, 0xf, 0xcc, 0xc0, 0x5c, 0x20, 0xe, 0x40,
    0x46, 0x61, 0x85, 0x0, 0x61, 0x0, 0x5a, 0xce,
    0x50, 0x80, 0x7a, 0xae, 0xa6, 0x55, 0xa4, 0x1,
    0x2f, 0x80, 0x13, 0xcc, 0xc0, 0x1f, 0xc8, 0xac,
    0xc5, 0x20, 0x9, 0xe8, 0x5b, 0xac, 0x2b, 0x14,
    0x80, 0x3f, 0xc2, 0x46, 0xa0, 0xf0, 0x11, 0x22,
    0x9e, 0x87, 0x5b, 0xfd, 0xbb, 0xbb, 0x9f, 0xee,
    0xdc, 0x90, 0x50, 0x77, 0x0, 0x43, 0x78, 0xc4,
    0x2, 0x45, 0x84, 0x40, 0x18, 0x6c, 0xb, 0x60,
    0x3, 0xc7, 0x3b, 0xfe, 0xed, 0xd7, 0x75, 0xff,
    0xb9, 0xc0,

    /* U+9192 "醒" */
    0x38, 0x8f, 0xf8, 0x42, 0xab, 0xfd, 0x0, 0xae,
    0xff, 0xf1, 0x8a, 0xaf, 0xfc, 0xf, 0x77, 0x18,
    0xd8, 0x9d, 0xdc, 0x40, 0x3, 0xee, 0xf6, 0x80,
    0x42, 0x89, 0x38, 0x20, 0x32, 0x24, 0x1, 0x84,
    0x7c, 0x60, 0x1f, 0xfc, 0x62, 0x88, 0xf8, 0x3,
    0xff, 0x8c, 0x2e, 0xfe, 0x60, 0xd, 0xff, 0x20,
    0xf8, 0xaf, 0xfb, 0x80, 0x23, 0xff, 0xf7, 0x0,
    0x78, 0xc4, 0xc, 0x4, 0xc0, 0x3f, 0xf8, 0xc9,
    0x90, 0x38, 0x31, 0x84, 0x1, 0x8a, 0x67, 0xd0,
    0x1, 0xff, 0xc6, 0x16, 0x6f, 0x80, 0x3f, 0xf8,
    0x83, 0xb7, 0xdc, 0xcb, 0xee, 0xd8, 0x1, 0xde,
    0x40, 0x1f, 0x92, 0xdc, 0x7e, 0xcc, 0x47, 0x0,
    0x73, 0xa0, 0x7, 0xea, 0x7, 0x0, 0xff, 0xe0,
    0x40, 0xc8, 0x1c, 0x71, 0x0, 0xc, 0xc1, 0x74,
    0x41, 0x35, 0x58, 0x40, 0xa, 0xf2, 0x21, 0xf1,
    0x22, 0x0, 0x80, 0x2, 0xa8, 0x41, 0x15, 0x71,
    0x80, 0x17, 0x98, 0x0, 0x4c, 0xe6, 0xa, 0x87,
    0xff, 0x18, 0x67, 0xfe, 0x20, 0x8, 0x40, 0x3e,
    0x1b, 0xf, 0x0, 0xe1, 0x0, 0xf9, 0x3f, 0xfe,
    0x21, 0xc9, 0x30, 0xe, 0x10, 0xf, 0x85, 0x13,
    0xe0, 0x1, 0x2f, 0xfe, 0x30, 0xcf, 0xfb, 0x40,
    0x25, 0xbb, 0xf8, 0x80, 0x2, 0xab, 0x84, 0x11,
    0x56, 0x40, 0xf, 0xfe, 0x11, 0x55, 0x62, 0x9,
    0xaa, 0xa4, 0x2, 0x66, 0xfc, 0x60, 0x1f, 0xfc,
    0x52, 0x99, 0xf8, 0x40, 0x3f, 0xf8, 0xa5, 0x33,
    0xf0, 0x83, 0xff, 0xf1, 0x86, 0xff, 0xf0, 0x1,
    0x9b, 0xf1, 0x80, 0x91, 0x7f, 0xf0, 0x40,

    /* U+91CA "释" */
    0x0, 0xff, 0x20, 0x7, 0xff, 0x20, 0x4d, 0x5e,
    0xb3, 0xed, 0xc0, 0x3f, 0xf8, 0x2, 0x1, 0xa7,
    0xfb, 0x2a, 0x14, 0xc9, 0x88, 0x3f, 0xff, 0xee,
    0xe0, 0x5, 0x86, 0x8d, 0x0, 0xf, 0xd9, 0x50,
    0x20, 0x1, 0x17, 0xc0, 0x6, 0x0, 0x97, 0x2e,
    0x5c, 0x3, 0x19, 0x6, 0xb0, 0x46, 0xef, 0x78,
    0xc, 0x0, 0x43, 0xd2, 0x1, 0xee, 0xc0, 0x4,
    0xd, 0x10, 0x4, 0x58, 0x1a, 0x1, 0x85, 0xd8,
    0x80, 0x32, 0x14, 0x80, 0x6, 0x83, 0x8, 0xf,
    0x6, 0x8c, 0x3, 0xa0, 0x20, 0x3, 0x40, 0xb8,
    0x4, 0x90, 0x38, 0xf8, 0x32, 0xa0, 0x1e, 0x15,
    0x40, 0x8, 0x89, 0x0, 0x1c, 0xec, 0x30, 0x14,
    0xc0, 0x1f, 0xaf, 0x80, 0x22, 0xe6, 0x0, 0xc3,
    0xc, 0x1, 0x4a, 0x0, 0x79, 0x6a, 0xea, 0x80,
    0xa, 0xa9, 0x40, 0xa7, 0x9c, 0x1e, 0xc4, 0xef,
    0x14, 0x3, 0x62, 0xae, 0x0, 0x2a, 0xd3, 0xba,
    0x60, 0x5d, 0x84, 0xe7, 0x3, 0xaf, 0xa0, 0x4,
    0x66, 0x4c, 0x0, 0xcc, 0xb8, 0x0, 0xdb, 0x44,
    0xce, 0x31, 0xce, 0x21, 0x80, 0x1, 0x33, 0x90,
    0x1, 0x6, 0x62, 0xfe, 0x92, 0x0, 0x5c, 0x28,
    0xc, 0x75, 0xb0, 0x7, 0x29, 0x0, 0x12, 0x80,
    0x4, 0x20, 0x1f, 0xf2, 0x0, 0x7a, 0x4, 0x0,
    0xcb, 0x40, 0xe, 0xff, 0xc4, 0x17, 0xff, 0x8c,
    0x3, 0x98, 0xa0, 0x1, 0x28, 0xb0, 0x1, 0xff,
    0xc6, 0x19, 0x16, 0x0, 0xa8, 0x80, 0x1d, 0xff,
    0x88, 0x2f, 0xff, 0x18, 0x6, 0xa0, 0x80, 0xc,
    0x3f, 0x0, 0x1f, 0xfc, 0x57, 0x42, 0x60, 0xe,
    0x20, 0xf, 0xfe, 0x34, 0x87, 0x0, 0x7c, 0x3f,
    0xfe, 0x20, 0xbf, 0xfe, 0x60, 0x4, 0x39, 0x80,
    0x7c, 0x24, 0x5e, 0x0, 0x11, 0x78, 0xc0, 0xd,
    0x0, 0x1f, 0xdb, 0xbe, 0x20, 0x9d, 0xde, 0x50,
    0xf, 0xff, 0xf8, 0x7, 0xf8,

    /* U+91CF "量" */
    0x0, 0xcc, 0xdf, 0xfc, 0x60, 0xf, 0xd3, 0x2b,
    0xbf, 0xfe, 0x14, 0xc8, 0x3, 0xfd, 0xbb, 0xff,
    0xc1, 0xc0, 0xf, 0xfe, 0x7, 0xff, 0xff, 0x7,
    0x80, 0x3f, 0xf8, 0x17, 0x7f, 0xfc, 0x1a, 0x0,
    0xff, 0xe0, 0x2a, 0xff, 0xf0, 0x5c, 0x3, 0xff,
    0x81, 0xdd, 0xff, 0xc1, 0xd0, 0xf, 0xf6, 0x67,
    0xff, 0x18, 0x3, 0x1c, 0xcd, 0x55, 0xff, 0xc6,
    0x99, 0x9d, 0x9b, 0xff, 0x9b, 0x6b, 0xff, 0xff,
    0xcc, 0xc0, 0x9, 0x22, 0x3f, 0xf8, 0xce, 0x1,
    0xec, 0x76, 0x44, 0xf3, 0xb9, 0x13, 0xca, 0xf4,
    0x1, 0xfa, 0x73, 0x3b, 0x40, 0x19, 0x9e, 0x90,
    0xf, 0xf4, 0x7f, 0xf7, 0x0, 0x3f, 0xfd, 0x60,
    0x1f, 0xe6, 0xbb, 0xea, 0x0, 0x5d, 0xfa, 0x0,
    0x3f, 0xdc, 0x89, 0xe0, 0x2, 0x27, 0x8c, 0x3,
    0xfd, 0x1f, 0xfd, 0xc0, 0xf, 0xff, 0x58, 0x7,
    0xea, 0xbb, 0xfa, 0x80, 0x17, 0x7f, 0xb8, 0x3,
    0x84, 0x4e, 0xff, 0x8, 0x1, 0xdf, 0xf0, 0x8,
    0x6, 0x4c, 0xcf, 0xd6, 0x0, 0xcc, 0xfe, 0x60,
    0xc, 0x97, 0x7f, 0xa8, 0x1, 0x77, 0xfc, 0xa0,
    0x18, 0x51, 0x3f, 0x80, 0x8, 0x9f, 0xc4, 0x0,
    0x7f, 0xff, 0xf7, 0x0, 0x3f, 0xff, 0xeb, 0x35,
    0x5f, 0xfe, 0x66, 0x0,

    /* U+949F "钟" */
    0x0, 0xc8, 0x20, 0x1f, 0xf2, 0xb9, 0x0, 0x7f,
    0xd, 0xf8, 0x7, 0xfd, 0x30, 0xe0, 0x1f, 0xd2,
    0xe, 0x1, 0xff, 0xca, 0x17, 0xa, 0x11, 0xe0,
    0xf, 0xfe, 0x2c, 0x0, 0x33, 0xbb, 0x68, 0x7,
    0xff, 0x11, 0x18, 0x8, 0xbc, 0xc0, 0x1f, 0xfc,
    0x32, 0xa0, 0x9d, 0xdf, 0x50, 0x44, 0x71, 0x7,
    0xc4, 0x70, 0xd8, 0xab, 0x0, 0x7c, 0x2e, 0xfc,
    0x20, 0xae, 0xfc, 0x50, 0x79, 0x11, 0xf0, 0x80,
    0x6, 0xee, 0x20, 0x8b, 0xb8, 0x40, 0x3, 0x9a,
    0xef, 0xf1, 0x0, 0xd, 0x12, 0x10, 0x24, 0x48,
    0xc0, 0x37, 0xcc, 0x0, 0x26, 0x62, 0x0, 0xff,
    0xe2, 0xa3, 0x30, 0x5, 0x9a, 0x10, 0xf, 0xff,
    0xb8, 0xdd, 0xd4, 0x3, 0x77, 0x48, 0x7, 0xff,
    0xc, 0xd1, 0x30, 0x1, 0x12, 0x70, 0x1, 0x7f,
    0xc6, 0x15, 0xff, 0x10, 0x0, 0xae, 0xea, 0x0,
    0x5d, 0xda, 0x1, 0xff, 0xc4, 0x44, 0xc0, 0x28,
    0x91, 0x80, 0xb, 0xba, 0x30, 0x9e, 0xe8, 0x80,
    0x3f, 0xf8, 0x22, 0x6e, 0x23, 0x0, 0xc, 0x46,
    0x55, 0x10, 0x7, 0xff, 0x3, 0x28, 0x3, 0xfa,
    0x28, 0x40, 0x3f, 0xca, 0x1, 0xff, 0xca, 0x17,
    0xea, 0x0, 0xff, 0xe3, 0x90, 0xf, 0x40, 0xb0,
    0x7, 0xff, 0x1e, 0x0, 0x26, 0xe9, 0x0, 0xff,
    0xe3, 0x22, 0x1, 0xba, 0x44, 0x3, 0xff, 0x8e,
    0x91, 0xb2, 0x20, 0x1f, 0xfc, 0x60,

    /* U+9501 "锁" */
    0x0, 0xc2, 0x1, 0xff, 0xc0, 0x67, 0x10, 0xf,
    0xe1, 0xec, 0x0, 0xf0, 0x88, 0x2, 0xb8, 0x30,
    0x8, 0x40, 0x39, 0x81, 0x40, 0x38, 0xba, 0x80,
    0x3f, 0x27, 0x40, 0x4, 0x32, 0x14, 0x23, 0xc4,
    0xa8, 0xa0, 0x1f, 0x40, 0x50, 0x5, 0x2, 0x19,
    0xdd, 0xb0, 0x2c, 0x2c, 0x3, 0xc8, 0x6c, 0x40,
    0x4, 0x60, 0x33, 0xf3, 0x80, 0xc0, 0xb8, 0x7,
    0x48, 0xc0, 0x0, 0xac, 0x2b, 0x33, 0xd4, 0x0,
    0x71, 0xf0, 0xc, 0x85, 0x42, 0x0, 0x80, 0x65,
    0x0, 0xfc, 0x44, 0xca, 0x20, 0x3, 0x33, 0x58,
    0x80, 0x16, 0xb9, 0x11, 0xf0, 0x86, 0x6e, 0xe2,
    0xb, 0xdd, 0xc4, 0x3, 0x5e, 0xef, 0xf1, 0x0,
    0x7f, 0xf1, 0x7a, 0x60, 0x6, 0x66, 0x20, 0xb,
    0xbf, 0xfe, 0x20, 0xe, 0x46, 0x50, 0x36, 0x68,
    0x40, 0x3d, 0x56, 0x20, 0x1f, 0xfc, 0xb4, 0x40,
    0x7, 0xff, 0x5a, 0xf7, 0x58, 0x5, 0xbb, 0x48,
    0x7, 0xff, 0x11, 0x88, 0x82, 0x0, 0x22, 0x8c,
    0x3, 0xff, 0x89, 0x9d, 0xcc, 0x2, 0xee, 0xa8,
    0x3, 0xc2, 0x1, 0xfc, 0x23, 0x80, 0x2, 0x30,
    0x7, 0xf0, 0x80, 0x7f, 0xf2, 0x8c, 0x4, 0x3,
    0xff, 0x97, 0x60, 0x80, 0x1f, 0xfc, 0x41, 0x20,
    0xc, 0x2e, 0x1c, 0x1, 0xff, 0xc2, 0x18, 0xe5,
    0xf, 0xe1, 0xd0, 0x47, 0xc5, 0xd, 0xf2, 0x0,
    0xe6, 0x2, 0xf7, 0x12, 0x1, 0x3c, 0x31, 0xab,
    0x3a, 0xd5, 0x0, 0xfb, 0xc0, 0x2, 0xfe, 0xa0,
    0xfa, 0x65, 0x83, 0x1a, 0xa5, 0x58, 0x60, 0x1a,
    0x10, 0x17, 0xa0, 0x27, 0xe0, 0x1b, 0x48, 0x0,
    0x55, 0x86, 0x6c, 0x80, 0xa, 0x4e, 0xe8, 0x40,
    0x4c, 0x17, 0x64, 0x3, 0xc7, 0x92, 0x18, 0x1,
    0xe, 0x20, 0x6, 0xae, 0xa2, 0x0, 0xfe, 0x6f,
    0x40,

    /* U+95ED "闭" */
    0x0, 0x8, 0x7, 0xff, 0x29, 0xb9, 0xc0, 0x3f,
    0xf9, 0x24, 0x10, 0xe0, 0x16, 0xff, 0xff, 0xf0,
    0xb0, 0x12, 0x82, 0x14, 0x3, 0xff, 0x90, 0xae,
    0x14, 0x21, 0xbf, 0xff, 0xfc, 0xb, 0x0, 0xe8,
    0x37, 0x10, 0xf, 0xfe, 0x29, 0x3a, 0x86, 0x40,
    0x7, 0xee, 0xe1, 0x0, 0x7c, 0xd1, 0x20, 0x1f,
    0xf0, 0x88, 0x3, 0xff, 0xb2, 0x45, 0xfc, 0x0,
    0x62, 0x28, 0x3, 0xfb, 0x77, 0xf8, 0x1, 0x7b,
    0xb0, 0x80, 0x7e, 0x11, 0xfc, 0x1, 0x8, 0xe0,
    0xf, 0xee, 0xef, 0x90, 0x2, 0xce, 0xe8, 0x40,
    0x3f, 0xf8, 0x4a, 0xa0, 0xf, 0xfe, 0x49, 0xd0,
    0x50, 0x7, 0xff, 0x1c, 0xf0, 0x1d, 0x40, 0x3f,
    0xf8, 0xcb, 0x80, 0xd0, 0x1, 0xff, 0xc6, 0x8a,
    0x7, 0x90, 0xf, 0xfe, 0x29, 0xe3, 0x84, 0xc0,
    0x7, 0xff, 0x16, 0x70, 0xcb, 0x18, 0x3, 0xff,
    0x8c, 0x20, 0xfa, 0x60, 0x1f, 0xfc, 0x78, 0xe8,
    0x0, 0x84, 0x0, 0x20, 0x1f, 0xfc, 0x31, 0x0,
    0x87, 0xbf, 0xdc, 0x0, 0x20, 0xf, 0xfe, 0x20,
    0xa8, 0x88, 0x92, 0xc0, 0x38, 0x40, 0x3f, 0xf8,
    0x15, 0xdc, 0xdb, 0x40, 0x4, 0xff, 0xa8, 0x18,
    0x3, 0xff, 0x8d, 0xa0, 0x1, 0x58,

    /* U+95F4 "间" */
    0x0, 0xff, 0xe6, 0xaf, 0x40, 0x7, 0xff, 0x25,
    0x81, 0xe0, 0x2, 0xcf, 0xff, 0xfe, 0x16, 0x81,
    0xe8, 0x3b, 0x0, 0x7f, 0xf1, 0x4c, 0x0, 0x74,
    0x12, 0x21, 0x9f, 0xff, 0xfc, 0xb, 0x0, 0xe5,
    0x7b, 0x10, 0xf, 0xfe, 0x28, 0xbb, 0x4, 0x20,
    0x7, 0xff, 0x18, 0xa2, 0x0, 0x1f, 0xfd, 0xb,
    0xbf, 0xf4, 0x0, 0x7f, 0xf0, 0x5, 0x13, 0xfe,
    0x0, 0xff, 0xe1, 0x17, 0xff, 0xac, 0x3, 0xff,
    0x96, 0xe0, 0x1f, 0xfe, 0x37, 0x0, 0xff, 0xe2,
    0x17, 0xff, 0xac, 0x3, 0xff, 0x8a, 0x89, 0xe3,
    0x0, 0xff, 0xe2, 0x15, 0xdf, 0xbc, 0x3, 0xff,
    0xe8, 0x57, 0x7e, 0xf0, 0xf, 0xfe, 0x2a, 0x27,
    0x8c, 0x3, 0xff, 0x84, 0x3f, 0xff, 0xec, 0x0,
    0xff, 0xfe, 0x17, 0x72, 0xc0, 0x80, 0x3f, 0xf8,
    0xc4, 0x62, 0x5, 0x7, 0xfc, 0x1, 0xff, 0xc4,
    0xdf, 0xf6, 0xa0,

    /* U+9644 "附" */
    0x0, 0xff, 0xe0, 0x20, 0x80, 0x78, 0x88, 0x1,
    0x8, 0xf8, 0x80, 0x30, 0xdf, 0x80, 0x7b, 0x34,
    0x80, 0x1b, 0xdd, 0xdb, 0x20, 0x13, 0x3, 0x80,
    0x7f, 0xf0, 0x48, 0xa1, 0x3, 0x0, 0xac, 0x28,
    0x3, 0xff, 0x83, 0x9b, 0xa5, 0xe, 0x0, 0x19,
    0x88, 0xc0, 0x3f, 0xf8, 0x88, 0x28, 0x0, 0x90,
    0xa0, 0xf, 0xfe, 0x22, 0x3, 0x80, 0x9, 0x41,
    0x80, 0x3f, 0xf8, 0x9a, 0x1a, 0x0, 0x80, 0x0,
    0xef, 0xff, 0x84, 0x37, 0xe8, 0x3, 0x38, 0xa0,
    0x22, 0x80, 0x42, 0x3f, 0x0, 0x4, 0x46, 0x1,
    0x20, 0xb0, 0x2, 0x40, 0x36, 0x77, 0x78, 0x43,
    0x3a, 0x40, 0x38, 0xc2, 0x88, 0x82, 0x1, 0xff,
    0xc5, 0x46, 0x46, 0x70, 0xe0, 0xe, 0x10, 0xf,
    0xfe, 0xc, 0x5, 0xf4, 0x98, 0x4, 0x3d, 0xa0,
    0x1f, 0xfc, 0x11, 0x52, 0x6, 0x0, 0xc2, 0xa6,
    0xa0, 0x1f, 0xfc, 0x1c, 0x4, 0x0, 0xf4, 0x4,
    0x0, 0x7f, 0xf0, 0x48, 0x38, 0x3, 0xc6, 0x62,
    0x40, 0xf, 0xfe, 0x11, 0x80, 0x7d, 0x1, 0x0,
    0x1f, 0xfc, 0x3, 0x2, 0x0, 0xf9, 0x4, 0xc8,
    0x3, 0xfa, 0xb2, 0x3, 0x0, 0x3f, 0x45, 0x10,
    0x7, 0xf8, 0xc1, 0xd0, 0x3, 0xf3, 0x28, 0x7,
    0xfa, 0xfb, 0xe0, 0x3, 0xff, 0x92, 0x22, 0x0,
    0xff, 0xf8, 0x88, 0xe0, 0x1, 0x80, 0x7f, 0xf1,
    0x9b, 0xba, 0x10, 0x10, 0xf, 0xfe, 0x1, 0x8,
    0x6, 0x50, 0x0, 0x9d, 0x80, 0x59, 0xe2, 0x1,
    0xf6, 0x70, 0x6, 0x2f, 0xf7, 0x62, 0x0, 0x40,

    /* U+9664 "除" */
    0x0, 0xff, 0xe2, 0x19, 0x0, 0x7e, 0x23, 0x3f,
    0x0, 0x7e, 0x1d, 0xd1, 0x80, 0x7d, 0xf9, 0x9e,
    0xd1, 0x0, 0xf5, 0x8, 0x8, 0x7, 0xf2, 0x24,
    0x40, 0x1, 0x0, 0xe8, 0x41, 0xf, 0x10, 0xf,
    0xd5, 0x76, 0x70, 0xb0, 0xe, 0x87, 0xc, 0x62,
    0xc1, 0x0, 0xff, 0x28, 0x30, 0x6, 0x97, 0xc,
    0x29, 0x52, 0xf3, 0x0, 0xfc, 0xa0, 0xc0, 0x10,
    0xdb, 0x5, 0x98, 0x2, 0x98, 0x71, 0xc0, 0x3e,
    0xe0, 0xb0, 0x2, 0xfa, 0xe, 0x20, 0x6, 0x98,
    0x8, 0xc3, 0x0, 0xc4, 0x88, 0x21, 0xba, 0x13,
    0xf3, 0x0, 0xf3, 0xd8, 0x9e, 0x10, 0x5, 0x41,
    0xc0, 0x38, 0x10, 0x1f, 0xdd, 0xfa, 0xa8, 0xb2,
    0x40, 0x15, 0x84, 0x0, 0x1f, 0x9c, 0x4, 0x7f,
    0xcf, 0x4c, 0x1, 0x8e, 0x4a, 0x40, 0x2, 0x19,
    0xff, 0x70, 0xf, 0xfe, 0x30, 0xf, 0x98, 0x98,
    0x80, 0x3f, 0xf9, 0x76, 0xa, 0x1, 0xff, 0xcb,
    0x40, 0xc6, 0xee, 0xf7, 0x80, 0xf7, 0x7b, 0x0,
    0x3c, 0x40, 0xc2, 0x3f, 0x80, 0x2, 0x3e, 0x20,
    0xf, 0x8, 0x1, 0xff, 0xfd, 0xa0, 0x3f, 0xfe,
    0xe0, 0xe, 0x19, 0x7, 0x0, 0xf8, 0xc0, 0x3f,
    0xf8, 0x7, 0xfc, 0xe1, 0xc0, 0x16, 0x50, 0x80,
    0x71, 0x76, 0x0, 0x78, 0xd4, 0xd6, 0xd0, 0x0,
    0xe6, 0xc2, 0x1, 0xc4, 0xe7, 0x40, 0x1e, 0xac,
    0xa4, 0x0, 0x14, 0x7, 0x80, 0x7d, 0x26, 0xac,
    0x1, 0xfe, 0x1f, 0x7, 0x30, 0xf, 0xdc, 0x12,
    0x60, 0x1f, 0xd4, 0x47, 0x0, 0x1f, 0xc5, 0x21,
    0xe0, 0x1f, 0x8d, 0x47, 0x40, 0x3f, 0xe6, 0x35,
    0x0, 0xfc, 0x7d, 0xe2, 0x15, 0xba, 0xf0, 0x30,
    0xe, 0xc9, 0x0, 0xff, 0x8, 0x3, 0x8, 0x82,
    0x72, 0x1, 0xfb, 0x7c, 0x40, 0x3f, 0x9b, 0xfe,
    0xc4, 0x0, 0xfc,

    /* U+9759 "静" */
    0x0, 0xe1, 0x86, 0x0, 0xfc, 0xa8, 0x1, 0xff,
    0xc2, 0x27, 0xa0, 0xf, 0xd5, 0x40, 0xf, 0xf8,
    0x46, 0x70, 0x0, 0x8e, 0x0, 0x98, 0x18, 0x3,
    0xfd, 0xfd, 0xd5, 0x81, 0xf7, 0x6a, 0x0, 0x58,
    0x3f, 0xfe, 0x80, 0xe, 0x77, 0xca, 0x2, 0xef,
    0xbc, 0x18, 0x88, 0x89, 0x8, 0x8, 0x7, 0x44,
    0x69, 0x2, 0x88, 0xca, 0x32, 0x3b, 0x76, 0x91,
    0x14, 0x0, 0x71, 0xcc, 0xe0, 0x29, 0x9c, 0x34,
    0x14, 0x1, 0x48, 0x40, 0x80, 0x72, 0xb3, 0x4a,
    0x2, 0xcd, 0xad, 0x19, 0x0, 0xe, 0x88, 0x60,
    0xf, 0x37, 0xfd, 0x80, 0x7f, 0xfb, 0x81, 0xbf,
    0xe8, 0x4, 0xff, 0x98, 0x0, 0x26, 0x79, 0x40,
    0x6, 0x79, 0xdc, 0x1, 0xff, 0xc1, 0x6c, 0xcd,
    0x20, 0x79, 0x9b, 0x63, 0xfe, 0x20, 0xdf, 0xf4,
    0x0, 0x64, 0x99, 0xff, 0xac, 0x3, 0xff, 0x84,
    0x6c, 0xdf, 0xf2, 0x80, 0x7f, 0xf1, 0x3f, 0xff,
    0x8b, 0xff, 0x88, 0x37, 0xfd, 0x1, 0x3e, 0x20,
    0x10, 0xb3, 0x70, 0x80, 0x15, 0x13, 0x0, 0xd,
    0x10, 0x40, 0x48, 0x1, 0x8a, 0x67, 0x88, 0x1,
    0x57, 0x78, 0x83, 0xae, 0xd4, 0x17, 0x61, 0x0,
    0x8a, 0x67, 0x88, 0x3, 0xff, 0x90, 0x2c, 0xdc,
    0x20, 0x11, 0x22, 0x40, 0x7, 0x44, 0x70, 0x7,
    0xc7, 0xff, 0xc6, 0x1, 0x4d, 0xdc, 0x41, 0x57,
    0x66, 0x0, 0xf8, 0x47, 0xc0, 0x1b, 0xa2, 0x21,
    0x7, 0x88, 0x20, 0x7, 0xc5, 0xdd, 0xc6, 0x1,
    0x2b, 0xbc, 0x61, 0x4e, 0xe8, 0x65, 0x0, 0xe1,
    0x99, 0xe2, 0x0, 0xff, 0xe0, 0x1c, 0x98, 0x7,
    0x13, 0x37, 0x8, 0x7, 0xff, 0x98, 0xae, 0xc6,
    0x6, 0x5, 0xbb, 0x10, 0x10, 0x7, 0xff, 0x4,
    0x99, 0x5, 0xc4, 0x8, 0x8, 0x83, 0x20, 0x1f,
    0xef, 0xc0, 0xb, 0x7f, 0xa0, 0x2, 0xdf, 0xf7,
    0x30, 0x7, 0xe0,

    /* U+97F3 "音" */
    0x0, 0xff, 0x92, 0x54, 0x3, 0xff, 0x96, 0x2d,
    0x60, 0x1f, 0xfc, 0xb5, 0x11, 0x30, 0x7, 0xff,
    0x6, 0xff, 0xff, 0x84, 0x27, 0xff, 0xf8, 0xc0,
    0x3f, 0xfa, 0x37, 0xff, 0x39, 0xef, 0xff, 0xf1,
    0x2e, 0xff, 0xc6, 0x1, 0xf0, 0x9c, 0x80, 0x7e,
    0x52, 0x53, 0x0, 0xff, 0xac, 0x10, 0x80, 0x3e,
    0x90, 0x71, 0x0, 0xff, 0x88, 0xc2, 0x80, 0x3c,
    0x66, 0x9, 0x0, 0xf8, 0x8b, 0xca, 0x4, 0x5f,
    0x40, 0x29, 0x91, 0x70, 0x9e, 0xef, 0x98, 0x17,
    0x77, 0xc8, 0xb, 0xbb, 0xea, 0x14, 0x4f, 0xfe,
    0x61, 0x95, 0xdf, 0xff, 0x32, 0x0, 0x3f, 0xfa,
    0x53, 0xff, 0xff, 0xc4, 0xe0, 0xf, 0xf0, 0x99,
    0xff, 0xf0, 0x8, 0x3, 0xff, 0x81, 0x39, 0x9f,
    0xfc, 0x9, 0x0, 0xff, 0xed, 0x78, 0x8f, 0xff,
    0x4, 0x3, 0xff, 0x80, 0xfd, 0xdf, 0xfc, 0xa,
    0x0, 0xff, 0xe0, 0x1b, 0x37, 0xff, 0x1, 0x0,
    0x3f, 0xf8, 0x17, 0x33, 0xff, 0xc0, 0xf0, 0xf,
    0xfe, 0xd5, 0x66, 0x7f, 0xf0, 0x24, 0x3, 0xff,
    0x80, 0x46, 0x7f, 0xfc, 0x2, 0x0, 0xff, 0xe0,
    0x3f, 0xff, 0xff, 0x2, 0x80, 0x3f, 0xd3, 0xf0,
    0x1, 0xff, 0xc0, 0x5f, 0xe0, 0xc,

    /* U+9879 "项" */
    0x0, 0xff, 0x84, 0x7f, 0xf8, 0x60, 0x1f, 0xfc,
    0x3, 0xee, 0xff, 0xe2, 0x0, 0x8, 0xcf, 0xf0,
    0x11, 0x78, 0x2, 0x22, 0xf8, 0x1, 0x39, 0x9f,
    0x87, 0x77, 0xc2, 0x13, 0xbb, 0xec, 0x0, 0x62,
    0xa9, 0x0, 0xa, 0xb1, 0x80, 0x72, 0x88, 0x98,
    0x3, 0xf9, 0xea, 0x90, 0x3, 0x55, 0x9, 0x5d,
    0xf0, 0x2, 0xef, 0xc0, 0x1f, 0xfc, 0x21, 0x44,
    0xc2, 0x2, 0x89, 0xe1, 0x0, 0xff, 0xe1, 0x8e,
    0x67, 0xf0, 0x7, 0xff, 0x18, 0xcf, 0x8, 0x11,
    0x9c, 0x1, 0xff, 0xca, 0xbc, 0x90, 0xf, 0xff,
    0xf8, 0x7, 0xff, 0xfc, 0x3, 0xa, 0xcf, 0x40,
    0x7, 0xef, 0x0, 0xff, 0x8a, 0xc0, 0x14, 0xc2,
    0x1, 0xf1, 0x0, 0x80, 0x7f, 0x46, 0xe9, 0xc0,
    0x9, 0x3d, 0x0, 0x1e, 0x40, 0x40, 0xf, 0xe7,
    0x20, 0x49, 0xeb, 0x61, 0x2, 0x7b, 0x0, 0x30,
    0x11, 0x0, 0x28, 0x80, 0x80, 0x4f, 0x3d, 0x6c,
    0x20, 0x18, 0x61, 0x80, 0xa4, 0x20, 0x32, 0x41,
    0xdc, 0x1, 0xa1, 0x84, 0x3, 0xfc, 0x58, 0x8,
    0xa6, 0x4d, 0xc8, 0x1, 0xff, 0xc5, 0x7d, 0x14,
    0xb0, 0x3f, 0x51, 0xb8, 0x0, 0xff, 0xe0, 0x94,
    0x74, 0x3, 0xd8, 0x4, 0x35, 0x20, 0xf8, 0x20,
    0x1f, 0xea, 0xd7, 0x14, 0xc8, 0x0, 0xf3, 0x69,
    0x1e, 0x80, 0x7f, 0xac, 0xdf, 0x6c, 0xc0, 0x3f,
    0x16, 0x27, 0x0,

    /* U+9996 "首" */
    0x0, 0xe1, 0x88, 0x0, 0x7f, 0x9a, 0x50, 0x3,
    0xfc, 0x4e, 0xf0, 0x7, 0xe2, 0x96, 0xc0, 0xf,
    0xf1, 0xd0, 0x42, 0x0, 0x7d, 0x20, 0x90, 0x1,
    0xff, 0x2a, 0x83, 0x40, 0x3c, 0xc8, 0x34, 0x1,
    0xe3, 0xee, 0xf2, 0x3, 0xf7, 0x7a, 0x40, 0x7f,
    0xbb, 0xad, 0xc4, 0x7e, 0x1, 0x1f, 0x80, 0x21,
    0x1f, 0x3a, 0x77, 0x7f, 0xa8, 0x1, 0x9d, 0xdf,
    0xed, 0x1, 0x1f, 0xf6, 0x81, 0x18, 0x8f, 0xfc,
    0x1, 0xff, 0x20, 0x28, 0x7, 0xff, 0xd, 0x3f,
    0xfe, 0x30, 0x7f, 0xff, 0xca, 0x1, 0xfc, 0x45,
    0xff, 0xc2, 0x0, 0xff, 0x8f, 0x77, 0xff, 0x84,
    0x40, 0x1f, 0xfd, 0x83, 0xaa, 0xff, 0xe1, 0x10,
    0x7, 0xfc, 0xab, 0xff, 0xc2, 0x0, 0xff, 0x8f,
    0xff, 0xff, 0x84, 0x40, 0x1f, 0xff, 0x23, 0xff,
    0xff, 0xe1, 0x10, 0x7, 0xfc, 0x89, 0xff, 0xc2,
    0x0, 0xff, 0x8e, 0xef, 0xff, 0x84, 0x40, 0x1f,
    0xff, 0x23, 0xff, 0xff, 0xe1, 0x10, 0x7, 0xfc,
    0x45, 0xff, 0xc2, 0x0, 0xff, 0x8f, 0x77, 0xff,
    0x84, 0x40, 0x1c,

    /* U+F001 "" */
    0x0, 0xff, 0xe6, 0x89, 0x80, 0x7f, 0xf2, 0xce,
    0x37, 0xb2, 0x40, 0x3f, 0xf8, 0xc2, 0xb5, 0xd8,
    0xe4, 0x0, 0x60, 0xf, 0xfe, 0x19, 0x3e, 0x75,
    0x28, 0x80, 0x7f, 0xf1, 0x92, 0x7b, 0x60, 0xc0,
    0x3f, 0xf8, 0xc2, 0xd7, 0xf6, 0xc2, 0x1, 0xff,
    0xc8, 0x8e, 0x94, 0x0, 0xff, 0xe6, 0x38, 0x7,
    0xff, 0x78, 0x59, 0x0, 0x3f, 0xf9, 0x47, 0x19,
    0xd2, 0x60, 0x1f, 0xfc, 0x61, 0x5a, 0xec, 0x73,
    0x0, 0xff, 0xe3, 0x13, 0xdf, 0x52, 0x88, 0x7,
    0xff, 0x1d, 0x77, 0x50, 0x80, 0x1f, 0xfc, 0xb2,
    0x20, 0x7, 0xff, 0xfc, 0x3, 0xff, 0xf8, 0x2f,
    0x59, 0x48, 0x1, 0xff, 0xc9, 0x5e, 0x85, 0x35,
    0x30, 0xf, 0xfe, 0x41, 0x50, 0x7, 0xff, 0x0,
    0x4c, 0xc2, 0x1, 0xfe, 0x50, 0xf, 0xf8, 0xf3,
    0xb3, 0x1c, 0x1, 0xfe, 0x20, 0xf, 0xe2, 0x5c,
    0x30, 0xf, 0xfe, 0x12, 0xa0, 0x7, 0xe9, 0x80,
    0xf, 0xfe, 0x2d, 0xc0, 0x80, 0x64, 0xd4, 0x20,
    0xf, 0xef, 0x0, 0xfc, 0xfd, 0xcc, 0xdf, 0xb2,
    0x5, 0x0, 0xfe, 0x50, 0xf, 0xf0, 0x99, 0x0,
    0x6a, 0x50, 0xf, 0xd, 0x90, 0x7, 0xff, 0x1a,
    0xb6, 0x15, 0x4d, 0x5c, 0x80, 0x1f, 0xfc, 0x60,

    /* U+F011 "" */
    0x0, 0xff, 0xe0, 0x34, 0xc9, 0x80, 0x3f, 0xf9,
    0x65, 0x2c, 0xc9, 0x20, 0xf, 0xfe, 0x50, 0x80,
    0x61, 0x0, 0xff, 0xe2, 0xd, 0x40, 0x7, 0xff,
    0x2, 0x28, 0x40, 0x3f, 0x8f, 0xd5, 0xd8, 0x3,
    0xfc, 0xce, 0xbe, 0x60, 0x1f, 0x16, 0x88, 0x2,
    0x0, 0x3f, 0xd0, 0x0, 0x1c, 0x30, 0xf, 0x78,
    0x80, 0x7f, 0xf1, 0xf8, 0x40, 0x34, 0x90, 0x4,
    0x3a, 0x1, 0xfe, 0xd1, 0x0, 0x8a, 0x0, 0x22,
    0x60, 0x8, 0x70, 0xc0, 0x3f, 0xc7, 0x82, 0x1,
    0x31, 0x0, 0x2c, 0x3, 0x59, 0x0, 0x7f, 0xf0,
    0xa, 0xc0, 0x35, 0x80, 0x1c, 0x2, 0x35, 0x0,
    0xff, 0xe1, 0x29, 0x80, 0x4e, 0x6, 0x20, 0x14,
    0x80, 0x7f, 0xf1, 0x28, 0x2, 0x13, 0x50, 0xc,
    0xa0, 0x1f, 0xfc, 0x46, 0x0, 0xca, 0x20, 0x10,
    0x80, 0x7f, 0xf1, 0x84, 0x2, 0xef, 0x0, 0x8c,
    0x3, 0xc2, 0x1, 0x84, 0x3, 0xc6, 0x1, 0xf8,
    0xc0, 0x3c, 0x42, 0x0, 0x12, 0x0, 0xf1, 0x80,
    0x5f, 0xc0, 0x10, 0x80, 0x7d, 0xdb, 0xae, 0x0,
    0xf8, 0x40, 0x21, 0x50, 0xc, 0xa0, 0x1f, 0x11,
    0x0, 0x3e, 0x50, 0xc, 0xa6, 0x20, 0x17, 0x0,
    0x7f, 0xf1, 0x38, 0x2, 0x13, 0x7, 0x0, 0x91,
    0x0, 0x1f, 0xfc, 0x24, 0x40, 0x4, 0xe0, 0xb,
    0x0, 0xd4, 0x40, 0x1f, 0xfc, 0x2, 0xa0, 0xd,
    0x60, 0x2, 0x60, 0x8, 0x70, 0xc0, 0x3f, 0xc7,
    0x82, 0x1, 0x31, 0x0, 0x50, 0x20, 0x10, 0xe4,
    0x0, 0x7e, 0x8c, 0x10, 0x8, 0xa0, 0x3, 0xe,
    0x80, 0x73, 0xfd, 0x3a, 0xa9, 0xeb, 0xdc, 0x3,
    0xf, 0x88, 0x7, 0x1e, 0x8, 0x7, 0x2c, 0x55,
    0x21, 0x40, 0x38, 0x74, 0x80, 0x3e, 0x3c, 0x30,
    0xf, 0xfe, 0x11, 0xf9, 0x80, 0x7f, 0x16, 0x48,
    0x80, 0x7f, 0x86, 0x70, 0x40, 0x3f, 0xf8, 0xd,
    0xd6, 0xc4, 0x1, 0x9, 0x35, 0xf3, 0x0, 0x7f,
    0xf1, 0x12, 0x77, 0xfe, 0xed, 0x94, 0x0, 0xfe,

    /* U+F013 "" */
    0x0, 0xff, 0xec, 0x16, 0x7f, 0xed, 0x60, 0xf,
    0xfe, 0x3b, 0x98, 0x6, 0x2c, 0x0, 0xff, 0xf1,
    0x68, 0x7, 0x98, 0x40, 0x3f, 0xe1, 0xc8, 0x0,
    0x2e, 0xb8, 0x7, 0x8f, 0xa0, 0x0, 0xda, 0x80,
    0x1d, 0xa6, 0xfd, 0x54, 0x20, 0xf, 0xe7, 0xcc,
    0x49, 0x50, 0x80, 0x4e, 0x60, 0x1, 0x50, 0xf,
    0xfe, 0x1, 0x98, 0x0, 0x34, 0x0, 0x18, 0x0,
    0xff, 0xe5, 0x22, 0x1, 0x80, 0x3f, 0xf9, 0x9e,
    0x16, 0x1, 0xfc, 0x31, 0x9b, 0x44, 0x1, 0xfc,
    0x83, 0xe6, 0x1, 0xf0, 0xfb, 0x99, 0x2e, 0xa0,
    0x7, 0xc3, 0x22, 0x79, 0x0, 0x1e, 0xa1, 0x0,
    0xeb, 0x10, 0xe, 0x4f, 0x60, 0x8, 0xc0, 0x38,
    0x50, 0x3, 0xe7, 0x0, 0xe2, 0x10, 0xc, 0x20,
    0x1c, 0x40, 0x1f, 0x84, 0x3, 0x8c, 0x3, 0x84,
    0x3, 0x88, 0x3, 0xf0, 0x80, 0x71, 0x0, 0x71,
    0x80, 0x70, 0xa0, 0x7, 0xce, 0x1, 0xc6, 0x20,
    0x3, 0xc8, 0x0, 0xf5, 0x8, 0x7, 0x58, 0x80,
    0x72, 0x7b, 0x7, 0x98, 0x7, 0xc3, 0xee, 0x64,
    0xba, 0x80, 0x1f, 0xc, 0x8d, 0x80, 0x7f, 0xc,
    0x66, 0xd1, 0x0, 0x7f, 0x20, 0xb0, 0x80, 0x7f,
    0xf2, 0xfc, 0x6, 0x40, 0x3f, 0xf9, 0x48, 0x80,
    0x3, 0x98, 0x0, 0x54, 0x3, 0xff, 0x80, 0x66,
    0x0, 0xd, 0x0, 0x6d, 0x37, 0xea, 0xa1, 0x0,
    0x7f, 0x3e, 0x62, 0x8a, 0x84, 0x3, 0xe, 0x40,
    0x1, 0x75, 0xc0, 0x3c, 0x7f, 0x0, 0x5, 0xd4,
    0x0, 0xff, 0xe0, 0x68, 0x7, 0x98, 0x3, 0xff,
    0xc4, 0xe6, 0x1, 0x8b, 0x0, 0x3f, 0xf8, 0xe5,
    0x9f, 0xfb, 0x58, 0x3, 0xfc,

    /* U+F01C "" */
    0x0, 0xf1, 0x5f, 0xff, 0xff, 0xf, 0xa0, 0x3,
    0xff, 0x80, 0x38, 0x80, 0x1f, 0xfc, 0x31, 0x78,
    0x0, 0xff, 0xac, 0x40, 0x3f, 0xf8, 0xce, 0x60,
    0x1f, 0xca, 0xa0, 0x1, 0x3b, 0xff, 0xf0, 0x58,
    0x2, 0xe0, 0xf, 0xc3, 0x60, 0x17, 0x44, 0x7f,
    0xf0, 0x65, 0x0, 0x5, 0x0, 0x1f, 0x58, 0x80,
    0x1c, 0xc0, 0x3f, 0xf8, 0x54, 0x20, 0x7, 0x30,
    0xe, 0x55, 0x0, 0xa, 0x0, 0x3f, 0xf8, 0x63,
    0x60, 0x17, 0x0, 0x61, 0xb0, 0xb, 0x80, 0x3f,
    0xf8, 0xaa, 0x80, 0x2, 0x80, 0xa, 0xc4, 0x0,
    0xe6, 0x1, 0xff, 0xc6, 0xa1, 0x0, 0x39, 0x82,
    0xa8, 0x0, 0x50, 0x1, 0xff, 0xc7, 0x1b, 0x0,
    0xb8, 0x20, 0x2, 0x68, 0x8e, 0x70, 0xf, 0xe4,
    0x88, 0xed, 0x10, 0x1, 0x29, 0x0, 0x48, 0xef,
    0xd0, 0xc0, 0x1f, 0xa9, 0xdf, 0xc2, 0x1, 0x10,
    0x7, 0xfd, 0x0, 0x1f, 0x38, 0x80, 0x7f, 0xbc,
    0x3, 0xfe, 0x16, 0x0, 0xf4, 0x80, 0x7f, 0xf3,
    0x27, 0xff, 0xc2, 0x1, 0xff, 0xff, 0x0, 0xff,
    0xfa, 0x7a, 0x0, 0x7f, 0xf4, 0x92, 0x90, 0x3,
    0xff, 0x9e, 0x34, 0x60,

    /* U+F021 "" */
    0x0, 0xff, 0xe6, 0x2c, 0x41, 0x80, 0x3f, 0x92,
    0x77, 0xbf, 0xdd, 0x6e, 0x40, 0x1d, 0xe, 0xe9,
    0x0, 0xf9, 0xb6, 0xd8, 0x84, 0x0, 0x29, 0x1b,
    0x66, 0x1, 0xff, 0xc0, 0x1b, 0x92, 0x0, 0xff,
    0x26, 0x50, 0x80, 0x80, 0x7c, 0x5e, 0x80, 0x1e,
    0x11, 0x0, 0x79, 0x7c, 0xdc, 0x3, 0xc5, 0x82,
    0x1, 0x9a, 0xff, 0xb9, 0xf6, 0x80, 0x18, 0x75,
    0x80, 0x3d, 0xe2, 0x1, 0x1e, 0xca, 0x0, 0x64,
    0xbc, 0x30, 0x8, 0x48, 0x3, 0xa4, 0x80, 0x26,
    0xc2, 0x0, 0xfc, 0x78, 0xe0, 0x1f, 0x89, 0x80,
    0x26, 0x90, 0xf, 0xc2, 0x20, 0x4, 0x38, 0x7,
    0xd6, 0x1, 0x14, 0x80, 0x7e, 0x3e, 0xe7, 0xfb,
    0x98, 0x3, 0xe7, 0x0, 0xa4, 0x3, 0xf9, 0xc0,
    0x30, 0x88, 0x3, 0xc6, 0x20, 0x1, 0x40, 0xf,
    0xfe, 0x50, 0xa1, 0x9a, 0x0, 0x3f, 0xca, 0x86,
    0x7f, 0xe5, 0x2b, 0xcc, 0x30, 0x7, 0xf8, 0x6f,
    0x33, 0xfd, 0x40, 0x1f, 0xfe, 0xca, 0xcc, 0xff,
    0x58, 0x80, 0x7f, 0x9a, 0xf2, 0xc9, 0x4c, 0xff,
    0xc8, 0xa0, 0x1f, 0xe8, 0x43, 0x40, 0xf, 0xfe,
    0x5a, 0x88, 0x0, 0x48, 0x3, 0xc2, 0x20, 0xc,
    0xe0, 0x1f, 0xd0, 0x1, 0x38, 0x7, 0xcd, 0xdf,
    0xee, 0xe1, 0x80, 0x7e, 0xa2, 0x0, 0xac, 0x3,
    0xe7, 0x80, 0x0, 0x88, 0x3, 0xf4, 0xa8, 0x4,
    0xc4, 0x1, 0xf9, 0xec, 0x80, 0x3f, 0x16, 0x30,
    0x4, 0x52, 0x1, 0xc4, 0x20, 0x12, 0x6d, 0x20,
    0x6, 0x4a, 0xd3, 0x0, 0x87, 0xc0, 0x3c, 0xda,
    0x20, 0x19, 0x6f, 0xfb, 0x9f, 0x6a, 0x1, 0x87,
    0x8, 0x3, 0xce, 0x7e, 0xa0, 0x1e, 0x11, 0x0,
    0x79, 0x3c, 0x80, 0x3e, 0x10, 0x1a, 0xc4, 0x0,
    0xff, 0x14, 0xd8, 0x80, 0x7f, 0xf0, 0xe, 0xf6,
    0xc, 0x3, 0x13, 0x5e, 0xb0, 0x7, 0xd2, 0xee,
    0x80, 0xe, 0x27, 0xcf, 0xfd, 0xb2, 0x80, 0x1f,
    0xc0,

    /* U+F027 "" */
    0x0, 0xff, 0xea, 0x1d, 0xb0, 0x7, 0xff, 0x14,
    0xf5, 0x24, 0x3, 0xff, 0x88, 0x78, 0x20, 0x1f,
    0xfc, 0x53, 0xc0, 0xf, 0xfe, 0x31, 0xe0, 0x7,
    0xff, 0x0, 0xe2, 0x3d, 0x80, 0x1f, 0xfc, 0x1d,
    0x77, 0xf0, 0x7, 0xf0, 0xdc, 0x80, 0x4, 0x3,
    0xff, 0x86, 0xe8, 0xd8, 0x1, 0xff, 0xc5, 0x73,
    0x3, 0x70, 0xf, 0xfe, 0x20, 0xe0, 0x85, 0x0,
    0x7f, 0xf1, 0x90, 0x8, 0x3, 0xff, 0x8c, 0xe0,
    0x40, 0x1f, 0xfc, 0x5b, 0x20, 0x50, 0xf, 0xfe,
    0x23, 0x20, 0x14, 0x0, 0x7f, 0xf1, 0x10, 0x93,
    0x1, 0x80, 0x3f, 0xf8, 0x65, 0xb6, 0x21, 0x3f,
    0xfe, 0x60, 0xf, 0xfe, 0x44, 0xb0, 0x7, 0xff,
    0x22, 0x58, 0x3, 0xff, 0x91, 0x2c, 0x1, 0xff,
    0xc8, 0x97, 0x3, 0x0, 0xff, 0xe3, 0x46, 0xe0,
    0x7, 0xc0,

    /* U+F028 "" */
    0x0, 0xff, 0xe5, 0xc, 0x28, 0x7, 0xff, 0x45,
    0x9e, 0xa8, 0x1, 0xff, 0xd0, 0x40, 0x2, 0xe0,
    0x80, 0x7f, 0xf0, 0xce, 0xd8, 0x3, 0xf1, 0xe9,
    0x1, 0xe8, 0x7, 0xff, 0x8, 0xf1, 0x24, 0x3,
    0xc4, 0x20, 0x58, 0x60, 0x72, 0x1, 0xff, 0xc0,
    0x3c, 0x0, 0xfc, 0x9b, 0xea, 0x3, 0xa2, 0xc,
    0x60, 0x1f, 0xe3, 0xc0, 0xf, 0xe1, 0x1, 0xa6,
    0x1, 0xa0, 0x7, 0x80, 0x7f, 0x1e, 0x0, 0x7f,
    0x96, 0x0, 0x12, 0x80, 0x8a, 0x6, 0x80, 0x71,
    0x1e, 0xc0, 0xf, 0xfe, 0x3, 0xd0, 0x2, 0x80,
    0x10, 0x0, 0xe0, 0xd7, 0x7f, 0x0, 0x7f, 0xe,
    0x50, 0x82, 0xb8, 0xb, 0x1, 0x18, 0x28, 0x8,
    0x7, 0xff, 0xd, 0xcd, 0x70, 0x1, 0x20, 0xa,
    0x0, 0x20, 0x0, 0x80, 0x3f, 0xf8, 0x8e, 0x60,
    0x50, 0x2, 0xa0, 0x60, 0xc, 0x0, 0x38, 0x7,
    0xff, 0x10, 0x70, 0x81, 0x40, 0x1a, 0x0, 0x20,
    0x70, 0x1, 0x0, 0x7f, 0xf1, 0x9c, 0x8, 0x0,
    0x20, 0x1, 0x1, 0x0, 0xff, 0xe4, 0xb8, 0x10,
    0x0, 0x40, 0x2, 0x2, 0x1, 0xff, 0xc7, 0x1c,
    0x20, 0x50, 0x6, 0x80, 0x8, 0x1c, 0x0, 0x40,
    0x1f, 0xfc, 0x47, 0x30, 0x28, 0x1, 0x50, 0x30,
    0x6, 0x0, 0x1c, 0x3, 0xff, 0x88, 0xe6, 0xb8,
    0x0, 0x80, 0x5, 0x0, 0x14, 0x4, 0x98, 0x3,
    0xff, 0x86, 0x39, 0x42, 0xa, 0xc0, 0x2c, 0x6,
    0x40, 0x81, 0x3f, 0xfe, 0x70, 0xf, 0xfe, 0x3,
    0xd0, 0x2, 0x80, 0x12, 0x0, 0xe0, 0xf, 0xd0,
    0xe0, 0x1f, 0xe5, 0x80, 0x4, 0xa0, 0x22, 0x81,
    0xa0, 0x7, 0xf4, 0x38, 0x7, 0xf0, 0x80, 0xd3,
    0x0, 0xd0, 0x3, 0xc0, 0x3f, 0xe8, 0x70, 0xf,
    0xc9, 0xbe, 0xa0, 0x38, 0x20, 0xc6, 0x1, 0xff,
    0xc0, 0x87, 0x3, 0x0, 0xf1, 0x8, 0x16, 0x10,
    0x1c, 0x80, 0x7f, 0xf0, 0xa3, 0xb0, 0x3, 0xf1,
    0xe9, 0x1, 0xe8, 0x7, 0xff, 0x10, 0x40, 0x3f,
    0x90, 0x0, 0xb8, 0x20, 0x1f, 0xfc, 0xe6, 0x7a,
    0xa0, 0x7, 0x80,

    /* U+F03E "" */
    0x1b, 0xff, 0xff, 0xe6, 0x58, 0xd2, 0x0, 0x7f,
    0xf3, 0x12, 0x90, 0x3, 0xff, 0x9c, 0x80, 0x19,
    0xb3, 0x60, 0x3, 0xff, 0x96, 0xd2, 0x64, 0xf4,
    0x1, 0xff, 0xca, 0xb0, 0xc, 0xa2, 0x1, 0xff,
    0xd8, 0x27, 0x0, 0xff, 0x94, 0x3, 0x18, 0x80,
    0x7c, 0x79, 0x12, 0x1, 0xfe, 0x85, 0x0, 0x1f,
    0x0, 0x7c, 0x7a, 0x20, 0xd2, 0x1, 0xfe, 0xae,
    0xe6, 0x10, 0x7, 0x8f, 0x44, 0x2, 0x69, 0x0,
    0xff, 0x8, 0xc0, 0x1e, 0x3d, 0x10, 0xe, 0x69,
    0x0, 0xff, 0x1f, 0xe0, 0x80, 0x47, 0xa2, 0x1,
    0xf3, 0x30, 0x3, 0xf1, 0xe8, 0x9e, 0x88, 0x1e,
    0x88, 0x7, 0xf0, 0x80, 0x7c, 0x7a, 0x20, 0x3,
    0xd4, 0xd1, 0x0, 0xff, 0xe2, 0x96, 0x88, 0x6,
    0x3b, 0x10, 0xf, 0xfe, 0x32, 0x88, 0x7, 0xff,
    0xa9, 0x22, 0x3f, 0xf9, 0x8, 0x1, 0xe3, 0x77,
    0xff, 0xe4, 0x18, 0x4, 0x80, 0x1f, 0xfc, 0xe4,
    0xa4, 0x0, 0xff, 0xe6, 0x25, 0x0,

    /* U+F053 "" */
    0x0, 0xff, 0x8e, 0x4c, 0x3, 0xff, 0x80, 0x98,
    0xd8, 0x60, 0x1f, 0xe4, 0xb0, 0xb, 0x40, 0x3f,
    0x92, 0xc0, 0x31, 0x0, 0x7e, 0x4b, 0x0, 0xc5,
    0xa0, 0x1f, 0x25, 0x80, 0x62, 0xc1, 0x0, 0xf2,
    0x58, 0x6, 0x2c, 0x10, 0xf, 0x25, 0x80, 0x62,
    0xc1, 0x0, 0xf2, 0x58, 0x6, 0x2c, 0x10, 0xf,
    0x25, 0x80, 0x62, 0xc1, 0x0, 0xf2, 0x58, 0x6,
    0x2c, 0x10, 0xf, 0x1d, 0x80, 0x62, 0xc1, 0x0,
    0xf9, 0x0, 0x3a, 0x84, 0x3, 0xf3, 0xa0, 0x6,
    0x86, 0x0, 0xfe, 0xb4, 0x0, 0xd2, 0xc0, 0x1f,
    0xd6, 0x80, 0x1a, 0x58, 0x3, 0xfa, 0xd0, 0x3,
    0x4b, 0x0, 0x7f, 0x5a, 0x0, 0x69, 0x60, 0xf,
    0xeb, 0x40, 0xd, 0x2c, 0x1, 0xfd, 0x66, 0x1,
    0xa5, 0x80, 0x3f, 0xb0, 0xc0, 0x34, 0xb0, 0x7,
    0xf6, 0x18, 0x6, 0x90, 0xf, 0xf6, 0x18, 0x4,
    0xa0, 0x1f, 0xf6, 0x20, 0x2d, 0x0, 0x7f, 0xf0,
    0x2f, 0x68, 0x0,

    /* U+F054 "" */
    0x0, 0x3c, 0x0, 0x7f, 0xf0, 0x6a, 0x1e, 0xc0,
    0x3f, 0xe6, 0x50, 0x2, 0x58, 0x7, 0xf8, 0x80,
    0x32, 0x58, 0x7, 0xf2, 0x40, 0x6, 0x4b, 0x0,
    0xfe, 0x78, 0x0, 0xc9, 0x60, 0x1f, 0xcf, 0x0,
    0x19, 0x2c, 0x3, 0xf9, 0xe0, 0x3, 0x25, 0x80,
    0x7f, 0x3c, 0x0, 0x64, 0xb0, 0xf, 0xe7, 0x80,
    0xc, 0x96, 0x1, 0xfc, 0xf0, 0x1, 0x92, 0xc0,
    0x3f, 0x9e, 0x0, 0x32, 0x50, 0x7, 0xf3, 0x8,
    0x6, 0x50, 0xf, 0xc3, 0xa2, 0x1, 0xa8, 0x3,
    0xe1, 0xd3, 0x0, 0xd4, 0xa0, 0x1e, 0x1d, 0x30,
    0xd, 0x4a, 0x1, 0xe1, 0xd3, 0x0, 0xd4, 0xa0,
    0x1e, 0x1d, 0x30, 0xd, 0x4a, 0x1, 0xe1, 0xd3,
    0x0, 0xd4, 0xa0, 0x1e, 0x1c, 0x30, 0xd, 0x4a,
    0x1, 0xe1, 0xc2, 0x0, 0xd4, 0xa0, 0x1f, 0x31,
    0x0, 0x6a, 0x50, 0xf, 0xca, 0x1, 0xa9, 0x40,
    0x3f, 0x8b, 0x0, 0x14, 0xa0, 0x1f, 0xf1, 0xf7,
    0x14, 0x3, 0xfe,

    /* U+F067 "" */
    0x0, 0xff, 0x2d, 0x52, 0x4, 0x3, 0xff, 0x8e,
    0x74, 0xaa, 0x7a, 0x0, 0xff, 0xe3, 0xb0, 0x6,
    0x60, 0xf, 0xfe, 0x39, 0x80, 0x63, 0x0, 0xff,
    0xff, 0x80, 0x7f, 0xff, 0xc0, 0x3f, 0xcd, 0xff,
    0xfa, 0x40, 0x30, 0xff, 0xfe, 0xc1, 0x90, 0xf,
    0xfe, 0x51, 0xb0, 0x7, 0xff, 0x33, 0xc0, 0x3f,
    0xf9, 0x9e, 0xc0, 0x1f, 0xfc, 0xa1, 0x59, 0xdc,
    0xcf, 0x9c, 0x3, 0xe, 0x67, 0xef, 0x20, 0x23,
    0x3f, 0xb8, 0x3, 0x8c, 0xff, 0x8, 0x7, 0xff,
    0xfc, 0x3, 0xff, 0xfe, 0x1, 0xfe, 0x20, 0xc,
    0x40, 0x1f, 0xfc, 0x74, 0x72, 0x21, 0xf8, 0x7,
    0xf8,

    /* U+F071 "" */
    0x0, 0xff, 0xe1, 0xa4, 0x38, 0x80, 0x7f, 0xf4,
    0x16, 0xde, 0x30, 0x3, 0xff, 0x9e, 0x36, 0x1,
    0x13, 0x80, 0x7f, 0xf3, 0xa4, 0x40, 0x34, 0x8,
    0x7, 0xff, 0x30, 0x9c, 0x3, 0xd6, 0x1, 0xff,
    0xcc, 0x90, 0xf, 0x94, 0xc0, 0x3f, 0xf9, 0x48,
    0x80, 0xf, 0xde, 0x1, 0xff, 0xca, 0x90, 0xf,
    0xe3, 0x50, 0xf, 0xfe, 0x43, 0x10, 0x7, 0xfa,
    0xc0, 0x3f, 0xf8, 0xe3, 0x0, 0x1f, 0xf0, 0xc0,
    0x7, 0xff, 0x1a, 0x4, 0x2, 0x7f, 0xfb, 0x84,
    0x2, 0x71, 0x0, 0xff, 0xe2, 0x13, 0x0, 0x6e,
    0x0, 0x84, 0x3, 0xac, 0x3, 0xff, 0x89, 0x20,
    0x1c, 0x20, 0x18, 0x40, 0x32, 0x98, 0x7, 0xff,
    0x9, 0x10, 0x1, 0xde, 0x1, 0xfe, 0xf0, 0xf,
    0xfe, 0x14, 0x80, 0x7f, 0xf1, 0x4d, 0x40, 0x3f,
    0xf8, 0xe, 0x40, 0x1e, 0x10, 0x8, 0x40, 0x3e,
    0xb0, 0xf, 0xf8, 0x60, 0x3, 0xe3, 0x0, 0x8c,
    0x3, 0xe1, 0x80, 0xf, 0xf4, 0x0, 0x7e, 0x10,
    0x8, 0x40, 0x3f, 0x39, 0x0, 0x7e, 0x26, 0x0,
    0xfc, 0xc2, 0x0, 0x50, 0xf, 0xe8, 0x0, 0xfd,
    0x20, 0x1f, 0xc5, 0xdf, 0xe9, 0x0, 0xfe, 0x53,
    0x0, 0xf2, 0xa0, 0x7, 0xfa, 0xbf, 0x90, 0x3,
    0xfd, 0xe0, 0x1e, 0x80, 0xf, 0xf4, 0x28, 0xd,
    0x88, 0x7, 0xf1, 0xb0, 0x6, 0x72, 0x0, 0xff,
    0x18, 0x6, 0x20, 0xf, 0xf4, 0x0, 0x43, 0x0,
    0x1f, 0xf6, 0x0, 0x42, 0x60, 0x1f, 0xe1, 0x80,
    0x4, 0x0, 0x7f, 0xf0, 0x1d, 0x84, 0xf4, 0x3,
    0xff, 0x80, 0xe2, 0xc, 0x1, 0xff, 0xc1, 0x9e,
    0xc3, 0x0, 0xff, 0xe0, 0xb0, 0x8, 0x7, 0xff,
    0x48, 0x42, 0x40, 0x3f, 0xfa, 0x22, 0xc0, 0xf6,
    0xec, 0xdf, 0xfc, 0xd7, 0x8f, 0x0,

    /* U+F078 "" */
    0x1, 0xa8, 0x0, 0xff, 0xe2, 0x1d, 0xa8, 0x0,
    0x71, 0x5e, 0x80, 0x3f, 0xf8, 0x47, 0x89, 0x4c,
    0x10, 0x40, 0x5, 0xa0, 0xf, 0xfe, 0x1, 0xe0,
    0x5, 0x23, 0xe0, 0x19, 0x68, 0x3, 0xfc, 0x78,
    0x1, 0x88, 0x59, 0xc0, 0x32, 0xd0, 0x7, 0xe3,
    0xc0, 0xc, 0x3e, 0x0, 0x87, 0x0, 0xcb, 0x40,
    0x1e, 0x3c, 0x0, 0xc3, 0x84, 0x1, 0x43, 0x80,
    0x65, 0xa0, 0xc, 0x78, 0x1, 0x87, 0x8, 0x3,
    0xa1, 0xc0, 0x32, 0xd0, 0x0, 0xf0, 0x3, 0xe,
    0x10, 0x7, 0xd0, 0xe0, 0x19, 0x68, 0xf0, 0x3,
    0xe, 0x10, 0x7, 0xf4, 0x38, 0x6, 0x5c, 0x0,
    0xc3, 0x84, 0x1, 0xff, 0x43, 0x80, 0x7e, 0x1c,
    0x20, 0xf, 0xfe, 0xc, 0x38, 0x7, 0x87, 0x8,
    0x3, 0xff, 0x87, 0xe, 0x1, 0x87, 0x8, 0x3,
    0xff, 0x8b, 0xe, 0x0, 0x1c, 0x20, 0xf, 0xfe,
    0x3c, 0x4a, 0xe1, 0x0, 0x7f, 0x80,

    /* U+F0C9 "" */
    0x0, 0xff, 0xe6, 0xef, 0xff, 0xff, 0x2d, 0x48,
    0x3, 0xff, 0x97, 0xa0, 0x1f, 0xfc, 0xd5, 0x11,
    0xff, 0xe5, 0x16, 0x57, 0x77, 0xff, 0x2b, 0x50,
    0x3, 0xff, 0xfe, 0xf7, 0x7f, 0xfc, 0xaa, 0x28,
    0x44, 0xff, 0xe5, 0x2a, 0x80, 0x3f, 0xf9, 0x9e,
    0x20, 0x1f, 0xfc, 0xbe, 0xfb, 0xbf, 0xfe, 0x56,
    0x30, 0xa2, 0x7f, 0xf2, 0x8c, 0x3, 0xff, 0xfe,
    0x15, 0xdd, 0xff, 0xca, 0xd4, 0x51, 0x1f, 0xfe,
    0x51, 0x60, 0x7, 0xff, 0x34, 0x80, 0x3f, 0xf9,
    0x7b, 0xaf, 0xff, 0xfe, 0x5a, 0x80,

    /* U+F15B "" */
    0x14, 0x4f, 0xf8, 0x40, 0xc0, 0x3d, 0x97, 0x7f,
    0xf2, 0x86, 0x50, 0x7, 0x10, 0x7, 0xff, 0x9,
    0x68, 0x3, 0xff, 0x90, 0xb4, 0x1, 0xff, 0xc8,
    0x5a, 0x0, 0xff, 0xe4, 0x2d, 0x0, 0x7f, 0xf2,
    0x16, 0x40, 0x3f, 0xf8, 0x48, 0x9e, 0x20, 0xf,
    0xfe, 0x6, 0x5, 0xdf, 0xc0, 0x1f, 0xfc, 0x7,
    0xff, 0xfc, 0x1, 0xff, 0xff, 0x0, 0xff, 0xff,
    0x80, 0x7f, 0xff, 0xc0, 0x3f, 0xff, 0xe0, 0x1f,
    0xfe, 0xd2, 0x0, 0xff, 0xe3, 0x96, 0x5d, 0xff,
    0xf1, 0xf0,

    /* U+F1EB "" */
    0x0, 0xff, 0xf1, 0x9b, 0x4d, 0x5e, 0x5d, 0x4b,
    0x18, 0x7, 0xff, 0x20, 0x9f, 0x3f, 0x25, 0x95,
    0xd, 0x15, 0xa7, 0x3f, 0x1c, 0x80, 0x3f, 0xf8,
    0x47, 0x7b, 0x6, 0x1, 0xff, 0xc1, 0x38, 0xdb,
    0x30, 0xf, 0xf1, 0x66, 0x10, 0x3, 0xff, 0x8e,
    0x99, 0x82, 0x0, 0xfa, 0x34, 0xc0, 0x3f, 0x12,
    0x2a, 0xc8, 0x40, 0x1f, 0x8f, 0x60, 0x3, 0xe,
    0xb8, 0x7, 0x8e, 0x33, 0xf6, 0xea, 0xab, 0xdf,
    0xc8, 0x30, 0xf, 0x3e, 0x88, 0x1f, 0x90, 0x7,
    0x36, 0xe3, 0x98, 0x7, 0xf1, 0xbe, 0x6b, 0x0,
    0x71, 0x79, 0xe8, 0x80, 0x64, 0xd9, 0x20, 0xf,
    0xfe, 0x19, 0x4e, 0xa0, 0x6, 0x1d, 0x90, 0xd,
    0x36, 0x40, 0x1f, 0xfc, 0x72, 0xb9, 0x0, 0xd2,
    0xf0, 0x3, 0xac, 0x1, 0xe4, 0x8b, 0xef, 0xfb,
    0x6e, 0x10, 0x3, 0xcd, 0xa4, 0x10, 0xe0, 0xf7,
    0xe4, 0x1, 0x86, 0x3a, 0xdd, 0x4, 0x2, 0x24,
    0x7b, 0xe8, 0x10, 0xc, 0x59, 0x6e, 0x1, 0x20,
    0x80, 0x66, 0xf7, 0x10, 0xf, 0xf8, 0x5f, 0xd8,
    0x3, 0xa, 0x0, 0x7e, 0x1b, 0x91, 0x0, 0xff,
    0xe1, 0x8c, 0xd8, 0x80, 0x7f, 0xf0, 0x29, 0x0,
    0x3c, 0x6f, 0x13, 0xe, 0x60, 0x1e, 0x4d, 0x0,
    0xff, 0xe0, 0x18, 0x6, 0x18, 0xfc, 0x87, 0x67,
    0x8c, 0xf8, 0x10, 0xc, 0x80, 0x1f, 0xfc, 0x8,
    0x60, 0x3, 0x73, 0x80, 0x7f, 0x3f, 0x30, 0x1,
    0xa0, 0x3, 0xff, 0x83, 0x32, 0xb9, 0x0, 0xff,
    0xe0, 0xcd, 0xc4, 0x80, 0x7f, 0xf0, 0xd9, 0x0,
    0x3e, 0x10, 0xf, 0x91, 0xc0, 0x3f, 0xf9, 0x6f,
    0xfd, 0xee, 0x1, 0xff, 0xd1, 0x78, 0x0, 0xa1,
    0xc0, 0x3f, 0xfa, 0x12, 0x1, 0xd2, 0x1, 0xff,
    0xd0, 0x10, 0xe, 0x10, 0xf, 0xfe, 0x81, 0x80,
    0x71, 0x80, 0x7f, 0xf4, 0x20, 0x3, 0xa0, 0x3,
    0xff, 0xa0, 0x98, 0x84, 0x98, 0x80, 0x1f, 0xfc,
    0x20,

    /* U+F2ED "" */
    0x0, 0xfc, 0x28, 0x9e, 0x30, 0xf, 0xfe, 0x20,
    0xf5, 0xdf, 0xb2, 0x40, 0x3f, 0x2c, 0x47, 0xb4,
    0x3, 0xf3, 0x44, 0x7c, 0x34, 0xef, 0xe3, 0x0,
    0xfe, 0x77, 0xf9, 0x80, 0x3f, 0xf9, 0x9e, 0x80,
    0x1f, 0xfc, 0xa1, 0xcb, 0xff, 0xff, 0xe5, 0x72,
    0x1, 0x44, 0x7f, 0xf2, 0x18, 0x2, 0x67, 0x7f,
    0xfe, 0x45, 0x0, 0x7f, 0xfb, 0xaa, 0x80, 0x13,
    0x68, 0x4, 0x7c, 0x60, 0x1f, 0xfc, 0x7, 0x70,
    0x5, 0xe4, 0x20, 0x6, 0x16, 0x0, 0xff, 0xff,
    0x80, 0x7f, 0xff, 0xc0, 0x3f, 0xff, 0xe0, 0x1f,
    0xff, 0x27, 0x70, 0x5, 0xe4, 0x20, 0x6, 0x16,
    0x0, 0xf9, 0xc0, 0x35, 0x50, 0x2, 0x6d, 0x0,
    0x8f, 0x8c, 0x2, 0x70, 0x8, 0x40, 0x3f, 0xf9,
    0x2, 0x1, 0x13, 0x0, 0x7f, 0xf1, 0xe0, 0x3,
    0x4d, 0xc3, 0xbf, 0xff, 0xe, 0x78, 0x80, 0x0
};


/*---------------------
 *  GLYPH DESCRIPTION
 *--------------------*/

static const lv_font_fmt_txt_glyph_dsc_t glyph_dsc[] = {
    {.bitmap_index = 0, .adv_w = 0, .box_w = 0, .box_h = 0, .ofs_x = 0, .ofs_y = 0} /* id = 0 reserved */,
    {.bitmap_index = 0, .adv_w = 100, .box_w = 0, .box_h = 0, .ofs_x = 0, .ofs_y = 0},
    {.bitmap_index = 0, .adv_w = 145, .box_w = 5, .box_h = 21, .ofs_x = 2, .ofs_y = 0},
    {.bitmap_index = 41, .adv_w = 212, .box_w = 9, .box_h = 9, .ofs_x = 2, .ofs_y = 14},
    {.bitmap_index = 79, .adv_w = 249, .box_w = 14, .box_h = 21, .ofs_x = 1, .ofs_y = 0},
    {.bitmap_index = 203, .adv_w = 249, .box_w = 13, .box_h = 28, .ofs_x = 1, .ofs_y = -3},
    {.bitmap_index = 329, .adv_w = 413, .box_w = 24, .box_h = 21, .ofs_x = 1, .ofs_y = 0},
    {.bitmap_index = 535, .adv_w = 305, .box_w = 18, .box_h = 21, .ofs_x = 1, .ofs_y = 0},
    {.bitmap_index = 692, .adv_w = 125, .box_w = 4, .box_h = 9, .ofs_x = 2, .ofs_y = 14},
    {.bitmap_index = 711, .adv_w = 151, .box_w = 7, .box_h = 30, .ofs_x = 2, .ofs_y = -6},
    {.bitmap_index = 796, .adv_w = 151, .box_w = 6, .box_h = 30, .ofs_x = 1, .ofs_y = -6},
    {.bitmap_index = 879, .adv_w = 209, .box_w = 11, .box_h = 10, .ofs_x = 1, .ofs_y = 13},
    {.bitmap_index = 929, .adv_w = 249, .box_w = 14, .box_h = 15, .ofs_x = 1, .ofs_y = 3},
    {.bitmap_index = 957, .adv_w = 125, .box_w = 6, .box_h = 10, .ofs_x = 1, .ofs_y = -6},
    {.bitmap_index = 988, .adv_w = 155, .box_w = 8, .box_h = 3, .ofs_x = 1, .ofs_y = 7},
    {.bitmap_index = 995, .adv_w = 125, .box_w = 4, .box_h = 4, .ofs_x = 2, .ofs_y = 0},
    {.bitmap_index = 1003, .adv_w = 176, .box_w = 11, .box_h = 28, .ofs_x = 0, .ofs_y = -5},
    {.bitmap_index = 1100, .adv_w = 249, .box_w = 14, .box_h = 21, .ofs_x = 1, .ofs_y = 0},
    {.bitmap_index = 1221, .adv_w = 249, .box_w = 12, .box_h = 21, .ofs_x = 2, .ofs_y = 0},
    {.bitmap_index = 1262, .adv_w = 249, .box_w = 14, .box_h = 21, .ofs_x = 1, .ofs_y = 0},
    {.bitmap_index = 1364, .adv_w = 249, .box_w = 14, .box_h = 21, .ofs_x = 0, .ofs_y = 0},
    {.bitmap_index = 1478, .adv_w = 249, .box_w = 15, .box_h = 21, .ofs_x = 0, .ofs_y = 0},
    {.bitmap_index = 1559, .adv_w = 249, .box_w = 15, .box_h = 21, .ofs_x = 0, .ofs_y = 0},
    {.bitmap_index = 1673, .adv_w = 249, .box_w = 14, .box_h = 21, .ofs_x = 1, .ofs_y = 0},
    {.bitmap_index = 1799, .adv_w = 249, .box_w = 14, .box_h = 21, .ofs_x = 1, .ofs_y = 0},
    {.bitmap_index = 1887, .adv_w = 249, .box_w = 14, .box_h = 21, .ofs_x = 1, .ofs_y = 0},
    {.bitmap_index = 2022, .adv_w = 249, .box_w = 14, .box_h = 21, .ofs_x = 1, .ofs_y = 0},
    {.bitmap_index = 2147, .adv_w = 125, .box_w = 4, .box_h = 16, .ofs_x = 2, .ofs_y = 0},
    {.bitmap_index = 2167, .adv_w = 125, .box_w = 6, .box_h = 22, .ofs_x = 1, .ofs_y = -6},
    {.bitmap_index = 2214, .adv_w = 249, .box_w = 14, .box_h = 14, .ofs_x = 1, .ofs_y = 4},
    {.bitmap_index = 2287, .adv_w = 249, .box_w = 14, .box_h = 9, .ofs_x = 1, .ofs_y = 6},
    {.bitmap_index = 2310, .adv_w = 249, .box_w = 14, .box_h = 14, .ofs_x = 1, .ofs_y = 4},
    {.bitmap_index = 2385, .adv_w = 212, .box_w = 11, .box_h = 21, .ofs_x = 1, .ofs_y = 0},
    {.bitmap_index = 2468, .adv_w = 424, .box_w = 24, .box_h = 26, .ofs_x = 1, .ofs_y = -5},
    {.bitmap_index = 2715, .adv_w = 272, .box_w = 17, .box_h = 21, .ofs_x = 0, .ofs_y = 0},
    {.bitmap_index = 2846, .adv_w = 294, .box_w = 16, .box_h = 21, .ofs_x = 2, .ofs_y = 0},
    {.bitmap_index = 2960, .adv_w = 286, .box_w = 16, .box_h = 21, .ofs_x = 1, .ofs_y = 0},
    {.bitmap_index = 3085, .adv_w = 308, .box_w = 16, .box_h = 21, .ofs_x = 2, .ofs_y = 0},
    {.bitmap_index = 3198, .adv_w = 264, .box_w = 13, .box_h = 21, .ofs_x = 2, .ofs_y = 0},
    {.bitmap_index = 3242, .adv_w = 247, .box_w = 13, .box_h = 21, .ofs_x = 2, .ofs_y = 0},
    {.bitmap_index = 3277, .adv_w = 309, .box_w = 17, .box_h = 21, .ofs_x = 1, .ofs_y = 0},
    {.bitmap_index = 3412, .adv_w = 326, .box_w = 16, .box_h = 21, .ofs_x = 2, .ofs_y = 0},
    {.bitmap_index = 3443, .adv_w = 131, .box_w = 4, .box_h = 21, .ofs_x = 2, .ofs_y = 0},
    {.bitmap_index = 3450, .adv_w = 240, .box_w = 13, .box_h = 21, .ofs_x = 0, .ofs_y = 0},
    {.bitmap_index = 3497, .adv_w = 289, .box_w = 16, .box_h = 21, .ofs_x = 2, .ofs_y = 0},
    {.bitmap_index = 3610, .adv_w = 243, .box_w = 13, .box_h = 21, .ofs_x = 2, .ofs_y = 0},
    {.bitmap_index = 3634, .adv_w = 364, .box_w = 18, .box_h = 21, .ofs_x = 2, .ofs_y = 0},
    {.bitmap_index = 3757, .adv_w = 324, .box_w = 16, .box_h = 21, .ofs_x = 2, .ofs_y = 0},
    {.bitmap_index = 3861, .adv_w = 332, .box_w = 19, .box_h = 21, .ofs_x = 1, .ofs_y = 0},
    {.bitmap_index = 4015, .adv_w = 284, .box_w = 15, .box_h = 21, .ofs_x = 2, .ofs_y = 0},
    {.bitmap_index = 4093, .adv_w = 332, .box_w = 19, .box_h = 26, .ofs_x = 1, .ofs_y = -5},
    {.bitmap_index = 4279, .adv_w = 284, .box_w = 15, .box_h = 21, .ofs_x = 2, .ofs_y = 0},
    {.bitmap_index = 4381, .adv_w = 267, .box_w = 15, .box_h = 21, .ofs_x = 1, .ofs_y = 0},
    {.bitmap_index = 4506, .adv_w = 268, .box_w = 16, .box_h = 21, .ofs_x = 0, .ofs_y = 0},
    {.bitmap_index = 4538, .adv_w = 323, .box_w = 16, .box_h = 21, .ofs_x = 2, .ofs_y = 0},
    {.bitmap_index = 4608, .adv_w = 258, .box_w = 17, .box_h = 21, .ofs_x = 0, .ofs_y = 0},
    {.bitmap_index = 4741, .adv_w = 393, .box_w = 24, .box_h = 21, .ofs_x = 0, .ofs_y = 0},
    {.bitmap_index = 4956, .adv_w = 257, .box_w = 16, .box_h = 21, .ofs_x = 0, .ofs_y = 0},
    {.bitmap_index = 5091, .adv_w = 238, .box_w = 16, .box_h = 21, .ofs_x = -1, .ofs_y = 0},
    {.bitmap_index = 5181, .adv_w = 270, .box_w = 15, .box_h = 21, .ofs_x = 1, .ofs_y = 0},
    {.bitmap_index = 5276, .adv_w = 151, .box_w = 7, .box_h = 28, .ofs_x = 2, .ofs_y = -5},
    {.bitmap_index = 5299, .adv_w = 176, .box_w = 11, .box_h = 28, .ofs_x = 0, .ofs_y = -5},
    {.bitmap_index = 5394, .adv_w = 151, .box_w = 7, .box_h = 28, .ofs_x = 0, .ofs_y = -5},
    {.bitmap_index = 5417, .adv_w = 249, .box_w = 13, .box_h = 13, .ofs_x = 1, .ofs_y = 9},
    {.bitmap_index = 5485, .adv_w = 250, .box_w = 16, .box_h = 2, .ofs_x = 0, .ofs_y = -4},
    {.bitmap_index = 5494, .adv_w = 271, .box_w = 7, .box_h = 8, .ofs_x = 4, .ofs_y = 18},
    {.bitmap_index = 5519, .adv_w = 252, .box_w = 13, .box_h = 16, .ofs_x = 1, .ofs_y = 0},
    {.bitmap_index = 5611, .adv_w = 277, .box_w = 14, .box_h = 23, .ofs_x = 2, .ofs_y = 0},
    {.bitmap_index = 5705, .adv_w = 228, .box_w = 13, .box_h = 16, .ofs_x = 1, .ofs_y = 0},
    {.bitmap_index = 5786, .adv_w = 278, .box_w = 14, .box_h = 23, .ofs_x = 1, .ofs_y = 0},
    {.bitmap_index = 5883, .adv_w = 248, .box_w = 14, .box_h = 16, .ofs_x = 1, .ofs_y = 0},
    {.bitmap_index = 5973, .adv_w = 146, .box_w = 10, .box_h = 24, .ofs_x = 0, .ofs_y = 0},
    {.bitmap_index = 6023, .adv_w = 253, .box_w = 15, .box_h = 23, .ofs_x = 1, .ofs_y = -7},
    {.bitmap_index = 6166, .adv_w = 272, .box_w = 13, .box_h = 23, .ofs_x = 2, .ofs_y = 0},
    {.bitmap_index = 6215, .adv_w = 123, .box_w = 4, .box_h = 23, .ofs_x = 2, .ofs_y = 0},
    {.bitmap_index = 6232, .adv_w = 123, .box_w = 8, .box_h = 30, .ofs_x = -2, .ofs_y = -7},
    {.bitmap_index = 6276, .adv_w = 247, .box_w = 14, .box_h = 23, .ofs_x = 2, .ofs_y = 0},
    {.bitmap_index = 6359, .adv_w = 127, .box_w = 5, .box_h = 23, .ofs_x = 2, .ofs_y = 0},
    {.bitmap_index = 6376, .adv_w = 415, .box_w = 22, .box_h = 16, .ofs_x = 2, .ofs_y = 0},
    {.bitmap_index = 6451, .adv_w = 273, .box_w = 13, .box_h = 16, .ofs_x = 2, .ofs_y = 0},
    {.bitmap_index = 6494, .adv_w = 271, .box_w = 15, .box_h = 16, .ofs_x = 1, .ofs_y = 0},
    {.bitmap_index = 6594, .adv_w = 278, .box_w = 14, .box_h = 23, .ofs_x = 2, .ofs_y = -7},
    {.bitmap_index = 6692, .adv_w = 278, .box_w = 14, .box_h = 23, .ofs_x = 1, .ofs_y = -7},
    {.bitmap_index = 6791, .adv_w = 174, .box_w = 9, .box_h = 16, .ofs_x = 2, .ofs_y = 0},
    {.bitmap_index = 6823, .adv_w = 210, .box_w = 13, .box_h = 16, .ofs_x = 0, .ofs_y = 0},
    {.bitmap_index = 6913, .adv_w = 169, .box_w = 11, .box_h = 21, .ofs_x = 0, .ofs_y = 0},
    {.bitmap_index = 6968, .adv_w = 272, .box_w = 13, .box_h = 16, .ofs_x = 2, .ofs_y = 0},
    {.bitmap_index = 7014, .adv_w = 233, .box_w = 15, .box_h = 16, .ofs_x = 0, .ofs_y = 0},
    {.bitmap_index = 7110, .adv_w = 359, .box_w = 22, .box_h = 16, .ofs_x = 0, .ofs_y = 0},
    {.bitmap_index = 7267, .adv_w = 223, .box_w = 14, .box_h = 16, .ofs_x = 0, .ofs_y = 0},
    {.bitmap_index = 7362, .adv_w = 233, .box_w = 15, .box_h = 23, .ofs_x = 0, .ofs_y = -7},
    {.bitmap_index = 7490, .adv_w = 213, .box_w = 13, .box_h = 16, .ofs_x = 0, .ofs_y = 0},
    {.bitmap_index = 7559, .adv_w = 151, .box_w = 8, .box_h = 28, .ofs_x = 1, .ofs_y = -5},
    {.bitmap_index = 7643, .adv_w = 121, .box_w = 3, .box_h = 32, .ofs_x = 2, .ofs_y = -8},
    {.bitmap_index = 7651, .adv_w = 151, .box_w = 9, .box_h = 28, .ofs_x = 0, .ofs_y = -5},
    {.bitmap_index = 7736, .adv_w = 249, .box_w = 14, .box_h = 5, .ofs_x = 1, .ofs_y = 8},
    {.bitmap_index = 7769, .adv_w = 448, .box_w = 26, .box_h = 24, .ofs_x = 1, .ofs_y = -2},
    {.bitmap_index = 7913, .adv_w = 448, .box_w = 24, .box_h = 27, .ofs_x = 1, .ofs_y = -3},
    {.bitmap_index = 8074, .adv_w = 448, .box_w = 26, .box_h = 25, .ofs_x = 1, .ofs_y = -3},
    {.bitmap_index = 8166, .adv_w = 448, .box_w = 26, .box_h = 27, .ofs_x = 1, .ofs_y = -3},
    {.bitmap_index = 8346, .adv_w = 448, .box_w = 26, .box_h = 26, .ofs_x = 1, .ofs_y = -3},
    {.bitmap_index = 8588, .adv_w = 448, .box_w = 28, .box_h = 26, .ofs_x = 0, .ofs_y = -2},
    {.bitmap_index = 8784, .adv_w = 448, .box_w = 28, .box_h = 26, .ofs_x = 0, .ofs_y = -2},
    {.bitmap_index = 8986, .adv_w = 448, .box_w = 26, .box_h = 26, .ofs_x = 1, .ofs_y = -2},
    {.bitmap_index = 9143, .adv_w = 448, .box_w = 28, .box_h = 26, .ofs_x = 0, .ofs_y = -2},
    {.bitmap_index = 9352, .adv_w = 448, .box_w = 26, .box_h = 27, .ofs_x = 1, .ofs_y = -3},
    {.bitmap_index = 9524, .adv_w = 448, .box_w = 27, .box_h = 26, .ofs_x = 0, .ofs_y = -2},
    {.bitmap_index = 9717, .adv_w = 448, .box_w = 27, .box_h = 27, .ofs_x = 0, .ofs_y = -3},
    {.bitmap_index = 9965, .adv_w = 448, .box_w = 28, .box_h = 27, .ofs_x = 0, .ofs_y = -3},
    {.bitmap_index = 10188, .adv_w = 448, .box_w = 27, .box_h = 27, .ofs_x = 0, .ofs_y = -3},
    {.bitmap_index = 10394, .adv_w = 448, .box_w = 26, .box_h = 26, .ofs_x = 1, .ofs_y = -3},
    {.bitmap_index = 10583, .adv_w = 448, .box_w = 26, .box_h = 27, .ofs_x = 1, .ofs_y = -3},
    {.bitmap_index = 10789, .adv_w = 448, .box_w = 27, .box_h = 26, .ofs_x = 0, .ofs_y = -3},
    {.bitmap_index = 10988, .adv_w = 448, .box_w = 24, .box_h = 26, .ofs_x = 2, .ofs_y = -2},
    {.bitmap_index = 11098, .adv_w = 448, .box_w = 26, .box_h = 26, .ofs_x = 1, .ofs_y = -2},
    {.bitmap_index = 11217, .adv_w = 448, .box_w = 26, .box_h = 27, .ofs_x = 1, .ofs_y = -3},
    {.bitmap_index = 11445, .adv_w = 448, .box_w = 25, .box_h = 27, .ofs_x = 1, .ofs_y = -3},
    {.bitmap_index = 11639, .adv_w = 448, .box_w = 26, .box_h = 27, .ofs_x = 1, .ofs_y = -3},
    {.bitmap_index = 11814, .adv_w = 448, .box_w = 26, .box_h = 27, .ofs_x = 0, .ofs_y = -3},
    {.bitmap_index = 11998, .adv_w = 448, .box_w = 26, .box_h = 27, .ofs_x = 1, .ofs_y = -3},
    {.bitmap_index = 12240, .adv_w = 448, .box_w = 26, .box_h = 25, .ofs_x = 1, .ofs_y = -3},
    {.bitmap_index = 12338, .adv_w = 448, .box_w = 27, .box_h = 27, .ofs_x = 0, .ofs_y = -3},
    {.bitmap_index = 12593, .adv_w = 448, .box_w = 26, .box_h = 25, .ofs_x = 1, .ofs_y = -3},
    {.bitmap_index = 12695, .adv_w = 448, .box_w = 26, .box_h = 26, .ofs_x = 1, .ofs_y = -3},
    {.bitmap_index = 12843, .adv_w = 448, .box_w = 27, .box_h = 27, .ofs_x = 0, .ofs_y = -3},
    {.bitmap_index = 13009, .adv_w = 448, .box_w = 25, .box_h = 27, .ofs_x = 0, .ofs_y = -3},
    {.bitmap_index = 13172, .adv_w = 448, .box_w = 26, .box_h = 26, .ofs_x = 1, .ofs_y = -2},
    {.bitmap_index = 13362, .adv_w = 448, .box_w = 24, .box_h = 25, .ofs_x = 2, .ofs_y = -2},
    {.bitmap_index = 13445, .adv_w = 448, .box_w = 27, .box_h = 26, .ofs_x = 1, .ofs_y = -2},
    {.bitmap_index = 13646, .adv_w = 448, .box_w = 26, .box_h = 27, .ofs_x = 1, .ofs_y = -3},
    {.bitmap_index = 13882, .adv_w = 448, .box_w = 26, .box_h = 27, .ofs_x = 0, .ofs_y = -3},
    {.bitmap_index = 14037, .adv_w = 448, .box_w = 28, .box_h = 27, .ofs_x = 0, .ofs_y = -3},
    {.bitmap_index = 14266, .adv_w = 448, .box_w = 28, .box_h = 27, .ofs_x = 0, .ofs_y = -3},
    {.bitmap_index = 14500, .adv_w = 448, .box_w = 28, .box_h = 26, .ofs_x = 0, .ofs_y = -2},
    {.bitmap_index = 14771, .adv_w = 448, .box_w = 26, .box_h = 27, .ofs_x = 1, .ofs_y = -3},
    {.bitmap_index = 14951, .adv_w = 448, .box_w = 27, .box_h = 26, .ofs_x = 0, .ofs_y = -3},
    {.bitmap_index = 15154, .adv_w = 448, .box_w = 25, .box_h = 24, .ofs_x = 2, .ofs_y = -2},
    {.bitmap_index = 15262, .adv_w = 448, .box_w = 28, .box_h = 26, .ofs_x = 0, .ofs_y = -2},
    {.bitmap_index = 15494, .adv_w = 448, .box_w = 27, .box_h = 27, .ofs_x = 0, .ofs_y = -3},
    {.bitmap_index = 15707, .adv_w = 448, .box_w = 27, .box_h = 27, .ofs_x = 1, .ofs_y = -3},
    {.bitmap_index = 15935, .adv_w = 448, .box_w = 26, .box_h = 25, .ofs_x = 1, .ofs_y = -3},
    {.bitmap_index = 16071, .adv_w = 448, .box_w = 27, .box_h = 26, .ofs_x = 1, .ofs_y = -2},
    {.bitmap_index = 16270, .adv_w = 448, .box_w = 22, .box_h = 26, .ofs_x = 3, .ofs_y = -2},
    {.bitmap_index = 16408, .adv_w = 448, .box_w = 27, .box_h = 27, .ofs_x = 1, .ofs_y = -3},
    {.bitmap_index = 16670, .adv_w = 448, .box_w = 26, .box_h = 26, .ofs_x = 1, .ofs_y = -2},
    {.bitmap_index = 16868, .adv_w = 448, .box_w = 27, .box_h = 26, .ofs_x = 0, .ofs_y = -2},
    {.bitmap_index = 17057, .adv_w = 448, .box_w = 28, .box_h = 27, .ofs_x = 0, .ofs_y = -3},
    {.bitmap_index = 17264, .adv_w = 448, .box_w = 25, .box_h = 27, .ofs_x = 1, .ofs_y = -3},
    {.bitmap_index = 17401, .adv_w = 448, .box_w = 27, .box_h = 26, .ofs_x = 1, .ofs_y = -2},
    {.bitmap_index = 17619, .adv_w = 448, .box_w = 27, .box_h = 26, .ofs_x = 1, .ofs_y = -2},
    {.bitmap_index = 17864, .adv_w = 448, .box_w = 27, .box_h = 27, .ofs_x = 1, .ofs_y = -3},
    {.bitmap_index = 18094, .adv_w = 448, .box_w = 27, .box_h = 27, .ofs_x = 1, .ofs_y = -3},
    {.bitmap_index = 18303, .adv_w = 448, .box_w = 27, .box_h = 27, .ofs_x = 0, .ofs_y = -3},
    {.bitmap_index = 18563, .adv_w = 448, .box_w = 26, .box_h = 27, .ofs_x = 1, .ofs_y = -3},
    {.bitmap_index = 18767, .adv_w = 448, .box_w = 27, .box_h = 27, .ofs_x = 1, .ofs_y = -3},
    {.bitmap_index = 18983, .adv_w = 448, .box_w = 28, .box_h = 26, .ofs_x = 0, .ofs_y = -2},
    {.bitmap_index = 19204, .adv_w = 448, .box_w = 27, .box_h = 26, .ofs_x = 1, .ofs_y = -2},
    {.bitmap_index = 19427, .adv_w = 448, .box_w = 28, .box_h = 27, .ofs_x = 0, .ofs_y = -3},
    {.bitmap_index = 19711, .adv_w = 448, .box_w = 27, .box_h = 27, .ofs_x = 1, .ofs_y = -3},
    {.bitmap_index = 20020, .adv_w = 448, .box_w = 26, .box_h = 26, .ofs_x = 1, .ofs_y = -2},
    {.bitmap_index = 20249, .adv_w = 448, .box_w = 26, .box_h = 25, .ofs_x = 1, .ofs_y = -3},
    {.bitmap_index = 20424, .adv_w = 448, .box_w = 26, .box_h = 24, .ofs_x = 1, .ofs_y = -1},
    {.bitmap_index = 20572, .adv_w = 448, .box_w = 26, .box_h = 25, .ofs_x = 1, .ofs_y = -3},
    {.bitmap_index = 20762, .adv_w = 448, .box_w = 26, .box_h = 26, .ofs_x = 1, .ofs_y = -2},
    {.bitmap_index = 20915, .adv_w = 448, .box_w = 27, .box_h = 26, .ofs_x = 1, .ofs_y = -2},
    {.bitmap_index = 21089, .adv_w = 448, .box_w = 27, .box_h = 27, .ofs_x = 1, .ofs_y = -3},
    {.bitmap_index = 21322, .adv_w = 448, .box_w = 27, .box_h = 27, .ofs_x = 0, .ofs_y = -3},
    {.bitmap_index = 21579, .adv_w = 448, .box_w = 27, .box_h = 27, .ofs_x = 1, .ofs_y = -3},
    {.bitmap_index = 21837, .adv_w = 448, .box_w = 27, .box_h = 26, .ofs_x = 0, .ofs_y = -2},
    {.bitmap_index = 22051, .adv_w = 448, .box_w = 27, .box_h = 27, .ofs_x = 1, .ofs_y = -3},
    {.bitmap_index = 22216, .adv_w = 448, .box_w = 28, .box_h = 27, .ofs_x = 0, .ofs_y = -3},
    {.bitmap_index = 22473, .adv_w = 448, .box_w = 27, .box_h = 24, .ofs_x = 0, .ofs_y = -2},
    {.bitmap_index = 22658, .adv_w = 448, .box_w = 27, .box_h = 25, .ofs_x = 1, .ofs_y = -2},
    {.bitmap_index = 22855, .adv_w = 448, .box_w = 25, .box_h = 25, .ofs_x = 0, .ofs_y = -3},
    {.bitmap_index = 22995, .adv_w = 448, .box_w = 26, .box_h = 26, .ofs_x = 2, .ofs_y = -3},
    {.bitmap_index = 23193, .adv_w = 448, .box_w = 27, .box_h = 25, .ofs_x = 0, .ofs_y = -3},
    {.bitmap_index = 23357, .adv_w = 448, .box_w = 27, .box_h = 27, .ofs_x = 1, .ofs_y = -3},
    {.bitmap_index = 23641, .adv_w = 448, .box_w = 24, .box_h = 26, .ofs_x = 2, .ofs_y = -2},
    {.bitmap_index = 23790, .adv_w = 448, .box_w = 24, .box_h = 26, .ofs_x = 2, .ofs_y = -2},
    {.bitmap_index = 23986, .adv_w = 448, .box_w = 26, .box_h = 27, .ofs_x = 1, .ofs_y = -3},
    {.bitmap_index = 24260, .adv_w = 448, .box_w = 27, .box_h = 26, .ofs_x = 1, .ofs_y = -2},
    {.bitmap_index = 24556, .adv_w = 448, .box_w = 27, .box_h = 27, .ofs_x = 1, .ofs_y = -3},
    {.bitmap_index = 24825, .adv_w = 448, .box_w = 27, .box_h = 27, .ofs_x = 1, .ofs_y = -3},
    {.bitmap_index = 25123, .adv_w = 448, .box_w = 28, .box_h = 27, .ofs_x = 0, .ofs_y = -3},
    {.bitmap_index = 25443, .adv_w = 448, .box_w = 24, .box_h = 24, .ofs_x = 2, .ofs_y = -2},
    {.bitmap_index = 25635, .adv_w = 448, .box_w = 26, .box_h = 25, .ofs_x = 1, .ofs_y = -2},
    {.bitmap_index = 25821, .adv_w = 448, .box_w = 20, .box_h = 27, .ofs_x = 4, .ofs_y = -3},
    {.bitmap_index = 25939, .adv_w = 448, .box_w = 26, .box_h = 26, .ofs_x = 1, .ofs_y = -2},
    {.bitmap_index = 26066, .adv_w = 448, .box_w = 26, .box_h = 27, .ofs_x = 1, .ofs_y = -3},
    {.bitmap_index = 26231, .adv_w = 448, .box_w = 27, .box_h = 26, .ofs_x = 1, .ofs_y = -2},
    {.bitmap_index = 26487, .adv_w = 448, .box_w = 27, .box_h = 27, .ofs_x = 1, .ofs_y = -3},
    {.bitmap_index = 26738, .adv_w = 448, .box_w = 27, .box_h = 26, .ofs_x = 1, .ofs_y = -2},
    {.bitmap_index = 26904, .adv_w = 448, .box_w = 26, .box_h = 27, .ofs_x = 1, .ofs_y = -3},
    {.bitmap_index = 27149, .adv_w = 448, .box_w = 25, .box_h = 26, .ofs_x = 1, .ofs_y = -3},
    {.bitmap_index = 27353, .adv_w = 448, .box_w = 27, .box_h = 26, .ofs_x = 1, .ofs_y = -3},
    {.bitmap_index = 27578, .adv_w = 448, .box_w = 27, .box_h = 26, .ofs_x = 0, .ofs_y = -2},
    {.bitmap_index = 27790, .adv_w = 448, .box_w = 27, .box_h = 26, .ofs_x = 0, .ofs_y = -2},
    {.bitmap_index = 28048, .adv_w = 448, .box_w = 28, .box_h = 27, .ofs_x = 0, .ofs_y = -3},
    {.bitmap_index = 28263, .adv_w = 448, .box_w = 27, .box_h = 27, .ofs_x = 1, .ofs_y = -3},
    {.bitmap_index = 28505, .adv_w = 448, .box_w = 26, .box_h = 25, .ofs_x = 1, .ofs_y = -2},
    {.bitmap_index = 28720, .adv_w = 448, .box_w = 28, .box_h = 26, .ofs_x = 0, .ofs_y = -2},
    {.bitmap_index = 28973, .adv_w = 448, .box_w = 26, .box_h = 25, .ofs_x = 1, .ofs_y = -2},
    {.bitmap_index = 29145, .adv_w = 448, .box_w = 26, .box_h = 26, .ofs_x = 1, .ofs_y = -2},
    {.bitmap_index = 29335, .adv_w = 448, .box_w = 26, .box_h = 27, .ofs_x = 1, .ofs_y = -3},
    {.bitmap_index = 29576, .adv_w = 448, .box_w = 24, .box_h = 26, .ofs_x = 2, .ofs_y = -2},
    {.bitmap_index = 29742, .adv_w = 448, .box_w = 24, .box_h = 27, .ofs_x = 2, .ofs_y = -3},
    {.bitmap_index = 29865, .adv_w = 448, .box_w = 25, .box_h = 27, .ofs_x = 2, .ofs_y = -3},
    {.bitmap_index = 30073, .adv_w = 448, .box_w = 26, .box_h = 27, .ofs_x = 2, .ofs_y = -3},
    {.bitmap_index = 30316, .adv_w = 448, .box_w = 27, .box_h = 27, .ofs_x = 1, .ofs_y = -3},
    {.bitmap_index = 30567, .adv_w = 448, .box_w = 26, .box_h = 27, .ofs_x = 1, .ofs_y = -3},
    {.bitmap_index = 30733, .adv_w = 448, .box_w = 28, .box_h = 25, .ofs_x = 0, .ofs_y = -2},
    {.bitmap_index = 30920, .adv_w = 448, .box_w = 26, .box_h = 26, .ofs_x = 1, .ofs_y = -2},
    {.bitmap_index = 31067, .adv_w = 448, .box_w = 28, .box_h = 29, .ofs_x = 0, .ofs_y = -4},
    {.bitmap_index = 31235, .adv_w = 448, .box_w = 28, .box_h = 29, .ofs_x = 0, .ofs_y = -4},
    {.bitmap_index = 31499, .adv_w = 448, .box_w = 27, .box_h = 29, .ofs_x = 1, .ofs_y = -4},
    {.bitmap_index = 31720, .adv_w = 504, .box_w = 32, .box_h = 21, .ofs_x = 0, .ofs_y = 0},
    {.bitmap_index = 31876, .adv_w = 448, .box_w = 28, .box_h = 29, .ofs_x = 0, .ofs_y = -4},
    {.bitmap_index = 32133, .adv_w = 336, .box_w = 21, .box_h = 23, .ofs_x = 0, .ofs_y = -1},
    {.bitmap_index = 32247, .adv_w = 504, .box_w = 32, .box_h = 27, .ofs_x = 0, .ofs_y = -3},
    {.bitmap_index = 32522, .adv_w = 448, .box_w = 28, .box_h = 21, .ofs_x = 0, .ofs_y = 0},
    {.bitmap_index = 32656, .adv_w = 280, .box_w = 16, .box_h = 25, .ofs_x = 1, .ofs_y = -2},
    {.bitmap_index = 32787, .adv_w = 280, .box_w = 16, .box_h = 25, .ofs_x = 1, .ofs_y = -2},
    {.bitmap_index = 32918, .adv_w = 392, .box_w = 25, .box_h = 25, .ofs_x = 0, .ofs_y = -2},
    {.bitmap_index = 33007, .adv_w = 504, .box_w = 33, .box_h = 29, .ofs_x = -1, .ofs_y = -4},
    {.bitmap_index = 33245, .adv_w = 392, .box_w = 25, .box_h = 15, .ofs_x = 0, .ofs_y = 3},
    {.bitmap_index = 33371, .adv_w = 392, .box_w = 25, .box_h = 23, .ofs_x = 0, .ofs_y = -1},
    {.bitmap_index = 33449, .adv_w = 336, .box_w = 21, .box_h = 29, .ofs_x = 0, .ofs_y = -4},
    {.bitmap_index = 33523, .adv_w = 560, .box_w = 35, .box_h = 26, .ofs_x = 0, .ofs_y = -2},
    {.bitmap_index = 33780, .adv_w = 392, .box_w = 25, .box_h = 29, .ofs_x = 0, .ofs_y = -4}
};

/*---------------------
 *  CHARACTER MAPPING
 *--------------------*/

static const uint16_t unicode_list_1[] = {
    0x0, 0x1, 0x81, 0xa1, 0xc1, 0x104, 0x146, 0x14f,
    0x172, 0x1d4, 0x22f, 0x29b, 0x334, 0x33c, 0x358, 0x366,
    0x3a8, 0x3ed, 0x3ee, 0x3f9, 0x40a, 0x440, 0x493, 0x49b,
    0x575, 0x5c4, 0x5e2, 0x5ea, 0x601, 0x622, 0x739, 0x8d1,
    0x923, 0xa76, 0xae3, 0xafa, 0xb00, 0xc85, 0xd4b, 0xe42,
    0xfe5, 0x1048, 0x1082, 0x1099, 0x10f3, 0x1102, 0x1146, 0x1255,
    0x1262, 0x12b8, 0x1433, 0x145e, 0x14c9, 0x14d2, 0x14dc, 0x1561,
    0x1598, 0x15c2, 0x15c3, 0x16c0, 0x1729, 0x1731, 0x1763, 0x17a3,
    0x17d3, 0x1831, 0x18e7, 0x18fc, 0x191f, 0x1a2c, 0x1c14, 0x1fee,
    0x1ff8, 0x22ac, 0x243b, 0x25a2, 0x25f9, 0x271b, 0x2913, 0x2b2d,
    0x2bee, 0x2c6d, 0x2c90, 0x2eee, 0x30b2, 0x30cf, 0x30d2, 0x3106,
    0x3144, 0x3161, 0x33dd, 0x3475, 0x3618, 0x38f5, 0x3bd9, 0x3dab,
    0x3db1, 0x3df6, 0x41c3, 0x41c4, 0x41c7, 0x41d1, 0x41fc, 0x4385,
    0x43bd, 0x43c2, 0x4692, 0x46f4, 0x47e0, 0x47e7, 0x4837, 0x4857,
    0x494c, 0x49e6, 0x4a6c, 0x4b89, 0xa1f4, 0xa204, 0xa206, 0xa20f,
    0xa214, 0xa21a, 0xa21b, 0xa231, 0xa246, 0xa247, 0xa25a, 0xa264,
    0xa26b, 0xa2bc, 0xa34e, 0xa3de, 0xa4e0
};

/*Collect the unicode lists and glyph_id offsets*/
static const lv_font_fmt_txt_cmap_t cmaps[] =
{
    {
        .range_start = 32, .range_length = 95, .glyph_id_start = 1,
        .unicode_list = NULL, .glyph_id_ofs_list = NULL, .list_length = 0, .type = LV_FONT_FMT_TXT_CMAP_FORMAT0_TINY
    },
    {
        .range_start = 19981, .range_length = 42209, .glyph_id_start = 96,
        .unicode_list = unicode_list_1, .glyph_id_ofs_list = NULL, .list_length = 133, .type = LV_FONT_FMT_TXT_CMAP_SPARSE_TINY
    }
};

/*-----------------
 *    KERNING
 *----------------*/


/*Map glyph_ids to kern left classes*/
static const uint8_t kern_left_class_mapping[] =
{
    0, 0, 0, 1, 0, 0, 0, 0,
    1, 2, 0, 0, 0, 3, 4, 3,
    5, 0, 0, 0, 0, 0, 0, 0,
    0, 0, 0, 6, 6, 0, 0, 0,
    0, 0, 7, 8, 9, 10, 11, 12,
    13, 0, 0, 14, 15, 16, 0, 0,
    10, 17, 10, 18, 19, 20, 21, 22,
    23, 24, 25, 26, 2, 27, 0, 0,
    0, 0, 28, 29, 30, 0, 31, 32,
    33, 34, 0, 0, 35, 36, 34, 34,
    29, 29, 37, 38, 39, 40, 37, 41,
    42, 43, 44, 45, 2, 0, 0, 0,
    0, 0, 0, 0, 0, 0, 0, 0,
    0, 0, 0, 0, 0, 0, 0, 0,
    0, 0, 0, 0, 0, 0, 0, 0,
    0, 0, 0, 0, 0, 0, 0, 0,
    0, 0, 0, 0, 0, 0, 0, 0,
    0, 0, 0, 0, 0, 0, 0, 0,
    0, 0, 0, 0, 0, 0, 0, 0,
    0, 0, 0, 0, 0, 0, 0, 0,
    0, 0, 0, 0, 0, 0, 0, 0,
    0, 0, 0, 0, 0, 0, 0, 0,
    0, 0, 0, 0, 0, 0, 0, 0,
    0, 0, 0, 0, 0, 0, 0, 0,
    0, 0, 0, 0, 0, 0, 0, 0,
    0, 0, 0, 0, 0, 0, 0, 0,
    0, 0, 0, 0, 0, 0, 0, 0,
    0, 0, 0, 0, 0, 0, 0, 0,
    0, 0, 0, 0, 0
};

/*Map glyph_ids to kern right classes*/
static const uint8_t kern_right_class_mapping[] =
{
    0, 0, 1, 2, 0, 0, 0, 0,
    2, 0, 3, 4, 0, 5, 6, 7,
    8, 0, 0, 0, 0, 0, 0, 0,
    0, 0, 0, 9, 10, 0, 0, 0,
    11, 0, 12, 0, 13, 0, 0, 0,
    13, 0, 0, 14, 0, 0, 0, 0,
    13, 0, 13, 0, 15, 16, 17, 18,
    19, 20, 21, 22, 0, 23, 3, 0,
    0, 0, 24, 0, 25, 25, 25, 26,
    27, 0, 28, 29, 0, 0, 30, 30,
    25, 30, 25, 30, 31, 32, 33, 34,
    35, 36, 37, 38, 0, 0, 3, 0,
    0, 0, 0, 0, 0, 0, 0, 0,
    0, 0, 0, 0, 0, 0, 0, 0,
    0, 0, 0, 0, 0, 0, 0, 0,
    0, 0, 0, 0, 0, 0, 0, 0,
    0, 0, 0, 0, 0, 0, 0, 0,
    0, 0, 0, 0, 0, 0, 0, 0,
    0, 0, 0, 0, 0, 0, 0, 0,
    0, 0, 0, 0, 0, 0, 0, 0,
    0, 0, 0, 0, 0, 0, 0, 0,
    0, 0, 0, 0, 0, 0, 0, 0,
    0, 0, 0, 0, 0, 0, 0, 0,
    0, 0, 0, 0, 0, 0, 0, 0,
    0, 0, 0, 0, 0, 0, 0, 0,
    0, 0, 0, 0, 0, 0, 0, 0,
    0, 0, 0, 0, 0, 0, 0, 0,
    0, 0, 0, 0, 0, 0, 0, 0,
    0, 0, 0, 0, 0
};

/*Kern values between classes*/
static const int8_t kern_class_values[] =
{
    0, 0, 0, 0, -59, 0, -59, 0,
    0, 0, 0, -28, 0, -48, -6, 0,
    0, 0, 0, -6, 0, 0, 0, 0,
    -17, 0, 0, 0, 0, 0, -11, 0,
    0, 0, 0, 0, 0, 0, 0, 0,
    0, 0, 0, 0, 0, 0, 0, 0,
    0, 0, 0, -11, 0, 0, 0, 0,
    0, 0, 0, 0, 0, 0, 0, 0,
    0, 0, 39, 0, 0, 0, 0, 0,
    0, 0, 0, 0, 0, -48, 0, -69,
    0, 0, 0, 0, 0, 0, 0, 0,
    0, 0, 0, -51, -11, -34, -18, 0,
    -47, 0, 0, 0, -7, 0, 0, 0,
    12, 0, 0, -24, 0, -18, -12, 0,
    -11, 0, 0, 0, 0, 0, 0, 0,
    0, 0, 0, 0, 0, 0, 0, -11,
    -10, -25, 0, -11, -6, -15, -34, -11,
    0, 0, 0, 0, 0, 0, 0, 0,
    0, -14, 0, -5, 0, -8, 0, 0,
    0, 0, 0, 0, 0, 0, 0, 0,
    0, 0, 0, -22, -6, -41, 0, 0,
    0, 0, 0, 0, 0, 0, 0, -13,
    -17, 0, -6, 12, 12, 0, 0, 3,
    -11, 0, 0, 0, 0, 0, 0, 0,
    0, -26, 0, 0, 0, 0, 0, 0,
    0, 0, 0, 0, 0, 0, 0, 0,
    0, 0, -14, 0, 0, 0, 0, 0,
    0, 0, 0, 0, 0, 0, 0, 0,
    0, 0, 0, 0, 0, -28, 0, -48,
    0, 0, 0, 0, 0, 0, -14, -4,
    -6, 0, 0, -28, -9, -8, 0, 1,
    -8, -5, -22, 10, 0, -6, 0, 0,
    0, 0, 10, -8, -4, -5, -3, -3,
    -5, 0, 0, 0, 0, -17, 0, 0,
    0, 0, 0, 0, 0, 0, 0, -9,
    -8, -13, 0, -4, -3, -3, -8, -3,
    0, 0, 0, 0, 0, 0, 0, 0,
    0, -6, 0, -8, -6, -6, -8, 0,
    0, 0, 0, 0, 0, -14, 0, 0,
    0, 0, 0, 0, -15, -6, -13, -10,
    -8, -3, -3, -3, -5, -6, 0, 0,
    0, 0, -11, 0, 0, 0, 0, -15,
    -6, -8, -6, 0, -8, 0, 0, 0,
    0, -18, 0, 0, 0, -10, 0, 0,
    0, -6, 0, -21, 0, -13, 0, -6,
    -4, -10, -11, -11, 0, 0, 0, 0,
    0, 0, 0, 0, 0, 0, 0, 0,
    0, -8, 0, -5, 0, 0, 0, 0,
    0, 0, 0, 0, 0, 0, 0, 0,
    0, 0, 0, 0, 0, 0, 0, 0,
    0, 0, 0, 0, -6, 0, 0, 0,
    0, 0, 0, -13, 0, -6, 0, -17,
    -6, 0, 0, 0, 0, 0, -37, 0,
    -37, -37, 0, 0, 0, -20, -6, -71,
    -11, 0, 0, 1, 1, -13, 0, -17,
    0, -18, -8, 0, -13, 0, 0, -11,
    -11, -6, -9, -11, -9, -14, -9, -16,
    0, 0, 0, -15, 0, 0, 0, 0,
    0, 0, 0, -3, 0, 0, 0, -11,
    0, -8, -3, 0, 0, 0, 0, 0,
    0, 0, 0, 0, 0, 0, 0, 0,
    0, 0, 0, 0, 0, 0, 0, 0,
    0, 0, -13, 0, -13, 0, 0, 0,
    0, 0, 0, -22, 0, 0, 0, 0,
    0, 0, 0, 0, 0, 0, 0, 0,
    0, 0, 0, 0, 0, 0, 0, 0,
    0, 0, 0, 0, 0, -12, 0, -22,
    0, -16, 0, 0, 0, 0, -5, -6,
    -11, 0, -5, -10, -8, -7, -6, 0,
    -9, 0, 0, 0, -5, 0, 0, 0,
    -6, 0, 0, -18, -9, -11, -9, -9,
    -11, -8, 0, -44, 0, -77, 0, -28,
    0, 0, 0, 0, -17, 0, -14, 0,
    -13, -61, -15, -39, -29, 0, -39, 0,
    -41, 0, -7, -8, -3, 0, 0, 0,
    0, -11, -6, -19, -18, 0, -19, 0,
    0, 0, 0, 0, -57, -18, -57, -40,
    0, 0, 0, -26, 0, -75, -6, -13,
    0, 0, 0, -13, -6, -42, 0, -23,
    -13, 0, -17, 0, 0, 0, -6, 0,
    0, 0, 0, -8, 0, -11, 0, 0,
    0, -6, 0, -16, 0, 0, 0, 0,
    0, -3, 0, -10, -8, -8, 0, 1,
    2, -3, -2, -6, 0, -3, -6, 0,
    -3, 0, 0, 0, 0, 0, 0, 0,
    0, -5, 0, -5, 0, 0, 0, -9,
    0, 6, 0, 0, 0, 0, 0, 0,
    0, -8, -8, -11, 0, 0, 0, 0,
    -8, 0, 0, 0, 0, 0, 0, 0,
    0, 0, 0, -13, 0, 0, 0, 0,
    0, -1, 0, 0, 0, 0, -54, -38,
    -54, -47, -11, -11, 0, -22, -13, -65,
    -22, 0, 0, 0, 0, -11, -8, -28,
    0, -38, -34, -10, -38, 0, 0, -25,
    -30, -10, -25, -18, -18, -22, -18, -39,
    0, 0, 0, 0, -9, 0, -9, -17,
    0, 0, 0, -9, 0, -25, -6, 0,
    0, -3, 0, -6, -8, 0, 0, -3,
    0, 0, -6, 0, 0, 0, -3, 0,
    0, 0, 0, -5, 0, 0, 0, 0,
    0, 0, -34, -11, -34, -25, 0, 0,
    0, -8, -6, -38, -6, 0, -6, 4,
    0, 0, 0, -11, 0, -12, -9, 0,
    -12, 0, 0, -11, -7, 0, -17, -6,
    -6, -9, -6, -14, 0, 0, 0, 0,
    -18, -6, -18, -17, 0, 0, 0, 0,
    -4, -34, -4, 0, 0, 0, 0, 0,
    0, -4, 0, -9, 0, 0, -8, 0,
    0, 0, 0, 0, 0, 0, 0, 0,
    0, -6, 0, -6, 0, -6, 0, -15,
    0, 0, 0, 0, 0, 0, -10, -2,
    -8, -11, -6, 0, 0, 0, 0, 0,
    0, -6, -5, -9, 0, 0, 0, 0,
    0, -9, -6, -9, -8, -6, -9, -8,
    0, 0, 0, 0, -46, -34, -46, -35,
    -13, -13, -5, -8, -8, -51, -9, -8,
    -6, 0, 0, 0, 0, -14, 0, -35,
    -22, 0, -31, 0, 0, -22, -22, -15,
    -18, -8, -13, -18, -8, -25, 0, 0,
    0, 0, 0, -18, 0, 0, 0, 0,
    0, -4, -11, -18, -17, 0, -6, -4,
    -4, 0, -8, -9, 0, -9, -12, -11,
    -9, 0, 0, 0, 0, -8, -13, -9,
    -9, -13, -9, 0, 0, 0, 0, 0,
    0, 0, 0, 0, 0, 0, 0, 0,
    0, 0, 0, -44, -17, -28, -17, 0,
    -38, 0, 0, 0, 0, 0, 15, 0,
    35, 0, 0, 0, 0, -11, -6, 0,
    5, 0, 0, 0, 0, -28, 0, 0,
    0, 0, 0, 0, -7, 0, 0, 0,
    0, -13, 0, -9, -3, 0, -13, 0,
    0, 0, 0, 0, 0, 0, 0, 0,
    0, -8, 0, 0, 0, 0, 0, 0,
    0, -17, 0, -14, -6, 2, -6, 0,
    0, 0, -7, 0, 0, 0, 0, -30,
    0, -11, 0, -3, -24, 0, -14, -9,
    0, -2, 0, 0, 0, 0, -2, -10,
    0, -3, -3, -10, -3, -4, 0, 0,
    0, 0, 0, -11, 0, 0, 0, 0,
    0, 0, 0, 0, 0, -11, 0, -8,
    0, 0, -13, 0, 0, -6, -12, 0,
    -6, 0, 0, 0, 0, -6, 0, 2,
    2, 3, 2, 0, 0, 0, 0, -18,
    0, 4, 0, 0, 0, 0, -5, 0,
    0, -11, -11, -13, 0, -9, -6, 0,
    -14, 0, -11, -9, 0, -2, -6, 0,
    0, 0, 0, -6, 0, 1, 1, -5,
    1, -1, 6, 19, 24, 0, -26, -8,
    -26, -9, 0, 0, 12, 0, 0, 0,
    0, 22, 0, 32, 22, 15, 29, 0,
    30, -11, -6, 0, -9, 0, -6, 0,
    -3, 0, 0, 5, 0, -3, 0, -8,
    0, 0, 6, -18, 0, 0, 0, 23,
    0, 0, -19, 0, 0, 0, 0, -14,
    0, 0, 0, 0, -8, 0, 0, -9,
    -8, 0, 0, 0, 17, 0, 0, 0,
    0, -3, -3, 0, 6, -8, 0, 0,
    0, -18, 0, 0, 0, 0, 0, 0,
    -5, 0, 0, 0, 0, -13, 0, -6,
    0, 0, -9, 0, 0, 0, 0, 0,
    0, 0, 0, 0, 0, 0, 0, 0,
    0, 0, 0, 0, 0, 0, 0, -12,
    5, -22, 5, 0, 5, 5, -7, 0,
    0, 0, 0, -18, 0, 0, 0, 0,
    -7, 0, 0, -6, -10, 0, -6, 0,
    -6, 0, 0, -12, -8, 0, 0, -5,
    0, -5, 0, 0, 0, 0, 0, 0,
    0, 0, 0, 0, 0, 0, 0, 0,
    0, 0, 0, 0, 0, 0, 0, 0,
    0, 0, 0, 0, 0, 0, 3, 0,
    0, 0, 0, 0, 0, 0, 0, 0,
    0, 0, 0, -13, 0, 0, 0, 0,
    0, 0, 0, 0, 0, 0, 0, -11,
    0, -8, 0, 0, -17, 0, 0, 0,
    0, 0, 0, 0, 0, 0, 0, 0,
    0, 0, 0, 0, 0, 0, 0, 0,
    0, 0, -29, -13, -29, -18, 12, 12,
    0, -8, 0, -28, 0, 0, 0, 0,
    0, 0, 0, -6, 5, -13, -6, 0,
    -6, 0, 0, 0, -3, 0, 0, 12,
    9, 0, 12, -3, 0, 0, 0, -26,
    0, 4, 0, 0, 0, 0, -7, 0,
    0, 0, 0, -13, 0, -6, 0, 0,
    -11, 0, 0, 0, 0, 0, 0, 0,
    0, 0, 0, -11, 0, 0, 0, 0,
    0, 0, 0, 0, 0, 0, 2, -14,
    2, 4, 6, 6, -14, 0, 0, 0,
    0, -8, 0, 0, 0, 0, -3, 0,
    0, -12, -8, 0, -6, 0, 0, 0,
    -6, -11, 0, 0, 0, -9, 0, 0,
    0, 0, 0, -7, -18, -5, -18, -11,
    0, 0, 0, -7, 0, -22, 0, -11,
    0, -6, 0, 0, -8, -6, 0, -11,
    -3, 0, 0, 0, -6, 0, 0, 0,
    0, 0, 0, 0, 0, -13, 0, 0,
    0, -7, -20, 0, -20, -5, 0, 0,
    0, -3, 0, -17, 0, -13, 0, -6,
    0, -8, -13, 0, 0, -6, -3, 0,
    0, 0, -6, 0, 0, 0, 0, 0,
    0, 0, 0, -10, -8, 0, 0, -13,
    2, -8, -5, 0, 0, 2, 0, 0,
    -6, 0, -3, -18, 0, -9, 0, -6,
    -18, 0, 0, -6, -10, 0, 0, 0,
    0, 0, 0, -13, 0, 0, 0, 0,
    -2, 0, 0, 0, 0, 0, -18, 0,
    -18, -9, 0, 0, 0, 0, 0, -22,
    0, -11, 0, -3, 0, -3, -5, 0,
    0, -11, -3, 0, 0, 0, -6, 0,
    0, 0, 0, 0, 0, -8, 0, -13,
    0, 0, 0, 0, 0, -9, 0, 0,
    0, 0, 0, 0, 0, 0, 0, -14,
    0, 0, 0, 0, -17, 0, 0, -13,
    -6, 0, -4, 0, 0, 0, 0, 0,
    -6, -3, 0, 0, -3, 0
};


/*Collect the kern class' data in one place*/
static const lv_font_fmt_txt_kern_classes_t kern_classes =
{
    .class_pair_values   = kern_class_values,
    .left_class_mapping  = kern_left_class_mapping,
    .right_class_mapping = kern_right_class_mapping,
    .left_class_cnt      = 45,
    .right_class_cnt     = 38,
};

/*--------------------
 *  ALL CUSTOM DATA
 *--------------------*/

#if LVGL_VERSION_MAJOR == 8
/*Store all the custom data of the font*/
static  lv_font_fmt_txt_glyph_cache_t cache;
#endif

#if LVGL_VERSION_MAJOR >= 8
static const lv_font_fmt_txt_dsc_t font_dsc = {
#else
static lv_font_fmt_txt_dsc_t font_dsc = {
#endif
    .glyph_bitmap = glyph_bitmap,
    .glyph_dsc = glyph_dsc,
    .cmaps = cmaps,
    .kern_dsc = &kern_classes,
    .kern_scale = 16,
    .cmap_num = 2,
    .bpp = 4,
    .kern_classes = 1,
    .bitmap_format = 1,
#if LVGL_VERSION_MAJOR == 8
    .cache = &cache
#endif
};



/*-----------------
 *  PUBLIC FONT
 *----------------*/

/*Initialize a public general font descriptor*/
#if LVGL_VERSION_MAJOR >= 8
const lv_font_t settings_demo_cn_28 = {
#else
lv_font_t settings_demo_cn_28 = {
#endif
    .get_glyph_dsc = lv_font_get_glyph_dsc_fmt_txt,    /*Function pointer to get glyph's data*/
    .get_glyph_bitmap = lv_font_get_bitmap_fmt_txt,    /*Function pointer to get glyph's bitmap*/
    .line_height = 34,          /*The maximum line height required by the font*/
    .base_line = 8,             /*Baseline measured from the bottom of the line*/
#if !(LVGL_VERSION_MAJOR == 6 && LVGL_VERSION_MINOR == 0)
    .subpx = LV_FONT_SUBPX_NONE,
#endif
#if LV_VERSION_CHECK(7, 4, 0) || LVGL_VERSION_MAJOR >= 8
    .underline_position = -3,
    .underline_thickness = 1,
#endif
    .dsc = &font_dsc,          /*The custom font data. Will be accessed by `get_glyph_bitmap/dsc` */
#if LV_VERSION_CHECK(8, 2, 0) || LVGL_VERSION_MAJOR >= 9
    .fallback = NULL,
#endif
    .user_data = NULL,
};



#endif /*#if SETTINGS_DEMO_CN_28*/

