/*******************************************************************************
 * Size: 24 px
 * Bpp: 4
 * Opts: --bpp 4 --size 24 --font resources/fonts/SourceHanSansCN-Medium.ttf -o CameraAnyka/fonts/SourceHanSansCN_Medium_24px_4bpp.c --format lvgl -r 0x20-0x7f --symbols 前往完成照片模糊请重新拍摄无网络连接请拍汉字单词低电量正在努力充电中，拔掉电源后可使用月日其他我的总共 --symbols 未已检测到SIM卡，、。网络已连接下一步（）法试识别如多次尝试法识别联系客服 --symbols 开启请使用聪聪微信小程序扫一扫 --symbols 未检测到存储卡请检查存储卡是否正确插入到设备中 --symbols 存储卡损坏请更换存储卡后重新开机移动爱家 --no-compress --no-prefilter --lv-include lvgl.h
 ******************************************************************************/

#ifdef LV_LVGL_H_INCLUDE_SIMPLE
#include "lvgl.h"
#else
#include "lvgl.h"
#endif

#ifndef SOURCEHANSANSCN_MEDIUM_24PX_4BPP
#define SOURCEHANSANSCN_MEDIUM_24PX_4BPP 1
#endif

#if SOURCEHANSANSCN_MEDIUM_24PX_4BPP

/*-----------------
 *    BITMAPS
 *----------------*/

/*Store the image of the glyphs*/
static LV_ATTRIBUTE_LARGE_CONST const uint8_t glyph_bitmap[] = {
    /* U+0020 " " */

    /* U+0021 "!" */
    0x4f, 0xf7, 0x3f, 0xf7, 0x3f, 0xf6, 0x2f, 0xf6,
    0x2f, 0xf5, 0x1f, 0xf5, 0xf, 0xf4, 0xf, 0xf3,
    0xf, 0xf3, 0xf, 0xf2, 0xe, 0xf2, 0xd, 0xf1,
    0xb, 0xe0, 0x0, 0x0, 0x2d, 0xf5, 0xaf, 0xfe,
    0xaf, 0xfe, 0x2d, 0xe5,

    /* U+0022 "\"" */
    0xdf, 0xf0, 0x9, 0xff, 0x4d, 0xff, 0x0, 0x9f,
    0xf3, 0xcf, 0xe0, 0x8, 0xff, 0x3b, 0xfd, 0x0,
    0x7f, 0xf2, 0x9f, 0xb0, 0x5, 0xff, 0x8, 0xfa,
    0x0, 0x3f, 0xe0, 0x6f, 0x80, 0x1, 0xfc, 0x3,
    0xd5, 0x0, 0xd, 0x90,

    /* U+0023 "#" */
    0x0, 0x0, 0x8f, 0x20, 0x7, 0xf3, 0x0, 0x0,
    0xa, 0xf0, 0x0, 0xaf, 0x10, 0x0, 0x0, 0xdd,
    0x0, 0xc, 0xe0, 0x0, 0x0, 0xf, 0xb0, 0x0,
    0xfc, 0x0, 0x8, 0xff, 0xff, 0xff, 0xff, 0xff,
    0xe0, 0x7e, 0xef, 0xee, 0xee, 0xff, 0xec, 0x0,
    0x5, 0xf5, 0x0, 0x4f, 0x60, 0x0, 0x0, 0x7f,
    0x30, 0x6, 0xf4, 0x0, 0x0, 0x9, 0xf2, 0x0,
    0x8f, 0x30, 0x0, 0x0, 0xaf, 0x0, 0xa, 0xf1,
    0x0, 0xe, 0xef, 0xfe, 0xee, 0xff, 0xee, 0x40,
    0xff, 0xff, 0xff, 0xff, 0xff, 0xf5, 0x0, 0xf,
    0xb0, 0x0, 0xfc, 0x0, 0x0, 0x1, 0xf9, 0x0,
    0x1f, 0xa0, 0x0, 0x0, 0x3f, 0x70, 0x2, 0xf8,
    0x0, 0x0, 0x5, 0xf6, 0x0, 0x4f, 0x70, 0x0,
    0x0, 0x6f, 0x40, 0x6, 0xf5, 0x0, 0x0, 0x8,
    0xf2, 0x0, 0x8f, 0x30, 0x0,

    /* U+0024 "$" */
    0x0, 0x0, 0xf, 0xe0, 0x0, 0x0, 0x0, 0x0,
    0xf, 0xe0, 0x0, 0x0, 0x0, 0x0, 0x1f, 0xe1,
    0x0, 0x0, 0x0, 0x1a, 0xff, 0xff, 0xb2, 0x0,
    0x1, 0xef, 0xff, 0xff, 0xfe, 0x40, 0x9, 0xff,
    0xa3, 0x25, 0xef, 0x40, 0xe, 0xfd, 0x0, 0x0,
    0x14, 0x0, 0xf, 0xfa, 0x0, 0x0, 0x0, 0x0,
    0xe, 0xfd, 0x0, 0x0, 0x0, 0x0, 0xa, 0xff,
    0xa0, 0x0, 0x0, 0x0, 0x1, 0xef, 0xfe, 0x60,
    0x0, 0x0, 0x0, 0x2c, 0xff, 0xfd, 0x40, 0x0,
    0x0, 0x0, 0x5e, 0xff, 0xf8, 0x0, 0x0, 0x0,
    0x0, 0x7f, 0xff, 0x50, 0x0, 0x0, 0x0, 0x5,
    0xff, 0xc0, 0x0, 0x0, 0x0, 0x0, 0xcf, 0xf0,
    0x0, 0x0, 0x0, 0x0, 0xaf, 0xf0, 0x8, 0x20,
    0x0, 0x0, 0xdf, 0xe0, 0x5f, 0xf9, 0x31, 0x3a,
    0xff, 0x80, 0x4e, 0xff, 0xff, 0xff, 0xfc, 0x0,
    0x1, 0x8e, 0xff, 0xfe, 0x90, 0x0, 0x0, 0x0,
    0x3f, 0xe0, 0x0, 0x0, 0x0, 0x0, 0xf, 0xe0,
    0x0, 0x0, 0x0, 0x0, 0xf, 0xe0, 0x0, 0x0,

    /* U+0025 "%" */
    0x0, 0x2b, 0xff, 0xb2, 0x0, 0x0, 0x0, 0x1f,
    0xb0, 0x0, 0x0, 0x1, 0xef, 0xdd, 0xfe, 0x10,
    0x0, 0x0, 0x9f, 0x20, 0x0, 0x0, 0x9, 0xf9,
    0x0, 0x9f, 0x90, 0x0, 0x2, 0xf9, 0x0, 0x0,
    0x0, 0xe, 0xf1, 0x0, 0x1f, 0xe0, 0x0, 0xa,
    0xf1, 0x0, 0x0, 0x0, 0x1f, 0xe0, 0x0, 0xe,
    0xf1, 0x0, 0x3f, 0x80, 0x0, 0x0, 0x0, 0x1f,
    0xe0, 0x0, 0xe, 0xf1, 0x0, 0xbe, 0x10, 0x0,
    0x0, 0x0, 0xf, 0xf0, 0x0, 0xf, 0xf0, 0x4,
    0xf7, 0x1, 0x8a, 0x82, 0x0, 0xd, 0xf3, 0x0,
    0x3f, 0xd0, 0xc, 0xe0, 0x3f, 0xff, 0xff, 0x40,
    0x7, 0xfc, 0x22, 0xcf, 0x70, 0x5f, 0x60, 0xdf,
    0x71, 0x7f, 0xe0, 0x0, 0xbf, 0xff, 0xfb, 0x0,
    0xdd, 0x4, 0xfc, 0x0, 0xb, 0xf5, 0x0, 0x5,
    0x99, 0x50, 0x6, 0xf5, 0x7, 0xf8, 0x0, 0x7,
    0xf8, 0x0, 0x0, 0x0, 0x0, 0xe, 0xc0, 0x9,
    0xf6, 0x0, 0x5, 0xfa, 0x0, 0x0, 0x0, 0x0,
    0x8f, 0x30, 0x9, 0xf6, 0x0, 0x5, 0xfa, 0x0,
    0x0, 0x0, 0x1, 0xfb, 0x0, 0x8, 0xf7, 0x0,
    0x6, 0xf9, 0x0, 0x0, 0x0, 0x9, 0xf2, 0x0,
    0x5, 0xfa, 0x0, 0xa, 0xf6, 0x0, 0x0, 0x0,
    0x2f, 0xa0, 0x0, 0x0, 0xff, 0x20, 0x2f, 0xf1,
    0x0, 0x0, 0x0, 0xaf, 0x10, 0x0, 0x0, 0x6f,
    0xfb, 0xef, 0x70, 0x0, 0x0, 0x3, 0xf8, 0x0,
    0x0, 0x0, 0x5, 0xdf, 0xd6, 0x0,

    /* U+0026 "&" */
    0x0, 0x0, 0x19, 0xef, 0xd6, 0x0, 0x0, 0x0,
    0x0, 0x0, 0x1d, 0xff, 0xff, 0xf6, 0x0, 0x0,
    0x0, 0x0, 0x8, 0xff, 0x40, 0x8f, 0xe0, 0x0,
    0x0, 0x0, 0x0, 0xdf, 0x80, 0x1, 0xff, 0x10,
    0x0, 0x0, 0x0, 0xe, 0xf7, 0x0, 0x4f, 0xf0,
    0x0, 0x0, 0x0, 0x0, 0xcf, 0x90, 0x1d, 0xf9,
    0x0, 0x0, 0x0, 0x0, 0x7, 0xfe, 0x4e, 0xfc,
    0x0, 0x0, 0x0, 0x0, 0x0, 0x1f, 0xff, 0xfa,
    0x0, 0x0, 0x0, 0x0, 0x0, 0x4, 0xff, 0xf8,
    0x0, 0x0, 0x4, 0xdd, 0x20, 0x7, 0xff, 0xff,
    0xd1, 0x0, 0x0, 0xbf, 0xd0, 0x5, 0xff, 0xb4,
    0xff, 0xb0, 0x0, 0x2f, 0xf7, 0x0, 0xdf, 0xe0,
    0x6, 0xff, 0xb0, 0xb, 0xfe, 0x0, 0x1f, 0xf8,
    0x0, 0x8, 0xff, 0xd6, 0xff, 0x60, 0x2, 0xff,
    0x90, 0x0, 0x7, 0xff, 0xff, 0xb0, 0x0, 0xf,
    0xfe, 0x10, 0x0, 0x9, 0xff, 0xfb, 0x20, 0x0,
    0x8f, 0xfe, 0x74, 0x5b, 0xff, 0xff, 0xff, 0xa2,
    0x0, 0xbf, 0xff, 0xff, 0xff, 0xc2, 0x8f, 0xff,
    0x30, 0x0, 0x5b, 0xef, 0xea, 0x50, 0x0, 0x18,
    0xd0,

    /* U+0027 "'" */
    0xdf, 0xfd, 0xff, 0xcf, 0xeb, 0xfd, 0x9f, 0xb8,
    0xfa, 0x6f, 0x83, 0xd5,

    /* U+0028 "(" */
    0x0, 0x2, 0x10, 0x0, 0xc, 0xf3, 0x0, 0x5f,
    0xd0, 0x0, 0xdf, 0x50, 0x3, 0xfe, 0x0, 0x9,
    0xf9, 0x0, 0xe, 0xf4, 0x0, 0x2f, 0xf0, 0x0,
    0x5f, 0xd0, 0x0, 0x9f, 0xa0, 0x0, 0xaf, 0x80,
    0x0, 0xbf, 0x70, 0x0, 0xdf, 0x60, 0x0, 0xdf,
    0x60, 0x0, 0xcf, 0x70, 0x0, 0xbf, 0x80, 0x0,
    0xaf, 0x90, 0x0, 0x7f, 0xc0, 0x0, 0x4f, 0xf0,
    0x0, 0xf, 0xf2, 0x0, 0xb, 0xf7, 0x0, 0x6,
    0xfc, 0x0, 0x0, 0xff, 0x20, 0x0, 0x9f, 0x90,
    0x0, 0x1f, 0xf2, 0x0, 0x8, 0x91,

    /* U+0029 ")" */
    0x4, 0x0, 0x0, 0xaf, 0x50, 0x0, 0x5f, 0xd0,
    0x0, 0xd, 0xf5, 0x0, 0x6, 0xfb, 0x0, 0x1,
    0xff, 0x10, 0x0, 0xcf, 0x70, 0x0, 0x8f, 0xb0,
    0x0, 0x5f, 0xe0, 0x0, 0x2f, 0xf1, 0x0, 0xf,
    0xf3, 0x0, 0xf, 0xf4, 0x0, 0xe, 0xf5, 0x0,
    0xe, 0xf6, 0x0, 0xf, 0xf5, 0x0, 0xf, 0xf4,
    0x0, 0x1f, 0xf2, 0x0, 0x4f, 0xf0, 0x0, 0x7f,
    0xc0, 0x0, 0xaf, 0x90, 0x0, 0xef, 0x40, 0x4,
    0xfe, 0x0, 0x9, 0xf8, 0x0, 0x1f, 0xf2, 0x0,
    0x9f, 0x90, 0x0, 0x4c, 0x10, 0x0,

    /* U+002A "*" */
    0x0, 0x0, 0xf9, 0x0, 0x0, 0x0, 0x1, 0xfb,
    0x0, 0x0, 0x26, 0x23, 0xfc, 0x4, 0x60, 0x7f,
    0xff, 0xff, 0xff, 0xf1, 0x6, 0xdf, 0xff, 0xfa,
    0x30, 0x0, 0x2f, 0xff, 0xb0, 0x0, 0x0, 0xaf,
    0xbe, 0xf4, 0x0, 0x3, 0xfd, 0x4, 0xfd, 0x0,
    0x0, 0x72, 0x0, 0x54, 0x0,

    /* U+002B "+" */
    0x0, 0x0, 0x2, 0xdb, 0x0, 0x0, 0x0, 0x0,
    0x0, 0x3f, 0xe0, 0x0, 0x0, 0x0, 0x0, 0x3,
    0xfe, 0x0, 0x0, 0x0, 0x0, 0x0, 0x3f, 0xe0,
    0x0, 0x0, 0x0, 0x0, 0x3, 0xfe, 0x0, 0x0,
    0x0, 0x11, 0x11, 0x4f, 0xe1, 0x11, 0x10, 0x1f,
    0xff, 0xff, 0xff, 0xff, 0xff, 0xc1, 0xff, 0xff,
    0xff, 0xff, 0xff, 0xfc, 0x0, 0x0, 0x3, 0xfe,
    0x0, 0x0, 0x0, 0x0, 0x0, 0x3f, 0xe0, 0x0,
    0x0, 0x0, 0x0, 0x3, 0xfe, 0x0, 0x0, 0x0,
    0x0, 0x0, 0x3f, 0xe0, 0x0, 0x0, 0x0, 0x0,
    0x3, 0xfe, 0x0, 0x0, 0x0,

    /* U+002C "," */
    0x4, 0x96, 0x1, 0xff, 0xf6, 0x2f, 0xff, 0xb0,
    0x9f, 0xfd, 0x0, 0x3f, 0xb0, 0x8, 0xf7, 0x6,
    0xfe, 0x18, 0xfe, 0x30, 0x4a, 0x20, 0x0,

    /* U+002D "-" */
    0x11, 0x11, 0x11, 0xe, 0xff, 0xff, 0xf7, 0xef,
    0xff, 0xff, 0x70,

    /* U+002E "." */
    0x0, 0x0, 0x0, 0x9f, 0xb0, 0x2f, 0xff, 0x53,
    0xff, 0xf5, 0x9, 0xfa, 0x0,

    /* U+002F "/" */
    0x0, 0x0, 0x0, 0x2f, 0xc0, 0x0, 0x0, 0x7,
    0xf7, 0x0, 0x0, 0x0, 0xbf, 0x30, 0x0, 0x0,
    0xf, 0xe0, 0x0, 0x0, 0x4, 0xfa, 0x0, 0x0,
    0x0, 0x8f, 0x60, 0x0, 0x0, 0xc, 0xf1, 0x0,
    0x0, 0x1, 0xfd, 0x0, 0x0, 0x0, 0x5f, 0x90,
    0x0, 0x0, 0x9, 0xf4, 0x0, 0x0, 0x0, 0xef,
    0x0, 0x0, 0x0, 0x2f, 0xc0, 0x0, 0x0, 0x7,
    0xf7, 0x0, 0x0, 0x0, 0xbf, 0x30, 0x0, 0x0,
    0xf, 0xe0, 0x0, 0x0, 0x4, 0xfa, 0x0, 0x0,
    0x0, 0x8f, 0x60, 0x0, 0x0, 0xc, 0xf1, 0x0,
    0x0, 0x1, 0xfd, 0x0, 0x0, 0x0, 0x5f, 0x90,
    0x0, 0x0, 0x9, 0xf4, 0x0, 0x0, 0x0, 0xef,
    0x0, 0x0, 0x0, 0x2f, 0xb0, 0x0, 0x0, 0x6,
    0xf7, 0x0, 0x0, 0x0, 0x58, 0x20, 0x0, 0x0,
    0x0,

    /* U+0030 "0" */
    0x0, 0x6, 0xcf, 0xeb, 0x30, 0x0, 0x0, 0xaf,
    0xff, 0xff, 0xf5, 0x0, 0x7, 0xff, 0xb5, 0x6e,
    0xff, 0x20, 0xf, 0xfc, 0x0, 0x2, 0xff, 0xa0,
    0x5f, 0xf5, 0x0, 0x0, 0xaf, 0xf0, 0x9f, 0xf1,
    0x0, 0x0, 0x6f, 0xf3, 0xbf, 0xe0, 0x0, 0x0,
    0x3f, 0xf6, 0xdf, 0xd0, 0x0, 0x0, 0x2f, 0xf7,
    0xdf, 0xc0, 0x0, 0x0, 0x1f, 0xf8, 0xdf, 0xc0,
    0x0, 0x0, 0x1f, 0xf8, 0xcf, 0xd0, 0x0, 0x0,
    0x2f, 0xf7, 0xbf, 0xe0, 0x0, 0x0, 0x3f, 0xf6,
    0x8f, 0xf1, 0x0, 0x0, 0x6f, 0xf3, 0x4f, 0xf6,
    0x0, 0x0, 0xbf, 0xf0, 0xe, 0xfd, 0x0, 0x3,
    0xff, 0x90, 0x7, 0xff, 0xc5, 0x6e, 0xff, 0x20,
    0x0, 0xaf, 0xff, 0xff, 0xf5, 0x0, 0x0, 0x6,
    0xcf, 0xeb, 0x30, 0x0,

    /* U+0031 "1" */
    0x0, 0x17, 0xef, 0xb0, 0x0, 0x2, 0xdf, 0xff,
    0xfb, 0x0, 0x0, 0x3f, 0xff, 0xff, 0xb0, 0x0,
    0x0, 0x22, 0x3f, 0xfb, 0x0, 0x0, 0x0, 0x1,
    0xff, 0xb0, 0x0, 0x0, 0x0, 0x1f, 0xfb, 0x0,
    0x0, 0x0, 0x1, 0xff, 0xb0, 0x0, 0x0, 0x0,
    0x1f, 0xfb, 0x0, 0x0, 0x0, 0x1, 0xff, 0xb0,
    0x0, 0x0, 0x0, 0x1f, 0xfb, 0x0, 0x0, 0x0,
    0x1, 0xff, 0xb0, 0x0, 0x0, 0x0, 0x1f, 0xfb,
    0x0, 0x0, 0x0, 0x1, 0xff, 0xb0, 0x0, 0x0,
    0x0, 0x1f, 0xfb, 0x0, 0x0, 0x0, 0x1, 0xff,
    0xb0, 0x0, 0x5, 0x55, 0x6f, 0xfc, 0x55, 0x50,
    0xff, 0xff, 0xff, 0xff, 0xff, 0x2f, 0xff, 0xff,
    0xff, 0xff, 0xf2,

    /* U+0032 "2" */
    0x0, 0x5, 0xbe, 0xfd, 0x81, 0x0, 0x0, 0xb,
    0xff, 0xff, 0xff, 0xe3, 0x0, 0xc, 0xff, 0xa5,
    0x6b, 0xff, 0xd0, 0x0, 0x4f, 0x50, 0x0, 0xa,
    0xff, 0x50, 0x0, 0x0, 0x0, 0x0, 0x3f, 0xf8,
    0x0, 0x0, 0x0, 0x0, 0x1, 0xff, 0x90, 0x0,
    0x0, 0x0, 0x0, 0x2f, 0xf7, 0x0, 0x0, 0x0,
    0x0, 0x7, 0xff, 0x30, 0x0, 0x0, 0x0, 0x0,
    0xef, 0xd0, 0x0, 0x0, 0x0, 0x0, 0x8f, 0xf5,
    0x0, 0x0, 0x0, 0x0, 0x3f, 0xfb, 0x0, 0x0,
    0x0, 0x0, 0x2e, 0xfe, 0x10, 0x0, 0x0, 0x0,
    0x1d, 0xff, 0x30, 0x0, 0x0, 0x0, 0x1d, 0xff,
    0x50, 0x0, 0x0, 0x0, 0x1d, 0xff, 0x60, 0x0,
    0x0, 0x0, 0x2d, 0xff, 0xa5, 0x66, 0x66, 0x62,
    0xd, 0xff, 0xff, 0xff, 0xff, 0xff, 0x70, 0xff,
    0xff, 0xff, 0xff, 0xff, 0xf7,

    /* U+0033 "3" */
    0x0, 0x5, 0xbe, 0xfe, 0xb5, 0x0, 0x0, 0x1b,
    0xff, 0xff, 0xff, 0xfa, 0x0, 0x6, 0xff, 0x95,
    0x48, 0xff, 0xf5, 0x0, 0x6, 0x30, 0x0, 0x5,
    0xff, 0xa0, 0x0, 0x0, 0x0, 0x0, 0x1f, 0xfa,
    0x0, 0x0, 0x0, 0x0, 0x6, 0xff, 0x70, 0x0,
    0x0, 0x1, 0x38, 0xff, 0xc0, 0x0, 0x0, 0xa,
    0xff, 0xff, 0x80, 0x0, 0x0, 0x0, 0xaf, 0xff,
    0xfa, 0x20, 0x0, 0x0, 0x1, 0x24, 0x9f, 0xfe,
    0x30, 0x0, 0x0, 0x0, 0x0, 0x3f, 0xfd, 0x0,
    0x0, 0x0, 0x0, 0x0, 0xaf, 0xf3, 0x0, 0x0,
    0x0, 0x0, 0x7, 0xff, 0x50, 0x1, 0x0, 0x0,
    0x0, 0xaf, 0xf3, 0xa, 0xe3, 0x0, 0x0, 0x3f,
    0xff, 0x2, 0xff, 0xfa, 0x66, 0x9f, 0xff, 0x80,
    0x4, 0xef, 0xff, 0xff, 0xff, 0x90, 0x0, 0x1,
    0x7c, 0xef, 0xea, 0x40, 0x0,

    /* U+0034 "4" */
    0x0, 0x0, 0x0, 0xc, 0xff, 0xb0, 0x0, 0x0,
    0x0, 0x7, 0xff, 0xfb, 0x0, 0x0, 0x0, 0x1,
    0xff, 0xff, 0xb0, 0x0, 0x0, 0x0, 0xbf, 0xcc,
    0xfb, 0x0, 0x0, 0x0, 0x5f, 0xf4, 0xdf, 0xb0,
    0x0, 0x0, 0x1e, 0xfb, 0xe, 0xfb, 0x0, 0x0,
    0x9, 0xff, 0x10, 0xef, 0xb0, 0x0, 0x3, 0xff,
    0x60, 0xe, 0xfb, 0x0, 0x0, 0xdf, 0xc0, 0x0,
    0xef, 0xb0, 0x0, 0x8f, 0xf2, 0x0, 0xe, 0xfb,
    0x0, 0x2f, 0xf9, 0x33, 0x33, 0xef, 0xc3, 0x38,
    0xff, 0xff, 0xff, 0xff, 0xff, 0xff, 0x8f, 0xff,
    0xff, 0xff, 0xff, 0xff, 0xf0, 0x0, 0x0, 0x0,
    0xe, 0xfb, 0x0, 0x0, 0x0, 0x0, 0x0, 0xef,
    0xb0, 0x0, 0x0, 0x0, 0x0, 0xe, 0xfb, 0x0,
    0x0, 0x0, 0x0, 0x0, 0xef, 0xb0, 0x0, 0x0,
    0x0, 0x0, 0xe, 0xfb, 0x0,

    /* U+0035 "5" */
    0x0, 0x7f, 0xff, 0xff, 0xff, 0xf8, 0x0, 0x8,
    0xff, 0xff, 0xff, 0xff, 0x80, 0x0, 0x9f, 0xf6,
    0x66, 0x66, 0x63, 0x0, 0xa, 0xfe, 0x0, 0x0,
    0x0, 0x0, 0x0, 0xbf, 0xc0, 0x0, 0x0, 0x0,
    0x0, 0xc, 0xfa, 0x0, 0x0, 0x0, 0x0, 0x0,
    0xdf, 0xdd, 0xff, 0xe8, 0x0, 0x0, 0xe, 0xff,
    0xff, 0xff, 0xfd, 0x10, 0x0, 0x6d, 0x61, 0x4,
    0xdf, 0xfa, 0x0, 0x0, 0x0, 0x0, 0x1, 0xff,
    0xf1, 0x0, 0x0, 0x0, 0x0, 0x9, 0xff, 0x40,
    0x0, 0x0, 0x0, 0x0, 0x7f, 0xf5, 0x0, 0x0,
    0x0, 0x0, 0x8, 0xff, 0x40, 0x0, 0x0, 0x0,
    0x0, 0xcf, 0xf2, 0x9, 0xd2, 0x0, 0x0, 0x5f,
    0xfc, 0x2, 0xff, 0xf9, 0x66, 0xaf, 0xff, 0x40,
    0x4, 0xef, 0xff, 0xff, 0xff, 0x50, 0x0, 0x1,
    0x7c, 0xef, 0xd9, 0x20, 0x0,

    /* U+0036 "6" */
    0x0, 0x0, 0x7c, 0xff, 0xc7, 0x0, 0x0, 0x2d,
    0xff, 0xff, 0xff, 0xd1, 0x0, 0xdf, 0xfb, 0x66,
    0xaf, 0xa0, 0x8, 0xff, 0x50, 0x0, 0x2, 0x0,
    0xe, 0xf9, 0x0, 0x0, 0x0, 0x0, 0x4f, 0xf3,
    0x0, 0x0, 0x0, 0x0, 0x7f, 0xf0, 0x4c, 0xfe,
    0xa3, 0x0, 0x9f, 0xe8, 0xff, 0xff, 0xff, 0x40,
    0xaf, 0xff, 0xa3, 0x26, 0xff, 0xe0, 0xbf, 0xf8,
    0x0, 0x0, 0x7f, 0xf5, 0xaf, 0xf0, 0x0, 0x0,
    0x1f, 0xf8, 0x9f, 0xf0, 0x0, 0x0, 0xf, 0xf9,
    0x6f, 0xf3, 0x0, 0x0, 0xf, 0xf9, 0x2f, 0xf8,
    0x0, 0x0, 0x2f, 0xf7, 0xb, 0xff, 0x20, 0x0,
    0x9f, 0xf2, 0x2, 0xff, 0xe5, 0x38, 0xff, 0xa0,
    0x0, 0x5f, 0xff, 0xff, 0xfc, 0x10, 0x0, 0x2,
    0xae, 0xfd, 0x70, 0x0,

    /* U+0037 "7" */
    0xdf, 0xff, 0xff, 0xff, 0xff, 0xf8, 0xdf, 0xff,
    0xff, 0xff, 0xff, 0xf8, 0x56, 0x66, 0x66, 0x66,
    0xdf, 0xe1, 0x0, 0x0, 0x0, 0x4, 0xff, 0x40,
    0x0, 0x0, 0x0, 0xd, 0xfa, 0x0, 0x0, 0x0,
    0x0, 0x6f, 0xf1, 0x0, 0x0, 0x0, 0x0, 0xef,
    0x90, 0x0, 0x0, 0x0, 0x5, 0xff, 0x20, 0x0,
    0x0, 0x0, 0xb, 0xfc, 0x0, 0x0, 0x0, 0x0,
    0x1f, 0xf7, 0x0, 0x0, 0x0, 0x0, 0x5f, 0xf4,
    0x0, 0x0, 0x0, 0x0, 0x8f, 0xf1, 0x0, 0x0,
    0x0, 0x0, 0xbf, 0xe0, 0x0, 0x0, 0x0, 0x0,
    0xff, 0xc0, 0x0, 0x0, 0x0, 0x1, 0xff, 0xb0,
    0x0, 0x0, 0x0, 0x3, 0xff, 0x90, 0x0, 0x0,
    0x0, 0x4, 0xff, 0x80, 0x0, 0x0, 0x0, 0x5,
    0xff, 0x70, 0x0, 0x0,

    /* U+0038 "8" */
    0x0, 0x7, 0xdf, 0xfc, 0x60, 0x0, 0x1, 0xdf,
    0xff, 0xff, 0xfb, 0x0, 0x9, 0xff, 0x82, 0x29,
    0xff, 0x60, 0xf, 0xfa, 0x0, 0x0, 0xcf, 0xc0,
    0xf, 0xf6, 0x0, 0x0, 0x7f, 0xe0, 0xf, 0xf8,
    0x0, 0x0, 0x7f, 0xc0, 0x9, 0xfe, 0x10, 0x0,
    0xbf, 0x60, 0x0, 0xdf, 0xe4, 0x3, 0xfc, 0x0,
    0x0, 0x1e, 0xff, 0xde, 0xd0, 0x0, 0x1, 0xcf,
    0xad, 0xff, 0xf8, 0x0, 0xd, 0xf8, 0x0, 0x4c,
    0xff, 0x90, 0x8f, 0xe0, 0x0, 0x0, 0xbf, 0xf2,
    0xcf, 0x90, 0x0, 0x0, 0x2f, 0xf7, 0xdf, 0xa0,
    0x0, 0x0, 0x1f, 0xf8, 0xbf, 0xe1, 0x0, 0x0,
    0x6f, 0xf6, 0x4f, 0xfd, 0x52, 0x27, 0xff, 0xe0,
    0x6, 0xff, 0xff, 0xff, 0xfe, 0x30, 0x0, 0x29,
    0xdf, 0xfc, 0x81, 0x0,

    /* U+0039 "9" */
    0x0, 0x2a, 0xef, 0xd7, 0x10, 0x0, 0x5, 0xff,
    0xff, 0xff, 0xd2, 0x0, 0x2f, 0xfe, 0x63, 0x7f,
    0xfd, 0x0, 0x9f, 0xf3, 0x0, 0x4, 0xff, 0x70,
    0xdf, 0xc0, 0x0, 0x0, 0xbf, 0xd0, 0xff, 0xa0,
    0x0, 0x0, 0x6f, 0xf1, 0xef, 0xb0, 0x0, 0x0,
    0x3f, 0xf4, 0xbf, 0xf1, 0x0, 0x0, 0xaf, 0xf5,
    0x6f, 0xfc, 0x31, 0x4c, 0xff, 0xf6, 0xb, 0xff,
    0xff, 0xff, 0x7f, 0xf5, 0x0, 0x6c, 0xfe, 0xa2,
    0x4f, 0xf4, 0x0, 0x0, 0x0, 0x0, 0x6f, 0xf2,
    0x0, 0x0, 0x0, 0x0, 0xaf, 0xe0, 0x0, 0x0,
    0x0, 0x2, 0xff, 0x90, 0x4, 0x20, 0x0, 0xc,
    0xff, 0x20, 0x3f, 0xf9, 0x67, 0xdf, 0xf8, 0x0,
    0x4e, 0xff, 0xff, 0xff, 0xa0, 0x0, 0x1, 0x8d,
    0xfe, 0xb5, 0x0, 0x0,

    /* U+003A ":" */
    0x9, 0xfa, 0x2, 0xff, 0xf5, 0x3f, 0xff, 0x50,
    0x9f, 0xb0, 0x0, 0x0, 0x0, 0x0, 0x0, 0x0,
    0x0, 0x0, 0x0, 0x0, 0x0, 0x0, 0x0, 0x0,
    0x0, 0x9, 0xfb, 0x2, 0xff, 0xf5, 0x3f, 0xff,
    0x50, 0x9f, 0xa0,

    /* U+003B ";" */
    0x9, 0xfa, 0x2, 0xff, 0xf5, 0x3f, 0xff, 0x50,
    0x9f, 0xb0, 0x0, 0x0, 0x0, 0x0, 0x0, 0x0,
    0x0, 0x0, 0x0, 0x0, 0x0, 0x0, 0x0, 0x0,
    0x0, 0x4, 0x96, 0x1, 0xff, 0xf6, 0x2f, 0xff,
    0xb0, 0x9f, 0xfd, 0x0, 0x3f, 0xb0, 0x8, 0xf7,
    0x6, 0xfe, 0x18, 0xfe, 0x30, 0x4a, 0x20, 0x0,

    /* U+003C "<" */
    0x0, 0x0, 0x0, 0x0, 0x0, 0x0, 0x0, 0x0,
    0x0, 0x0, 0x0, 0x3, 0x9b, 0x0, 0x0, 0x0,
    0x0, 0x6c, 0xff, 0xc0, 0x0, 0x0, 0x29, 0xff,
    0xff, 0xc5, 0x0, 0x5, 0xcf, 0xff, 0xe8, 0x20,
    0x0, 0x8e, 0xff, 0xfa, 0x40, 0x0, 0x0, 0x1f,
    0xff, 0x60, 0x0, 0x0, 0x0, 0x1, 0xff, 0xfe,
    0x82, 0x0, 0x0, 0x0, 0x1, 0x6d, 0xff, 0xfc,
    0x61, 0x0, 0x0, 0x0, 0x3, 0xaf, 0xff, 0xfa,
    0x40, 0x0, 0x0, 0x0, 0x17, 0xdf, 0xff, 0xb0,
    0x0, 0x0, 0x0, 0x0, 0x3a, 0xfc, 0x0, 0x0,
    0x0, 0x0, 0x0, 0x1, 0x50,

    /* U+003D "=" */
    0x1f, 0xff, 0xff, 0xff, 0xff, 0xff, 0xc1, 0xff,
    0xff, 0xff, 0xff, 0xff, 0xfc, 0x1, 0x11, 0x11,
    0x11, 0x11, 0x11, 0x10, 0x0, 0x0, 0x0, 0x0,
    0x0, 0x0, 0x0, 0x0, 0x0, 0x0, 0x0, 0x0,
    0x0, 0x0, 0x0, 0x0, 0x0, 0x0, 0x0, 0x1f,
    0xff, 0xff, 0xff, 0xff, 0xff, 0xc1, 0xff, 0xff,
    0xff, 0xff, 0xff, 0xfc, 0x1, 0x11, 0x11, 0x11,
    0x11, 0x11, 0x0,

    /* U+003E ">" */
    0x0, 0x0, 0x0, 0x0, 0x0, 0x0, 0x1, 0xe7,
    0x10, 0x0, 0x0, 0x0, 0x0, 0x1f, 0xff, 0xa4,
    0x0, 0x0, 0x0, 0x0, 0x8e, 0xff, 0xfd, 0x71,
    0x0, 0x0, 0x0, 0x4, 0xaf, 0xff, 0xfa, 0x30,
    0x0, 0x0, 0x0, 0x5, 0xcf, 0xff, 0xd6, 0x0,
    0x0, 0x0, 0x0, 0x29, 0xff, 0xc0, 0x0, 0x0,
    0x0, 0x4a, 0xff, 0xfb, 0x0, 0x0, 0x28, 0xef,
    0xff, 0xb5, 0x0, 0x16, 0xcf, 0xff, 0xe8, 0x10,
    0x0, 0x1f, 0xff, 0xfb, 0x50, 0x0, 0x0, 0x1,
    0xfe, 0x82, 0x0, 0x0, 0x0, 0x0, 0x5, 0x0,
    0x0, 0x0, 0x0, 0x0, 0x0,

    /* U+003F "?" */
    0x0, 0x7d, 0xff, 0xc5, 0x0, 0x2d, 0xff, 0xff,
    0xff, 0x90, 0xaf, 0xe8, 0x68, 0xff, 0xf3, 0x7,
    0x10, 0x0, 0x6f, 0xf7, 0x0, 0x0, 0x0, 0x2f,
    0xf8, 0x0, 0x0, 0x0, 0x6f, 0xf4, 0x0, 0x0,
    0x2, 0xef, 0xb0, 0x0, 0x0, 0xd, 0xfe, 0x10,
    0x0, 0x0, 0xbf, 0xf2, 0x0, 0x0, 0x4, 0xff,
    0x60, 0x0, 0x0, 0xa, 0xfd, 0x0, 0x0, 0x0,
    0xb, 0xfb, 0x0, 0x0, 0x0, 0x0, 0x10, 0x0,
    0x0, 0x0, 0x0, 0x0, 0x0, 0x0, 0x0, 0xa,
    0xfa, 0x0, 0x0, 0x0, 0x3f, 0xff, 0x40, 0x0,
    0x0, 0x3f, 0xff, 0x40, 0x0, 0x0, 0xa, 0xfa,
    0x0, 0x0,

    /* U+0040 "@" */
    0x0, 0x0, 0x0, 0x1, 0x6b, 0xdf, 0xfd, 0xa5,
    0x0, 0x0, 0x0, 0x0, 0x0, 0x18, 0xff, 0xff,
    0xde, 0xff, 0xfd, 0x30, 0x0, 0x0, 0x0, 0x3e,
    0xfe, 0x82, 0x0, 0x0, 0x4b, 0xff, 0x50, 0x0,
    0x0, 0x3f, 0xfa, 0x10, 0x0, 0x0, 0x0, 0x6,
    0xff, 0x20, 0x0, 0x1e, 0xf8, 0x0, 0x0, 0x0,
    0x0, 0x0, 0x7, 0xfc, 0x0, 0xb, 0xfa, 0x0,
    0x0, 0x0, 0x0, 0x0, 0x0, 0xc, 0xf4, 0x4,
    0xfe, 0x0, 0x0, 0x19, 0xdd, 0x57, 0xe3, 0x0,
    0x6f, 0x90, 0xbf, 0x60, 0x0, 0x2e, 0xff, 0xff,
    0xef, 0x10, 0x2, 0xfc, 0xf, 0xf0, 0x0, 0xd,
    0xfb, 0x21, 0xbf, 0xe0, 0x0, 0xf, 0xe5, 0xfb,
    0x0, 0x7, 0xfd, 0x0, 0x6, 0xfb, 0x0, 0x0,
    0xef, 0x7f, 0x70, 0x0, 0xdf, 0x50, 0x0, 0x8f,
    0x80, 0x0, 0xf, 0xe9, 0xf6, 0x0, 0x1f, 0xf1,
    0x0, 0xb, 0xf5, 0x0, 0x1, 0xfc, 0xaf, 0x50,
    0x3, 0xff, 0x0, 0x0, 0xdf, 0x20, 0x0, 0x6f,
    0x89, 0xf5, 0x0, 0x2f, 0xf0, 0x0, 0x1f, 0xf1,
    0x0, 0xe, 0xf2, 0x8f, 0x70, 0x0, 0xff, 0x70,
    0x2d, 0xff, 0x60, 0x1c, 0xf8, 0x5, 0xfb, 0x0,
    0x7, 0xff, 0xef, 0xd5, 0xff, 0xef, 0xfa, 0x0,
    0x1f, 0xf1, 0x0, 0x8, 0xee, 0x90, 0x7, 0xef,
    0xc6, 0x0, 0x0, 0xaf, 0x90, 0x0, 0x0, 0x0,
    0x0, 0x0, 0x0, 0x0, 0x0, 0x2, 0xff, 0x50,
    0x0, 0x0, 0x0, 0x0, 0x0, 0x0, 0x0, 0x0,
    0x6, 0xff, 0x80, 0x0, 0x0, 0x0, 0x1, 0x0,
    0x0, 0x0, 0x0, 0x7, 0xff, 0xd7, 0x31, 0x1,
    0x5b, 0xd0, 0x0, 0x0, 0x0, 0x0, 0x4, 0xcf,
    0xff, 0xff, 0xff, 0xfd, 0x10, 0x0, 0x0, 0x0,
    0x0, 0x0, 0x38, 0xbc, 0xdb, 0x84, 0x0, 0x0,
    0x0, 0x0,

    /* U+0041 "A" */
    0x0, 0x0, 0x4, 0xff, 0xf3, 0x0, 0x0, 0x0,
    0x0, 0x0, 0xaf, 0xff, 0x90, 0x0, 0x0, 0x0,
    0x0, 0xe, 0xfc, 0xfe, 0x0, 0x0, 0x0, 0x0,
    0x4, 0xff, 0x4f, 0xf3, 0x0, 0x0, 0x0, 0x0,
    0x9f, 0xc0, 0xff, 0x80, 0x0, 0x0, 0x0, 0xe,
    0xf7, 0xa, 0xfd, 0x0, 0x0, 0x0, 0x4, 0xff,
    0x30, 0x6f, 0xf3, 0x0, 0x0, 0x0, 0x9f, 0xe0,
    0x1, 0xff, 0x80, 0x0, 0x0, 0xe, 0xfa, 0x0,
    0xd, 0xfd, 0x0, 0x0, 0x3, 0xff, 0x50, 0x0,
    0x8f, 0xf2, 0x0, 0x0, 0x8f, 0xf5, 0x44, 0x47,
    0xff, 0x70, 0x0, 0xe, 0xff, 0xff, 0xff, 0xff,
    0xfd, 0x0, 0x3, 0xff, 0xff, 0xff, 0xff, 0xff,
    0xf2, 0x0, 0x8f, 0xf3, 0x0, 0x0, 0x5, 0xff,
    0x70, 0xd, 0xfe, 0x0, 0x0, 0x0, 0x1f, 0xfc,
    0x3, 0xff, 0x90, 0x0, 0x0, 0x0, 0xcf, 0xf2,
    0x8f, 0xf4, 0x0, 0x0, 0x0, 0x7, 0xff, 0x7d,
    0xff, 0x0, 0x0, 0x0, 0x0, 0x2f, 0xfc,

    /* U+0042 "B" */
    0xaf, 0xff, 0xff, 0xfe, 0xb6, 0x0, 0xa, 0xff,
    0xff, 0xff, 0xff, 0xfd, 0x10, 0xaf, 0xf4, 0x33,
    0x47, 0xdf, 0xfa, 0xa, 0xff, 0x10, 0x0, 0x1,
    0xef, 0xf0, 0xaf, 0xf1, 0x0, 0x0, 0xb, 0xff,
    0xa, 0xff, 0x10, 0x0, 0x0, 0xef, 0xc0, 0xaf,
    0xf1, 0x0, 0x3, 0xcf, 0xf4, 0xa, 0xff, 0xff,
    0xff, 0xff, 0xd4, 0x0, 0xaf, 0xff, 0xff, 0xff,
    0xff, 0xa1, 0xa, 0xff, 0x43, 0x33, 0x5a, 0xff,
    0xe1, 0xaf, 0xf1, 0x0, 0x0, 0x4, 0xff, 0x9a,
    0xff, 0x10, 0x0, 0x0, 0xd, 0xfd, 0xaf, 0xf1,
    0x0, 0x0, 0x0, 0xcf, 0xfa, 0xff, 0x10, 0x0,
    0x0, 0xe, 0xfd, 0xaf, 0xf1, 0x0, 0x0, 0x7,
    0xff, 0x9a, 0xff, 0x54, 0x45, 0x7c, 0xff, 0xf2,
    0xaf, 0xff, 0xff, 0xff, 0xff, 0xe3, 0xa, 0xff,
    0xff, 0xff, 0xeb, 0x70, 0x0,

    /* U+0043 "C" */
    0x0, 0x0, 0x17, 0xcf, 0xfd, 0x92, 0x0, 0x0,
    0x4, 0xef, 0xff, 0xff, 0xff, 0x70, 0x0, 0x5f,
    0xff, 0xea, 0x8a, 0xff, 0xf2, 0x2, 0xff, 0xf7,
    0x0, 0x0, 0x2c, 0x50, 0xa, 0xff, 0x80, 0x0,
    0x0, 0x0, 0x0, 0x1f, 0xfe, 0x0, 0x0, 0x0,
    0x0, 0x0, 0x5f, 0xf9, 0x0, 0x0, 0x0, 0x0,
    0x0, 0x8f, 0xf5, 0x0, 0x0, 0x0, 0x0, 0x0,
    0x9f, 0xf4, 0x0, 0x0, 0x0, 0x0, 0x0, 0x9f,
    0xf3, 0x0, 0x0, 0x0, 0x0, 0x0, 0x8f, 0xf5,
    0x0, 0x0, 0x0, 0x0, 0x0, 0x6f, 0xf8, 0x0,
    0x0, 0x0, 0x0, 0x0, 0x2f, 0xfd, 0x0, 0x0,
    0x0, 0x0, 0x0, 0xc, 0xff, 0x70, 0x0, 0x0,
    0x0, 0x10, 0x3, 0xff, 0xf6, 0x0, 0x0, 0x1a,
    0xd1, 0x0, 0x7f, 0xff, 0xd9, 0x8a, 0xff, 0xf7,
    0x0, 0x5, 0xff, 0xff, 0xff, 0xff, 0x80, 0x0,
    0x0, 0x18, 0xdf, 0xfd, 0x92, 0x0,

    /* U+0044 "D" */
    0xaf, 0xff, 0xff, 0xeb, 0x60, 0x0, 0x0, 0xaf,
    0xff, 0xff, 0xff, 0xfe, 0x40, 0x0, 0xaf, 0xf6,
    0x56, 0x8d, 0xff, 0xf5, 0x0, 0xaf, 0xf1, 0x0,
    0x0, 0x7f, 0xff, 0x20, 0xaf, 0xf1, 0x0, 0x0,
    0x9, 0xff, 0x90, 0xaf, 0xf1, 0x0, 0x0, 0x1,
    0xff, 0xf0, 0xaf, 0xf1, 0x0, 0x0, 0x0, 0xbf,
    0xf3, 0xaf, 0xf1, 0x0, 0x0, 0x0, 0x8f, 0xf5,
    0xaf, 0xf1, 0x0, 0x0, 0x0, 0x7f, 0xf6, 0xaf,
    0xf1, 0x0, 0x0, 0x0, 0x7f, 0xf6, 0xaf, 0xf1,
    0x0, 0x0, 0x0, 0x9f, 0xf5, 0xaf, 0xf1, 0x0,
    0x0, 0x0, 0xcf, 0xf2, 0xaf, 0xf1, 0x0, 0x0,
    0x1, 0xff, 0xe0, 0xaf, 0xf1, 0x0, 0x0, 0xa,
    0xff, 0x90, 0xaf, 0xf1, 0x0, 0x0, 0x9f, 0xff,
    0x10, 0xaf, 0xf6, 0x56, 0x9e, 0xff, 0xf5, 0x0,
    0xaf, 0xff, 0xff, 0xff, 0xfe, 0x40, 0x0, 0xaf,
    0xff, 0xff, 0xeb, 0x60, 0x0, 0x0,

    /* U+0045 "E" */
    0xaf, 0xff, 0xff, 0xff, 0xff, 0xc0, 0xaf, 0xff,
    0xff, 0xff, 0xff, 0xc0, 0xaf, 0xf7, 0x66, 0x66,
    0x66, 0x40, 0xaf, 0xf1, 0x0, 0x0, 0x0, 0x0,
    0xaf, 0xf1, 0x0, 0x0, 0x0, 0x0, 0xaf, 0xf1,
    0x0, 0x0, 0x0, 0x0, 0xaf, 0xf1, 0x0, 0x0,
    0x0, 0x0, 0xaf, 0xff, 0xff, 0xff, 0xf9, 0x0,
    0xaf, 0xff, 0xff, 0xff, 0xf9, 0x0, 0xaf, 0xf7,
    0x77, 0x77, 0x74, 0x0, 0xaf, 0xf1, 0x0, 0x0,
    0x0, 0x0, 0xaf, 0xf1, 0x0, 0x0, 0x0, 0x0,
    0xaf, 0xf1, 0x0, 0x0, 0x0, 0x0, 0xaf, 0xf1,
    0x0, 0x0, 0x0, 0x0, 0xaf, 0xf1, 0x0, 0x0,
    0x0, 0x0, 0xaf, 0xf7, 0x77, 0x77, 0x77, 0x70,
    0xaf, 0xff, 0xff, 0xff, 0xff, 0xf0, 0xaf, 0xff,
    0xff, 0xff, 0xff, 0xf0,

    /* U+0046 "F" */
    0xaf, 0xff, 0xff, 0xff, 0xff, 0xca, 0xff, 0xff,
    0xff, 0xff, 0xfc, 0xaf, 0xf7, 0x66, 0x66, 0x66,
    0x4a, 0xff, 0x10, 0x0, 0x0, 0x0, 0xaf, 0xf1,
    0x0, 0x0, 0x0, 0xa, 0xff, 0x10, 0x0, 0x0,
    0x0, 0xaf, 0xf1, 0x0, 0x0, 0x0, 0xa, 0xff,
    0x76, 0x66, 0x66, 0x40, 0xaf, 0xff, 0xff, 0xff,
    0xfa, 0xa, 0xff, 0xff, 0xff, 0xff, 0xa0, 0xaf,
    0xf1, 0x0, 0x0, 0x0, 0xa, 0xff, 0x10, 0x0,
    0x0, 0x0, 0xaf, 0xf1, 0x0, 0x0, 0x0, 0xa,
    0xff, 0x10, 0x0, 0x0, 0x0, 0xaf, 0xf1, 0x0,
    0x0, 0x0, 0xa, 0xff, 0x10, 0x0, 0x0, 0x0,
    0xaf, 0xf1, 0x0, 0x0, 0x0, 0xa, 0xff, 0x10,
    0x0, 0x0, 0x0,

    /* U+0047 "G" */
    0x0, 0x0, 0x6, 0xbe, 0xfe, 0xb5, 0x0, 0x0,
    0x0, 0x3e, 0xff, 0xff, 0xff, 0xfc, 0x10, 0x0,
    0x4f, 0xff, 0xfa, 0x89, 0xdf, 0xf9, 0x0, 0x1e,
    0xff, 0x90, 0x0, 0x0, 0x5a, 0x0, 0xa, 0xff,
    0x90, 0x0, 0x0, 0x0, 0x0, 0x1, 0xff, 0xe0,
    0x0, 0x0, 0x0, 0x0, 0x0, 0x5f, 0xf9, 0x0,
    0x0, 0x0, 0x0, 0x0, 0x8, 0xff, 0x50, 0x0,
    0x0, 0x0, 0x0, 0x0, 0x9f, 0xf4, 0x0, 0x0,
    0xef, 0xff, 0xff, 0x29, 0xff, 0x30, 0x0, 0xe,
    0xff, 0xff, 0xf2, 0x8f, 0xf5, 0x0, 0x0, 0x55,
    0x59, 0xff, 0x26, 0xff, 0x80, 0x0, 0x0, 0x0,
    0x6f, 0xf2, 0x2f, 0xfe, 0x0, 0x0, 0x0, 0x6,
    0xff, 0x20, 0xcf, 0xf7, 0x0, 0x0, 0x0, 0x6f,
    0xf2, 0x2, 0xff, 0xf7, 0x0, 0x0, 0x8, 0xff,
    0x20, 0x6, 0xff, 0xfe, 0xa8, 0x9d, 0xff, 0xf1,
    0x0, 0x5, 0xff, 0xff, 0xff, 0xff, 0xe5, 0x0,
    0x0, 0x1, 0x7c, 0xef, 0xec, 0x71, 0x0,

    /* U+0048 "H" */
    0xaf, 0xf1, 0x0, 0x0, 0x0, 0x5f, 0xf7, 0xaf,
    0xf1, 0x0, 0x0, 0x0, 0x5f, 0xf7, 0xaf, 0xf1,
    0x0, 0x0, 0x0, 0x5f, 0xf7, 0xaf, 0xf1, 0x0,
    0x0, 0x0, 0x5f, 0xf7, 0xaf, 0xf1, 0x0, 0x0,
    0x0, 0x5f, 0xf7, 0xaf, 0xf1, 0x0, 0x0, 0x0,
    0x5f, 0xf7, 0xaf, 0xf1, 0x0, 0x0, 0x0, 0x5f,
    0xf7, 0xaf, 0xff, 0xff, 0xff, 0xff, 0xff, 0xf7,
    0xaf, 0xff, 0xff, 0xff, 0xff, 0xff, 0xf7, 0xaf,
    0xf9, 0x88, 0x88, 0x88, 0xaf, 0xf7, 0xaf, 0xf1,
    0x0, 0x0, 0x0, 0x5f, 0xf7, 0xaf, 0xf1, 0x0,
    0x0, 0x0, 0x5f, 0xf7, 0xaf, 0xf1, 0x0, 0x0,
    0x0, 0x5f, 0xf7, 0xaf, 0xf1, 0x0, 0x0, 0x0,
    0x5f, 0xf7, 0xaf, 0xf1, 0x0, 0x0, 0x0, 0x5f,
    0xf7, 0xaf, 0xf1, 0x0, 0x0, 0x0, 0x5f, 0xf7,
    0xaf, 0xf1, 0x0, 0x0, 0x0, 0x5f, 0xf7, 0xaf,
    0xf1, 0x0, 0x0, 0x0, 0x5f, 0xf7,

    /* U+0049 "I" */
    0xaf, 0xf1, 0xaf, 0xf1, 0xaf, 0xf1, 0xaf, 0xf1,
    0xaf, 0xf1, 0xaf, 0xf1, 0xaf, 0xf1, 0xaf, 0xf1,
    0xaf, 0xf1, 0xaf, 0xf1, 0xaf, 0xf1, 0xaf, 0xf1,
    0xaf, 0xf1, 0xaf, 0xf1, 0xaf, 0xf1, 0xaf, 0xf1,
    0xaf, 0xf1, 0xaf, 0xf1,

    /* U+004A "J" */
    0x0, 0x0, 0x0, 0x0, 0xdf, 0xf0, 0x0, 0x0,
    0x0, 0xd, 0xff, 0x0, 0x0, 0x0, 0x0, 0xdf,
    0xf0, 0x0, 0x0, 0x0, 0xd, 0xff, 0x0, 0x0,
    0x0, 0x0, 0xdf, 0xf0, 0x0, 0x0, 0x0, 0xd,
    0xff, 0x0, 0x0, 0x0, 0x0, 0xdf, 0xf0, 0x0,
    0x0, 0x0, 0xd, 0xff, 0x0, 0x0, 0x0, 0x0,
    0xdf, 0xf0, 0x0, 0x0, 0x0, 0xd, 0xff, 0x0,
    0x0, 0x0, 0x0, 0xdf, 0xf0, 0x0, 0x0, 0x0,
    0xd, 0xff, 0x0, 0x0, 0x0, 0x0, 0xdf, 0xf0,
    0x2, 0x0, 0x0, 0xf, 0xfd, 0x9, 0xf5, 0x0,
    0x6, 0xff, 0xa0, 0xdf, 0xfb, 0x8b, 0xff, 0xf3,
    0x2, 0xef, 0xff, 0xff, 0xf8, 0x0, 0x1, 0x8d,
    0xfe, 0xc5, 0x0,

    /* U+004B "K" */
    0xaf, 0xf1, 0x0, 0x0, 0x7, 0xff, 0x90, 0xaf,
    0xf1, 0x0, 0x0, 0x4f, 0xfc, 0x0, 0xaf, 0xf1,
    0x0, 0x2, 0xef, 0xe1, 0x0, 0xaf, 0xf1, 0x0,
    0xd, 0xff, 0x40, 0x0, 0xaf, 0xf1, 0x0, 0xaf,
    0xf7, 0x0, 0x0, 0xaf, 0xf1, 0x7, 0xff, 0xa0,
    0x0, 0x0, 0xaf, 0xf1, 0x3f, 0xfd, 0x0, 0x0,
    0x0, 0xaf, 0xf3, 0xef, 0xfd, 0x0, 0x0, 0x0,
    0xaf, 0xfd, 0xff, 0xff, 0x60, 0x0, 0x0, 0xaf,
    0xff, 0xfa, 0xef, 0xe1, 0x0, 0x0, 0xaf, 0xff,
    0xc0, 0x7f, 0xf9, 0x0, 0x0, 0xaf, 0xfe, 0x10,
    0xd, 0xff, 0x20, 0x0, 0xaf, 0xf3, 0x0, 0x4,
    0xff, 0xb0, 0x0, 0xaf, 0xf1, 0x0, 0x0, 0xbf,
    0xf5, 0x0, 0xaf, 0xf1, 0x0, 0x0, 0x2f, 0xfd,
    0x0, 0xaf, 0xf1, 0x0, 0x0, 0x9, 0xff, 0x70,
    0xaf, 0xf1, 0x0, 0x0, 0x1, 0xff, 0xf1, 0xaf,
    0xf1, 0x0, 0x0, 0x0, 0x7f, 0xfa,

    /* U+004C "L" */
    0xaf, 0xf1, 0x0, 0x0, 0x0, 0xa, 0xff, 0x10,
    0x0, 0x0, 0x0, 0xaf, 0xf1, 0x0, 0x0, 0x0,
    0xa, 0xff, 0x10, 0x0, 0x0, 0x0, 0xaf, 0xf1,
    0x0, 0x0, 0x0, 0xa, 0xff, 0x10, 0x0, 0x0,
    0x0, 0xaf, 0xf1, 0x0, 0x0, 0x0, 0xa, 0xff,
    0x10, 0x0, 0x0, 0x0, 0xaf, 0xf1, 0x0, 0x0,
    0x0, 0xa, 0xff, 0x10, 0x0, 0x0, 0x0, 0xaf,
    0xf1, 0x0, 0x0, 0x0, 0xa, 0xff, 0x10, 0x0,
    0x0, 0x0, 0xaf, 0xf1, 0x0, 0x0, 0x0, 0xa,
    0xff, 0x10, 0x0, 0x0, 0x0, 0xaf, 0xf1, 0x0,
    0x0, 0x0, 0xa, 0xff, 0x77, 0x77, 0x77, 0x74,
    0xaf, 0xff, 0xff, 0xff, 0xff, 0x9a, 0xff, 0xff,
    0xff, 0xff, 0xf9,

    /* U+004D "M" */
    0xaf, 0xfb, 0x0, 0x0, 0x0, 0x0, 0xcf, 0xf9,
    0xaf, 0xff, 0x10, 0x0, 0x0, 0x2, 0xff, 0xf9,
    0xaf, 0xff, 0x60, 0x0, 0x0, 0x7, 0xff, 0xf9,
    0xaf, 0xef, 0xc0, 0x0, 0x0, 0xd, 0xfe, 0xf9,
    0xaf, 0xaf, 0xf2, 0x0, 0x0, 0x2f, 0xeb, 0xf9,
    0xaf, 0xac, 0xf7, 0x0, 0x0, 0x8f, 0x9c, 0xf9,
    0xaf, 0xb6, 0xfd, 0x0, 0x0, 0xef, 0x4d, 0xf9,
    0xaf, 0xc1, 0xff, 0x30, 0x3, 0xfe, 0xe, 0xf9,
    0xaf, 0xc0, 0xbf, 0x80, 0x9, 0xf9, 0xf, 0xf9,
    0xaf, 0xd0, 0x5f, 0xe0, 0xe, 0xf3, 0xf, 0xf9,
    0xaf, 0xd0, 0xf, 0xf3, 0x3f, 0xd0, 0xf, 0xf9,
    0xaf, 0xd0, 0xa, 0xf8, 0x8f, 0x80, 0xf, 0xf9,
    0xaf, 0xd0, 0x4, 0xfd, 0xdf, 0x20, 0xf, 0xf9,
    0xaf, 0xd0, 0x0, 0xef, 0xfc, 0x0, 0xf, 0xf9,
    0xaf, 0xd0, 0x0, 0x8f, 0xf7, 0x0, 0xf, 0xf9,
    0xaf, 0xd0, 0x0, 0x3f, 0xf1, 0x0, 0xf, 0xf9,
    0xaf, 0xd0, 0x0, 0x4, 0x30, 0x0, 0xf, 0xf9,
    0xaf, 0xd0, 0x0, 0x0, 0x0, 0x0, 0xf, 0xf9,

    /* U+004E "N" */
    0xaf, 0xf7, 0x0, 0x0, 0x0, 0x5f, 0xf4, 0xaf,
    0xff, 0x10, 0x0, 0x0, 0x5f, 0xf4, 0xaf, 0xff,
    0x90, 0x0, 0x0, 0x5f, 0xf4, 0xaf, 0xef, 0xf2,
    0x0, 0x0, 0x5f, 0xf4, 0xaf, 0xad, 0xfa, 0x0,
    0x0, 0x5f, 0xf4, 0xaf, 0xc5, 0xff, 0x30, 0x0,
    0x5f, 0xf4, 0xaf, 0xd0, 0xdf, 0xc0, 0x0, 0x5f,
    0xf4, 0xaf, 0xe0, 0x5f, 0xf5, 0x0, 0x5f, 0xf4,
    0xaf, 0xe0, 0xc, 0xfd, 0x0, 0x5f, 0xf4, 0xaf,
    0xf0, 0x4, 0xff, 0x70, 0x5f, 0xf4, 0xaf, 0xf0,
    0x0, 0xbf, 0xe1, 0x4f, 0xf4, 0xaf, 0xf0, 0x0,
    0x2f, 0xf7, 0x3f, 0xf4, 0xaf, 0xf0, 0x0, 0x9,
    0xfe, 0x3f, 0xf4, 0xaf, 0xf0, 0x0, 0x1, 0xff,
    0x8f, 0xf4, 0xaf, 0xf0, 0x0, 0x0, 0x7f, 0xef,
    0xf4, 0xaf, 0xf0, 0x0, 0x0, 0xe, 0xff, 0xf4,
    0xaf, 0xf0, 0x0, 0x0, 0x6, 0xff, 0xf4, 0xaf,
    0xf0, 0x0, 0x0, 0x0, 0xdf, 0xf4,

    /* U+004F "O" */
    0x0, 0x0, 0x29, 0xdf, 0xfd, 0x93, 0x0, 0x0,
    0x0, 0x7, 0xff, 0xff, 0xff, 0xff, 0x80, 0x0,
    0x0, 0x8f, 0xff, 0xc9, 0x9c, 0xff, 0xfa, 0x0,
    0x3, 0xff, 0xf5, 0x0, 0x0, 0x4f, 0xff, 0x50,
    0xc, 0xff, 0x60, 0x0, 0x0, 0x4, 0xff, 0xe0,
    0x1f, 0xfd, 0x0, 0x0, 0x0, 0x0, 0xbf, 0xf3,
    0x6f, 0xf8, 0x0, 0x0, 0x0, 0x0, 0x6f, 0xf8,
    0x7f, 0xf5, 0x0, 0x0, 0x0, 0x0, 0x3f, 0xfa,
    0x9f, 0xf3, 0x0, 0x0, 0x0, 0x0, 0x1f, 0xfb,
    0x9f, 0xf4, 0x0, 0x0, 0x0, 0x0, 0x2f, 0xfb,
    0x7f, 0xf5, 0x0, 0x0, 0x0, 0x0, 0x3f, 0xf9,
    0x5f, 0xf8, 0x0, 0x0, 0x0, 0x0, 0x7f, 0xf7,
    0x1f, 0xfd, 0x0, 0x0, 0x0, 0x0, 0xcf, 0xf3,
    0xb, 0xff, 0x60, 0x0, 0x0, 0x5, 0xff, 0xd0,
    0x3, 0xff, 0xf5, 0x0, 0x0, 0x4f, 0xff, 0x40,
    0x0, 0x7f, 0xff, 0xd9, 0x9c, 0xff, 0xf9, 0x0,
    0x0, 0x6, 0xff, 0xff, 0xff, 0xff, 0x80, 0x0,
    0x0, 0x0, 0x29, 0xdf, 0xfd, 0x93, 0x0, 0x0,

    /* U+0050 "P" */
    0xaf, 0xff, 0xff, 0xfd, 0xa5, 0x0, 0xa, 0xff,
    0xff, 0xff, 0xff, 0xfc, 0x10, 0xaf, 0xf5, 0x44,
    0x58, 0xef, 0xfb, 0xa, 0xff, 0x10, 0x0, 0x0,
    0xdf, 0xf2, 0xaf, 0xf1, 0x0, 0x0, 0x6, 0xff,
    0x5a, 0xff, 0x10, 0x0, 0x0, 0x5f, 0xf6, 0xaf,
    0xf1, 0x0, 0x0, 0x7, 0xff, 0x4a, 0xff, 0x10,
    0x0, 0x1, 0xef, 0xf1, 0xaf, 0xf6, 0x55, 0x69,
    0xff, 0xf8, 0xa, 0xff, 0xff, 0xff, 0xff, 0xf9,
    0x0, 0xaf, 0xff, 0xff, 0xfd, 0x93, 0x0, 0xa,
    0xff, 0x10, 0x0, 0x0, 0x0, 0x0, 0xaf, 0xf1,
    0x0, 0x0, 0x0, 0x0, 0xa, 0xff, 0x10, 0x0,
    0x0, 0x0, 0x0, 0xaf, 0xf1, 0x0, 0x0, 0x0,
    0x0, 0xa, 0xff, 0x10, 0x0, 0x0, 0x0, 0x0,
    0xaf, 0xf1, 0x0, 0x0, 0x0, 0x0, 0xa, 0xff,
    0x10, 0x0, 0x0, 0x0, 0x0,

    /* U+0051 "Q" */
    0x0, 0x0, 0x29, 0xdf, 0xfd, 0x92, 0x0, 0x0,
    0x0, 0x0, 0x6f, 0xff, 0xff, 0xff, 0xf7, 0x0,
    0x0, 0x0, 0x7f, 0xff, 0xd9, 0x9c, 0xff, 0xf8,
    0x0, 0x0, 0x2f, 0xff, 0x60, 0x0, 0x5, 0xff,
    0xf3, 0x0, 0xa, 0xff, 0x70, 0x0, 0x0, 0x6,
    0xff, 0xc0, 0x0, 0xff, 0xe0, 0x0, 0x0, 0x0,
    0xd, 0xff, 0x20, 0x5f, 0xf9, 0x0, 0x0, 0x0,
    0x0, 0x7f, 0xf7, 0x7, 0xff, 0x50, 0x0, 0x0,
    0x0, 0x4, 0xff, 0x90, 0x8f, 0xf4, 0x0, 0x0,
    0x0, 0x0, 0x2f, 0xfa, 0x9, 0xff, 0x30, 0x0,
    0x0, 0x0, 0x1, 0xff, 0xb0, 0x8f, 0xf4, 0x0,
    0x0, 0x0, 0x0, 0x2f, 0xfa, 0x7, 0xff, 0x60,
    0x0, 0x0, 0x0, 0x4, 0xff, 0x90, 0x4f, 0xfa,
    0x0, 0x0, 0x0, 0x0, 0x8f, 0xf6, 0x0, 0xff,
    0xe0, 0x0, 0x0, 0x0, 0xd, 0xff, 0x10, 0x9,
    0xff, 0x70, 0x0, 0x0, 0x6, 0xff, 0xb0, 0x0,
    0x1f, 0xff, 0x50, 0x0, 0x4, 0xff, 0xf3, 0x0,
    0x0, 0x4f, 0xff, 0xc8, 0x7b, 0xff, 0xf6, 0x0,
    0x0, 0x0, 0x5e, 0xff, 0xff, 0xff, 0xf6, 0x0,
    0x0, 0x0, 0x0, 0x17, 0xcf, 0xfe, 0x71, 0x0,
    0x0, 0x0, 0x0, 0x0, 0x0, 0xdf, 0xf4, 0x0,
    0x0, 0x0, 0x0, 0x0, 0x0, 0x4, 0xff, 0xf8,
    0x30, 0x2, 0x0, 0x0, 0x0, 0x0, 0x5, 0xff,
    0xff, 0xff, 0xf0, 0x0, 0x0, 0x0, 0x0, 0x3,
    0xbf, 0xff, 0xff, 0x30, 0x0, 0x0, 0x0, 0x0,
    0x0, 0x14, 0x54, 0x20,

    /* U+0052 "R" */
    0xaf, 0xff, 0xff, 0xfe, 0xb7, 0x0, 0x0, 0xaf,
    0xff, 0xff, 0xff, 0xff, 0xe2, 0x0, 0xaf, 0xf5,
    0x44, 0x57, 0xdf, 0xfd, 0x0, 0xaf, 0xf1, 0x0,
    0x0, 0xb, 0xff, 0x40, 0xaf, 0xf1, 0x0, 0x0,
    0x5, 0xff, 0x70, 0xaf, 0xf1, 0x0, 0x0, 0x5,
    0xff, 0x70, 0xaf, 0xf1, 0x0, 0x0, 0xa, 0xff,
    0x40, 0xaf, 0xf1, 0x0, 0x13, 0xaf, 0xfe, 0x0,
    0xaf, 0xff, 0xff, 0xff, 0xff, 0xe3, 0x0, 0xaf,
    0xff, 0xff, 0xff, 0xf9, 0x20, 0x0, 0xaf, 0xf6,
    0x55, 0xef, 0xf2, 0x0, 0x0, 0xaf, 0xf1, 0x0,
    0x6f, 0xfa, 0x0, 0x0, 0xaf, 0xf1, 0x0, 0xd,
    0xff, 0x30, 0x0, 0xaf, 0xf1, 0x0, 0x5, 0xff,
    0xb0, 0x0, 0xaf, 0xf1, 0x0, 0x0, 0xdf, 0xf4,
    0x0, 0xaf, 0xf1, 0x0, 0x0, 0x5f, 0xfc, 0x0,
    0xaf, 0xf1, 0x0, 0x0, 0xc, 0xff, 0x50, 0xaf,
    0xf1, 0x0, 0x0, 0x4, 0xff, 0xd0,

    /* U+0053 "S" */
    0x0, 0x3, 0xae, 0xfe, 0xb6, 0x0, 0x0, 0x9,
    0xff, 0xff, 0xff, 0xfd, 0x30, 0x6, 0xff, 0xfb,
    0x89, 0xdf, 0xfc, 0x0, 0xef, 0xf3, 0x0, 0x0,
    0x5d, 0x10, 0x1f, 0xfc, 0x0, 0x0, 0x0, 0x0,
    0x0, 0xff, 0xe0, 0x0, 0x0, 0x0, 0x0, 0xb,
    0xff, 0xc2, 0x0, 0x0, 0x0, 0x0, 0x2e, 0xff,
    0xfb, 0x40, 0x0, 0x0, 0x0, 0x2b, 0xff, 0xff,
    0xd6, 0x0, 0x0, 0x0, 0x4, 0xbf, 0xff, 0xfc,
    0x10, 0x0, 0x0, 0x0, 0x18, 0xff, 0xfd, 0x0,
    0x0, 0x0, 0x0, 0x1, 0xdf, 0xf5, 0x0, 0x0,
    0x0, 0x0, 0x5, 0xff, 0x80, 0x30, 0x0, 0x0,
    0x0, 0x5f, 0xf8, 0x3f, 0xd4, 0x0, 0x0, 0x1c,
    0xff, 0x49, 0xff, 0xfd, 0x98, 0xaf, 0xff, 0xc0,
    0x7, 0xff, 0xff, 0xff, 0xff, 0xc1, 0x0, 0x1,
    0x7c, 0xef, 0xeb, 0x60, 0x0,

    /* U+0054 "T" */
    0x4f, 0xff, 0xff, 0xff, 0xff, 0xff, 0xfe, 0x4f,
    0xff, 0xff, 0xff, 0xff, 0xff, 0xfe, 0x16, 0x66,
    0x66, 0xff, 0xd6, 0x66, 0x65, 0x0, 0x0, 0x1,
    0xff, 0xb0, 0x0, 0x0, 0x0, 0x0, 0x1, 0xff,
    0xb0, 0x0, 0x0, 0x0, 0x0, 0x1, 0xff, 0xb0,
    0x0, 0x0, 0x0, 0x0, 0x1, 0xff, 0xb0, 0x0,
    0x0, 0x0, 0x0, 0x1, 0xff, 0xb0, 0x0, 0x0,
    0x0, 0x0, 0x1, 0xff, 0xb0, 0x0, 0x0, 0x0,
    0x0, 0x1, 0xff, 0xb0, 0x0, 0x0, 0x0, 0x0,
    0x1, 0xff, 0xb0, 0x0, 0x0, 0x0, 0x0, 0x1,
    0xff, 0xb0, 0x0, 0x0, 0x0, 0x0, 0x1, 0xff,
    0xb0, 0x0, 0x0, 0x0, 0x0, 0x1, 0xff, 0xb0,
    0x0, 0x0, 0x0, 0x0, 0x1, 0xff, 0xb0, 0x0,
    0x0, 0x0, 0x0, 0x1, 0xff, 0xb0, 0x0, 0x0,
    0x0, 0x0, 0x1, 0xff, 0xb0, 0x0, 0x0, 0x0,
    0x0, 0x1, 0xff, 0xb0, 0x0, 0x0,

    /* U+0055 "U" */
    0xcf, 0xf0, 0x0, 0x0, 0x0, 0x5f, 0xf5, 0xcf,
    0xf0, 0x0, 0x0, 0x0, 0x5f, 0xf5, 0xcf, 0xf0,
    0x0, 0x0, 0x0, 0x5f, 0xf5, 0xcf, 0xf0, 0x0,
    0x0, 0x0, 0x5f, 0xf5, 0xcf, 0xf0, 0x0, 0x0,
    0x0, 0x5f, 0xf5, 0xcf, 0xf0, 0x0, 0x0, 0x0,
    0x5f, 0xf5, 0xcf, 0xf0, 0x0, 0x0, 0x0, 0x5f,
    0xf5, 0xcf, 0xf0, 0x0, 0x0, 0x0, 0x5f, 0xf5,
    0xcf, 0xf0, 0x0, 0x0, 0x0, 0x5f, 0xf5, 0xcf,
    0xf0, 0x0, 0x0, 0x0, 0x5f, 0xf5, 0xcf, 0xf0,
    0x0, 0x0, 0x0, 0x5f, 0xf5, 0xbf, 0xf1, 0x0,
    0x0, 0x0, 0x6f, 0xf4, 0x9f, 0xf4, 0x0, 0x0,
    0x0, 0x9f, 0xf2, 0x5f, 0xf9, 0x0, 0x0, 0x0,
    0xef, 0xf0, 0xf, 0xff, 0x40, 0x0, 0xa, 0xff,
    0x90, 0x6, 0xff, 0xfb, 0x89, 0xef, 0xfe, 0x10,
    0x0, 0x8f, 0xff, 0xff, 0xff, 0xe4, 0x0, 0x0,
    0x4, 0xad, 0xfe, 0xc8, 0x10, 0x0,

    /* U+0056 "V" */
    0xe, 0xff, 0x0, 0x0, 0x0, 0x0, 0xaf, 0xf2,
    0x9, 0xff, 0x50, 0x0, 0x0, 0x0, 0xef, 0xd0,
    0x4, 0xff, 0x90, 0x0, 0x0, 0x3, 0xff, 0x80,
    0x0, 0xff, 0xe0, 0x0, 0x0, 0x8, 0xff, 0x30,
    0x0, 0xaf, 0xf2, 0x0, 0x0, 0xc, 0xfe, 0x0,
    0x0, 0x5f, 0xf7, 0x0, 0x0, 0x1f, 0xfa, 0x0,
    0x0, 0x1f, 0xfb, 0x0, 0x0, 0x5f, 0xf5, 0x0,
    0x0, 0xb, 0xff, 0x0, 0x0, 0xaf, 0xf0, 0x0,
    0x0, 0x6, 0xff, 0x40, 0x0, 0xef, 0xb0, 0x0,
    0x0, 0x1, 0xff, 0x90, 0x3, 0xff, 0x60, 0x0,
    0x0, 0x0, 0xdf, 0xd0, 0x7, 0xff, 0x10, 0x0,
    0x0, 0x0, 0x8f, 0xf1, 0xb, 0xfc, 0x0, 0x0,
    0x0, 0x0, 0x3f, 0xf6, 0xf, 0xf7, 0x0, 0x0,
    0x0, 0x0, 0xe, 0xfa, 0x4f, 0xf2, 0x0, 0x0,
    0x0, 0x0, 0x9, 0xfe, 0x8f, 0xd0, 0x0, 0x0,
    0x0, 0x0, 0x4, 0xff, 0xff, 0x80, 0x0, 0x0,
    0x0, 0x0, 0x0, 0xff, 0xff, 0x40, 0x0, 0x0,
    0x0, 0x0, 0x0, 0xaf, 0xfe, 0x0, 0x0, 0x0,

    /* U+0057 "W" */
    0x5f, 0xf7, 0x0, 0x0, 0x8, 0xff, 0x20, 0x0,
    0x0, 0xef, 0xc2, 0xff, 0xa0, 0x0, 0x0, 0xcf,
    0xf6, 0x0, 0x0, 0xf, 0xf9, 0xf, 0xfd, 0x0,
    0x0, 0xf, 0xff, 0xa0, 0x0, 0x3, 0xff, 0x60,
    0xcf, 0xf0, 0x0, 0x4, 0xff, 0xfe, 0x0, 0x0,
    0x6f, 0xf3, 0x9, 0xff, 0x30, 0x0, 0x8f, 0xaf,
    0xf2, 0x0, 0x9, 0xff, 0x0, 0x5f, 0xf6, 0x0,
    0xc, 0xf5, 0xef, 0x60, 0x0, 0xcf, 0xd0, 0x2,
    0xff, 0x80, 0x0, 0xff, 0x2b, 0xf9, 0x0, 0xf,
    0xfa, 0x0, 0xf, 0xfb, 0x0, 0x4f, 0xf0, 0x8f,
    0xd0, 0x2, 0xff, 0x70, 0x0, 0xcf, 0xe0, 0x7,
    0xfb, 0x4, 0xff, 0x10, 0x5f, 0xf3, 0x0, 0x8,
    0xff, 0x10, 0xbf, 0x70, 0xf, 0xf5, 0x7, 0xff,
    0x0, 0x0, 0x5f, 0xf3, 0xf, 0xf4, 0x0, 0xdf,
    0x80, 0xaf, 0xd0, 0x0, 0x2, 0xff, 0x62, 0xff,
    0x0, 0x9, 0xfc, 0xc, 0xfa, 0x0, 0x0, 0xf,
    0xf9, 0x5f, 0xc0, 0x0, 0x5f, 0xf0, 0xff, 0x70,
    0x0, 0x0, 0xcf, 0xb9, 0xf8, 0x0, 0x1, 0xff,
    0x4f, 0xf4, 0x0, 0x0, 0x8, 0xfe, 0xcf, 0x50,
    0x0, 0xd, 0xfa, 0xff, 0x10, 0x0, 0x0, 0x5f,
    0xff, 0xf1, 0x0, 0x0, 0xaf, 0xff, 0xe0, 0x0,
    0x0, 0x2, 0xff, 0xfd, 0x0, 0x0, 0x6, 0xff,
    0xfb, 0x0, 0x0, 0x0, 0xf, 0xff, 0xa0, 0x0,
    0x0, 0x2f, 0xff, 0x80, 0x0,

    /* U+0058 "X" */
    0x1f, 0xff, 0x10, 0x0, 0x0, 0x9f, 0xf5, 0x7,
    0xff, 0x80, 0x0, 0x1, 0xff, 0xc0, 0x0, 0xef,
    0xf1, 0x0, 0x9, 0xff, 0x40, 0x0, 0x6f, 0xf9,
    0x0, 0x1f, 0xfb, 0x0, 0x0, 0xd, 0xff, 0x10,
    0x8f, 0xf3, 0x0, 0x0, 0x4, 0xff, 0x90, 0xff,
    0xa0, 0x0, 0x0, 0x0, 0xcf, 0xf8, 0xff, 0x20,
    0x0, 0x0, 0x0, 0x3f, 0xff, 0xf9, 0x0, 0x0,
    0x0, 0x0, 0xb, 0xff, 0xf1, 0x0, 0x0, 0x0,
    0x0, 0xe, 0xff, 0xf3, 0x0, 0x0, 0x0, 0x0,
    0x8f, 0xfe, 0xfc, 0x0, 0x0, 0x0, 0x1, 0xff,
    0x87, 0xff, 0x50, 0x0, 0x0, 0x9, 0xff, 0x10,
    0xef, 0xd0, 0x0, 0x0, 0x2f, 0xf9, 0x0, 0x7f,
    0xf7, 0x0, 0x0, 0xbf, 0xf1, 0x0, 0xe, 0xfe,
    0x10, 0x3, 0xff, 0x90, 0x0, 0x7, 0xff, 0x80,
    0xc, 0xff, 0x10, 0x0, 0x0, 0xef, 0xf2, 0x5f,
    0xf9, 0x0, 0x0, 0x0, 0x6f, 0xfa,

    /* U+0059 "Y" */
    0xd, 0xff, 0x20, 0x0, 0x0, 0xc, 0xff, 0x10,
    0x5f, 0xf8, 0x0, 0x0, 0x3, 0xff, 0xa0, 0x0,
    0xef, 0xe0, 0x0, 0x0, 0xaf, 0xf2, 0x0, 0x6,
    0xff, 0x60, 0x0, 0x1f, 0xfa, 0x0, 0x0, 0xe,
    0xfd, 0x0, 0x8, 0xff, 0x30, 0x0, 0x0, 0x7f,
    0xf3, 0x0, 0xef, 0xb0, 0x0, 0x0, 0x0, 0xff,
    0xa0, 0x5f, 0xf3, 0x0, 0x0, 0x0, 0x8, 0xff,
    0x1c, 0xfc, 0x0, 0x0, 0x0, 0x0, 0x1f, 0xfb,
    0xff, 0x40, 0x0, 0x0, 0x0, 0x0, 0x9f, 0xff,
    0xd0, 0x0, 0x0, 0x0, 0x0, 0x1, 0xff, 0xf5,
    0x0, 0x0, 0x0, 0x0, 0x0, 0xc, 0xff, 0x0,
    0x0, 0x0, 0x0, 0x0, 0x0, 0xcf, 0xf0, 0x0,
    0x0, 0x0, 0x0, 0x0, 0xc, 0xff, 0x0, 0x0,
    0x0, 0x0, 0x0, 0x0, 0xcf, 0xf0, 0x0, 0x0,
    0x0, 0x0, 0x0, 0xc, 0xff, 0x0, 0x0, 0x0,
    0x0, 0x0, 0x0, 0xcf, 0xf0, 0x0, 0x0, 0x0,
    0x0, 0x0, 0xc, 0xff, 0x0, 0x0, 0x0,

    /* U+005A "Z" */
    0xf, 0xff, 0xff, 0xff, 0xff, 0xff, 0x60, 0xff,
    0xff, 0xff, 0xff, 0xff, 0xf6, 0x6, 0x66, 0x66,
    0x66, 0x8f, 0xfd, 0x0, 0x0, 0x0, 0x0, 0xb,
    0xff, 0x40, 0x0, 0x0, 0x0, 0x5, 0xff, 0xa0,
    0x0, 0x0, 0x0, 0x1, 0xef, 0xe1, 0x0, 0x0,
    0x0, 0x0, 0xaf, 0xf5, 0x0, 0x0, 0x0, 0x0,
    0x4f, 0xfb, 0x0, 0x0, 0x0, 0x0, 0xd, 0xff,
    0x20, 0x0, 0x0, 0x0, 0x8, 0xff, 0x70, 0x0,
    0x0, 0x0, 0x3, 0xff, 0xc0, 0x0, 0x0, 0x0,
    0x0, 0xdf, 0xf3, 0x0, 0x0, 0x0, 0x0, 0x7f,
    0xf8, 0x0, 0x0, 0x0, 0x0, 0x2f, 0xfd, 0x0,
    0x0, 0x0, 0x0, 0xb, 0xff, 0x40, 0x0, 0x0,
    0x0, 0x6, 0xff, 0xd7, 0x77, 0x77, 0x77, 0x73,
    0xdf, 0xff, 0xff, 0xff, 0xff, 0xff, 0x8e, 0xff,
    0xff, 0xff, 0xff, 0xff, 0xf8,

    /* U+005B "[" */
    0x8f, 0xff, 0xf9, 0x8f, 0xc9, 0x95, 0x8f, 0x90,
    0x0, 0x8f, 0x90, 0x0, 0x8f, 0x90, 0x0, 0x8f,
    0x90, 0x0, 0x8f, 0x90, 0x0, 0x8f, 0x90, 0x0,
    0x8f, 0x90, 0x0, 0x8f, 0x90, 0x0, 0x8f, 0x90,
    0x0, 0x8f, 0x90, 0x0, 0x8f, 0x90, 0x0, 0x8f,
    0x90, 0x0, 0x8f, 0x90, 0x0, 0x8f, 0x90, 0x0,
    0x8f, 0x90, 0x0, 0x8f, 0x90, 0x0, 0x8f, 0x90,
    0x0, 0x8f, 0x90, 0x0, 0x8f, 0x90, 0x0, 0x8f,
    0x90, 0x0, 0x8f, 0xd9, 0x95, 0x8f, 0xff, 0xf9,

    /* U+005C "\\" */
    0x6f, 0x80, 0x0, 0x0, 0x0, 0x1f, 0xd0, 0x0,
    0x0, 0x0, 0xd, 0xf1, 0x0, 0x0, 0x0, 0x9,
    0xf5, 0x0, 0x0, 0x0, 0x4, 0xfa, 0x0, 0x0,
    0x0, 0x0, 0xfe, 0x0, 0x0, 0x0, 0x0, 0xbf,
    0x20, 0x0, 0x0, 0x0, 0x7f, 0x70, 0x0, 0x0,
    0x0, 0x3f, 0xb0, 0x0, 0x0, 0x0, 0xe, 0xf0,
    0x0, 0x0, 0x0, 0xa, 0xf4, 0x0, 0x0, 0x0,
    0x6, 0xf8, 0x0, 0x0, 0x0, 0x1, 0xfc, 0x0,
    0x0, 0x0, 0x0, 0xdf, 0x10, 0x0, 0x0, 0x0,
    0x9f, 0x50, 0x0, 0x0, 0x0, 0x4f, 0xa0, 0x0,
    0x0, 0x0, 0xf, 0xe0, 0x0, 0x0, 0x0, 0xc,
    0xf2, 0x0, 0x0, 0x0, 0x7, 0xf7, 0x0, 0x0,
    0x0, 0x3, 0xfb, 0x0, 0x0, 0x0, 0x0, 0xef,
    0x0, 0x0, 0x0, 0x0, 0xaf, 0x40, 0x0, 0x0,
    0x0, 0x6f, 0x80, 0x0, 0x0, 0x0, 0x1f, 0xc0,
    0x0, 0x0, 0x0, 0x7, 0x70,

    /* U+005D "]" */
    0xf, 0xff, 0xff, 0x0, 0x99, 0x9f, 0xf0, 0x0,
    0x0, 0xff, 0x0, 0x0, 0xf, 0xf0, 0x0, 0x0,
    0xff, 0x0, 0x0, 0xf, 0xf0, 0x0, 0x0, 0xff,
    0x0, 0x0, 0xf, 0xf0, 0x0, 0x0, 0xff, 0x0,
    0x0, 0xf, 0xf0, 0x0, 0x0, 0xff, 0x0, 0x0,
    0xf, 0xf0, 0x0, 0x0, 0xff, 0x0, 0x0, 0xf,
    0xf0, 0x0, 0x0, 0xff, 0x0, 0x0, 0xf, 0xf0,
    0x0, 0x0, 0xff, 0x0, 0x0, 0xf, 0xf0, 0x0,
    0x0, 0xff, 0x0, 0x0, 0xf, 0xf0, 0x0, 0x0,
    0xff, 0x0, 0x0, 0xf, 0xf0, 0x9, 0x99, 0xff,
    0x0, 0xff, 0xff, 0xf0,

    /* U+005E "^" */
    0x0, 0x0, 0x8f, 0xf3, 0x0, 0x0, 0x0, 0x0,
    0xef, 0xf9, 0x0, 0x0, 0x0, 0x4, 0xfe, 0xfe,
    0x0, 0x0, 0x0, 0xa, 0xf7, 0xdf, 0x50, 0x0,
    0x0, 0x1f, 0xf2, 0x7f, 0xb0, 0x0, 0x0, 0x6f,
    0xd0, 0x2f, 0xf1, 0x0, 0x0, 0xcf, 0x70, 0xc,
    0xf7, 0x0, 0x2, 0xff, 0x20, 0x7, 0xfd, 0x0,
    0x8, 0xfc, 0x0, 0x1, 0xff, 0x30, 0xe, 0xf6,
    0x0, 0x0, 0xbf, 0x90, 0x4f, 0xf1, 0x0, 0x0,
    0x6f, 0xe0,

    /* U+005F "_" */
    0x8c, 0xcc, 0xcc, 0xcc, 0xcc, 0xcc, 0xc2, 0xbf,
    0xff, 0xff, 0xff, 0xff, 0xff, 0xf2,

    /* U+0060 "`" */
    0x0, 0x0, 0x0, 0xa, 0x90, 0x0, 0x9f, 0xf6,
    0x0, 0x2e, 0xff, 0x40, 0x2, 0xef, 0xe2, 0x0,
    0x2d, 0xfb, 0x0, 0x1, 0xc2,

    /* U+0061 "a" */
    0x0, 0x18, 0xce, 0xfd, 0x70, 0x0, 0x9f, 0xff,
    0xff, 0xff, 0xb0, 0xb, 0xfd, 0x75, 0x7e, 0xff,
    0x50, 0x35, 0x0, 0x0, 0x3f, 0xfb, 0x0, 0x0,
    0x0, 0x0, 0xef, 0xe0, 0x0, 0x1, 0x58, 0xbf,
    0xff, 0x0, 0x4c, 0xff, 0xff, 0xff, 0xf0, 0x8f,
    0xfd, 0x73, 0x1c, 0xff, 0x4f, 0xf9, 0x0, 0x0,
    0xcf, 0xf9, 0xff, 0x10, 0x0, 0xc, 0xff, 0xaf,
    0xf1, 0x0, 0x3, 0xef, 0xf7, 0xff, 0xc5, 0x59,
    0xff, 0xff, 0x1e, 0xff, 0xff, 0xfc, 0x9f, 0xf0,
    0x1a, 0xef, 0xc6, 0x5, 0xff,

    /* U+0062 "b" */
    0xef, 0xd0, 0x0, 0x0, 0x0, 0x0, 0xef, 0xd0,
    0x0, 0x0, 0x0, 0x0, 0xef, 0xd0, 0x0, 0x0,
    0x0, 0x0, 0xef, 0xd0, 0x0, 0x0, 0x0, 0x0,
    0xef, 0xd0, 0x0, 0x0, 0x0, 0x0, 0xef, 0xd0,
    0x0, 0x0, 0x0, 0x0, 0xef, 0xc0, 0x6c, 0xfe,
    0xa2, 0x0, 0xef, 0xdc, 0xff, 0xff, 0xff, 0x30,
    0xef, 0xff, 0xc7, 0x7c, 0xff, 0xe0, 0xef, 0xf6,
    0x0, 0x0, 0xcf, 0xf5, 0xef, 0xd0, 0x0, 0x0,
    0x4f, 0xfa, 0xef, 0xd0, 0x0, 0x0, 0x1f, 0xfd,
    0xef, 0xd0, 0x0, 0x0, 0xf, 0xfe, 0xef, 0xd0,
    0x0, 0x0, 0xf, 0xfd, 0xef, 0xd0, 0x0, 0x0,
    0x1f, 0xfc, 0xef, 0xd0, 0x0, 0x0, 0x6f, 0xf8,
    0xef, 0xe1, 0x0, 0x1, 0xef, 0xf2, 0xef, 0xff,
    0x96, 0x7e, 0xff, 0x90, 0xef, 0xbf, 0xff, 0xff,
    0xfb, 0x0, 0xef, 0x52, 0x9e, 0xfc, 0x60, 0x0,

    /* U+0063 "c" */
    0x0, 0x2, 0x9d, 0xfe, 0xa2, 0x0, 0x7, 0xff,
    0xff, 0xff, 0xf4, 0x6, 0xff, 0xfa, 0x67, 0xdc,
    0x1, 0xff, 0xf4, 0x0, 0x0, 0x10, 0x6f, 0xf9,
    0x0, 0x0, 0x0, 0xa, 0xff, 0x30, 0x0, 0x0,
    0x0, 0xcf, 0xf1, 0x0, 0x0, 0x0, 0xc, 0xff,
    0x0, 0x0, 0x0, 0x0, 0xbf, 0xf2, 0x0, 0x0,
    0x0, 0x7, 0xff, 0x80, 0x0, 0x0, 0x0, 0x2f,
    0xff, 0x30, 0x0, 0x4, 0x0, 0x8f, 0xff, 0x95,
    0x7d, 0xf3, 0x0, 0x9f, 0xff, 0xff, 0xff, 0x60,
    0x0, 0x4a, 0xef, 0xea, 0x30,

    /* U+0064 "d" */
    0x0, 0x0, 0x0, 0x0, 0xb, 0xff, 0x10, 0x0,
    0x0, 0x0, 0x0, 0xbf, 0xf1, 0x0, 0x0, 0x0,
    0x0, 0xb, 0xff, 0x10, 0x0, 0x0, 0x0, 0x0,
    0xbf, 0xf1, 0x0, 0x0, 0x0, 0x0, 0xb, 0xff,
    0x10, 0x0, 0x0, 0x0, 0x0, 0xbf, 0xf1, 0x0,
    0x5, 0xcf, 0xea, 0x2a, 0xff, 0x10, 0xa, 0xff,
    0xff, 0xff, 0xdf, 0xf1, 0x7, 0xff, 0xf9, 0x69,
    0xef, 0xff, 0x11, 0xff, 0xf3, 0x0, 0x1, 0xdf,
    0xf1, 0x6f, 0xf8, 0x0, 0x0, 0xb, 0xff, 0x1a,
    0xff, 0x30, 0x0, 0x0, 0xbf, 0xf1, 0xbf, 0xf1,
    0x0, 0x0, 0xb, 0xff, 0x1c, 0xff, 0x10, 0x0,
    0x0, 0xbf, 0xf1, 0xbf, 0xf3, 0x0, 0x0, 0xb,
    0xff, 0x18, 0xff, 0x70, 0x0, 0x0, 0xbf, 0xf1,
    0x3f, 0xfe, 0x10, 0x0, 0x3f, 0xff, 0x10, 0xcf,
    0xfe, 0x76, 0xaf, 0xff, 0xf1, 0x1, 0xdf, 0xff,
    0xff, 0xe9, 0xff, 0x10, 0x1, 0x8d, 0xfe, 0x91,
    0x4f, 0xf1,

    /* U+0065 "e" */
    0x0, 0x4, 0xbe, 0xfd, 0x70, 0x0, 0x0, 0x8f,
    0xff, 0xff, 0xfc, 0x0, 0x7, 0xff, 0xd6, 0x49,
    0xff, 0x90, 0x1f, 0xfc, 0x0, 0x0, 0x7f, 0xf1,
    0x7f, 0xf3, 0x0, 0x0, 0xf, 0xf5, 0xaf, 0xf0,
    0x0, 0x0, 0xe, 0xf7, 0xcf, 0xff, 0xff, 0xff,
    0xff, 0xf8, 0xcf, 0xff, 0xff, 0xff, 0xff, 0xf7,
    0xbf, 0xf0, 0x0, 0x0, 0x0, 0x0, 0x7f, 0xf4,
    0x0, 0x0, 0x0, 0x0, 0x1f, 0xfe, 0x10, 0x0,
    0x0, 0x0, 0x7, 0xff, 0xf8, 0x55, 0x7e, 0x70,
    0x0, 0x8f, 0xff, 0xff, 0xff, 0xc0, 0x0, 0x3,
    0xad, 0xfe, 0xb5, 0x0,

    /* U+0066 "f" */
    0x0, 0x0, 0x8d, 0xfe, 0xa0, 0x0, 0x9, 0xff,
    0xff, 0xc0, 0x0, 0x1f, 0xfe, 0x64, 0x40, 0x0,
    0x5f, 0xf7, 0x0, 0x0, 0x0, 0x7f, 0xf5, 0x0,
    0x0, 0x0, 0x7f, 0xf5, 0x0, 0x0, 0x3e, 0xff,
    0xff, 0xff, 0x0, 0x4f, 0xff, 0xff, 0xff, 0x0,
    0x14, 0x9f, 0xf8, 0x44, 0x0, 0x0, 0x7f, 0xf5,
    0x0, 0x0, 0x0, 0x7f, 0xf5, 0x0, 0x0, 0x0,
    0x7f, 0xf5, 0x0, 0x0, 0x0, 0x7f, 0xf5, 0x0,
    0x0, 0x0, 0x7f, 0xf5, 0x0, 0x0, 0x0, 0x7f,
    0xf5, 0x0, 0x0, 0x0, 0x7f, 0xf5, 0x0, 0x0,
    0x0, 0x7f, 0xf5, 0x0, 0x0, 0x0, 0x7f, 0xf5,
    0x0, 0x0, 0x0, 0x7f, 0xf5, 0x0, 0x0, 0x0,
    0x7f, 0xf5, 0x0, 0x0,

    /* U+0067 "g" */
    0x0, 0x18, 0xdf, 0xff, 0xff, 0xff, 0x40, 0x2e,
    0xff, 0xff, 0xff, 0xff, 0xf4, 0xc, 0xff, 0x61,
    0x3d, 0xff, 0x32, 0x3, 0xff, 0x80, 0x0, 0x2f,
    0xf6, 0x0, 0x5f, 0xf4, 0x0, 0x0, 0xef, 0x90,
    0x5, 0xff, 0x40, 0x0, 0xe, 0xf8, 0x0, 0x2f,
    0xf8, 0x0, 0x2, 0xff, 0x50, 0x0, 0xaf, 0xf6,
    0x3, 0xdf, 0xe0, 0x0, 0x1, 0xdf, 0xff, 0xff,
    0xe3, 0x0, 0x0, 0x6f, 0xca, 0xcc, 0x81, 0x0,
    0x0, 0xf, 0xf3, 0x0, 0x0, 0x0, 0x0, 0x1,
    0xff, 0xb5, 0x44, 0x44, 0x20, 0x0, 0x9, 0xff,
    0xff, 0xff, 0xff, 0xd4, 0x0, 0x5f, 0xef, 0xff,
    0xff, 0xff, 0xf2, 0x4f, 0xe1, 0x0, 0x0, 0x1a,
    0xff, 0x7b, 0xf8, 0x0, 0x0, 0x0, 0x3f, 0xf7,
    0xdf, 0xa0, 0x0, 0x0, 0x7, 0xff, 0x39, 0xff,
    0x81, 0x0, 0x18, 0xff, 0xa0, 0x1d, 0xff, 0xff,
    0xff, 0xff, 0x90, 0x0, 0x7, 0xce, 0xfe, 0xd9,
    0x30, 0x0,

    /* U+0068 "h" */
    0xef, 0xd0, 0x0, 0x0, 0x0, 0x0, 0xef, 0xd0,
    0x0, 0x0, 0x0, 0x0, 0xef, 0xd0, 0x0, 0x0,
    0x0, 0x0, 0xef, 0xd0, 0x0, 0x0, 0x0, 0x0,
    0xef, 0xd0, 0x0, 0x0, 0x0, 0x0, 0xef, 0xd0,
    0x0, 0x0, 0x0, 0x0, 0xef, 0xc0, 0x3b, 0xef,
    0xb3, 0x0, 0xef, 0xb7, 0xff, 0xff, 0xff, 0x20,
    0xef, 0xff, 0xe8, 0x8e, 0xff, 0x90, 0xef, 0xfa,
    0x0, 0x2, 0xff, 0xe0, 0xef, 0xd0, 0x0, 0x0,
    0xdf, 0xf0, 0xef, 0xd0, 0x0, 0x0, 0xbf, 0xf0,
    0xef, 0xd0, 0x0, 0x0, 0xbf, 0xf1, 0xef, 0xd0,
    0x0, 0x0, 0xbf, 0xf1, 0xef, 0xd0, 0x0, 0x0,
    0xbf, 0xf1, 0xef, 0xd0, 0x0, 0x0, 0xbf, 0xf1,
    0xef, 0xd0, 0x0, 0x0, 0xbf, 0xf1, 0xef, 0xd0,
    0x0, 0x0, 0xbf, 0xf1, 0xef, 0xd0, 0x0, 0x0,
    0xbf, 0xf1, 0xef, 0xd0, 0x0, 0x0, 0xbf, 0xf1,

    /* U+0069 "i" */
    0xb, 0xfa, 0x3, 0xff, 0xf2, 0x1f, 0xfe, 0x0,
    0x25, 0x10, 0x0, 0x0, 0x0, 0x0, 0x0, 0xe,
    0xfd, 0x0, 0xef, 0xd0, 0xe, 0xfd, 0x0, 0xef,
    0xd0, 0xe, 0xfd, 0x0, 0xef, 0xd0, 0xe, 0xfd,
    0x0, 0xef, 0xd0, 0xe, 0xfd, 0x0, 0xef, 0xd0,
    0xe, 0xfd, 0x0, 0xef, 0xd0, 0xe, 0xfd, 0x0,
    0xef, 0xd0,

    /* U+006A "j" */
    0x0, 0x0, 0xaf, 0xa0, 0x0, 0x3, 0xff, 0xf3,
    0x0, 0x1, 0xff, 0xe1, 0x0, 0x0, 0x15, 0x10,
    0x0, 0x0, 0x0, 0x0, 0x0, 0x0, 0x0, 0x0,
    0x0, 0x0, 0xef, 0xe0, 0x0, 0x0, 0xef, 0xe0,
    0x0, 0x0, 0xef, 0xe0, 0x0, 0x0, 0xef, 0xe0,
    0x0, 0x0, 0xef, 0xe0, 0x0, 0x0, 0xef, 0xe0,
    0x0, 0x0, 0xef, 0xe0, 0x0, 0x0, 0xef, 0xe0,
    0x0, 0x0, 0xef, 0xe0, 0x0, 0x0, 0xef, 0xe0,
    0x0, 0x0, 0xef, 0xe0, 0x0, 0x0, 0xef, 0xe0,
    0x0, 0x0, 0xef, 0xe0, 0x0, 0x0, 0xef, 0xe0,
    0x0, 0x0, 0xef, 0xe0, 0x0, 0x0, 0xef, 0xd0,
    0x0, 0x1, 0xff, 0xb0, 0x4, 0x5a, 0xff, 0x70,
    0xe, 0xff, 0xfe, 0x10, 0xd, 0xfe, 0xb2, 0x0,

    /* U+006B "k" */
    0xef, 0xc0, 0x0, 0x0, 0x0, 0x0, 0xef, 0xc0,
    0x0, 0x0, 0x0, 0x0, 0xef, 0xc0, 0x0, 0x0,
    0x0, 0x0, 0xef, 0xc0, 0x0, 0x0, 0x0, 0x0,
    0xef, 0xc0, 0x0, 0x0, 0x0, 0x0, 0xef, 0xc0,
    0x0, 0x0, 0x0, 0x0, 0xef, 0xc0, 0x0, 0x5,
    0xff, 0xa0, 0xef, 0xc0, 0x0, 0x2f, 0xfd, 0x0,
    0xef, 0xc0, 0x0, 0xdf, 0xf2, 0x0, 0xef, 0xc0,
    0xa, 0xff, 0x50, 0x0, 0xef, 0xc0, 0x6f, 0xf8,
    0x0, 0x0, 0xef, 0xc3, 0xff, 0xc0, 0x0, 0x0,
    0xef, 0xdd, 0xff, 0xf2, 0x0, 0x0, 0xef, 0xff,
    0xff, 0xfa, 0x0, 0x0, 0xef, 0xff, 0x58, 0xff,
    0x40, 0x0, 0xef, 0xf7, 0x0, 0xef, 0xd0, 0x0,
    0xef, 0xd0, 0x0, 0x6f, 0xf7, 0x0, 0xef, 0xc0,
    0x0, 0xd, 0xff, 0x10, 0xef, 0xc0, 0x0, 0x4,
    0xff, 0xa0, 0xef, 0xc0, 0x0, 0x0, 0xbf, 0xf4,

    /* U+006C "l" */
    0xef, 0xd0, 0xe, 0xfd, 0x0, 0xef, 0xd0, 0xe,
    0xfd, 0x0, 0xef, 0xd0, 0xe, 0xfd, 0x0, 0xef,
    0xd0, 0xe, 0xfd, 0x0, 0xef, 0xd0, 0xe, 0xfd,
    0x0, 0xef, 0xd0, 0xe, 0xfd, 0x0, 0xef, 0xd0,
    0xe, 0xfd, 0x0, 0xef, 0xd0, 0xe, 0xfd, 0x0,
    0xef, 0xd0, 0xc, 0xff, 0x60, 0x8f, 0xff, 0x10,
    0xaf, 0xf3,

    /* U+006D "m" */
    0xef, 0x60, 0x5c, 0xfe, 0x91, 0x0, 0x5c, 0xfe,
    0x90, 0xe, 0xf8, 0x9f, 0xff, 0xff, 0xc0, 0x9f,
    0xff, 0xff, 0xb0, 0xef, 0xff, 0xd8, 0x9f, 0xff,
    0xcf, 0xd8, 0xaf, 0xff, 0x4e, 0xff, 0xa0, 0x0,
    0x7f, 0xff, 0x90, 0x0, 0x8f, 0xf8, 0xef, 0xd0,
    0x0, 0x1, 0xff, 0xd0, 0x0, 0x2, 0xff, 0xae,
    0xfd, 0x0, 0x0, 0xf, 0xfc, 0x0, 0x0, 0x1f,
    0xfb, 0xef, 0xd0, 0x0, 0x0, 0xff, 0xc0, 0x0,
    0x0, 0xff, 0xbe, 0xfd, 0x0, 0x0, 0xf, 0xfc,
    0x0, 0x0, 0xf, 0xfb, 0xef, 0xd0, 0x0, 0x0,
    0xff, 0xc0, 0x0, 0x0, 0xff, 0xbe, 0xfd, 0x0,
    0x0, 0xf, 0xfc, 0x0, 0x0, 0xf, 0xfb, 0xef,
    0xd0, 0x0, 0x0, 0xff, 0xc0, 0x0, 0x0, 0xff,
    0xbe, 0xfd, 0x0, 0x0, 0xf, 0xfc, 0x0, 0x0,
    0xf, 0xfb, 0xef, 0xd0, 0x0, 0x0, 0xff, 0xc0,
    0x0, 0x0, 0xff, 0xbe, 0xfd, 0x0, 0x0, 0xf,
    0xfc, 0x0, 0x0, 0xf, 0xfb,

    /* U+006E "n" */
    0xef, 0x60, 0x4b, 0xef, 0xb3, 0x0, 0xef, 0x88,
    0xff, 0xff, 0xff, 0x20, 0xef, 0xff, 0xe8, 0x8e,
    0xff, 0x90, 0xef, 0xfa, 0x0, 0x2, 0xff, 0xe0,
    0xef, 0xd0, 0x0, 0x0, 0xdf, 0xf0, 0xef, 0xd0,
    0x0, 0x0, 0xbf, 0xf0, 0xef, 0xd0, 0x0, 0x0,
    0xbf, 0xf1, 0xef, 0xd0, 0x0, 0x0, 0xbf, 0xf1,
    0xef, 0xd0, 0x0, 0x0, 0xbf, 0xf1, 0xef, 0xd0,
    0x0, 0x0, 0xbf, 0xf1, 0xef, 0xd0, 0x0, 0x0,
    0xbf, 0xf1, 0xef, 0xd0, 0x0, 0x0, 0xbf, 0xf1,
    0xef, 0xd0, 0x0, 0x0, 0xbf, 0xf1, 0xef, 0xd0,
    0x0, 0x0, 0xbf, 0xf1,

    /* U+006F "o" */
    0x0, 0x3, 0xae, 0xfd, 0x82, 0x0, 0x0, 0x8,
    0xff, 0xff, 0xff, 0xf5, 0x0, 0x7, 0xff, 0xe7,
    0x59, 0xff, 0xf3, 0x1, 0xff, 0xf2, 0x0, 0x4,
    0xff, 0xc0, 0x7f, 0xf8, 0x0, 0x0, 0xc, 0xff,
    0x2a, 0xff, 0x30, 0x0, 0x0, 0x6f, 0xf6, 0xcf,
    0xf1, 0x0, 0x0, 0x4, 0xff, 0x8c, 0xff, 0x10,
    0x0, 0x0, 0x4f, 0xf8, 0xbf, 0xf3, 0x0, 0x0,
    0x6, 0xff, 0x67, 0xff, 0x80, 0x0, 0x0, 0xbf,
    0xf3, 0x1f, 0xfe, 0x10, 0x0, 0x4f, 0xfc, 0x0,
    0x7f, 0xfe, 0x75, 0x9f, 0xff, 0x30, 0x0, 0x8f,
    0xff, 0xff, 0xff, 0x50, 0x0, 0x0, 0x3a, 0xef,
    0xd9, 0x20, 0x0,

    /* U+0070 "p" */
    0xef, 0x60, 0x6d, 0xfe, 0xa2, 0x0, 0xef, 0xbc,
    0xff, 0xff, 0xff, 0x30, 0xef, 0xff, 0xc7, 0x7c,
    0xff, 0xe0, 0xef, 0xf7, 0x0, 0x0, 0xcf, 0xf6,
    0xef, 0xd0, 0x0, 0x0, 0x4f, 0xfa, 0xef, 0xd0,
    0x0, 0x0, 0x1f, 0xfd, 0xef, 0xd0, 0x0, 0x0,
    0xf, 0xfe, 0xef, 0xd0, 0x0, 0x0, 0xf, 0xfd,
    0xef, 0xd0, 0x0, 0x0, 0x1f, 0xfc, 0xef, 0xd0,
    0x0, 0x0, 0x6f, 0xf8, 0xef, 0xe1, 0x0, 0x1,
    0xef, 0xf2, 0xef, 0xff, 0x96, 0x7e, 0xff, 0x90,
    0xef, 0xee, 0xff, 0xff, 0xfb, 0x0, 0xef, 0xc1,
    0x9e, 0xfc, 0x60, 0x0, 0xef, 0xd0, 0x0, 0x0,
    0x0, 0x0, 0xef, 0xd0, 0x0, 0x0, 0x0, 0x0,
    0xef, 0xd0, 0x0, 0x0, 0x0, 0x0, 0xef, 0xd0,
    0x0, 0x0, 0x0, 0x0, 0xef, 0xd0, 0x0, 0x0,
    0x0, 0x0, 0xef, 0xd0, 0x0, 0x0, 0x0, 0x0,

    /* U+0071 "q" */
    0x0, 0x5, 0xcf, 0xfb, 0x33, 0xff, 0x10, 0xa,
    0xff, 0xff, 0xff, 0xcf, 0xf1, 0x7, 0xff, 0xf9,
    0x69, 0xef, 0xff, 0x11, 0xff, 0xf3, 0x0, 0x1,
    0xdf, 0xf1, 0x6f, 0xf8, 0x0, 0x0, 0xb, 0xff,
    0x1a, 0xff, 0x30, 0x0, 0x0, 0xbf, 0xf1, 0xbf,
    0xf1, 0x0, 0x0, 0xb, 0xff, 0x1c, 0xff, 0x10,
    0x0, 0x0, 0xbf, 0xf1, 0xbf, 0xf3, 0x0, 0x0,
    0xb, 0xff, 0x18, 0xff, 0x70, 0x0, 0x0, 0xbf,
    0xf1, 0x3f, 0xfe, 0x10, 0x0, 0x3f, 0xff, 0x10,
    0xcf, 0xfe, 0x76, 0xaf, 0xff, 0xf1, 0x1, 0xdf,
    0xff, 0xff, 0xdb, 0xff, 0x10, 0x1, 0x8d, 0xfe,
    0x80, 0xaf, 0xf1, 0x0, 0x0, 0x0, 0x0, 0xa,
    0xff, 0x10, 0x0, 0x0, 0x0, 0x0, 0xbf, 0xf1,
    0x0, 0x0, 0x0, 0x0, 0xb, 0xff, 0x10, 0x0,
    0x0, 0x0, 0x0, 0xbf, 0xf1, 0x0, 0x0, 0x0,
    0x0, 0xb, 0xff, 0x10, 0x0, 0x0, 0x0, 0x0,
    0xbf, 0xf1,

    /* U+0072 "r" */
    0xef, 0x60, 0x5d, 0xfc, 0xef, 0x77, 0xff, 0xf9,
    0xef, 0xbf, 0xfa, 0x95, 0xef, 0xfe, 0x20, 0x0,
    0xef, 0xf5, 0x0, 0x0, 0xef, 0xe0, 0x0, 0x0,
    0xef, 0xd0, 0x0, 0x0, 0xef, 0xd0, 0x0, 0x0,
    0xef, 0xd0, 0x0, 0x0, 0xef, 0xd0, 0x0, 0x0,
    0xef, 0xd0, 0x0, 0x0, 0xef, 0xd0, 0x0, 0x0,
    0xef, 0xd0, 0x0, 0x0, 0xef, 0xd0, 0x0, 0x0,

    /* U+0073 "s" */
    0x0, 0x7, 0xcf, 0xfc, 0x70, 0x0, 0xb, 0xff,
    0xff, 0xff, 0xe1, 0x5, 0xff, 0xb4, 0x37, 0xea,
    0x0, 0x9f, 0xf1, 0x0, 0x1, 0x0, 0x8, 0xff,
    0x40, 0x0, 0x0, 0x0, 0x3f, 0xff, 0x93, 0x0,
    0x0, 0x0, 0x5e, 0xff, 0xfc, 0x40, 0x0, 0x0,
    0x7, 0xef, 0xff, 0x90, 0x0, 0x0, 0x0, 0x5e,
    0xff, 0x50, 0x0, 0x0, 0x0, 0x1f, 0xf9, 0x2,
    0x50, 0x0, 0x0, 0xff, 0x90, 0xdf, 0xb5, 0x34,
    0xbf, 0xf5, 0x1a, 0xff, 0xff, 0xff, 0xfa, 0x0,
    0x3, 0xae, 0xfe, 0xc5, 0x0,

    /* U+0074 "t" */
    0x0, 0x1f, 0xf4, 0x0, 0x0, 0x0, 0x2f, 0xf4,
    0x0, 0x0, 0x0, 0x3f, 0xf4, 0x0, 0x0, 0x0,
    0x5f, 0xf4, 0x0, 0x0, 0x6f, 0xff, 0xff, 0xff,
    0xb0, 0x6f, 0xff, 0xff, 0xff, 0xb0, 0x13, 0x9f,
    0xf6, 0x33, 0x20, 0x0, 0x7f, 0xf4, 0x0, 0x0,
    0x0, 0x7f, 0xf4, 0x0, 0x0, 0x0, 0x7f, 0xf4,
    0x0, 0x0, 0x0, 0x7f, 0xf4, 0x0, 0x0, 0x0,
    0x7f, 0xf4, 0x0, 0x0, 0x0, 0x7f, 0xf4, 0x0,
    0x0, 0x0, 0x7f, 0xf5, 0x0, 0x0, 0x0, 0x5f,
    0xf7, 0x0, 0x0, 0x0, 0x1f, 0xff, 0x75, 0x50,
    0x0, 0xa, 0xff, 0xff, 0xe0, 0x0, 0x0, 0x9e,
    0xfe, 0xa0,

    /* U+0075 "u" */
    0x1f, 0xfa, 0x0, 0x0, 0xf, 0xfd, 0x1f, 0xfa,
    0x0, 0x0, 0xf, 0xfd, 0x1f, 0xfa, 0x0, 0x0,
    0xf, 0xfd, 0x1f, 0xfa, 0x0, 0x0, 0xf, 0xfd,
    0x1f, 0xfa, 0x0, 0x0, 0xf, 0xfd, 0x1f, 0xfa,
    0x0, 0x0, 0xf, 0xfd, 0x1f, 0xfa, 0x0, 0x0,
    0xf, 0xfd, 0x1f, 0xfa, 0x0, 0x0, 0xf, 0xfd,
    0x1f, 0xfb, 0x0, 0x0, 0xf, 0xfd, 0xf, 0xfc,
    0x0, 0x0, 0x1f, 0xfd, 0xe, 0xff, 0x10, 0x1,
    0xcf, 0xfd, 0xa, 0xff, 0xe8, 0x8e, 0xfe, 0xfd,
    0x2, 0xff, 0xff, 0xff, 0x69, 0xfd, 0x0, 0x3c,
    0xfe, 0xb3, 0x7, 0xfd,

    /* U+0076 "v" */
    0x8f, 0xf4, 0x0, 0x0, 0x1, 0xff, 0x93, 0xff,
    0x90, 0x0, 0x0, 0x6f, 0xf3, 0xd, 0xfe, 0x0,
    0x0, 0xa, 0xfe, 0x0, 0x8f, 0xf3, 0x0, 0x0,
    0xff, 0x90, 0x2, 0xff, 0x70, 0x0, 0x4f, 0xf4,
    0x0, 0xd, 0xfc, 0x0, 0x9, 0xfe, 0x0, 0x0,
    0x8f, 0xf1, 0x0, 0xef, 0x90, 0x0, 0x2, 0xff,
    0x60, 0x2f, 0xf4, 0x0, 0x0, 0xd, 0xfa, 0x7,
    0xff, 0x0, 0x0, 0x0, 0x8f, 0xe0, 0xbf, 0xa0,
    0x0, 0x0, 0x2, 0xff, 0x3f, 0xf5, 0x0, 0x0,
    0x0, 0xd, 0xfc, 0xff, 0x0, 0x0, 0x0, 0x0,
    0x8f, 0xff, 0xa0, 0x0, 0x0, 0x0, 0x2, 0xff,
    0xf5, 0x0, 0x0,

    /* U+0077 "w" */
    0x3f, 0xf8, 0x0, 0x0, 0x6f, 0xf6, 0x0, 0x0,
    0x7f, 0xf1, 0xf, 0xfc, 0x0, 0x0, 0xaf, 0xfa,
    0x0, 0x0, 0xbf, 0xd0, 0xb, 0xff, 0x0, 0x0,
    0xef, 0xfe, 0x0, 0x0, 0xef, 0x90, 0x7, 0xff,
    0x30, 0x2, 0xfc, 0xef, 0x20, 0x2, 0xff, 0x50,
    0x3, 0xff, 0x70, 0x6, 0xf9, 0xbf, 0x60, 0x6,
    0xff, 0x20, 0x0, 0xff, 0xb0, 0x9, 0xf6, 0x8f,
    0xa0, 0x9, 0xfe, 0x0, 0x0, 0xbf, 0xe0, 0xd,
    0xf2, 0x4f, 0xe0, 0xd, 0xfa, 0x0, 0x0, 0x7f,
    0xf2, 0x1f, 0xe0, 0x1f, 0xf2, 0xf, 0xf6, 0x0,
    0x0, 0x3f, 0xf5, 0x5f, 0xb0, 0xd, 0xf5, 0x4f,
    0xf2, 0x0, 0x0, 0xe, 0xf8, 0x8f, 0x70, 0x9,
    0xf9, 0x7f, 0xe0, 0x0, 0x0, 0xa, 0xfb, 0xcf,
    0x30, 0x5, 0xfd, 0xaf, 0xa0, 0x0, 0x0, 0x6,
    0xfe, 0xff, 0x0, 0x1, 0xff, 0xef, 0x60, 0x0,
    0x0, 0x2, 0xff, 0xfc, 0x0, 0x0, 0xdf, 0xff,
    0x30, 0x0, 0x0, 0x0, 0xef, 0xf8, 0x0, 0x0,
    0x9f, 0xff, 0x0, 0x0,

    /* U+0078 "x" */
    0x1f, 0xfe, 0x0, 0x0, 0x2f, 0xfa, 0x0, 0x7f,
    0xf7, 0x0, 0xa, 0xff, 0x20, 0x0, 0xdf, 0xf1,
    0x2, 0xff, 0x80, 0x0, 0x4, 0xff, 0x90, 0xaf,
    0xe1, 0x0, 0x0, 0xa, 0xff, 0x4f, 0xf6, 0x0,
    0x0, 0x0, 0x1f, 0xff, 0xfd, 0x0, 0x0, 0x0,
    0x0, 0x8f, 0xff, 0x40, 0x0, 0x0, 0x0, 0xd,
    0xff, 0xf4, 0x0, 0x0, 0x0, 0x6, 0xff, 0xef,
    0xd0, 0x0, 0x0, 0x1, 0xef, 0x85, 0xff, 0x70,
    0x0, 0x0, 0x9f, 0xf1, 0xc, 0xff, 0x20, 0x0,
    0x3f, 0xf9, 0x0, 0x3f, 0xfb, 0x0, 0xc, 0xff,
    0x10, 0x0, 0xaf, 0xf5, 0x5, 0xff, 0x80, 0x0,
    0x1, 0xff, 0xe0,

    /* U+0079 "y" */
    0x8f, 0xf4, 0x0, 0x0, 0x1, 0xff, 0x92, 0xff,
    0xa0, 0x0, 0x0, 0x6f, 0xf3, 0xc, 0xff, 0x0,
    0x0, 0xa, 0xfe, 0x0, 0x6f, 0xf5, 0x0, 0x0,
    0xef, 0x90, 0x0, 0xff, 0xa0, 0x0, 0x3f, 0xf4,
    0x0, 0xa, 0xff, 0x0, 0x8, 0xfe, 0x0, 0x0,
    0x4f, 0xf5, 0x0, 0xdf, 0xa0, 0x0, 0x0, 0xef,
    0xa0, 0x1f, 0xf5, 0x0, 0x0, 0x8, 0xfe, 0x5,
    0xff, 0x0, 0x0, 0x0, 0x2f, 0xf4, 0x9f, 0xa0,
    0x0, 0x0, 0x0, 0xcf, 0x8e, 0xf5, 0x0, 0x0,
    0x0, 0x6, 0xff, 0xff, 0x0, 0x0, 0x0, 0x0,
    0x1f, 0xff, 0xb0, 0x0, 0x0, 0x0, 0x0, 0xaf,
    0xf6, 0x0, 0x0, 0x0, 0x0, 0x9, 0xff, 0x10,
    0x0, 0x0, 0x0, 0x0, 0xef, 0xb0, 0x0, 0x0,
    0x0, 0x0, 0x7f, 0xf4, 0x0, 0x0, 0x0, 0x35,
    0x8f, 0xfb, 0x0, 0x0, 0x0, 0xa, 0xff, 0xfe,
    0x10, 0x0, 0x0, 0x0, 0xcf, 0xe9, 0x10, 0x0,
    0x0, 0x0,

    /* U+007A "z" */
    0x6, 0xff, 0xff, 0xff, 0xff, 0xe0, 0x6, 0xff,
    0xff, 0xff, 0xff, 0xc0, 0x1, 0x44, 0x44, 0x4e,
    0xff, 0x40, 0x0, 0x0, 0x0, 0x6f, 0xf9, 0x0,
    0x0, 0x0, 0x1, 0xef, 0xe1, 0x0, 0x0, 0x0,
    0xa, 0xff, 0x50, 0x0, 0x0, 0x0, 0x4f, 0xfb,
    0x0, 0x0, 0x0, 0x0, 0xef, 0xf1, 0x0, 0x0,
    0x0, 0x9, 0xff, 0x60, 0x0, 0x0, 0x0, 0x3f,
    0xfc, 0x0, 0x0, 0x0, 0x0, 0xdf, 0xf2, 0x0,
    0x0, 0x0, 0x8, 0xff, 0xb4, 0x44, 0x44, 0x40,
    0x1f, 0xff, 0xff, 0xff, 0xff, 0xf1, 0x1f, 0xff,
    0xff, 0xff, 0xff, 0xf1,

    /* U+007B "{" */
    0x0, 0x1, 0xae, 0xf9, 0x0, 0xa, 0xff, 0xa5,
    0x0, 0xe, 0xf6, 0x0, 0x0, 0xf, 0xf3, 0x0,
    0x0, 0xf, 0xf3, 0x0, 0x0, 0xf, 0xf4, 0x0,
    0x0, 0xe, 0xf4, 0x0, 0x0, 0xd, 0xf5, 0x0,
    0x0, 0xc, 0xf5, 0x0, 0x0, 0xe, 0xf4, 0x0,
    0x1, 0x8f, 0xf1, 0x0, 0x1f, 0xfe, 0x50, 0x0,
    0x1d, 0xff, 0x80, 0x0, 0x0, 0x4f, 0xf2, 0x0,
    0x0, 0xd, 0xf4, 0x0, 0x0, 0xc, 0xf5, 0x0,
    0x0, 0xd, 0xf5, 0x0, 0x0, 0xe, 0xf4, 0x0,
    0x0, 0xf, 0xf4, 0x0, 0x0, 0xf, 0xf3, 0x0,
    0x0, 0xf, 0xf3, 0x0, 0x0, 0xe, 0xf6, 0x0,
    0x0, 0xa, 0xff, 0xa5, 0x0, 0x1, 0x9e, 0xf9,

    /* U+007C "|" */
    0x8f, 0x48, 0xf4, 0x8f, 0x48, 0xf4, 0x8f, 0x48,
    0xf4, 0x8f, 0x48, 0xf4, 0x8f, 0x48, 0xf4, 0x8f,
    0x48, 0xf4, 0x8f, 0x48, 0xf4, 0x8f, 0x48, 0xf4,
    0x8f, 0x48, 0xf4, 0x8f, 0x48, 0xf4, 0x8f, 0x48,
    0xf4, 0x8f, 0x48, 0xf4, 0x8f, 0x48, 0xf4, 0x8f,
    0x48, 0xf4,

    /* U+007D "}" */
    0xf, 0xfd, 0x50, 0x0, 0x9, 0xcf, 0xf3, 0x0,
    0x0, 0xe, 0xf7, 0x0, 0x0, 0xb, 0xf8, 0x0,
    0x0, 0xb, 0xf8, 0x0, 0x0, 0xb, 0xf8, 0x0,
    0x0, 0xc, 0xf6, 0x0, 0x0, 0xc, 0xf5, 0x0,
    0x0, 0xc, 0xf5, 0x0, 0x0, 0xc, 0xf7, 0x0,
    0x0, 0x8, 0xfe, 0x30, 0x0, 0x0, 0xaf, 0xfa,
    0x0, 0x2, 0xdf, 0xf7, 0x0, 0x9, 0xfc, 0x0,
    0x0, 0xc, 0xf6, 0x0, 0x0, 0xc, 0xf5, 0x0,
    0x0, 0xc, 0xf6, 0x0, 0x0, 0xc, 0xf7, 0x0,
    0x0, 0xb, 0xf8, 0x0, 0x0, 0xb, 0xf8, 0x0,
    0x0, 0xb, 0xf8, 0x0, 0x0, 0xe, 0xf7, 0x0,
    0x9, 0xdf, 0xf2, 0x0, 0xf, 0xfd, 0x50, 0x0,

    /* U+007E "~" */
    0x0, 0x0, 0x0, 0x0, 0x0, 0x0, 0x0, 0x6,
    0xef, 0xe6, 0x0, 0x0, 0x30, 0x7, 0xff, 0xff,
    0xfc, 0x42, 0x9f, 0x70, 0xae, 0x30, 0x3d, 0xff,
    0xff, 0xe2, 0x0, 0x20, 0x0, 0x8, 0xef, 0xa1,
    0x0,

    /* U+3001 "、" */
    0x2, 0x30, 0x0, 0x0, 0x3e, 0xf5, 0x0, 0x0,
    0x7f, 0xff, 0x60, 0x0, 0x6, 0xff, 0xf5, 0x0,
    0x0, 0x5f, 0xff, 0x40, 0x0, 0x6, 0xff, 0xf2,
    0x0, 0x0, 0x7f, 0x80, 0x0, 0x0, 0x3, 0x0,

    /* U+3002 "。" */
    0x0, 0x2a, 0xdc, 0x50, 0x0, 0x3f, 0xe9, 0xcf,
    0x70, 0xb, 0xd1, 0x0, 0x9f, 0x10, 0xf7, 0x0,
    0x2, 0xf5, 0xf, 0x70, 0x0, 0x1f, 0x50, 0xcc,
    0x0, 0x8, 0xf1, 0x4, 0xfc, 0x7a, 0xf8, 0x0,
    0x4, 0xcf, 0xd7, 0x0,

    /* U+4E00 "一" */
    0x67, 0x77, 0x77, 0x77, 0x77, 0x77, 0x77, 0x77,
    0x77, 0x77, 0x77, 0xef, 0xff, 0xff, 0xff, 0xff,
    0xff, 0xff, 0xff, 0xff, 0xff, 0xff, 0xdf, 0xff,
    0xff, 0xff, 0xff, 0xff, 0xff, 0xff, 0xff, 0xff,
    0xfe,

    /* U+4E0B "下" */
    0x15, 0x55, 0x55, 0x55, 0x55, 0x55, 0x55, 0x55,
    0x55, 0x55, 0x54, 0x5f, 0xff, 0xff, 0xff, 0xff,
    0xff, 0xff, 0xff, 0xff, 0xff, 0xfd, 0x5f, 0xff,
    0xff, 0xff, 0xff, 0xff, 0xff, 0xff, 0xff, 0xff,
    0xfc, 0x0, 0x0, 0x0, 0x0, 0x7, 0xfe, 0x0,
    0x0, 0x0, 0x0, 0x0, 0x0, 0x0, 0x0, 0x0,
    0x7, 0xfe, 0x0, 0x0, 0x0, 0x0, 0x0, 0x0,
    0x0, 0x0, 0x0, 0x7, 0xfe, 0x0, 0x0, 0x0,
    0x0, 0x0, 0x0, 0x0, 0x0, 0x0, 0x7, 0xfe,
    0x40, 0x0, 0x0, 0x0, 0x0, 0x0, 0x0, 0x0,
    0x0, 0x7, 0xff, 0xfd, 0x50, 0x0, 0x0, 0x0,
    0x0, 0x0, 0x0, 0x0, 0x7, 0xff, 0xff, 0xfc,
    0x30, 0x0, 0x0, 0x0, 0x0, 0x0, 0x0, 0x7,
    0xfe, 0x3c, 0xff, 0xfa, 0x10, 0x0, 0x0, 0x0,
    0x0, 0x0, 0x7, 0xfe, 0x0, 0x6e, 0xff, 0xe6,
    0x0, 0x0, 0x0, 0x0, 0x0, 0x7, 0xfe, 0x0,
    0x1, 0xaf, 0xff, 0x60, 0x0, 0x0, 0x0, 0x0,
    0x7, 0xfe, 0x0, 0x0, 0x5, 0xec, 0x0, 0x0,
    0x0, 0x0, 0x0, 0x7, 0xfe, 0x0, 0x0, 0x0,
    0x21, 0x0, 0x0, 0x0, 0x0, 0x0, 0x7, 0xfe,
    0x0, 0x0, 0x0, 0x0, 0x0, 0x0, 0x0, 0x0,
    0x0, 0x7, 0xfe, 0x0, 0x0, 0x0, 0x0, 0x0,
    0x0, 0x0, 0x0, 0x0, 0x7, 0xfe, 0x0, 0x0,
    0x0, 0x0, 0x0, 0x0, 0x0, 0x0, 0x0, 0x7,
    0xfe, 0x0, 0x0, 0x0, 0x0, 0x0, 0x0, 0x0,
    0x0, 0x0, 0x7, 0xfe, 0x0, 0x0, 0x0, 0x0,
    0x0, 0x0, 0x0, 0x0, 0x0, 0x7, 0xfe, 0x0,
    0x0, 0x0, 0x0, 0x0, 0x0, 0x0, 0x0, 0x0,
    0x7, 0xfe, 0x0, 0x0, 0x0, 0x0, 0x0,

    /* U+4E2D "中" */
    0x0, 0x0, 0x0, 0x0, 0x6f, 0xe0, 0x0, 0x0,
    0x0, 0x0, 0x0, 0x0, 0x0, 0x0, 0x6f, 0xe0,
    0x0, 0x0, 0x0, 0x0, 0x0, 0x0, 0x0, 0x0,
    0x6f, 0xe0, 0x0, 0x0, 0x0, 0x0, 0x0, 0x0,
    0x0, 0x0, 0x6f, 0xe0, 0x0, 0x0, 0x0, 0x0,
    0xdf, 0xff, 0xff, 0xff, 0xff, 0xff, 0xff, 0xff,
    0xff, 0xf6, 0xef, 0xff, 0xff, 0xff, 0xff, 0xff,
    0xff, 0xff, 0xff, 0xf6, 0xef, 0x73, 0x33, 0x33,
    0x8f, 0xf3, 0x33, 0x33, 0x3f, 0xf6, 0xef, 0x50,
    0x0, 0x0, 0x6f, 0xe0, 0x0, 0x0, 0xe, 0xf6,
    0xef, 0x50, 0x0, 0x0, 0x6f, 0xe0, 0x0, 0x0,
    0xe, 0xf6, 0xef, 0x50, 0x0, 0x0, 0x6f, 0xe0,
    0x0, 0x0, 0xe, 0xf6, 0xef, 0x50, 0x0, 0x0,
    0x6f, 0xe0, 0x0, 0x0, 0xe, 0xf6, 0xef, 0x50,
    0x0, 0x0, 0x6f, 0xe0, 0x0, 0x0, 0xe, 0xf6,
    0xef, 0xff, 0xff, 0xff, 0xff, 0xff, 0xff, 0xff,
    0xff, 0xf6, 0xef, 0xff, 0xff, 0xff, 0xff, 0xff,
    0xff, 0xff, 0xff, 0xf6, 0xef, 0x73, 0x33, 0x33,
    0x8f, 0xf3, 0x33, 0x33, 0x3f, 0xf6, 0x9a, 0x30,
    0x0, 0x0, 0x6f, 0xe0, 0x0, 0x0, 0x7, 0x83,
    0x0, 0x0, 0x0, 0x0, 0x6f, 0xe0, 0x0, 0x0,
    0x0, 0x0, 0x0, 0x0, 0x0, 0x0, 0x6f, 0xe0,
    0x0, 0x0, 0x0, 0x0, 0x0, 0x0, 0x0, 0x0,
    0x6f, 0xe0, 0x0, 0x0, 0x0, 0x0, 0x0, 0x0,
    0x0, 0x0, 0x6f, 0xe0, 0x0, 0x0, 0x0, 0x0,
    0x0, 0x0, 0x0, 0x0, 0x6f, 0xe0, 0x0, 0x0,
    0x0, 0x0, 0x0, 0x0, 0x0, 0x0, 0x6f, 0xe0,
    0x0, 0x0, 0x0, 0x0,

    /* U+4ED6 "他" */
    0x0, 0x0, 0x0, 0x0, 0x0, 0x0, 0x0, 0x0,
    0x0, 0x0, 0x0, 0x0, 0x0, 0x0, 0x0, 0xda,
    0x20, 0x0, 0x0, 0x3f, 0xe0, 0x0, 0x0, 0x0,
    0x0, 0x0, 0x5, 0xff, 0x0, 0x0, 0x0, 0x3f,
    0xe0, 0x0, 0x0, 0x0, 0x0, 0x0, 0xd, 0xf8,
    0x2, 0xa9, 0x0, 0x3f, 0xe0, 0x0, 0x0, 0x0,
    0x0, 0x0, 0x5f, 0xf1, 0x4, 0xfe, 0x0, 0x3f,
    0xe0, 0x0, 0x10, 0x0, 0x0, 0x0, 0xef, 0x80,
    0x4, 0xfe, 0x0, 0x3f, 0xe0, 0x17, 0xfd, 0x10,
    0x0, 0x8, 0xff, 0x0, 0x4, 0xfe, 0x0, 0x3f,
    0xfa, 0xff, 0xff, 0x10, 0x0, 0x3f, 0xff, 0x0,
    0x4, 0xfe, 0x2, 0x9f, 0xff, 0xfc, 0xff, 0x10,
    0x1, 0xdf, 0xff, 0x0, 0x4, 0xff, 0xbf, 0xff,
    0xf9, 0x30, 0xff, 0x0, 0xc, 0xff, 0xff, 0x0,
    0x2a, 0xff, 0xff, 0xdf, 0xe0, 0x0, 0xff, 0x0,
    0x4f, 0xf9, 0xff, 0x3c, 0xff, 0xff, 0x92, 0x3f,
    0xe0, 0x0, 0xff, 0x0, 0xb, 0x84, 0xff, 0xe,
    0xfd, 0xfe, 0x0, 0x3f, 0xe0, 0x1, 0xff, 0x0,
    0x1, 0x4, 0xff, 0x4, 0x24, 0xfe, 0x0, 0x3f,
    0xe0, 0x1, 0xff, 0x0, 0x0, 0x4, 0xff, 0x0,
    0x4, 0xfe, 0x0, 0x3f, 0xe0, 0x3, 0xfe, 0x0,
    0x0, 0x4, 0xff, 0x0, 0x4, 0xfe, 0x0, 0x3f,
    0xe4, 0xad, 0xfc, 0x0, 0x0, 0x4, 0xff, 0x0,
    0x4, 0xfe, 0x0, 0x3f, 0xe2, 0xff, 0xf4, 0x0,
    0x0, 0x4, 0xff, 0x0, 0x4, 0xfe, 0x0, 0x3f,
    0xe0, 0x54, 0x10, 0x0, 0x0, 0x4, 0xff, 0x0,
    0x4, 0xfe, 0x0, 0x17, 0x60, 0x0, 0x8, 0x10,
    0x0, 0x4, 0xff, 0x0, 0x4, 0xfe, 0x0, 0x0,
    0x0, 0x0, 0x1f, 0xf0, 0x0, 0x4, 0xff, 0x0,
    0x4, 0xff, 0x0, 0x0, 0x0, 0x0, 0x3f, 0xe0,
    0x0, 0x4, 0xff, 0x0, 0x2, 0xff, 0x40, 0x0,
    0x0, 0x0, 0xaf, 0xb0, 0x0, 0x4, 0xff, 0x0,
    0x0, 0xef, 0xff, 0xff, 0xff, 0xff, 0xff, 0x50,
    0x0, 0x4, 0xff, 0x0, 0x0, 0x3b, 0xef, 0xff,
    0xff, 0xff, 0xe7, 0x0,

    /* U+4F4E "低" */
    0x0, 0x0, 0x0, 0x0, 0x0, 0x0, 0x0, 0x0,
    0x0, 0x0, 0x0, 0x0, 0x0, 0x0, 0x1, 0xea,
    0x10, 0x0, 0x0, 0x0, 0x4, 0x8d, 0xc0, 0x0,
    0x0, 0x0, 0x7, 0xfe, 0x0, 0x0, 0x25, 0x9c,
    0xff, 0xff, 0xfa, 0x0, 0x0, 0x0, 0xd, 0xf8,
    0xa, 0xdf, 0xff, 0xff, 0xff, 0xb7, 0x20, 0x0,
    0x0, 0x0, 0x5f, 0xf1, 0xf, 0xff, 0xeb, 0x89,
    0xfc, 0x0, 0x0, 0x0, 0x0, 0x0, 0xdf, 0x90,
    0xf, 0xf2, 0x0, 0x5, 0xfc, 0x0, 0x0, 0x0,
    0x0, 0x7, 0xff, 0x20, 0xf, 0xf1, 0x0, 0x4,
    0xfd, 0x0, 0x0, 0x0, 0x0, 0x1e, 0xff, 0x20,
    0xf, 0xf1, 0x0, 0x3, 0xfe, 0x0, 0x0, 0x0,
    0x0, 0xaf, 0xff, 0x20, 0xf, 0xf1, 0x0, 0x2,
    0xff, 0x0, 0x0, 0x0, 0x6, 0xff, 0xff, 0x20,
    0xf, 0xf3, 0x22, 0x23, 0xff, 0x22, 0x22, 0x10,
    0x2f, 0xfb, 0xff, 0x20, 0xf, 0xff, 0xff, 0xff,
    0xff, 0xff, 0xff, 0xc0, 0xd, 0xe1, 0xff, 0x20,
    0xf, 0xff, 0xff, 0xff, 0xff, 0xff, 0xff, 0xb0,
    0x4, 0x30, 0xff, 0x20, 0xf, 0xf1, 0x0, 0x0,
    0xcf, 0x50, 0x0, 0x0, 0x0, 0x0, 0xff, 0x20,
    0xf, 0xf1, 0x0, 0x0, 0xaf, 0x70, 0x0, 0x0,
    0x0, 0x0, 0xff, 0x20, 0xf, 0xf1, 0x0, 0x0,
    0x8f, 0xa0, 0x0, 0x0, 0x0, 0x0, 0xff, 0x20,
    0xf, 0xf1, 0x0, 0x0, 0x5f, 0xd0, 0x0, 0x0,
    0x0, 0x0, 0xff, 0x20, 0xf, 0xf1, 0x0, 0x0,
    0x2f, 0xf0, 0x0, 0x0, 0x0, 0x0, 0xff, 0x20,
    0xf, 0xf1, 0x0, 0x75, 0xf, 0xf4, 0x6, 0x60,
    0x0, 0x0, 0xff, 0x20, 0xf, 0xf1, 0x0, 0xee,
    0xa, 0xf9, 0x8, 0xf2, 0x0, 0x0, 0xff, 0x20,
    0xf, 0xf1, 0x26, 0x7f, 0x65, 0xff, 0x1b, 0xf0,
    0x0, 0x0, 0xff, 0x20, 0x3f, 0xfe, 0xff, 0x2f,
    0xd0, 0xef, 0xff, 0xb0, 0x0, 0x0, 0xff, 0x20,
    0xcf, 0xff, 0xd8, 0xa, 0xf4, 0x5f, 0xff, 0x50,
    0x0, 0x0, 0xff, 0x20, 0x6c, 0x62, 0x0, 0x3,
    0x61, 0x5, 0xc8, 0x0, 0x0, 0x0, 0x0, 0x0,
    0x0, 0x0, 0x0, 0x0, 0x0, 0x0, 0x0, 0x0,

    /* U+4F7F "使" */
    0x0, 0x0, 0x0, 0x20, 0x0, 0x0, 0x0, 0x22,
    0x0, 0x0, 0x0, 0x0, 0x0, 0x0, 0x0, 0xef,
    0x50, 0x0, 0x0, 0xdf, 0x50, 0x0, 0x0, 0x0,
    0x0, 0x0, 0x5, 0xff, 0x10, 0x0, 0x0, 0xdf,
    0x50, 0x0, 0x0, 0x0, 0x0, 0x0, 0xd, 0xfb,
    0xdd, 0xdd, 0xdd, 0xff, 0xed, 0xdd, 0xdd, 0xd0,
    0x0, 0x0, 0x6f, 0xf3, 0xff, 0xff, 0xff, 0xff,
    0xff, 0xff, 0xff, 0xf0, 0x0, 0x1, 0xff, 0x80,
    0x33, 0x33, 0x33, 0xdf, 0x73, 0x33, 0x33, 0x20,
    0x0, 0xb, 0xff, 0x30, 0x0, 0x0, 0x0, 0xdf,
    0x50, 0x0, 0x0, 0x0, 0x0, 0x6f, 0xff, 0x30,
    0x6c, 0xcc, 0xcc, 0xff, 0xdc, 0xcc, 0xcc, 0x30,
    0x4, 0xff, 0xff, 0x30, 0x9f, 0xff, 0xff, 0xff,
    0xff, 0xff, 0xff, 0x40, 0x3f, 0xfd, 0xff, 0x30,
    0x9f, 0x81, 0x11, 0xdf, 0x61, 0x11, 0xdf, 0x40,
    0x1f, 0xf3, 0xef, 0x30, 0x9f, 0x70, 0x0, 0xdf,
    0x50, 0x0, 0xdf, 0x40, 0x8, 0x40, 0xef, 0x30,
    0x9f, 0x70, 0x0, 0xdf, 0x50, 0x0, 0xdf, 0x40,
    0x0, 0x0, 0xef, 0x30, 0x9f, 0xec, 0xcc, 0xff,
    0xdc, 0xcc, 0xff, 0x40, 0x0, 0x0, 0xef, 0x30,
    0x9f, 0xff, 0xff, 0xff, 0xff, 0xff, 0xff, 0x40,
    0x0, 0x0, 0xef, 0x30, 0x15, 0x40, 0x2, 0xff,
    0x20, 0x0, 0x0, 0x0, 0x0, 0x0, 0xef, 0x30,
    0x4f, 0xe1, 0x4, 0xfe, 0x0, 0x0, 0x0, 0x0,
    0x0, 0x0, 0xef, 0x30, 0x9, 0xfd, 0x1a, 0xfa,
    0x0, 0x0, 0x0, 0x0, 0x0, 0x0, 0xef, 0x30,
    0x0, 0xbf, 0xef, 0xf4, 0x0, 0x0, 0x0, 0x0,
    0x0, 0x0, 0xef, 0x30, 0x0, 0xb, 0xff, 0xf2,
    0x0, 0x0, 0x0, 0x0, 0x0, 0x0, 0xef, 0x30,
    0x0, 0x5e, 0xff, 0xff, 0xb5, 0x0, 0x0, 0x0,
    0x0, 0x0, 0xef, 0x31, 0x6c, 0xff, 0xd4, 0xaf,
    0xff, 0xfc, 0x86, 0x30, 0x0, 0x0, 0xef, 0x3b,
    0xff, 0xf9, 0x0, 0x2, 0x9e, 0xff, 0xff, 0xc0,
    0x0, 0x0, 0xef, 0x31, 0xc8, 0x10, 0x0, 0x0,
    0x0, 0x37, 0xad, 0x30,

    /* U+4FE1 "信" */
    0x0, 0x0, 0x1, 0xb6, 0x0, 0x0, 0x5, 0xb4,
    0x0, 0x0, 0x0, 0x0, 0x0, 0x0, 0x7f, 0xd0,
    0x0, 0x0, 0x7f, 0xd0, 0x0, 0x0, 0x0, 0x0,
    0x0, 0xe, 0xf6, 0x0, 0x0, 0x0, 0xef, 0x60,
    0x0, 0x0, 0x0, 0x0, 0x5, 0xfe, 0x11, 0x11,
    0x11, 0x18, 0xc5, 0x11, 0x11, 0x11, 0x0, 0x0,
    0xdf, 0x75, 0xff, 0xff, 0xff, 0xff, 0xff, 0xff,
    0xff, 0xe0, 0x0, 0x7f, 0xf1, 0x3c, 0xcc, 0xcc,
    0xcc, 0xcc, 0xcc, 0xcc, 0xcb, 0x0, 0x1f, 0xff,
    0x10, 0x0, 0x0, 0x0, 0x0, 0x0, 0x0, 0x0,
    0x0, 0xc, 0xff, 0xf1, 0x0, 0x8d, 0xdd, 0xdd,
    0xdd, 0xdd, 0xdd, 0x10, 0x9, 0xff, 0xff, 0x10,
    0x9, 0xff, 0xff, 0xff, 0xff, 0xff, 0xf1, 0x0,
    0xef, 0x5f, 0xf1, 0x0, 0x0, 0x0, 0x0, 0x0,
    0x0, 0x0, 0x0, 0x5, 0x80, 0xff, 0x10, 0x6,
    0xaa, 0xaa, 0xaa, 0xaa, 0xaa, 0xa0, 0x0, 0x0,
    0xf, 0xf1, 0x0, 0x9f, 0xff, 0xff, 0xff, 0xff,
    0xff, 0x10, 0x0, 0x0, 0xff, 0x10, 0x1, 0x22,
    0x22, 0x22, 0x22, 0x22, 0x20, 0x0, 0x0, 0xf,
    0xf1, 0x0, 0x0, 0x0, 0x0, 0x0, 0x0, 0x0,
    0x0, 0x0, 0x0, 0xff, 0x10, 0xe, 0xff, 0xff,
    0xff, 0xff, 0xff, 0xf5, 0x0, 0x0, 0xf, 0xf1,
    0x0, 0xff, 0xdd, 0xdd, 0xdd, 0xdd, 0xff, 0x50,
    0x0, 0x0, 0xff, 0x10, 0xf, 0xf0, 0x0, 0x0,
    0x0, 0xa, 0xf5, 0x0, 0x0, 0xf, 0xf1, 0x0,
    0xff, 0x0, 0x0, 0x0, 0x0, 0xaf, 0x50, 0x0,
    0x0, 0xff, 0x10, 0xf, 0xf0, 0x0, 0x0, 0x0,
    0xa, 0xf5, 0x0, 0x0, 0xf, 0xf1, 0x0, 0xff,
    0xcc, 0xcc, 0xcc, 0xcc, 0xef, 0x50, 0x0, 0x0,
    0xff, 0x10, 0xf, 0xff, 0xff, 0xff, 0xff, 0xff,
    0xf5, 0x0, 0x0, 0xf, 0xf1, 0x0, 0xde, 0x0,
    0x0, 0x0, 0x0, 0x8d, 0x40,

    /* U+50A8 "储" */
    0x0, 0x0, 0x1, 0x0, 0x0, 0x0, 0x0, 0x2,
    0x10, 0x0, 0x0, 0x0, 0x0, 0x5, 0xf9, 0x0,
    0x0, 0x0, 0x3, 0xfd, 0x0, 0x2, 0x62, 0x0,
    0x0, 0xaf, 0x66, 0xa0, 0x0, 0x0, 0x3f, 0xd0,
    0x0, 0xaf, 0x70, 0x0, 0xf, 0xf1, 0xbf, 0xa0,
    0xd, 0xdd, 0xff, 0xdd, 0x7f, 0xf1, 0x0, 0x5,
    0xfa, 0x0, 0xdf, 0x81, 0xff, 0xff, 0xff, 0xff,
    0xf8, 0x0, 0x0, 0xcf, 0x40, 0x2, 0xfc, 0x1,
    0x14, 0xfd, 0x15, 0xfe, 0x10, 0x0, 0x3f, 0xf1,
    0x0, 0x3, 0x0, 0x0, 0x3f, 0xd0, 0xef, 0x60,
    0x0, 0xb, 0xff, 0x10, 0x0, 0x0, 0x34, 0x46,
    0xfd, 0xaf, 0xe4, 0x43, 0x4, 0xff, 0xf2, 0xdd,
    0xdd, 0xc, 0xff, 0xff, 0xff, 0xff, 0xff, 0xe0,
    0xdf, 0xff, 0x2f, 0xff, 0xf0, 0x8b, 0xbb, 0xef,
    0xfb, 0xbb, 0xba, 0x4f, 0xce, 0xf1, 0x44, 0xef,
    0x0, 0x0, 0x5f, 0xf8, 0x0, 0x0, 0x0, 0xc3,
    0xef, 0x10, 0xe, 0xf0, 0x0, 0x6f, 0xfa, 0x0,
    0x0, 0x0, 0x1, 0xe, 0xf1, 0x0, 0xef, 0x0,
    0x9f, 0xff, 0xcb, 0xbb, 0xbb, 0x0, 0x0, 0xef,
    0x10, 0xe, 0xf2, 0xdf, 0xff, 0xff, 0xff, 0xff,
    0xf0, 0x0, 0xe, 0xf1, 0x0, 0xef, 0xb, 0xfd,
    0xf5, 0x0, 0x1, 0xff, 0x0, 0x0, 0xef, 0x10,
    0xe, 0xf0, 0x1, 0x9f, 0x50, 0x0, 0xf, 0xf0,
    0x0, 0xe, 0xf1, 0x0, 0xef, 0x0, 0x9, 0xff,
    0xff, 0xff, 0xff, 0x0, 0x0, 0xef, 0x10, 0xe,
    0xf0, 0x62, 0x9f, 0xcb, 0xbb, 0xbf, 0xf0, 0x0,
    0xe, 0xf1, 0x0, 0xef, 0xcf, 0x79, 0xf5, 0x0,
    0x0, 0xff, 0x0, 0x0, 0xef, 0x10, 0x3f, 0xff,
    0xc2, 0x9f, 0x50, 0x0, 0x1f, 0xf0, 0x0, 0xe,
    0xf1, 0x9, 0xff, 0x70, 0x9, 0xff, 0xff, 0xff,
    0xff, 0x0, 0x0, 0xef, 0x10, 0x1c, 0x20, 0x0,
    0x9f, 0xdc, 0xcc, 0xcf, 0xf0, 0x0, 0xe, 0xf1,
    0x0, 0x0, 0x0, 0x8, 0xf5, 0x0, 0x0, 0xed,
    0x0,

    /* U+5145 "充" */
    0x0, 0x0, 0x0, 0x0, 0x0, 0x0, 0x0, 0x0,
    0x0, 0x0, 0x0, 0x0, 0x0, 0x0, 0x0, 0x0,
    0x5c, 0xd0, 0x0, 0x0, 0x0, 0x0, 0x0, 0x0,
    0x0, 0x0, 0x0, 0x3, 0xff, 0x80, 0x0, 0x0,
    0x0, 0x0, 0x0, 0x0, 0x0, 0x0, 0x0, 0xa,
    0xff, 0x10, 0x0, 0x0, 0x0, 0x0, 0x3, 0x33,
    0x33, 0x33, 0x33, 0x6f, 0xa4, 0x33, 0x33, 0x33,
    0x32, 0x2, 0xff, 0xff, 0xff, 0xff, 0xff, 0xff,
    0xff, 0xff, 0xff, 0xff, 0x90, 0x1f, 0xff, 0xff,
    0xff, 0xff, 0xff, 0xff, 0xff, 0xff, 0xff, 0xf9,
    0x0, 0x0, 0x0, 0x7, 0xff, 0x80, 0x0, 0x1,
    0x50, 0x0, 0x0, 0x0, 0x0, 0x0, 0x5, 0xff,
    0xa0, 0x0, 0x2, 0xff, 0x90, 0x0, 0x0, 0x0,
    0x0, 0x3, 0xff, 0xb0, 0x0, 0x0, 0x5, 0xff,
    0xb0, 0x0, 0x0, 0x0, 0x4, 0xff, 0xb0, 0x0,
    0x0, 0x11, 0x26, 0xff, 0xc0, 0x0, 0x0, 0x8,
    0xff, 0xfd, 0xde, 0xff, 0xff, 0xff, 0xff, 0xff,
    0xc0, 0x0, 0x0, 0x8f, 0xff, 0xff, 0xff, 0xff,
    0xff, 0xfe, 0xdc, 0xff, 0xc0, 0x0, 0x2, 0xb8,
    0x75, 0xef, 0xa2, 0x14, 0xff, 0x20, 0x6, 0xfb,
    0x10, 0x0, 0x0, 0x0, 0xf, 0xf7, 0x0, 0x4f,
    0xf2, 0x0, 0x5, 0x0, 0x0, 0x0, 0x0, 0x3,
    0xff, 0x40, 0x4, 0xff, 0x20, 0x0, 0x0, 0x0,
    0x0, 0x0, 0x0, 0x7f, 0xf1, 0x0, 0x4f, 0xf2,
    0x0, 0x0, 0x0, 0x0, 0x0, 0x0, 0xd, 0xfc,
    0x0, 0x4, 0xff, 0x20, 0x0, 0xc, 0x70, 0x0,
    0x0, 0x7, 0xff, 0x50, 0x0, 0x4f, 0xf2, 0x0,
    0x0, 0xef, 0x30, 0x0, 0x6, 0xff, 0xc0, 0x0,
    0x4, 0xff, 0x20, 0x0, 0xf, 0xf1, 0x0, 0x3b,
    0xff, 0xe2, 0x0, 0x0, 0x3f, 0xf5, 0x11, 0x16,
    0xff, 0x2, 0xcf, 0xff, 0xd2, 0x0, 0x0, 0x0,
    0xff, 0xff, 0xff, 0xff, 0xa0, 0xb, 0xfe, 0x70,
    0x0, 0x0, 0x0, 0x5, 0xdf, 0xff, 0xff, 0xb1,
    0x0, 0x25, 0x0, 0x0, 0x0, 0x0, 0x0, 0x0,
    0x0, 0x0, 0x0, 0x0,

    /* U+5165 "入" */
    0x0, 0x0, 0x0, 0x8, 0x0, 0x0, 0x0, 0x0,
    0x0, 0x0, 0x0, 0x0, 0x0, 0x0, 0xa, 0xfc,
    0x10, 0x0, 0x0, 0x0, 0x0, 0x0, 0x0, 0x0,
    0x0, 0x0, 0x9f, 0xfc, 0x0, 0x0, 0x0, 0x0,
    0x0, 0x0, 0x0, 0x0, 0x0, 0x0, 0x7f, 0xfb,
    0x0, 0x0, 0x0, 0x0, 0x0, 0x0, 0x0, 0x0,
    0x0, 0x0, 0x8f, 0xf7, 0x0, 0x0, 0x0, 0x0,
    0x0, 0x0, 0x0, 0x0, 0x0, 0x0, 0xaf, 0xf2,
    0x0, 0x0, 0x0, 0x0, 0x0, 0x0, 0x0, 0x0,
    0x0, 0x7, 0xff, 0xc0, 0x0, 0x0, 0x0, 0x0,
    0x0, 0x0, 0x0, 0x0, 0x0, 0xbf, 0xff, 0x40,
    0x0, 0x0, 0x0, 0x0, 0x0, 0x0, 0x0, 0x0,
    0xf, 0xff, 0xfd, 0x0, 0x0, 0x0, 0x0, 0x0,
    0x0, 0x0, 0x0, 0x6, 0xff, 0x7f, 0xf5, 0x0,
    0x0, 0x0, 0x0, 0x0, 0x0, 0x0, 0x0, 0xbf,
    0xe0, 0xaf, 0xe0, 0x0, 0x0, 0x0, 0x0, 0x0,
    0x0, 0x0, 0x3f, 0xf8, 0x2, 0xff, 0x70, 0x0,
    0x0, 0x0, 0x0, 0x0, 0x0, 0xa, 0xff, 0x10,
    0xa, 0xff, 0x10, 0x0, 0x0, 0x0, 0x0, 0x0,
    0x3, 0xff, 0x90, 0x0, 0x1f, 0xf9, 0x0, 0x0,
    0x0, 0x0, 0x0, 0x0, 0xdf, 0xf1, 0x0, 0x0,
    0x8f, 0xf4, 0x0, 0x0, 0x0, 0x0, 0x0, 0x9f,
    0xf7, 0x0, 0x0, 0x0, 0xef, 0xe1, 0x0, 0x0,
    0x0, 0x0, 0x7f, 0xfc, 0x0, 0x0, 0x0, 0x5,
    0xff, 0xd1, 0x0, 0x0, 0x0, 0x7f, 0xfe, 0x10,
    0x0, 0x0, 0x0, 0xa, 0xff, 0xd1, 0x0, 0x1,
    0xaf, 0xfe, 0x20, 0x0, 0x0, 0x0, 0x0, 0xc,
    0xff, 0xe5, 0x6, 0xef, 0xfe, 0x20, 0x0, 0x0,
    0x0, 0x0, 0x0, 0x1c, 0xff, 0xe0, 0x4f, 0xfb,
    0x10, 0x0, 0x0, 0x0, 0x0, 0x0, 0x0, 0xa,
    0xf7, 0x0, 0x36, 0x0, 0x0, 0x0, 0x0, 0x0,
    0x0, 0x0, 0x0, 0x4, 0x10,

    /* U+5171 "共" */
    0x0, 0x0, 0x4, 0xff, 0x0, 0x0, 0x0, 0xcf,
    0x70, 0x0, 0x0, 0x0, 0x0, 0x4, 0xff, 0x0,
    0x0, 0x0, 0xdf, 0x80, 0x0, 0x0, 0x0, 0x0,
    0x4, 0xff, 0x0, 0x0, 0x0, 0xdf, 0x80, 0x0,
    0x0, 0x0, 0x0, 0x4, 0xff, 0x0, 0x0, 0x0,
    0xdf, 0x80, 0x0, 0x0, 0x2, 0x33, 0x37, 0xff,
    0x33, 0x33, 0x33, 0xdf, 0x93, 0x33, 0x30, 0xc,
    0xff, 0xff, 0xff, 0xff, 0xff, 0xff, 0xff, 0xff,
    0xff, 0xf2, 0xb, 0xff, 0xff, 0xff, 0xff, 0xff,
    0xff, 0xff, 0xff, 0xff, 0xf1, 0x0, 0x0, 0x4,
    0xff, 0x0, 0x0, 0x0, 0xdf, 0x80, 0x0, 0x0,
    0x0, 0x0, 0x4, 0xff, 0x0, 0x0, 0x0, 0xdf,
    0x80, 0x0, 0x0, 0x0, 0x0, 0x4, 0xff, 0x0,
    0x0, 0x0, 0xdf, 0x80, 0x0, 0x0, 0x0, 0x0,
    0x4, 0xff, 0x0, 0x0, 0x0, 0xdf, 0x80, 0x0,
    0x0, 0x0, 0x0, 0x4, 0xff, 0x0, 0x0, 0x0,
    0xdf, 0x80, 0x0, 0x0, 0xaf, 0xff, 0xff, 0xff,
    0xff, 0xff, 0xff, 0xff, 0xff, 0xff, 0xfe, 0xaf,
    0xff, 0xff, 0xff, 0xff, 0xff, 0xff, 0xff, 0xff,
    0xff, 0xfe, 0x23, 0x33, 0x33, 0x33, 0x33, 0x33,
    0x33, 0x33, 0x33, 0x33, 0x32, 0x0, 0x0, 0x0,
    0x45, 0x0, 0x0, 0x0, 0x64, 0x0, 0x0, 0x0,
    0x0, 0x0, 0x4, 0xff, 0xc0, 0x0, 0xa, 0xff,
    0x80, 0x0, 0x0, 0x0, 0x0, 0x5f, 0xfe, 0x20,
    0x0, 0x0, 0xaf, 0xfc, 0x10, 0x0, 0x0, 0x9,
    0xff, 0xd2, 0x0, 0x0, 0x0, 0x7, 0xff, 0xe3,
    0x0, 0x3, 0xdf, 0xfb, 0x0, 0x0, 0x0, 0x0,
    0x0, 0x4f, 0xff, 0x60, 0x1e, 0xff, 0x80, 0x0,
    0x0, 0x0, 0x0, 0x0, 0x2, 0xef, 0xf4, 0x2,
    0xb3, 0x0, 0x0, 0x0, 0x0, 0x0, 0x0, 0x0,
    0x1b, 0x30,

    /* U+5176 "其" */
    0x0, 0x0, 0x2e, 0xe0, 0x0, 0x0, 0x0, 0x9,
    0xe8, 0x0, 0x0, 0x0, 0x0, 0x2f, 0xf0, 0x0,
    0x0, 0x0, 0xa, 0xf9, 0x0, 0x0, 0x3, 0x44,
    0x6f, 0xf5, 0x44, 0x44, 0x44, 0x4c, 0xfb, 0x44,
    0x41, 0xb, 0xff, 0xff, 0xff, 0xff, 0xff, 0xff,
    0xff, 0xff, 0xff, 0xf4, 0x8, 0xbb, 0xcf, 0xfb,
    0xbb, 0xbb, 0xbb, 0xbe, 0xfe, 0xbb, 0xb3, 0x0,
    0x0, 0x2f, 0xf0, 0x0, 0x0, 0x0, 0xa, 0xf9,
    0x0, 0x0, 0x0, 0x0, 0x2f, 0xfb, 0xbb, 0xbb,
    0xbb, 0xbe, 0xf9, 0x0, 0x0, 0x0, 0x0, 0x2f,
    0xff, 0xff, 0xff, 0xff, 0xff, 0xf9, 0x0, 0x0,
    0x0, 0x0, 0x2f, 0xf4, 0x33, 0x33, 0x33, 0x3b,
    0xf9, 0x0, 0x0, 0x0, 0x0, 0x2f, 0xf0, 0x0,
    0x0, 0x0, 0xa, 0xf9, 0x0, 0x0, 0x0, 0x0,
    0x2f, 0xf3, 0x33, 0x33, 0x33, 0x3b, 0xf9, 0x0,
    0x0, 0x0, 0x0, 0x2f, 0xff, 0xff, 0xff, 0xff,
    0xff, 0xf9, 0x0, 0x0, 0x0, 0x0, 0x2f, 0xfb,
    0xbb, 0xbb, 0xbb, 0xbe, 0xf9, 0x0, 0x0, 0x0,
    0x0, 0x2f, 0xf0, 0x0, 0x0, 0x0, 0xa, 0xf9,
    0x0, 0x0, 0x1, 0x11, 0x4f, 0xf2, 0x11, 0x11,
    0x11, 0x1b, 0xfa, 0x11, 0x11, 0x6f, 0xff, 0xff,
    0xff, 0xff, 0xff, 0xff, 0xff, 0xff, 0xff, 0xfd,
    0x5f, 0xff, 0xff, 0xff, 0xff, 0xff, 0xff, 0xff,
    0xff, 0xff, 0xfc, 0x0, 0x0, 0x0, 0x2a, 0x50,
    0x0, 0x1, 0x83, 0x0, 0x0, 0x0, 0x0, 0x0,
    0x29, 0xff, 0xf5, 0x0, 0xd, 0xff, 0xd7, 0x10,
    0x0, 0x0, 0x5b, 0xff, 0xfc, 0x40, 0x0, 0x1,
    0x6d, 0xff, 0xf9, 0x20, 0x4f, 0xff, 0xfa, 0x30,
    0x0, 0x0, 0x0, 0x0, 0x4c, 0xff, 0xf7, 0xa,
    0xc7, 0x10, 0x0, 0x0, 0x0, 0x0, 0x0, 0x0,
    0x4c, 0x80, 0x0, 0x0, 0x0, 0x0, 0x0, 0x0,
    0x0, 0x0, 0x0, 0x0, 0x0,

    /* U+522B "别" */
    0x0, 0x11, 0x11, 0x11, 0x11, 0x11, 0x0, 0x0,
    0x0, 0x3, 0xa9, 0x0, 0xef, 0xff, 0xff, 0xff,
    0xfe, 0x0, 0x0, 0x0, 0x4, 0xfe, 0x0, 0xef,
    0xee, 0xee, 0xee, 0xfe, 0x0, 0x14, 0x30, 0x4,
    0xfe, 0x0, 0xef, 0x20, 0x0, 0x3, 0xfe, 0x0,
    0x4f, 0xe0, 0x4, 0xfe, 0x0, 0xef, 0x20, 0x0,
    0x3, 0xfe, 0x0, 0x4f, 0xe0, 0x4, 0xfe, 0x0,
    0xef, 0x20, 0x0, 0x3, 0xfe, 0x0, 0x4f, 0xe0,
    0x4, 0xfe, 0x0, 0xef, 0x31, 0x11, 0x14, 0xfe,
    0x0, 0x4f, 0xe0, 0x4, 0xfe, 0x0, 0xef, 0xff,
    0xff, 0xff, 0xfe, 0x0, 0x4f, 0xe0, 0x4, 0xfe,
    0x0, 0xde, 0xee, 0xee, 0xee, 0xed, 0x0, 0x4f,
    0xe0, 0x4, 0xfe, 0x0, 0x0, 0x6, 0x82, 0x0,
    0x0, 0x0, 0x4f, 0xe0, 0x4, 0xfe, 0x0, 0x0,
    0xc, 0xf4, 0x0, 0x0, 0x0, 0x4f, 0xe0, 0x4,
    0xfe, 0x6, 0xbb, 0xbf, 0xfc, 0xbb, 0xbb, 0x40,
    0x4f, 0xe0, 0x4, 0xfe, 0x9, 0xff, 0xff, 0xff,
    0xff, 0xff, 0x50, 0x4f, 0xe0, 0x4, 0xfe, 0x2,
    0x55, 0x6f, 0xf5, 0x55, 0xef, 0x50, 0x4f, 0xe0,
    0x4, 0xfe, 0x0, 0x0, 0x4f, 0xd0, 0x0, 0xef,
    0x40, 0x4f, 0xe0, 0x4, 0xfe, 0x0, 0x0, 0x8f,
    0xa0, 0x0, 0xff, 0x30, 0x4f, 0xe0, 0x4, 0xfe,
    0x0, 0x0, 0xcf, 0x60, 0x0, 0xff, 0x20, 0x0,
    0x0, 0x4, 0xfe, 0x0, 0x3, 0xff, 0x10, 0x1,
    0xff, 0x10, 0x0, 0x0, 0x4, 0xfe, 0x0, 0xd,
    0xf9, 0x0, 0x4, 0xff, 0x0, 0x0, 0x0, 0x4,
    0xfe, 0x1, 0xcf, 0xe0, 0x11, 0x9, 0xfc, 0x0,
    0x0, 0x44, 0x48, 0xfe, 0xd, 0xfe, 0x20, 0x7f,
    0xff, 0xf8, 0x0, 0x0, 0xcf, 0xff, 0xfb, 0x5,
    0xb2, 0x0, 0x2f, 0xff, 0xa0, 0x0, 0x0, 0x8f,
    0xfe, 0xa1, 0x0, 0x0, 0x0, 0x0, 0x0, 0x0,
    0x0, 0x0, 0x0, 0x0, 0x0,

    /* U+5230 "到" */
    0x0, 0x0, 0x0, 0x0, 0x0, 0x0, 0x0, 0x0,
    0x0, 0x1d, 0xd1, 0x1a, 0xaa, 0xaa, 0xaa, 0xaa,
    0xaa, 0xa1, 0x0, 0x0, 0x1f, 0xf1, 0x3f, 0xff,
    0xff, 0xff, 0xff, 0xff, 0xf2, 0xef, 0x20, 0x1f,
    0xf1, 0x4, 0x44, 0xff, 0xa4, 0x46, 0x44, 0x40,
    0xef, 0x20, 0x1f, 0xf1, 0x0, 0x6, 0xff, 0x10,
    0x9f, 0x30, 0x0, 0xef, 0x20, 0x1f, 0xf1, 0x0,
    0xe, 0xf7, 0x0, 0x6f, 0xe1, 0x0, 0xef, 0x20,
    0x1f, 0xf1, 0x0, 0x8f, 0xc0, 0x0, 0xb, 0xfa,
    0x0, 0xef, 0x20, 0x1f, 0xf1, 0x6, 0xff, 0xdc,
    0xef, 0xff, 0xff, 0x40, 0xef, 0x20, 0x1f, 0xf1,
    0x5, 0xff, 0xff, 0xfe, 0xdb, 0xbf, 0xd0, 0xef,
    0x20, 0x1f, 0xf1, 0x0, 0x85, 0x31, 0x22, 0x0,
    0xb, 0x30, 0xef, 0x20, 0x1f, 0xf1, 0x0, 0x0,
    0x0, 0xff, 0x10, 0x0, 0x0, 0xef, 0x20, 0x1f,
    0xf1, 0x0, 0x0, 0x0, 0xff, 0x10, 0x0, 0x0,
    0xef, 0x20, 0x1f, 0xf1, 0x7, 0xcc, 0xcc, 0xff,
    0xcc, 0xcc, 0x70, 0xef, 0x20, 0x1f, 0xf1, 0x9,
    0xff, 0xff, 0xff, 0xff, 0xff, 0x90, 0xef, 0x20,
    0x1f, 0xf1, 0x1, 0x22, 0x23, 0xff, 0x32, 0x22,
    0x10, 0xef, 0x20, 0x1f, 0xf1, 0x0, 0x0, 0x0,
    0xff, 0x10, 0x0, 0x0, 0xef, 0x20, 0x1f, 0xf1,
    0x0, 0x0, 0x0, 0xff, 0x10, 0x0, 0x30, 0x56,
    0x10, 0x1f, 0xf1, 0x0, 0x0, 0x0, 0xff, 0x79,
    0xcf, 0xe0, 0x0, 0x0, 0x1f, 0xf1, 0x0, 0x25,
    0x8c, 0xff, 0xff, 0xff, 0xf0, 0x0, 0x0, 0x1f,
    0xf1, 0x4f, 0xff, 0xff, 0xff, 0xeb, 0x84, 0x10,
    0x1, 0x22, 0x4f, 0xf0, 0x1f, 0xfe, 0xb8, 0x52,
    0x0, 0x0, 0x0, 0x9, 0xff, 0xff, 0xe0, 0x4,
    0x20, 0x0, 0x0, 0x0, 0x0, 0x0, 0x3, 0xff,
    0xeb, 0x30,

    /* U+524D "前" */
    0x0, 0x0, 0x0, 0x0, 0x0, 0x0, 0x0, 0x0,
    0x0, 0x0, 0x0, 0x0, 0x0, 0x5b, 0x70, 0x0,
    0x0, 0x0, 0x1, 0xd9, 0x30, 0x0, 0x0, 0x0,
    0x6f, 0xf4, 0x0, 0x0, 0x0, 0x8, 0xff, 0x20,
    0x0, 0x0, 0x0, 0xb, 0xfe, 0x10, 0x0, 0x0,
    0x2f, 0xf8, 0x0, 0x0, 0x14, 0x44, 0x46, 0xfe,
    0x64, 0x44, 0x44, 0xbf, 0xe4, 0x44, 0x43, 0x7f,
    0xff, 0xff, 0xff, 0xff, 0xff, 0xff, 0xff, 0xff,
    0xff, 0xfe, 0x5c, 0xcc, 0xcc, 0xcc, 0xcc, 0xcc,
    0xcc, 0xcc, 0xcc, 0xcc, 0xcb, 0x0, 0x0, 0x0,
    0x0, 0x0, 0x0, 0x0, 0x0, 0x0, 0x0, 0x0,
    0x0, 0x55, 0x55, 0x55, 0x55, 0x40, 0x0, 0x10,
    0x0, 0x9c, 0x50, 0x0, 0xff, 0xff, 0xff, 0xff,
    0xf0, 0x8, 0xf8, 0x0, 0xcf, 0x70, 0x0, 0xff,
    0x99, 0x99, 0xaf, 0xf0, 0x8, 0xf8, 0x0, 0xcf,
    0x70, 0x0, 0xff, 0x0, 0x0, 0x3f, 0xf0, 0x8,
    0xf8, 0x0, 0xcf, 0x70, 0x0, 0xff, 0x77, 0x77,
    0x8f, 0xf0, 0x8, 0xf8, 0x0, 0xcf, 0x70, 0x0,
    0xff, 0xff, 0xff, 0xff, 0xf0, 0x8, 0xf8, 0x0,
    0xcf, 0x70, 0x0, 0xff, 0x44, 0x44, 0x6f, 0xf0,
    0x8, 0xf8, 0x0, 0xcf, 0x70, 0x0, 0xff, 0x0,
    0x0, 0x3f, 0xf0, 0x8, 0xf8, 0x0, 0xcf, 0x70,
    0x0, 0xff, 0xbb, 0xbb, 0xcf, 0xf0, 0x8, 0xf8,
    0x0, 0xcf, 0x70, 0x0, 0xff, 0xff, 0xff, 0xff,
    0xf0, 0x8, 0xf8, 0x0, 0xcf, 0x70, 0x0, 0xff,
    0x0, 0x0, 0x3f, 0xf0, 0x5, 0xa5, 0x0, 0xcf,
    0x70, 0x0, 0xff, 0x0, 0x0, 0x3f, 0xf0, 0x0,
    0x0, 0x0, 0xcf, 0x70, 0x0, 0xff, 0x0, 0x0,
    0x3f, 0xe0, 0x0, 0x1, 0x11, 0xdf, 0x70, 0x0,
    0xff, 0x0, 0xce, 0xff, 0xd0, 0x0, 0xe, 0xff,
    0xff, 0x40, 0x0, 0xff, 0x0, 0x7f, 0xfc, 0x40,
    0x0, 0x9, 0xff, 0xd7, 0x0, 0x0, 0x0, 0x0,
    0x0, 0x0, 0x0, 0x0, 0x0, 0x0, 0x0, 0x0,

    /* U+529B "力" */
    0x0, 0x0, 0x0, 0x0, 0x1, 0x10, 0x0, 0x0,
    0x0, 0x0, 0x0, 0x0, 0x0, 0x0, 0x6, 0xff,
    0x0, 0x0, 0x0, 0x0, 0x0, 0x0, 0x0, 0x0,
    0x0, 0x6f, 0xf0, 0x0, 0x0, 0x0, 0x0, 0x0,
    0x0, 0x0, 0x0, 0x6, 0xff, 0x0, 0x0, 0x0,
    0x0, 0x0, 0x0, 0x0, 0x0, 0x0, 0x6f, 0xf0,
    0x0, 0x0, 0x0, 0x0, 0x0, 0x0, 0x0, 0x0,
    0x7, 0xff, 0x0, 0x0, 0x0, 0x0, 0x0, 0xf,
    0xff, 0xff, 0xff, 0xff, 0xff, 0xff, 0xff, 0xff,
    0xff, 0xb0, 0xff, 0xff, 0xff, 0xff, 0xff, 0xff,
    0xff, 0xff, 0xff, 0xfa, 0x3, 0x33, 0x33, 0x33,
    0xaf, 0xd3, 0x33, 0x33, 0x33, 0xcf, 0x90, 0x0,
    0x0, 0x0, 0xb, 0xfb, 0x0, 0x0, 0x0, 0xb,
    0xf9, 0x0, 0x0, 0x0, 0x0, 0xef, 0x80, 0x0,
    0x0, 0x0, 0xcf, 0x80, 0x0, 0x0, 0x0, 0x1f,
    0xf5, 0x0, 0x0, 0x0, 0xd, 0xf7, 0x0, 0x0,
    0x0, 0x5, 0xff, 0x20, 0x0, 0x0, 0x0, 0xef,
    0x60, 0x0, 0x0, 0x0, 0xbf, 0xd0, 0x0, 0x0,
    0x0, 0xf, 0xf4, 0x0, 0x0, 0x0, 0x2f, 0xf8,
    0x0, 0x0, 0x0, 0x1, 0xff, 0x30, 0x0, 0x0,
    0xa, 0xff, 0x10, 0x0, 0x0, 0x0, 0x3f, 0xf1,
    0x0, 0x0, 0x4, 0xff, 0xa0, 0x0, 0x0, 0x0,
    0x5, 0xff, 0x0, 0x0, 0x1, 0xef, 0xf1, 0x0,
    0x0, 0x0, 0x0, 0x7f, 0xe0, 0x0, 0x1, 0xcf,
    0xf6, 0x0, 0x0, 0x0, 0x0, 0xa, 0xfb, 0x0,
    0x1, 0xdf, 0xf9, 0x0, 0x0, 0x0, 0x0, 0x0,
    0xef, 0x90, 0x4, 0xef, 0xf9, 0x0, 0x0, 0x0,
    0x43, 0x33, 0x9f, 0xf4, 0x6, 0xff, 0xf8, 0x0,
    0x0, 0x0, 0xb, 0xff, 0xff, 0xfd, 0x0, 0xb,
    0xe4, 0x0, 0x0, 0x0, 0x0, 0x7f, 0xff, 0xfa,
    0x10, 0x0, 0x1, 0x0, 0x0, 0x0, 0x0, 0x0,
    0x0, 0x0, 0x0, 0x0,

    /* U+52A8 "动" */
    0x0, 0x0, 0x0, 0x0, 0x0, 0x0, 0x0, 0x7b,
    0x60, 0x0, 0x0, 0x0, 0x0, 0x0, 0x0, 0x0,
    0x0, 0x0, 0xaf, 0x80, 0x0, 0x0, 0xc, 0xff,
    0xff, 0xff, 0xff, 0x70, 0x0, 0xaf, 0x80, 0x0,
    0x0, 0xb, 0xee, 0xee, 0xee, 0xee, 0x70, 0x0,
    0xaf, 0x80, 0x0, 0x0, 0x0, 0x0, 0x0, 0x0,
    0x0, 0x0, 0x0, 0xbf, 0x70, 0x0, 0x0, 0x0,
    0x0, 0x0, 0x0, 0x0, 0xa, 0xcc, 0xef, 0xec,
    0xcc, 0xc8, 0x0, 0x0, 0x0, 0x0, 0x0, 0xd,
    0xff, 0xff, 0xff, 0xff, 0xfa, 0x7d, 0xdd, 0xdd,
    0xdd, 0xdd, 0xc1, 0x22, 0xdf, 0x72, 0x29, 0xf9,
    0x9f, 0xff, 0xff, 0xff, 0xff, 0xe0, 0x0, 0xef,
    0x40, 0x9, 0xf9, 0x12, 0x29, 0xfc, 0x22, 0x22,
    0x20, 0x0, 0xff, 0x30, 0xa, 0xf8, 0x0, 0xb,
    0xf8, 0x0, 0x0, 0x0, 0x1, 0xff, 0x10, 0xa,
    0xf8, 0x0, 0xf, 0xf3, 0x4, 0xb4, 0x0, 0x3,
    0xff, 0x0, 0xb, 0xf7, 0x0, 0x3f, 0xf0, 0x5,
    0xfa, 0x0, 0x5, 0xfd, 0x0, 0xb, 0xf7, 0x0,
    0x8f, 0xa0, 0x0, 0xff, 0x10, 0x8, 0xfa, 0x0,
    0xc, 0xf6, 0x0, 0xdf, 0x40, 0x0, 0xaf, 0x60,
    0xc, 0xf7, 0x0, 0xd, 0xf5, 0x3, 0xfe, 0x1,
    0x48, 0xdf, 0xc0, 0x1f, 0xf3, 0x0, 0xe, 0xf4,
    0xa, 0xfe, 0xdf, 0xff, 0xff, 0xf1, 0x6f, 0xe0,
    0x0, 0xf, 0xf3, 0x3f, 0xff, 0xff, 0xe9, 0x5c,
    0xf6, 0xdf, 0x80, 0x0, 0x2f, 0xf1, 0xf, 0xfb,
    0x62, 0x0, 0x5, 0x57, 0xff, 0x20, 0x0, 0x4f,
    0xf0, 0x4, 0x0, 0x0, 0x0, 0x0, 0x2f, 0xf9,
    0x12, 0x11, 0xbf, 0xc0, 0x0, 0x0, 0x0, 0x0,
    0x0, 0xcf, 0xe1, 0x2f, 0xff, 0xff, 0x70, 0x0,
    0x0, 0x0, 0x0, 0x0, 0x2e, 0x40, 0xd, 0xff,
    0xe9, 0x0, 0x0, 0x0, 0x0, 0x0, 0x0, 0x1,
    0x0, 0x0, 0x0, 0x0, 0x0,

    /* U+52AA "努" */
    0x0, 0x0, 0x0, 0x63, 0x0, 0x0, 0x0, 0x0,
    0x0, 0x0, 0x0, 0x0, 0x0, 0x0, 0x6, 0xfe,
    0x0, 0x0, 0x0, 0x0, 0x0, 0x0, 0x0, 0x0,
    0x0, 0x0, 0xc, 0xf7, 0x0, 0x0, 0x6e, 0xee,
    0xee, 0xee, 0xed, 0x20, 0x8, 0xcc, 0xcf, 0xfd,
    0xcc, 0xca, 0x6f, 0xff, 0xff, 0xff, 0xff, 0x0,
    0xa, 0xff, 0xff, 0xff, 0xff, 0xfc, 0xc, 0xf2,
    0x0, 0x8, 0xfb, 0x0, 0x1, 0x26, 0xff, 0x32,
    0x2a, 0xf8, 0x7, 0xfa, 0x0, 0xf, 0xf5, 0x0,
    0x0, 0xc, 0xf8, 0x0, 0xf, 0xf2, 0x1, 0xff,
    0x30, 0x9f, 0xd0, 0x0, 0x0, 0x5f, 0xfb, 0x30,
    0x9f, 0xb0, 0x0, 0x8f, 0xe6, 0xff, 0x40, 0x0,
    0x0, 0x17, 0xef, 0xfb, 0xff, 0x20, 0x0, 0xd,
    0xff, 0xf9, 0x0, 0x0, 0x0, 0x0, 0x7, 0xff,
    0xfc, 0x10, 0x0, 0x9, 0xff, 0xf2, 0x0, 0x0,
    0x0, 0x0, 0x2a, 0xff, 0xff, 0xe5, 0x5, 0xdf,
    0xff, 0xff, 0x81, 0x0, 0x1, 0x5b, 0xff, 0xf6,
    0x3d, 0xe4, 0xdf, 0xfe, 0x52, 0xcf, 0xff, 0x90,
    0xb, 0xff, 0xf9, 0x10, 0x0, 0x32, 0x8e, 0x81,
    0x0, 0x7, 0xef, 0x40, 0x3, 0xb6, 0x10, 0x0,
    0x0, 0x8f, 0xc0, 0x0, 0x0, 0x0, 0x4, 0x0,
    0x0, 0x2, 0x22, 0x22, 0x22, 0xbf, 0xb2, 0x22,
    0x22, 0x22, 0x20, 0x0, 0x0, 0x1f, 0xff, 0xff,
    0xff, 0xff, 0xff, 0xff, 0xff, 0xff, 0xf2, 0x0,
    0x0, 0x1b, 0xbb, 0xbb, 0xbd, 0xff, 0xbb, 0xbb,
    0xbb, 0xdf, 0xf0, 0x0, 0x0, 0x0, 0x0, 0x0,
    0xc, 0xfb, 0x0, 0x0, 0x0, 0x7f, 0xe0, 0x0,
    0x0, 0x0, 0x0, 0x0, 0x9f, 0xf3, 0x0, 0x0,
    0x0, 0x9f, 0xc0, 0x0, 0x0, 0x0, 0x0, 0x2b,
    0xff, 0x80, 0x0, 0x0, 0x0, 0xdf, 0x90, 0x0,
    0x0, 0x1, 0x5b, 0xff, 0xf7, 0x0, 0x0, 0x0,
    0x3, 0xff, 0x60, 0x0, 0x2, 0xdf, 0xff, 0xfc,
    0x30, 0x0, 0x1, 0xee, 0xef, 0xff, 0x10, 0x0,
    0x0, 0xaf, 0xd8, 0x30, 0x0, 0x0, 0x0, 0xbf,
    0xff, 0xd4, 0x0, 0x0, 0x0, 0x11, 0x0, 0x0,
    0x0, 0x0, 0x0, 0x0, 0x0, 0x0, 0x0, 0x0,

    /* U+5355 "单" */
    0x0, 0x0, 0x0, 0x0, 0x0, 0x0, 0x0, 0x0,
    0x0, 0x0, 0x0, 0x0, 0x0, 0x7, 0xd2, 0x0,
    0x0, 0x0, 0x5, 0xd7, 0x10, 0x0, 0x0, 0x0,
    0xc, 0xfd, 0x0, 0x0, 0x0, 0xd, 0xfd, 0x0,
    0x0, 0x0, 0x0, 0x1, 0xef, 0x90, 0x0, 0x0,
    0x6f, 0xf3, 0x0, 0x0, 0x0, 0x0, 0x0, 0x6f,
    0xc1, 0x0, 0x1, 0xff, 0x80, 0x0, 0x0, 0x0,
    0x4f, 0xff, 0xff, 0xff, 0xff, 0xff, 0xff, 0xff,
    0xfe, 0x0, 0x0, 0x4f, 0xfc, 0xcc, 0xcc, 0xff,
    0xdc, 0xcc, 0xcd, 0xfe, 0x0, 0x0, 0x4f, 0xe0,
    0x0, 0x0, 0xff, 0x50, 0x0, 0x5, 0xfe, 0x0,
    0x0, 0x4f, 0xe0, 0x0, 0x0, 0xff, 0x50, 0x0,
    0x5, 0xfe, 0x0, 0x0, 0x4f, 0xff, 0xff, 0xff,
    0xff, 0xff, 0xff, 0xff, 0xfe, 0x0, 0x0, 0x4f,
    0xfb, 0xbb, 0xbb, 0xff, 0xcb, 0xbb, 0xbc, 0xfe,
    0x0, 0x0, 0x4f, 0xe0, 0x0, 0x0, 0xff, 0x50,
    0x0, 0x5, 0xfe, 0x0, 0x0, 0x4f, 0xe0, 0x0,
    0x0, 0xff, 0x50, 0x0, 0x5, 0xfe, 0x0, 0x0,
    0x4f, 0xff, 0xff, 0xff, 0xff, 0xff, 0xff, 0xff,
    0xfe, 0x0, 0x0, 0x3c, 0xcc, 0xcc, 0xcc, 0xff,
    0xdc, 0xcc, 0xcc, 0xcb, 0x0, 0x0, 0x0, 0x0,
    0x0, 0x0, 0xff, 0x50, 0x0, 0x0, 0x0, 0x0,
    0x1, 0x11, 0x11, 0x11, 0x11, 0xff, 0x61, 0x11,
    0x11, 0x11, 0x11, 0x7f, 0xff, 0xff, 0xff, 0xff,
    0xff, 0xff, 0xff, 0xff, 0xff, 0xfe, 0x6f, 0xff,
    0xff, 0xff, 0xff, 0xff, 0xff, 0xff, 0xff, 0xff,
    0xfe, 0x0, 0x0, 0x0, 0x0, 0x0, 0xff, 0x50,
    0x0, 0x0, 0x0, 0x0, 0x0, 0x0, 0x0, 0x0,
    0x0, 0xff, 0x50, 0x0, 0x0, 0x0, 0x0, 0x0,
    0x0, 0x0, 0x0, 0x0, 0xff, 0x50, 0x0, 0x0,
    0x0, 0x0, 0x0, 0x0, 0x0, 0x0, 0x0, 0xff,
    0x50, 0x0, 0x0, 0x0, 0x0,

    /* U+5361 "卡" */
    0x0, 0x0, 0x0, 0x0, 0xa, 0xfa, 0x0, 0x0,
    0x0, 0x0, 0x0, 0x0, 0x0, 0x0, 0x0, 0xa,
    0xfa, 0x0, 0x0, 0x0, 0x0, 0x0, 0x0, 0x0,
    0x0, 0x0, 0xa, 0xfa, 0x0, 0x0, 0x0, 0x0,
    0x0, 0x0, 0x0, 0x0, 0x0, 0xa, 0xff, 0xff,
    0xff, 0xff, 0xf6, 0x0, 0x0, 0x0, 0x0, 0x0,
    0xa, 0xff, 0xff, 0xff, 0xff, 0xf6, 0x0, 0x0,
    0x0, 0x0, 0x0, 0xa, 0xfb, 0x22, 0x22, 0x22,
    0x20, 0x0, 0x0, 0x0, 0x0, 0x0, 0xa, 0xfa,
    0x0, 0x0, 0x0, 0x0, 0x0, 0x0, 0x0, 0x0,
    0x0, 0xa, 0xfa, 0x0, 0x0, 0x0, 0x0, 0x0,
    0x25, 0x55, 0x55, 0x55, 0x5c, 0xfc, 0x55, 0x55,
    0x55, 0x55, 0x54, 0x7f, 0xff, 0xff, 0xff, 0xff,
    0xff, 0xff, 0xff, 0xff, 0xff, 0xfe, 0x6e, 0xee,
    0xee, 0xee, 0xef, 0xff, 0xee, 0xee, 0xee, 0xee,
    0xec, 0x0, 0x0, 0x0, 0x0, 0x9, 0xfc, 0x0,
    0x0, 0x0, 0x0, 0x0, 0x0, 0x0, 0x0, 0x0,
    0x9, 0xfc, 0x0, 0x0, 0x0, 0x0, 0x0, 0x0,
    0x0, 0x0, 0x0, 0x9, 0xfc, 0x5a, 0x30, 0x0,
    0x0, 0x0, 0x0, 0x0, 0x0, 0x0, 0x9, 0xfc,
    0xef, 0xfd, 0x60, 0x0, 0x0, 0x0, 0x0, 0x0,
    0x0, 0x9, 0xfc, 0x29, 0xff, 0xff, 0x92, 0x0,
    0x0, 0x0, 0x0, 0x0, 0x9, 0xfc, 0x0, 0x17,
    0xef, 0xff, 0x70, 0x0, 0x0, 0x0, 0x0, 0x9,
    0xfc, 0x0, 0x0, 0x6, 0xde, 0x10, 0x0, 0x0,
    0x0, 0x0, 0x9, 0xfc, 0x0, 0x0, 0x0, 0x2,
    0x0, 0x0, 0x0, 0x0, 0x0, 0x9, 0xfc, 0x0,
    0x0, 0x0, 0x0, 0x0, 0x0, 0x0, 0x0, 0x0,
    0x9, 0xfc, 0x0, 0x0, 0x0, 0x0, 0x0, 0x0,
    0x0, 0x0, 0x0, 0x9, 0xfc, 0x0, 0x0, 0x0,
    0x0, 0x0,

    /* U+53EF "可" */
    0x14, 0x44, 0x44, 0x44, 0x44, 0x44, 0x44, 0x44,
    0x44, 0x44, 0x44, 0x6f, 0xff, 0xff, 0xff, 0xff,
    0xff, 0xff, 0xff, 0xff, 0xff, 0xfe, 0x6f, 0xff,
    0xff, 0xff, 0xff, 0xff, 0xff, 0xff, 0xff, 0xff,
    0xfd, 0x0, 0x0, 0x0, 0x0, 0x0, 0x0, 0x0,
    0x0, 0x4f, 0xf0, 0x0, 0x0, 0x0, 0x0, 0x0,
    0x0, 0x0, 0x0, 0x0, 0x4f, 0xf0, 0x0, 0x0,
    0x1, 0x11, 0x11, 0x11, 0x11, 0x10, 0x0, 0x4f,
    0xf0, 0x0, 0x0, 0x1f, 0xff, 0xff, 0xff, 0xff,
    0xd0, 0x0, 0x4f, 0xf0, 0x0, 0x0, 0x1f, 0xff,
    0xff, 0xff, 0xff, 0xd0, 0x0, 0x4f, 0xf0, 0x0,
    0x0, 0x1f, 0xf1, 0x0, 0x0, 0x6f, 0xd0, 0x0,
    0x4f, 0xf0, 0x0, 0x0, 0x1f, 0xf1, 0x0, 0x0,
    0x6f, 0xd0, 0x0, 0x4f, 0xf0, 0x0, 0x0, 0x1f,
    0xf1, 0x0, 0x0, 0x6f, 0xd0, 0x0, 0x4f, 0xf0,
    0x0, 0x0, 0x1f, 0xf1, 0x0, 0x0, 0x6f, 0xd0,
    0x0, 0x4f, 0xf0, 0x0, 0x0, 0x1f, 0xf3, 0x22,
    0x22, 0x7f, 0xd0, 0x0, 0x4f, 0xf0, 0x0, 0x0,
    0x1f, 0xff, 0xff, 0xff, 0xff, 0xd0, 0x0, 0x4f,
    0xf0, 0x0, 0x0, 0x1f, 0xff, 0xff, 0xff, 0xff,
    0xc0, 0x0, 0x4f, 0xf0, 0x0, 0x0, 0x1f, 0xf1,
    0x0, 0x0, 0x0, 0x0, 0x0, 0x4f, 0xf0, 0x0,
    0x0, 0xc, 0xc1, 0x0, 0x0, 0x0, 0x0, 0x0,
    0x4f, 0xf0, 0x0, 0x0, 0x0, 0x0, 0x0, 0x0,
    0x0, 0x0, 0x0, 0x4f, 0xf0, 0x0, 0x0, 0x0,
    0x0, 0x0, 0x0, 0x1, 0x44, 0x44, 0x9f, 0xf0,
    0x0, 0x0, 0x0, 0x0, 0x0, 0x0, 0x0, 0xef,
    0xff, 0xff, 0xd0, 0x0, 0x0, 0x0, 0x0, 0x0,
    0x0, 0x0, 0x9f, 0xff, 0xea, 0x20, 0x0, 0x0,
    0x0, 0x0, 0x0, 0x0, 0x0, 0x0, 0x0, 0x0,
    0x0, 0x0,

    /* U+540E "后" */
    0x0, 0x0, 0x0, 0x0, 0x0, 0x0, 0x0, 0x0,
    0x25, 0x8a, 0x0, 0x0, 0x0, 0x0, 0x0, 0x12,
    0x45, 0x79, 0xbd, 0xff, 0xff, 0xfc, 0x0, 0x0,
    0x4, 0xdf, 0xff, 0xff, 0xff, 0xff, 0xff, 0xfd,
    0xa7, 0x30, 0x0, 0x0, 0x6f, 0xff, 0xed, 0xca,
    0x97, 0x53, 0x10, 0x0, 0x0, 0x0, 0x0, 0x6,
    0xff, 0x0, 0x0, 0x0, 0x0, 0x0, 0x0, 0x0,
    0x0, 0x0, 0x0, 0x6f, 0xf0, 0x0, 0x0, 0x0,
    0x0, 0x0, 0x0, 0x0, 0x0, 0x0, 0x6, 0xff,
    0x55, 0x55, 0x55, 0x55, 0x55, 0x55, 0x55, 0x55,
    0x50, 0x0, 0x6f, 0xff, 0xff, 0xff, 0xff, 0xff,
    0xff, 0xff, 0xff, 0xff, 0x0, 0x6, 0xff, 0xcc,
    0xcc, 0xcc, 0xcc, 0xcc, 0xcc, 0xcc, 0xcc, 0xc0,
    0x0, 0x6f, 0xe0, 0x0, 0x0, 0x0, 0x0, 0x0,
    0x0, 0x0, 0x0, 0x0, 0x7, 0xfd, 0x0, 0x0,
    0x0, 0x0, 0x0, 0x0, 0x0, 0x0, 0x0, 0x0,
    0x7f, 0xc0, 0x2, 0x22, 0x22, 0x22, 0x22, 0x22,
    0x22, 0x0, 0x0, 0x9, 0xfb, 0x5, 0xff, 0xff,
    0xff, 0xff, 0xff, 0xff, 0xf4, 0x0, 0x0, 0xbf,
    0x90, 0x5f, 0xfe, 0xee, 0xee, 0xee, 0xee, 0xff,
    0x40, 0x0, 0xd, 0xf7, 0x5, 0xfe, 0x0, 0x0,
    0x0, 0x0, 0x1f, 0xf4, 0x0, 0x0, 0xff, 0x40,
    0x5f, 0xe0, 0x0, 0x0, 0x0, 0x1, 0xff, 0x40,
    0x0, 0x4f, 0xf1, 0x5, 0xfe, 0x0, 0x0, 0x0,
    0x0, 0x1f, 0xf4, 0x0, 0x9, 0xfd, 0x0, 0x5f,
    0xe0, 0x0, 0x0, 0x0, 0x1, 0xff, 0x40, 0x0,
    0xef, 0x80, 0x5, 0xfe, 0x22, 0x22, 0x22, 0x22,
    0x2f, 0xf4, 0x0, 0x7f, 0xf2, 0x0, 0x5f, 0xff,
    0xff, 0xff, 0xff, 0xff, 0xff, 0x40, 0xe, 0xfa,
    0x0, 0x5, 0xff, 0xff, 0xff, 0xff, 0xff, 0xff,
    0xf4, 0x0, 0x2c, 0x10, 0x0, 0x5f, 0xe0, 0x0,
    0x0, 0x0, 0x1, 0xff, 0x40, 0x0, 0x0, 0x0,
    0x0, 0x11, 0x0, 0x0, 0x0, 0x0, 0x0, 0x0,
    0x0,

    /* U+5426 "否" */
    0x1f, 0xff, 0xff, 0xff, 0xff, 0xff, 0xff, 0xff,
    0xff, 0xff, 0xf9, 0x2, 0xff, 0xff, 0xff, 0xff,
    0xff, 0xff, 0xff, 0xff, 0xff, 0xff, 0x90, 0x2,
    0x22, 0x22, 0x22, 0x22, 0x9f, 0xfa, 0x22, 0x22,
    0x22, 0x21, 0x0, 0x0, 0x0, 0x0, 0x0, 0x9f,
    0xfb, 0x0, 0x0, 0x0, 0x0, 0x0, 0x0, 0x0,
    0x0, 0x2, 0xcf, 0xff, 0x50, 0x86, 0x0, 0x0,
    0x0, 0x0, 0x0, 0x0, 0x19, 0xff, 0xff, 0xf5,
    0x8f, 0xfe, 0x70, 0x0, 0x0, 0x0, 0x0, 0x7f,
    0xff, 0xd3, 0xff, 0x50, 0x5d, 0xff, 0xe5, 0x0,
    0x0, 0x3a, 0xff, 0xff, 0x80, 0xf, 0xf5, 0x0,
    0x6, 0xef, 0xfc, 0x20, 0x9f, 0xff, 0xf9, 0x10,
    0x0, 0xff, 0x50, 0x0, 0x0, 0x8f, 0xfe, 0x1,
    0xef, 0x91, 0x0, 0x0, 0xf, 0xf5, 0x0, 0x0,
    0x0, 0x3d, 0x30, 0x2, 0x0, 0x0, 0x0, 0x0,
    0xff, 0x50, 0x0, 0x0, 0x0, 0x0, 0x0, 0x0,
    0x0, 0x0, 0x0, 0x0, 0x0, 0x0, 0x0, 0x0,
    0x0, 0x0, 0x0, 0x9, 0xff, 0xff, 0xff, 0xff,
    0xff, 0xff, 0xff, 0xf3, 0x0, 0x0, 0x0, 0x9f,
    0xfe, 0xee, 0xee, 0xee, 0xee, 0xee, 0xff, 0x30,
    0x0, 0x0, 0x9, 0xfb, 0x0, 0x0, 0x0, 0x0,
    0x0, 0x3f, 0xf3, 0x0, 0x0, 0x0, 0x9f, 0xb0,
    0x0, 0x0, 0x0, 0x0, 0x3, 0xff, 0x30, 0x0,
    0x0, 0x9, 0xfb, 0x0, 0x0, 0x0, 0x0, 0x0,
    0x3f, 0xf3, 0x0, 0x0, 0x0, 0x9f, 0xb0, 0x0,
    0x0, 0x0, 0x0, 0x3, 0xff, 0x30, 0x0, 0x0,
    0x9, 0xff, 0xff, 0xff, 0xff, 0xff, 0xff, 0xff,
    0xf3, 0x0, 0x0, 0x0, 0x9f, 0xfe, 0xee, 0xee,
    0xee, 0xee, 0xee, 0xff, 0x30, 0x0, 0x0, 0x9,
    0xfb, 0x0, 0x0, 0x0, 0x0, 0x0, 0x3f, 0xf3,
    0x0, 0x0, 0x0, 0x0, 0x0, 0x0, 0x0, 0x0,
    0x0, 0x0, 0x0, 0x0, 0x0,

    /* U+542F "启" */
    0x0, 0x0, 0x0, 0x0, 0x0, 0x0, 0x20, 0x0,
    0x0, 0x0, 0x0, 0x0, 0x0, 0x0, 0x0, 0x0,
    0x6f, 0xd0, 0x0, 0x0, 0x0, 0x0, 0x0, 0x0,
    0x0, 0x0, 0x0, 0x2f, 0xf6, 0x0, 0x0, 0x0,
    0x0, 0x0, 0x0, 0x0, 0x0, 0x0, 0xa, 0xfd,
    0x0, 0x0, 0x0, 0x0, 0x0, 0x4, 0xff, 0xff,
    0xff, 0xff, 0xff, 0xff, 0xff, 0xff, 0xe0, 0x0,
    0x5, 0xff, 0xff, 0xff, 0xff, 0xff, 0xff, 0xff,
    0xff, 0xf0, 0x0, 0x5, 0xff, 0x22, 0x22, 0x22,
    0x22, 0x22, 0x22, 0x6f, 0xf0, 0x0, 0x5, 0xff,
    0x0, 0x0, 0x0, 0x0, 0x0, 0x0, 0x5f, 0xf0,
    0x0, 0x5, 0xff, 0x0, 0x0, 0x0, 0x0, 0x0,
    0x0, 0x5f, 0xf0, 0x0, 0x5, 0xff, 0xff, 0xff,
    0xff, 0xff, 0xff, 0xff, 0xff, 0xf0, 0x0, 0x5,
    0xff, 0xff, 0xff, 0xff, 0xff, 0xff, 0xff, 0xff,
    0xf0, 0x0, 0x5, 0xfe, 0x11, 0x11, 0x11, 0x11,
    0x11, 0x11, 0x11, 0x10, 0x0, 0x6, 0xfd, 0x0,
    0x0, 0x0, 0x0, 0x0, 0x0, 0x0, 0x0, 0x0,
    0x7, 0xfd, 0x2c, 0xcc, 0xcc, 0xcc, 0xcc, 0xcc,
    0xcc, 0xc5, 0x0, 0x9, 0xfb, 0x3f, 0xff, 0xff,
    0xff, 0xff, 0xff, 0xff, 0xf7, 0x0, 0xb, 0xf9,
    0x3f, 0xf4, 0x44, 0x44, 0x44, 0x44, 0x4e, 0xf7,
    0x0, 0xf, 0xf6, 0x3f, 0xf0, 0x0, 0x0, 0x0,
    0x0, 0xd, 0xf7, 0x0, 0x3f, 0xf3, 0x3f, 0xf0,
    0x0, 0x0, 0x0, 0x0, 0xd, 0xf7, 0x0, 0x9f,
    0xf0, 0x3f, 0xf0, 0x0, 0x0, 0x0, 0x0, 0xd,
    0xf7, 0x1, 0xff, 0xa0, 0x3f, 0xfd, 0xdd, 0xdd,
    0xdd, 0xdd, 0xdf, 0xf7, 0x9, 0xff, 0x40, 0x3f,
    0xff, 0xff, 0xff, 0xff, 0xff, 0xff, 0xf7, 0xb,
    0xfd, 0x0, 0x3f, 0xf2, 0x22, 0x22, 0x22, 0x22,
    0x2e, 0xf7, 0x0, 0xc3, 0x0, 0x3f, 0xf0, 0x0,
    0x0, 0x0, 0x0, 0xd, 0xf7, 0x0, 0x0, 0x0,
    0x0, 0x0, 0x0, 0x0, 0x0, 0x0, 0x0, 0x0,

    /* U+5728 "在" */
    0x0, 0x0, 0x0, 0x0, 0x31, 0x0, 0x0, 0x0,
    0x0, 0x0, 0x0, 0x0, 0x0, 0x0, 0x0, 0xdf,
    0x80, 0x0, 0x0, 0x0, 0x0, 0x0, 0x0, 0x0,
    0x0, 0x2, 0xff, 0x40, 0x0, 0x0, 0x0, 0x0,
    0x0, 0x0, 0x0, 0x0, 0x8, 0xfe, 0x0, 0x0,
    0x0, 0x0, 0x0, 0x0, 0x3d, 0xdd, 0xdd, 0xdf,
    0xff, 0xdd, 0xdd, 0xdd, 0xdd, 0xdd, 0xd9, 0x4f,
    0xff, 0xff, 0xff, 0xff, 0xff, 0xff, 0xff, 0xff,
    0xff, 0xfb, 0x14, 0x44, 0x44, 0xef, 0xb4, 0x44,
    0x44, 0x44, 0x44, 0x44, 0x43, 0x0, 0x0, 0x6,
    0xff, 0x30, 0x0, 0x0, 0x0, 0x0, 0x0, 0x0,
    0x0, 0x0, 0x1e, 0xfa, 0x0, 0x0, 0x6, 0xa7,
    0x0, 0x0, 0x0, 0x0, 0x0, 0xaf, 0xf2, 0x0,
    0x0, 0x9, 0xfa, 0x0, 0x0, 0x0, 0x0, 0x6,
    0xff, 0x80, 0x0, 0x0, 0x9, 0xfa, 0x0, 0x0,
    0x0, 0x0, 0x4f, 0xff, 0x0, 0x0, 0x0, 0x9,
    0xfa, 0x0, 0x0, 0x0, 0x4, 0xff, 0xff, 0x0,
    0xbf, 0xff, 0xff, 0xff, 0xff, 0xff, 0xc0, 0x6f,
    0xff, 0xff, 0x0, 0xbf, 0xff, 0xff, 0xff, 0xff,
    0xff, 0xc0, 0x9f, 0xe7, 0xff, 0x0, 0x0, 0x0,
    0x9, 0xfa, 0x0, 0x0, 0x0, 0x2d, 0x24, 0xff,
    0x0, 0x0, 0x0, 0x9, 0xfa, 0x0, 0x0, 0x0,
    0x0, 0x4, 0xff, 0x0, 0x0, 0x0, 0x9, 0xfa,
    0x0, 0x0, 0x0, 0x0, 0x4, 0xff, 0x0, 0x0,
    0x0, 0x9, 0xfa, 0x0, 0x0, 0x0, 0x0, 0x4,
    0xff, 0x0, 0x0, 0x0, 0x9, 0xfa, 0x0, 0x0,
    0x0, 0x0, 0x4, 0xff, 0x0, 0x0, 0x0, 0x9,
    0xfa, 0x0, 0x0, 0x0, 0x0, 0x4, 0xff, 0x1,
    0x11, 0x11, 0x1a, 0xfb, 0x11, 0x11, 0x11, 0x0,
    0x4, 0xff, 0xa, 0xff, 0xff, 0xff, 0xff, 0xff,
    0xff, 0xfb, 0x0, 0x4, 0xff, 0xa, 0xff, 0xff,
    0xff, 0xff, 0xff, 0xff, 0xfb,

    /* U+574F "坏" */
    0x0, 0x0, 0x11, 0x0, 0x0, 0x0, 0x0, 0x0,
    0x0, 0x0, 0x0, 0x0, 0x0, 0x1f, 0xf2, 0x0,
    0x0, 0x0, 0x0, 0x0, 0x0, 0x0, 0x0, 0x0,
    0x1, 0xff, 0x20, 0x4e, 0xee, 0xee, 0xee, 0xee,
    0xee, 0xee, 0xc0, 0x0, 0x1f, 0xf2, 0x4, 0xff,
    0xff, 0xff, 0xff, 0xff, 0xff, 0xfe, 0x0, 0x1,
    0xff, 0x20, 0x3, 0x33, 0x33, 0x3e, 0xfb, 0x33,
    0x33, 0x20, 0x0, 0x1f, 0xf2, 0x0, 0x0, 0x0,
    0x4, 0xff, 0x50, 0x0, 0x0, 0x1, 0x23, 0xff,
    0x42, 0x10, 0x0, 0x0, 0xaf, 0xe0, 0x0, 0x0,
    0x0, 0xbf, 0xff, 0xff, 0xf9, 0x0, 0x0, 0x2f,
    0xf9, 0x0, 0x0, 0x0, 0xa, 0xff, 0xff, 0xff,
    0x90, 0x0, 0xa, 0xff, 0x93, 0x20, 0x0, 0x0,
    0x0, 0x1f, 0xf2, 0x0, 0x0, 0x3, 0xff, 0xfd,
    0xfd, 0x10, 0x0, 0x0, 0x1, 0xff, 0x20, 0x0,
    0x0, 0xcf, 0xff, 0xae, 0xfb, 0x0, 0x0, 0x0,
    0x1f, 0xf2, 0x0, 0x0, 0x9f, 0xfe, 0xf9, 0x3f,
    0xf9, 0x0, 0x0, 0x1, 0xff, 0x20, 0x0, 0x5f,
    0xf9, 0xaf, 0x90, 0x6f, 0xf5, 0x0, 0x0, 0x1f,
    0xf2, 0x0, 0x4f, 0xfc, 0xa, 0xf9, 0x0, 0xaf,
    0xf2, 0x0, 0x1, 0xff, 0x20, 0x2f, 0xfd, 0x10,
    0xaf, 0x90, 0x0, 0xdf, 0xb0, 0x0, 0x1f, 0xf3,
    0x68, 0x9e, 0x20, 0xa, 0xf9, 0x0, 0x4, 0xb1,
    0x0, 0x1, 0xff, 0xff, 0xe0, 0x10, 0x0, 0xaf,
    0x90, 0x0, 0x0, 0x0, 0x6b, 0xff, 0xff, 0xc6,
    0x0, 0x0, 0xa, 0xf9, 0x0, 0x0, 0x0, 0xd,
    0xff, 0xe9, 0x20, 0x0, 0x0, 0x0, 0xaf, 0x90,
    0x0, 0x0, 0x0, 0x8b, 0x50, 0x0, 0x0, 0x0,
    0x0, 0xa, 0xf9, 0x0, 0x0, 0x0, 0x0, 0x0,
    0x0, 0x0, 0x0, 0x0, 0x0, 0xaf, 0x90, 0x0,
    0x0, 0x0, 0x0, 0x0, 0x0, 0x0, 0x0, 0x0,
    0xa, 0xf9, 0x0, 0x0, 0x0, 0x0, 0x0, 0x0,
    0x0, 0x0, 0x0, 0x0, 0xaf, 0x90, 0x0, 0x0,
    0x0,

    /* U+5907 "备" */
    0x0, 0x0, 0x0, 0x0, 0x0, 0x0, 0x0, 0x0,
    0x0, 0x0, 0x0, 0x0, 0x0, 0x0, 0x0, 0x0,
    0xaf, 0xb0, 0x0, 0x0, 0x0, 0x0, 0x0, 0x0,
    0x0, 0x0, 0x0, 0x6, 0xff, 0x70, 0x0, 0x0,
    0x0, 0x0, 0x0, 0x0, 0x0, 0x0, 0x0, 0x6f,
    0xff, 0xff, 0xff, 0xff, 0xff, 0xe4, 0x0, 0x0,
    0x0, 0x0, 0x9, 0xff, 0xee, 0xee, 0xee, 0xee,
    0xff, 0xe1, 0x0, 0x0, 0x0, 0x3, 0xcf, 0xff,
    0x90, 0x0, 0x0, 0x1b, 0xff, 0x30, 0x0, 0x0,
    0x0, 0xbf, 0xfe, 0x8f, 0xfc, 0x30, 0x5, 0xef,
    0xe3, 0x0, 0x0, 0x0, 0x0, 0x5f, 0x91, 0x3,
    0xdf, 0xfb, 0xcf, 0xfc, 0x10, 0x0, 0x0, 0x0,
    0x0, 0x1, 0x0, 0x0, 0x2d, 0xff, 0xff, 0xd2,
    0x0, 0x0, 0x0, 0x0, 0x0, 0x0, 0x4, 0x8d,
    0xff, 0xfe, 0xef, 0xff, 0xea, 0x64, 0x10, 0x0,
    0x18, 0xbd, 0xff, 0xff, 0xfb, 0x40, 0x4, 0xae,
    0xff, 0xff, 0xff, 0xc1, 0xc, 0xff, 0xfd, 0x95,
    0x0, 0x0, 0x0, 0x0, 0x37, 0xbe, 0xff, 0x70,
    0x3, 0x74, 0xdc, 0xcc, 0xcc, 0xcc, 0xcc, 0xcc,
    0xcc, 0xcb, 0x3, 0x0, 0x0, 0x0, 0xff, 0xff,
    0xff, 0xff, 0xff, 0xff, 0xff, 0xfe, 0x0, 0x0,
    0x0, 0x0, 0xff, 0x62, 0x22, 0x5f, 0xf3, 0x22,
    0x29, 0xfe, 0x0, 0x0, 0x0, 0x0, 0xff, 0x40,
    0x0, 0x3f, 0xf1, 0x0, 0x8, 0xfe, 0x0, 0x0,
    0x0, 0x0, 0xff, 0xcb, 0xbb, 0xcf, 0xfb, 0xbb,
    0xbd, 0xfe, 0x0, 0x0, 0x0, 0x0, 0xff, 0xff,
    0xff, 0xff, 0xff, 0xff, 0xff, 0xfe, 0x0, 0x0,
    0x0, 0x0, 0xff, 0x40, 0x0, 0x4f, 0xf1, 0x0,
    0x8, 0xfe, 0x0, 0x0, 0x0, 0x0, 0xff, 0x40,
    0x0, 0x3f, 0xf1, 0x0, 0x8, 0xfe, 0x0, 0x0,
    0x0, 0x0, 0xff, 0xee, 0xee, 0xef, 0xfe, 0xee,
    0xef, 0xfe, 0x0, 0x0, 0x0, 0x0, 0xff, 0xff,
    0xff, 0xff, 0xff, 0xff, 0xff, 0xfe, 0x0, 0x0,
    0x0, 0x0, 0xff, 0x40, 0x0, 0x0, 0x0, 0x0,
    0x8, 0xfe, 0x0, 0x0, 0x0, 0x0, 0x0, 0x0,
    0x0, 0x0, 0x0, 0x0, 0x0, 0x0, 0x0, 0x0,

    /* U+591A "多" */
    0x0, 0x0, 0x0, 0x0, 0x0, 0x0, 0x0, 0x0,
    0x0, 0x0, 0x0, 0x0, 0x0, 0x0, 0x0, 0xc,
    0xfa, 0x0, 0x0, 0x0, 0x0, 0x0, 0x0, 0x0,
    0x0, 0x1, 0xcf, 0xf4, 0x0, 0x0, 0x10, 0x0,
    0x0, 0x0, 0x0, 0x0, 0x3e, 0xff, 0xff, 0xff,
    0xff, 0xfc, 0x10, 0x0, 0x0, 0x0, 0x9, 0xff,
    0xfe, 0xee, 0xee, 0xef, 0xfb, 0x0, 0x0, 0x0,
    0x7, 0xef, 0xf8, 0x0, 0x0, 0x0, 0xbf, 0xe1,
    0x0, 0x0, 0x2, 0xef, 0xfb, 0x48, 0x30, 0x0,
    0x2d, 0xfe, 0x20, 0x0, 0x0, 0x0, 0x5c, 0x40,
    0x9f, 0xf8, 0x8, 0xff, 0xd2, 0x0, 0x0, 0x0,
    0x0, 0x0, 0x0, 0x5, 0xff, 0xff, 0xfa, 0x0,
    0x0, 0x0, 0x0, 0x0, 0x0, 0x0, 0x38, 0xef,
    0xfd, 0x4a, 0xc8, 0x0, 0x0, 0x0, 0x0, 0x15,
    0x8d, 0xff, 0xfd, 0x60, 0xaf, 0xf5, 0x0, 0x0,
    0x0, 0xc, 0xff, 0xff, 0xfa, 0x40, 0x1b, 0xff,
    0xec, 0xcc, 0xcc, 0xa1, 0x6, 0xfd, 0x95, 0x0,
    0x4, 0xef, 0xff, 0xff, 0xff, 0xff, 0xf5, 0x0,
    0x10, 0x0, 0x2, 0xaf, 0xfc, 0x43, 0x33, 0x34,
    0xef, 0xc0, 0x0, 0x0, 0x3, 0xaf, 0xff, 0x70,
    0x0, 0x0, 0xb, 0xff, 0x30, 0x0, 0x1, 0xdf,
    0xff, 0xa3, 0xaa, 0x0, 0x1, 0xbf, 0xf5, 0x0,
    0x0, 0x0, 0x6f, 0x92, 0x5, 0xff, 0xd2, 0x4e,
    0xff, 0x60, 0x0, 0x0, 0x0, 0x0, 0x0, 0x0,
    0x3e, 0xff, 0xff, 0xe4, 0x0, 0x0, 0x0, 0x0,
    0x0, 0x0, 0x0, 0x6c, 0xff, 0xfa, 0x10, 0x0,
    0x0, 0x0, 0x0, 0x1, 0x37, 0xbf, 0xff, 0xfc,
    0x30, 0x0, 0x0, 0x0, 0x17, 0x9b, 0xef, 0xff,
    0xff, 0xe9, 0x20, 0x0, 0x0, 0x0, 0x0, 0xd,
    0xff, 0xff, 0xfc, 0x83, 0x0, 0x0, 0x0, 0x0,
    0x0, 0x0, 0x6, 0xa7, 0x52, 0x0, 0x0, 0x0,
    0x0, 0x0, 0x0, 0x0, 0x0,

    /* U+5982 "如" */
    0x0, 0x0, 0xcc, 0x20, 0x0, 0x0, 0x0, 0x0,
    0x0, 0x0, 0x0, 0x0, 0x2, 0xff, 0x0, 0x0,
    0x0, 0x0, 0x0, 0x0, 0x0, 0x0, 0x0, 0x4,
    0xfe, 0x0, 0x0, 0x1, 0x66, 0x66, 0x66, 0x66,
    0x61, 0x0, 0x7, 0xfb, 0x0, 0x0, 0x3, 0xff,
    0xff, 0xff, 0xff, 0xf4, 0x12, 0x2a, 0xf9, 0x22,
    0x22, 0x3, 0xff, 0xbb, 0xbb, 0xbf, 0xf4, 0xbf,
    0xff, 0xff, 0xff, 0xff, 0xb3, 0xfe, 0x0, 0x0,
    0xf, 0xf4, 0xbf, 0xff, 0xff, 0xff, 0xff, 0x93,
    0xfe, 0x0, 0x0, 0xf, 0xf4, 0x0, 0x3f, 0xe0,
    0x0, 0xaf, 0x73, 0xfe, 0x0, 0x0, 0xf, 0xf4,
    0x0, 0x7f, 0xa0, 0x0, 0xcf, 0x53, 0xfe, 0x0,
    0x0, 0xf, 0xf4, 0x0, 0xbf, 0x60, 0x0, 0xff,
    0x23, 0xfe, 0x0, 0x0, 0xf, 0xf4, 0x0, 0xff,
    0x20, 0x3, 0xff, 0x3, 0xfe, 0x0, 0x0, 0xf,
    0xf4, 0x4, 0xfe, 0x0, 0x8, 0xfb, 0x3, 0xfe,
    0x0, 0x0, 0xf, 0xf4, 0x9, 0xff, 0x50, 0xd,
    0xf6, 0x3, 0xfe, 0x0, 0x0, 0xf, 0xf4, 0x1,
    0xbf, 0xf9, 0x4f, 0xf1, 0x3, 0xfe, 0x0, 0x0,
    0xf, 0xf4, 0x0, 0x8, 0xff, 0xff, 0xa0, 0x3,
    0xfe, 0x0, 0x0, 0xf, 0xf4, 0x0, 0x0, 0x5f,
    0xff, 0x60, 0x3, 0xfe, 0x0, 0x0, 0xf, 0xf4,
    0x0, 0x0, 0x2e, 0xff, 0xf4, 0x3, 0xfe, 0x0,
    0x0, 0xf, 0xf4, 0x0, 0x1, 0xdf, 0xed, 0xff,
    0x53, 0xff, 0xdd, 0xdd, 0xdf, 0xf4, 0x0, 0x3e,
    0xff, 0x31, 0xdf, 0x43, 0xff, 0xff, 0xff, 0xff,
    0xf4, 0x2a, 0xff, 0xf3, 0x0, 0x26, 0x3, 0xff,
    0x44, 0x44, 0x4f, 0xf4, 0x6f, 0xfd, 0x20, 0x0,
    0x0, 0x3, 0xfe, 0x0, 0x0, 0xe, 0xf3, 0xa,
    0x70, 0x0, 0x0, 0x0, 0x0, 0x44, 0x0, 0x0,
    0x0, 0x0,

    /* U+5B57 "字" */
    0x0, 0x0, 0x0, 0x0, 0x0, 0x52, 0x0, 0x0,
    0x0, 0x0, 0x0, 0x0, 0x0, 0x0, 0x0, 0xc,
    0xfc, 0x0, 0x0, 0x0, 0x0, 0x0, 0x0, 0x0,
    0x0, 0x0, 0x4, 0xff, 0x50, 0x0, 0x0, 0x0,
    0x0, 0x4f, 0xff, 0xff, 0xff, 0xff, 0xff, 0xff,
    0xff, 0xff, 0xff, 0xd0, 0x4f, 0xff, 0xff, 0xff,
    0xff, 0xff, 0xff, 0xff, 0xff, 0xff, 0xd0, 0x4f,
    0xf3, 0x22, 0x22, 0x22, 0x22, 0x22, 0x22, 0x22,
    0x7f, 0xd0, 0x4f, 0xf0, 0x0, 0x0, 0x0, 0x0,
    0x0, 0x0, 0x0, 0x6f, 0xd0, 0x4f, 0xf0, 0x1,
    0x11, 0x11, 0x11, 0x11, 0x12, 0x0, 0x6f, 0xd0,
    0x3, 0x30, 0x5f, 0xff, 0xff, 0xff, 0xff, 0xff,
    0xe3, 0x13, 0x20, 0x0, 0x0, 0x4f, 0xff, 0xff,
    0xff, 0xff, 0xff, 0xb0, 0x0, 0x0, 0x0, 0x0,
    0x0, 0x0, 0x0, 0x0, 0x6f, 0xfa, 0x0, 0x0,
    0x0, 0x0, 0x0, 0x0, 0x0, 0x0, 0x1a, 0xff,
    0x70, 0x0, 0x0, 0x0, 0x0, 0x0, 0x0, 0x0,
    0x2, 0xff, 0xd2, 0x0, 0x0, 0x0, 0x0, 0x13,
    0x33, 0x33, 0x33, 0x36, 0xff, 0x43, 0x33, 0x33,
    0x33, 0x30, 0x8f, 0xff, 0xff, 0xff, 0xff, 0xff,
    0xff, 0xff, 0xff, 0xff, 0xf1, 0x7f, 0xff, 0xff,
    0xff, 0xff, 0xff, 0xff, 0xff, 0xff, 0xff, 0xf1,
    0x0, 0x0, 0x0, 0x0, 0x4, 0xff, 0x10, 0x0,
    0x0, 0x0, 0x0, 0x0, 0x0, 0x0, 0x0, 0x4,
    0xff, 0x10, 0x0, 0x0, 0x0, 0x0, 0x0, 0x0,
    0x0, 0x0, 0x4, 0xff, 0x10, 0x0, 0x0, 0x0,
    0x0, 0x0, 0x0, 0x0, 0x0, 0x4, 0xff, 0x10,
    0x0, 0x0, 0x0, 0x0, 0x0, 0x0, 0x0, 0x22,
    0x26, 0xff, 0x10, 0x0, 0x0, 0x0, 0x0, 0x0,
    0x0, 0x1, 0xff, 0xff, 0xfe, 0x0, 0x0, 0x0,
    0x0, 0x0, 0x0, 0x0, 0x0, 0xaf, 0xff, 0xc4,
    0x0, 0x0, 0x0, 0x0, 0x0, 0x0, 0x0, 0x0,
    0x0, 0x0, 0x0, 0x0, 0x0, 0x0, 0x0, 0x0,

    /* U+5B58 "存" */
    0x0, 0x0, 0x0, 0x0, 0x0, 0x0, 0x0, 0x0,
    0x0, 0x0, 0x0, 0x0, 0x0, 0x0, 0x0, 0x0,
    0xd, 0xd5, 0x0, 0x0, 0x0, 0x0, 0x0, 0x0,
    0x0, 0x0, 0x0, 0x0, 0x2f, 0xf4, 0x0, 0x0,
    0x0, 0x0, 0x0, 0x0, 0x0, 0x0, 0x0, 0x0,
    0x8f, 0xe0, 0x0, 0x0, 0x0, 0x0, 0x0, 0x0,
    0x4, 0xff, 0xff, 0xff, 0xff, 0xff, 0xff, 0xff,
    0xff, 0xff, 0xff, 0xb0, 0x4, 0xff, 0xff, 0xff,
    0xff, 0xff, 0xff, 0xff, 0xff, 0xff, 0xff, 0xb0,
    0x0, 0x11, 0x11, 0x1d, 0xfa, 0x11, 0x11, 0x11,
    0x11, 0x11, 0x11, 0x10, 0x0, 0x0, 0x0, 0x5f,
    0xf2, 0x0, 0x0, 0x0, 0x0, 0x0, 0x0, 0x0,
    0x0, 0x0, 0x0, 0xef, 0x90, 0x7c, 0xcc, 0xcc,
    0xcc, 0xcc, 0xb1, 0x0, 0x0, 0x0, 0x9, 0xfe,
    0x10, 0x9f, 0xff, 0xff, 0xff, 0xff, 0xf6, 0x0,
    0x0, 0x0, 0x4f, 0xf5, 0x0, 0x23, 0x33, 0x33,
    0x3b, 0xff, 0x70, 0x0, 0x0, 0x3, 0xff, 0xe0,
    0x0, 0x0, 0x0, 0x0, 0x9f, 0xf7, 0x0, 0x0,
    0x0, 0x2e, 0xff, 0xe0, 0x0, 0x0, 0x0, 0x1c,
    0xfe, 0x40, 0x0, 0x0, 0x4, 0xff, 0xff, 0xe0,
    0x0, 0x0, 0x0, 0x3f, 0xf2, 0x0, 0x0, 0x0,
    0xd, 0xfe, 0x9f, 0xe0, 0x24, 0x44, 0x44, 0x6f,
    0xf5, 0x44, 0x44, 0x40, 0x4, 0xd2, 0x5f, 0xe0,
    0x9f, 0xff, 0xff, 0xff, 0xff, 0xff, 0xff, 0xf2,
    0x0, 0x0, 0x5f, 0xe0, 0x7c, 0xcc, 0xcc, 0xdf,
    0xfc, 0xcc, 0xcc, 0xc1, 0x0, 0x0, 0x5f, 0xe0,
    0x0, 0x0, 0x0, 0x3f, 0xf1, 0x0, 0x0, 0x0,
    0x0, 0x0, 0x5f, 0xe0, 0x0, 0x0, 0x0, 0x3f,
    0xf1, 0x0, 0x0, 0x0, 0x0, 0x0, 0x5f, 0xe0,
    0x0, 0x0, 0x0, 0x3f, 0xf1, 0x0, 0x0, 0x0,
    0x0, 0x0, 0x5f, 0xe0, 0x0, 0x1, 0x10, 0x4f,
    0xf0, 0x0, 0x0, 0x0, 0x0, 0x0, 0x5f, 0xe0,
    0x0, 0xb, 0xff, 0xff, 0xf0, 0x0, 0x0, 0x0,
    0x0, 0x0, 0x5f, 0xe0, 0x0, 0x6, 0xff, 0xfc,
    0x50, 0x0, 0x0, 0x0, 0x0, 0x0, 0x0, 0x0,
    0x0, 0x0, 0x0, 0x0, 0x0, 0x0, 0x0, 0x0,

    /* U+5B8C "完" */
    0x0, 0x0, 0x0, 0x0, 0x0, 0x0, 0x0, 0x0,
    0x0, 0x0, 0x0, 0x0, 0x0, 0x0, 0x0, 0x0,
    0xa, 0xf7, 0x0, 0x0, 0x0, 0x0, 0x0, 0x0,
    0x0, 0x0, 0x0, 0x0, 0x9f, 0xf1, 0x0, 0x0,
    0x0, 0x0, 0x0, 0x14, 0x44, 0x44, 0x44, 0x47,
    0xff, 0x94, 0x44, 0x44, 0x44, 0x30, 0x3, 0xff,
    0xff, 0xff, 0xff, 0xff, 0xff, 0xff, 0xff, 0xff,
    0xfc, 0x0, 0x3f, 0xfd, 0xdd, 0xdd, 0xdd, 0xdd,
    0xdd, 0xdd, 0xdd, 0xef, 0xc0, 0x3, 0xff, 0x10,
    0x0, 0x0, 0x0, 0x0, 0x0, 0x0, 0x8, 0xfc,
    0x0, 0x3f, 0xf1, 0x1, 0x11, 0x11, 0x11, 0x11,
    0x11, 0x10, 0x8f, 0xc0, 0x3, 0xff, 0x17, 0xff,
    0xff, 0xff, 0xff, 0xff, 0xff, 0x28, 0xfc, 0x0,
    0x4, 0x40, 0x6f, 0xff, 0xff, 0xff, 0xff, 0xff,
    0xf1, 0x24, 0x30, 0x0, 0x0, 0x0, 0x0, 0x0,
    0x0, 0x0, 0x0, 0x0, 0x0, 0x0, 0x0, 0x0,
    0x0, 0x0, 0x0, 0x0, 0x0, 0x0, 0x0, 0x0,
    0x0, 0x0, 0xc, 0xff, 0xff, 0xff, 0xff, 0xff,
    0xff, 0xff, 0xff, 0xff, 0xff, 0x50, 0xcf, 0xff,
    0xff, 0xff, 0xff, 0xff, 0xff, 0xff, 0xff, 0xff,
    0xf5, 0x1, 0x22, 0x22, 0x28, 0xfd, 0x22, 0x28,
    0xfd, 0x22, 0x22, 0x22, 0x0, 0x0, 0x0, 0x0,
    0x8f, 0xb0, 0x0, 0x7f, 0xc0, 0x0, 0x0, 0x0,
    0x0, 0x0, 0x0, 0xb, 0xf9, 0x0, 0x7, 0xfc,
    0x0, 0x0, 0x0, 0x0, 0x0, 0x0, 0x0, 0xff,
    0x50, 0x0, 0x7f, 0xc0, 0x0, 0x1, 0x0, 0x0,
    0x0, 0x0, 0x7f, 0xf1, 0x0, 0x7, 0xfc, 0x0,
    0x0, 0x4e, 0x60, 0x0, 0x0, 0x5f, 0xf9, 0x0,
    0x0, 0x6f, 0xc0, 0x0, 0x5, 0xfa, 0x0, 0x3,
    0xaf, 0xfd, 0x0, 0x0, 0x6, 0xfe, 0x10, 0x0,
    0xaf, 0x70, 0x9e, 0xff, 0xfb, 0x10, 0x0, 0x0,
    0x4f, 0xff, 0xff, 0xff, 0xf3, 0x6, 0xff, 0xb4,
    0x0, 0x0, 0x0, 0x0, 0x9e, 0xff, 0xff, 0xe8,
    0x0, 0x4, 0x0, 0x0, 0x0, 0x0, 0x0, 0x0,
    0x0, 0x0, 0x0, 0x0,

    /* U+5BA2 "客" */
    0x0, 0x0, 0x0, 0x0, 0x0, 0x1, 0x30, 0x0,
    0x0, 0x0, 0x0, 0x0, 0x0, 0x0, 0x0, 0x0,
    0x0, 0x6f, 0xf1, 0x0, 0x0, 0x0, 0x0, 0x0,
    0x0, 0x0, 0x0, 0x0, 0x0, 0x1e, 0xfa, 0x0,
    0x0, 0x0, 0x0, 0x0, 0x1, 0xff, 0xff, 0xff,
    0xff, 0xff, 0xff, 0xff, 0xff, 0xff, 0xff, 0x40,
    0x1, 0xff, 0xff, 0xff, 0xff, 0xff, 0xff, 0xff,
    0xff, 0xff, 0xff, 0x40, 0x1, 0xff, 0x10, 0x0,
    0x1b, 0x83, 0x0, 0x0, 0x0, 0x0, 0xff, 0x40,
    0x1, 0xff, 0x10, 0x0, 0xcf, 0xf3, 0x0, 0x0,
    0x0, 0x0, 0xff, 0x40, 0x1, 0xbb, 0x0, 0x1c,
    0xff, 0xff, 0xff, 0xff, 0xff, 0x70, 0xab, 0x30,
    0x0, 0x0, 0x5, 0xef, 0xfb, 0xbb, 0xbb, 0xbe,
    0xff, 0x50, 0x0, 0x0, 0x0, 0x3, 0xbf, 0xff,
    0xfb, 0x10, 0x0, 0x6f, 0xf8, 0x0, 0x0, 0x0,
    0x0, 0x4f, 0xff, 0x83, 0xef, 0xe4, 0x1a, 0xff,
    0x70, 0x0, 0x0, 0x0, 0x0, 0x7, 0x92, 0x0,
    0x1b, 0xff, 0xff, 0xe4, 0x0, 0x0, 0x0, 0x0,
    0x0, 0x0, 0x0, 0x0, 0x28, 0xff, 0xff, 0xd7,
    0x10, 0x0, 0x0, 0x0, 0x0, 0x0, 0x3, 0x7c,
    0xff, 0xfc, 0x9f, 0xff, 0xfd, 0x96, 0x30, 0x0,
    0x5, 0x8b, 0xef, 0xff, 0xf9, 0x30, 0x0, 0x6c,
    0xff, 0xff, 0xff, 0xd1, 0xa, 0xff, 0xff, 0xff,
    0xbb, 0xbb, 0xbb, 0xbb, 0xcf, 0xfe, 0xff, 0x60,
    0x2, 0x96, 0x35, 0xff, 0xff, 0xff, 0xff, 0xff,
    0xff, 0xe0, 0x14, 0x0, 0x0, 0x0, 0x5, 0xfd,
    0x22, 0x22, 0x22, 0x22, 0x7f, 0xe0, 0x0, 0x0,
    0x0, 0x0, 0x5, 0xfd, 0x0, 0x0, 0x0, 0x0,
    0x6f, 0xe0, 0x0, 0x0, 0x0, 0x0, 0x5, 0xfd,
    0x0, 0x0, 0x0, 0x0, 0x6f, 0xe0, 0x0, 0x0,
    0x0, 0x0, 0x5, 0xff, 0xcc, 0xcc, 0xcc, 0xcc,
    0xdf, 0xe0, 0x0, 0x0, 0x0, 0x0, 0x5, 0xff,
    0xff, 0xff, 0xff, 0xff, 0xff, 0xe0, 0x0, 0x0,
    0x0, 0x0, 0x5, 0xfd, 0x0, 0x0, 0x0, 0x0,
    0x6f, 0xe0, 0x0, 0x0, 0x0, 0x0, 0x0, 0x0,
    0x0, 0x0, 0x0, 0x0, 0x0, 0x0, 0x0, 0x0,

    /* U+5BB6 "家" */
    0x0, 0x0, 0x0, 0x0, 0x0, 0x11, 0x0, 0x0,
    0x0, 0x0, 0x0, 0x0, 0x0, 0x0, 0x0, 0x0,
    0xbf, 0xb0, 0x0, 0x0, 0x0, 0x0, 0x0, 0x1,
    0x11, 0x11, 0x11, 0x18, 0xff, 0x31, 0x11, 0x11,
    0x11, 0x10, 0x0, 0xff, 0xff, 0xff, 0xff, 0xff,
    0xff, 0xff, 0xff, 0xff, 0xff, 0x20, 0xf, 0xff,
    0xff, 0xff, 0xff, 0xff, 0xff, 0xff, 0xff, 0xff,
    0xf2, 0x0, 0xff, 0x20, 0x0, 0x0, 0x0, 0x0,
    0x0, 0x0, 0x2, 0xff, 0x20, 0xf, 0xf2, 0x0,
    0x0, 0x0, 0x0, 0x0, 0x0, 0x0, 0x2f, 0xf2,
    0x0, 0xff, 0x2e, 0xff, 0xff, 0xff, 0xff, 0xff,
    0xff, 0xa2, 0xff, 0x20, 0x0, 0x0, 0xce, 0xee,
    0xef, 0xff, 0xee, 0xee, 0xe9, 0x0, 0x0, 0x0,
    0x0, 0x0, 0x0, 0x5d, 0xfe, 0x40, 0x0, 0x0,
    0x30, 0x0, 0x0, 0x0, 0x0, 0x16, 0xdf, 0xff,
    0xc0, 0x0, 0x0, 0x6f, 0xc1, 0x0, 0x0, 0x37,
    0xbf, 0xff, 0xa3, 0xdf, 0x90, 0x0, 0x9f, 0xfc,
    0x10, 0x0, 0xa, 0xff, 0xe9, 0x20, 0x1b, 0xff,
    0x32, 0xdf, 0xf8, 0x0, 0x0, 0x0, 0x19, 0x40,
    0x1, 0x8f, 0xfe, 0xfe, 0xff, 0xf4, 0x0, 0x0,
    0x0, 0x0, 0x0, 0x39, 0xff, 0xd5, 0x1f, 0xff,
    0xef, 0x80, 0x0, 0x0, 0x0, 0x38, 0xdf, 0xfd,
    0x60, 0x8, 0xff, 0x74, 0xfe, 0x0, 0x0, 0x0,
    0xc, 0xff, 0xb5, 0x0, 0x3c, 0xff, 0xf9, 0xc,
    0xfa, 0x0, 0x0, 0x0, 0x37, 0x20, 0x2, 0xaf,
    0xfb, 0xaf, 0xa0, 0x3f, 0xf6, 0x0, 0x0, 0x0,
    0x0, 0x4a, 0xff, 0xe6, 0x9, 0xfa, 0x0, 0x8f,
    0xf7, 0x0, 0x0, 0x38, 0xdf, 0xfe, 0x70, 0x0,
    0xcf, 0x80, 0x0, 0xaf, 0xfa, 0x20, 0x4f, 0xff,
    0xe7, 0x1, 0x0, 0x7f, 0xf3, 0x0, 0x0, 0xaf,
    0xfd, 0x0, 0x9a, 0x40, 0x0, 0xbf, 0xff, 0xfb,
    0x0, 0x0, 0x0, 0x4d, 0x20, 0x0, 0x0, 0x0,
    0x6, 0xff, 0xe9, 0x0, 0x0, 0x0, 0x0, 0x0,
    0x0, 0x0, 0x0, 0x0, 0x0, 0x0, 0x0, 0x0,
    0x0, 0x0, 0x0, 0x0,

    /* U+5C0F "小" */
    0x0, 0x0, 0x0, 0x0, 0x0, 0x1a, 0xa2, 0x0,
    0x0, 0x0, 0x0, 0x0, 0x0, 0x0, 0x0, 0x0,
    0x0, 0x2f, 0xf4, 0x0, 0x0, 0x0, 0x0, 0x0,
    0x0, 0x0, 0x0, 0x0, 0x0, 0x2f, 0xf4, 0x0,
    0x0, 0x0, 0x0, 0x0, 0x0, 0x0, 0x0, 0x0,
    0x0, 0x2f, 0xf4, 0x0, 0x0, 0x0, 0x0, 0x0,
    0x0, 0x0, 0x0, 0x0, 0x0, 0x2f, 0xf4, 0x0,
    0x0, 0x0, 0x0, 0x0, 0x0, 0x0, 0x0, 0x0,
    0x0, 0x2f, 0xf4, 0x0, 0x0, 0x20, 0x0, 0x0,
    0x0, 0x0, 0x7f, 0xc0, 0x0, 0x2f, 0xf4, 0x0,
    0x2d, 0xf3, 0x0, 0x0, 0x0, 0x0, 0xbf, 0xd0,
    0x0, 0x2f, 0xf4, 0x0, 0xd, 0xfc, 0x0, 0x0,
    0x0, 0x0, 0xff, 0x90, 0x0, 0x2f, 0xf4, 0x0,
    0x6, 0xff, 0x50, 0x0, 0x0, 0x3, 0xff, 0x50,
    0x0, 0x2f, 0xf4, 0x0, 0x0, 0xdf, 0xd0, 0x0,
    0x0, 0x9, 0xff, 0x0, 0x0, 0x2f, 0xf4, 0x0,
    0x0, 0x6f, 0xf4, 0x0, 0x0, 0xe, 0xfa, 0x0,
    0x0, 0x2f, 0xf4, 0x0, 0x0, 0xf, 0xfb, 0x0,
    0x0, 0x5f, 0xf4, 0x0, 0x0, 0x2f, 0xf4, 0x0,
    0x0, 0x9, 0xff, 0x20, 0x0, 0xcf, 0xd0, 0x0,
    0x0, 0x2f, 0xf4, 0x0, 0x0, 0x2, 0xff, 0x80,
    0x5, 0xff, 0x60, 0x0, 0x0, 0x2f, 0xf4, 0x0,
    0x0, 0x0, 0xcf, 0xe0, 0xe, 0xfd, 0x0, 0x0,
    0x0, 0x2f, 0xf4, 0x0, 0x0, 0x0, 0x7f, 0xf2,
    0x1, 0x93, 0x0, 0x0, 0x0, 0x2f, 0xf4, 0x0,
    0x0, 0x0, 0x3f, 0xa2, 0x0, 0x0, 0x0, 0x0,
    0x0, 0x2f, 0xf4, 0x0, 0x0, 0x0, 0x1, 0x0,
    0x0, 0x0, 0x0, 0x0, 0x0, 0x2f, 0xf4, 0x0,
    0x0, 0x0, 0x0, 0x0, 0x0, 0x0, 0x0, 0x23,
    0x33, 0x6f, 0xf4, 0x0, 0x0, 0x0, 0x0, 0x0,
    0x0, 0x0, 0x0, 0x5f, 0xff, 0xff, 0xf1, 0x0,
    0x0, 0x0, 0x0, 0x0, 0x0, 0x0, 0x0, 0xf,
    0xff, 0xfc, 0x50, 0x0, 0x0, 0x0, 0x0, 0x0,
    0x0, 0x0, 0x0, 0x0, 0x0, 0x0, 0x0, 0x0,
    0x0, 0x0, 0x0, 0x0,

    /* U+5C1D "尝" */
    0x0, 0x0, 0x0, 0x0, 0x0, 0x22, 0x0, 0x0,
    0x0, 0x0, 0x0, 0x0, 0x3, 0x92, 0x0, 0x6,
    0xff, 0x0, 0x0, 0x68, 0x30, 0x0, 0x0, 0xd,
    0xfd, 0x0, 0x6, 0xff, 0x0, 0x1, 0xff, 0xb0,
    0x0, 0x0, 0x2, 0xff, 0x80, 0x6, 0xff, 0x0,
    0xb, 0xfd, 0x0, 0x0, 0x0, 0x0, 0x8f, 0x90,
    0x6, 0xff, 0x0, 0x3e, 0xe2, 0x0, 0x0, 0x1f,
    0xff, 0xff, 0xff, 0xff, 0xff, 0xff, 0xff, 0xff,
    0xff, 0xb0, 0x2f, 0xff, 0xff, 0xff, 0xff, 0xff,
    0xff, 0xff, 0xff, 0xff, 0xb0, 0x2f, 0xf2, 0x0,
    0x0, 0x0, 0x0, 0x0, 0x0, 0x0, 0x9f, 0xb0,
    0x2f, 0xf2, 0x0, 0x0, 0x0, 0x0, 0x0, 0x0,
    0x0, 0x9f, 0xb0, 0x1e, 0xee, 0xff, 0xff, 0xff,
    0xff, 0xff, 0xff, 0xff, 0xae, 0xa0, 0x0, 0xc,
    0xff, 0xff, 0xff, 0xff, 0xff, 0xff, 0xff, 0x10,
    0x0, 0x0, 0x0, 0x11, 0x11, 0x11, 0x11, 0x11,
    0x11, 0x11, 0x0, 0x0, 0x0, 0x0, 0x0, 0x0,
    0x0, 0x0, 0x0, 0x0, 0x0, 0x0, 0x0, 0xaf,
    0xff, 0xff, 0xff, 0xff, 0xff, 0xff, 0xff, 0xff,
    0xff, 0xf2, 0xbf, 0xff, 0xff, 0xff, 0xff, 0xff,
    0xff, 0xff, 0xff, 0xff, 0xf2, 0x23, 0x33, 0x33,
    0xcf, 0xf9, 0x33, 0x33, 0x56, 0x33, 0x33, 0x30,
    0x0, 0x0, 0x6, 0xff, 0xa0, 0x0, 0x6, 0xfe,
    0x30, 0x0, 0x0, 0x0, 0x0, 0x5f, 0xfc, 0x0,
    0x0, 0x1, 0xdf, 0xe2, 0x0, 0x0, 0x0, 0x5,
    0xff, 0xc1, 0x0, 0x0, 0x0, 0x1d, 0xfe, 0x10,
    0x0, 0x0, 0x7f, 0xfe, 0x55, 0x67, 0x89, 0xac,
    0xde, 0xff, 0xd0, 0x0, 0x5, 0xff, 0xff, 0xff,
    0xff, 0xff, 0xff, 0xff, 0xff, 0xfa, 0x0, 0x0,
    0xff, 0xfe, 0xdb, 0xa9, 0x86, 0x54, 0x21, 0x7,
    0xff, 0x30, 0x0, 0x42, 0x0, 0x0, 0x0, 0x0,
    0x0, 0x0, 0x0, 0x92, 0x0,

    /* U+5DF2 "已" */
    0x7e, 0xee, 0xee, 0xee, 0xee, 0xee, 0xee, 0xee,
    0xee, 0x0, 0x0, 0x7f, 0xff, 0xff, 0xff, 0xff,
    0xff, 0xff, 0xff, 0xff, 0x0, 0x0, 0x24, 0x44,
    0x44, 0x44, 0x44, 0x44, 0x44, 0x47, 0xff, 0x0,
    0x0, 0x0, 0x0, 0x0, 0x0, 0x0, 0x0, 0x0,
    0x5, 0xff, 0x0, 0x0, 0x3, 0x98, 0x0, 0x0,
    0x0, 0x0, 0x0, 0x5, 0xff, 0x0, 0x0, 0x6,
    0xfe, 0x0, 0x0, 0x0, 0x0, 0x0, 0x5, 0xff,
    0x0, 0x0, 0x6, 0xfe, 0x0, 0x0, 0x0, 0x0,
    0x0, 0x5, 0xff, 0x0, 0x0, 0x6, 0xfe, 0x0,
    0x0, 0x0, 0x0, 0x0, 0x5, 0xff, 0x0, 0x0,
    0x6, 0xff, 0xff, 0xff, 0xff, 0xff, 0xff, 0xff,
    0xff, 0x0, 0x0, 0x6, 0xff, 0xff, 0xff, 0xff,
    0xff, 0xff, 0xff, 0xff, 0x0, 0x0, 0x6, 0xff,
    0x44, 0x44, 0x44, 0x44, 0x44, 0x47, 0xff, 0x0,
    0x0, 0x6, 0xfe, 0x0, 0x0, 0x0, 0x0, 0x0,
    0x1, 0x55, 0x0, 0x0, 0x6, 0xfe, 0x0, 0x0,
    0x0, 0x0, 0x0, 0x0, 0x0, 0x0, 0x0, 0x6,
    0xfe, 0x0, 0x0, 0x0, 0x0, 0x0, 0x0, 0x0,
    0x23, 0x0, 0x6, 0xfe, 0x0, 0x0, 0x0, 0x0,
    0x0, 0x0, 0x0, 0x5f, 0xc0, 0x6, 0xfe, 0x0,
    0x0, 0x0, 0x0, 0x0, 0x0, 0x0, 0x7f, 0xe0,
    0x5, 0xff, 0x0, 0x0, 0x0, 0x0, 0x0, 0x0,
    0x0, 0xbf, 0xb0, 0x3, 0xff, 0x61, 0x0, 0x0,
    0x0, 0x0, 0x0, 0x17, 0xff, 0x70, 0x0, 0xef,
    0xff, 0xff, 0xff, 0xff, 0xff, 0xff, 0xff, 0xfe,
    0x10, 0x0, 0x2b, 0xff, 0xff, 0xff, 0xff, 0xff,
    0xff, 0xff, 0xc2, 0x0, 0x0, 0x0, 0x2, 0x23,
    0x33, 0x33, 0x33, 0x33, 0x20, 0x0, 0x0,

    /* U+5E8F "序" */
    0x0, 0x0, 0x0, 0x0, 0x0, 0x0, 0x43, 0x0,
    0x0, 0x0, 0x0, 0x0, 0x0, 0x0, 0x0, 0x0,
    0x0, 0x9f, 0xd0, 0x0, 0x0, 0x0, 0x0, 0x0,
    0x0, 0x0, 0x0, 0x0, 0x2, 0xff, 0x50, 0x0,
    0x0, 0x0, 0x0, 0x1, 0xcc, 0xcc, 0xcc, 0xcc,
    0xcf, 0xfe, 0xcc, 0xcc, 0xcc, 0xc9, 0x0, 0x1f,
    0xff, 0xff, 0xff, 0xff, 0xff, 0xff, 0xff, 0xff,
    0xff, 0xc0, 0x1, 0xff, 0x54, 0x44, 0x44, 0x44,
    0x44, 0x44, 0x44, 0x44, 0x43, 0x0, 0x1f, 0xf1,
    0x0, 0x0, 0x0, 0x0, 0x0, 0x0, 0x0, 0x0,
    0x0, 0x1, 0xff, 0x10, 0xff, 0xff, 0xff, 0xff,
    0xff, 0xff, 0xe3, 0x0, 0x0, 0x1f, 0xf1, 0xb,
    0xcc, 0xcc, 0xcc, 0xcc, 0xdf, 0xfe, 0x30, 0x0,
    0x1, 0xff, 0x0, 0x0, 0x5, 0x0, 0x0, 0x3e,
    0xfd, 0x20, 0x0, 0x0, 0x2f, 0xf0, 0x0, 0xa,
    0xfe, 0x71, 0x8f, 0xf9, 0x0, 0x0, 0x0, 0x2,
    0xff, 0x0, 0x0, 0x29, 0xff, 0xff, 0xe4, 0x0,
    0x0, 0x0, 0x0, 0x2f, 0xf0, 0x0, 0x0, 0x2,
    0x9f, 0xff, 0x80, 0x0, 0x0, 0x0, 0x4, 0xfe,
    0x3f, 0xff, 0xff, 0xff, 0xff, 0xff, 0xff, 0xff,
    0xf6, 0x0, 0x5f, 0xd2, 0xdd, 0xdd, 0xdd, 0xef,
    0xfd, 0xdd, 0xdf, 0xfe, 0x10, 0x6, 0xfb, 0x0,
    0x0, 0x0, 0x2, 0xff, 0x0, 0x1, 0xef, 0x60,
    0x0, 0x9f, 0x90, 0x0, 0x0, 0x0, 0x2f, 0xf0,
    0x0, 0xbf, 0xb0, 0x0, 0xc, 0xf6, 0x0, 0x0,
    0x0, 0x2, 0xff, 0x0, 0x4f, 0xe1, 0x0, 0x0,
    0xff, 0x30, 0x0, 0x0, 0x0, 0x2f, 0xf0, 0x0,
    0x22, 0x0, 0x0, 0x3f, 0xf0, 0x0, 0x0, 0x0,
    0x2, 0xff, 0x0, 0x0, 0x0, 0x0, 0x9, 0xfb,
    0x0, 0x0, 0x0, 0x0, 0x3f, 0xf0, 0x0, 0x0,
    0x0, 0x1, 0xff, 0x50, 0x0, 0x3, 0xff, 0xff,
    0xfe, 0x0, 0x0, 0x0, 0x0, 0x4, 0xc0, 0x0,
    0x0, 0xd, 0xff, 0xfc, 0x40, 0x0, 0x0, 0x0,
    0x0, 0x0, 0x0, 0x0, 0x0, 0x0, 0x0, 0x0,
    0x0, 0x0, 0x0, 0x0,

    /* U+5F00 "开" */
    0x9, 0xdd, 0xdd, 0xdd, 0xdd, 0xdd, 0xdd, 0xdd,
    0xdd, 0xdd, 0xd2, 0xb, 0xff, 0xff, 0xff, 0xff,
    0xff, 0xff, 0xff, 0xff, 0xff, 0xf2, 0x2, 0x44,
    0x44, 0xff, 0x74, 0x44, 0x44, 0xaf, 0xd4, 0x44,
    0x40, 0x0, 0x0, 0x0, 0xff, 0x40, 0x0, 0x0,
    0x8f, 0xc0, 0x0, 0x0, 0x0, 0x0, 0x0, 0xff,
    0x40, 0x0, 0x0, 0x8f, 0xc0, 0x0, 0x0, 0x0,
    0x0, 0x0, 0xff, 0x40, 0x0, 0x0, 0x8f, 0xc0,
    0x0, 0x0, 0x0, 0x0, 0x0, 0xff, 0x40, 0x0,
    0x0, 0x8f, 0xc0, 0x0, 0x0, 0x0, 0x0, 0x0,
    0xff, 0x40, 0x0, 0x0, 0x8f, 0xc0, 0x0, 0x0,
    0x12, 0x22, 0x22, 0xff, 0x62, 0x22, 0x22, 0x9f,
    0xd2, 0x22, 0x22, 0x8f, 0xff, 0xff, 0xff, 0xff,
    0xff, 0xff, 0xff, 0xff, 0xff, 0xfe, 0x8f, 0xff,
    0xff, 0xff, 0xff, 0xff, 0xff, 0xff, 0xff, 0xff,
    0xfe, 0x0, 0x0, 0x3, 0xff, 0x10, 0x0, 0x0,
    0x8f, 0xc0, 0x0, 0x0, 0x0, 0x0, 0x6, 0xfe,
    0x0, 0x0, 0x0, 0x8f, 0xc0, 0x0, 0x0, 0x0,
    0x0, 0xb, 0xfb, 0x0, 0x0, 0x0, 0x8f, 0xc0,
    0x0, 0x0, 0x0, 0x0, 0x2f, 0xf6, 0x0, 0x0,
    0x0, 0x8f, 0xc0, 0x0, 0x0, 0x0, 0x0, 0x9f,
    0xf1, 0x0, 0x0, 0x0, 0x8f, 0xc0, 0x0, 0x0,
    0x0, 0x4, 0xff, 0x90, 0x0, 0x0, 0x0, 0x8f,
    0xc0, 0x0, 0x0, 0x0, 0x3f, 0xfe, 0x10, 0x0,
    0x0, 0x0, 0x8f, 0xc0, 0x0, 0x0, 0x5, 0xff,
    0xf4, 0x0, 0x0, 0x0, 0x0, 0x8f, 0xc0, 0x0,
    0x0, 0x3f, 0xff, 0x40, 0x0, 0x0, 0x0, 0x0,
    0x8f, 0xc0, 0x0, 0x0, 0x4, 0xd2, 0x0, 0x0,
    0x0, 0x0, 0x0, 0x8f, 0xc0, 0x0, 0x0, 0x0,
    0x0, 0x0, 0x0, 0x0, 0x0, 0x0, 0x0, 0x0,
    0x0, 0x0,

    /* U+5F80 "往" */
    0x0, 0x0, 0x1, 0x0, 0x0, 0x0, 0x0, 0x31,
    0x0, 0x0, 0x0, 0x0, 0x0, 0x0, 0xbf, 0x80,
    0x0, 0x0, 0xaf, 0xb0, 0x0, 0x0, 0x0, 0x0,
    0x0, 0x9f, 0xf3, 0x0, 0x0, 0x3, 0xff, 0x40,
    0x0, 0x0, 0x0, 0x0, 0x8f, 0xf6, 0x0, 0x0,
    0x0, 0xb, 0xfc, 0x0, 0x0, 0x0, 0x0, 0xaf,
    0xf7, 0x0, 0x0, 0x0, 0x0, 0x4f, 0x90, 0x0,
    0x0, 0x0, 0xbf, 0xf7, 0x0, 0x6, 0xdd, 0xdd,
    0xdd, 0xed, 0xdd, 0xdd, 0xd4, 0x4, 0xf5, 0x1,
    0xe9, 0x9f, 0xff, 0xff, 0xff, 0xff, 0xff, 0xff,
    0x40, 0x1, 0x0, 0xbf, 0xd2, 0x44, 0x44, 0x4c,
    0xfb, 0x44, 0x44, 0x41, 0x0, 0x0, 0x6f, 0xf3,
    0x0, 0x0, 0x0, 0xaf, 0xa0, 0x0, 0x0, 0x0,
    0x0, 0x5f, 0xf8, 0x0, 0x0, 0x0, 0xa, 0xfa,
    0x0, 0x0, 0x0, 0x0, 0x4f, 0xff, 0x50, 0x0,
    0x0, 0x0, 0xaf, 0xa0, 0x0, 0x0, 0x0, 0x5f,
    0xff, 0xf5, 0x0, 0x0, 0x0, 0xa, 0xfa, 0x0,
    0x0, 0x0, 0x1f, 0xfe, 0xff, 0x50, 0x9, 0xee,
    0xee, 0xff, 0xfe, 0xee, 0xe7, 0x0, 0x9e, 0x2e,
    0xf5, 0x0, 0xbf, 0xff, 0xff, 0xff, 0xff, 0xff,
    0x80, 0x2, 0x10, 0xef, 0x50, 0x2, 0x44, 0x44,
    0xcf, 0xb4, 0x44, 0x42, 0x0, 0x0, 0xe, 0xf5,
    0x0, 0x0, 0x0, 0xa, 0xfa, 0x0, 0x0, 0x0,
    0x0, 0x0, 0xef, 0x50, 0x0, 0x0, 0x0, 0xaf,
    0xa0, 0x0, 0x0, 0x0, 0x0, 0xe, 0xf5, 0x0,
    0x0, 0x0, 0xa, 0xfa, 0x0, 0x0, 0x0, 0x0,
    0x0, 0xef, 0x50, 0x0, 0x0, 0x0, 0xaf, 0xa0,
    0x0, 0x0, 0x0, 0x0, 0xe, 0xf5, 0x0, 0x0,
    0x0, 0xa, 0xfa, 0x0, 0x0, 0x0, 0x0, 0x0,
    0xef, 0x53, 0xff, 0xff, 0xff, 0xff, 0xff, 0xff,
    0xff, 0xe0, 0x0, 0xe, 0xf5, 0x3f, 0xff, 0xff,
    0xff, 0xff, 0xff, 0xff, 0xfe, 0x0, 0x0, 0xef,
    0x50, 0x22, 0x22, 0x22, 0x22, 0x22, 0x22, 0x22,
    0x20,

    /* U+5FAE "微" */
    0x0, 0x0, 0x0, 0x0, 0x0, 0x0, 0x0, 0x0,
    0x0, 0x0, 0x0, 0x0, 0x0, 0x0, 0xbb, 0x40,
    0x0, 0xce, 0x0, 0x0, 0x1e, 0xc0, 0x0, 0x0,
    0x0, 0x7, 0xff, 0x20, 0x0, 0xce, 0x0, 0x10,
    0x4f, 0xd0, 0x0, 0x0, 0x0, 0x5f, 0xf6, 0xc,
    0xc0, 0xce, 0xa, 0xe0, 0x6f, 0xb0, 0x0, 0x0,
    0x4, 0xff, 0x80, 0xc, 0xc0, 0xce, 0xa, 0xe0,
    0x9f, 0x80, 0x0, 0x0, 0x4f, 0xf9, 0x0, 0xc,
    0xc0, 0xce, 0xa, 0xe0, 0xbf, 0x84, 0x44, 0x40,
    0xd, 0x80, 0x4f, 0xac, 0xc0, 0xce, 0xa, 0xe0,
    0xff, 0xff, 0xff, 0xf0, 0x1, 0x0, 0xdf, 0x7c,
    0xff, 0xff, 0xff, 0xe3, 0xfe, 0xaa, 0xef, 0xb0,
    0x0, 0x8, 0xfd, 0x9, 0xcc, 0xcc, 0xcc, 0xa8,
    0xfa, 0x0, 0xdf, 0x10, 0x0, 0x3f, 0xf5, 0x0,
    0x0, 0x0, 0x0, 0xe, 0xfb, 0x0, 0xff, 0x0,
    0x1, 0xef, 0xf4, 0x1d, 0xdd, 0xdd, 0xdd, 0xdf,
    0xfe, 0x2, 0xfc, 0x0, 0x1d, 0xff, 0xf4, 0x1f,
    0xff, 0xff, 0xff, 0xff, 0xdf, 0x15, 0xf9, 0x0,
    0x8f, 0xed, 0xf4, 0x0, 0x0, 0x0, 0x0, 0x4,
    0x5f, 0x59, 0xf6, 0x0, 0xe, 0x4b, 0xf4, 0x1,
    0xbb, 0xbb, 0xbb, 0x10, 0x2f, 0x9e, 0xf2, 0x0,
    0x1, 0xb, 0xf4, 0x1, 0xff, 0xff, 0xff, 0x20,
    0xe, 0xff, 0xd0, 0x0, 0x0, 0xb, 0xf4, 0x1,
    0xfc, 0x0, 0xaf, 0x20, 0xa, 0xff, 0x70, 0x0,
    0x0, 0xb, 0xf4, 0x2, 0xfb, 0x0, 0xaf, 0x27,
    0x5, 0xff, 0x10, 0x0, 0x0, 0xb, 0xf4, 0x3,
    0xfa, 0x0, 0xaf, 0xef, 0x29, 0xff, 0x20, 0x0,
    0x0, 0xb, 0xf4, 0x5, 0xf9, 0x1, 0xef, 0xf7,
    0x4f, 0xff, 0xb0, 0x0, 0x0, 0xb, 0xf4, 0xa,
    0xf5, 0x1, 0xfd, 0x22, 0xef, 0x7e, 0xf7, 0x0,
    0x0, 0xb, 0xf4, 0x3f, 0xf1, 0x0, 0x60, 0x3e,
    0xf9, 0x6, 0xff, 0x70, 0x0, 0xb, 0xf4, 0xaf,
    0x90, 0x0, 0x1, 0xff, 0xb0, 0x0, 0x9f, 0xd1,
    0x0, 0xb, 0xf4, 0x9, 0x0, 0x0, 0x0, 0x89,
    0x0, 0x0, 0x8, 0x20, 0x0, 0x0, 0x0, 0x0,
    0x0, 0x0, 0x0, 0x0, 0x0, 0x0, 0x0, 0x0,

    /* U+603B "总" */
    0x0, 0x0, 0x1, 0x85, 0x0, 0x0, 0x0, 0xb,
    0x60, 0x0, 0x0, 0x0, 0x0, 0x0, 0x7f, 0xf2,
    0x0, 0x0, 0x6, 0xff, 0x40, 0x0, 0x0, 0x0,
    0x0, 0x0, 0xcf, 0xc0, 0x0, 0x0, 0xdf, 0xb0,
    0x0, 0x0, 0x0, 0x0, 0x0, 0x3, 0xff, 0x50,
    0x0, 0x6f, 0xf2, 0x0, 0x0, 0x0, 0x0, 0x1,
    0x33, 0x3d, 0xd5, 0x33, 0x3e, 0xfa, 0x33, 0x30,
    0x0, 0x0, 0x0, 0x7f, 0xff, 0xff, 0xff, 0xff,
    0xff, 0xff, 0xff, 0x0, 0x0, 0x0, 0x7, 0xff,
    0xee, 0xee, 0xee, 0xee, 0xee, 0xff, 0xf0, 0x0,
    0x0, 0x0, 0x7f, 0xe0, 0x0, 0x0, 0x0, 0x0,
    0x8, 0xff, 0x0, 0x0, 0x0, 0x7, 0xfe, 0x0,
    0x0, 0x0, 0x0, 0x0, 0x8f, 0xf0, 0x0, 0x0,
    0x0, 0x7f, 0xe0, 0x0, 0x0, 0x0, 0x0, 0x8,
    0xff, 0x0, 0x0, 0x0, 0x7, 0xff, 0xdd, 0xdd,
    0xdd, 0xdd, 0xdd, 0xef, 0xf0, 0x0, 0x0, 0x0,
    0x7f, 0xff, 0xff, 0xff, 0xff, 0xff, 0xff, 0xff,
    0x0, 0x0, 0x0, 0x1, 0x44, 0x44, 0x44, 0xc6,
    0x44, 0x44, 0x44, 0x30, 0x0, 0x0, 0x0, 0x0,
    0x0, 0x0, 0x8f, 0xf5, 0x0, 0x0, 0x1, 0x0,
    0x0, 0x0, 0x66, 0x12, 0xff, 0x30, 0xbf, 0xf6,
    0x0, 0x5, 0xe7, 0x0, 0x0, 0xe, 0xf4, 0x2f,
    0xf3, 0x0, 0xaf, 0xf5, 0x0, 0x5f, 0xf3, 0x0,
    0x3, 0xff, 0x12, 0xff, 0x30, 0x0, 0xbf, 0x70,
    0x0, 0xaf, 0xc0, 0x0, 0x8f, 0xc0, 0x2f, 0xf3,
    0x0, 0x0, 0x60, 0x4, 0x1, 0xff, 0x60, 0xe,
    0xf7, 0x2, 0xff, 0x30, 0x0, 0x0, 0x0, 0xfd,
    0x17, 0xfe, 0x7, 0xff, 0x10, 0x1f, 0xf6, 0x0,
    0x0, 0x0, 0x5f, 0xf0, 0x1f, 0xd1, 0x29, 0x80,
    0x0, 0xef, 0xff, 0xff, 0xff, 0xff, 0xfb, 0x0,
    0x40, 0x0, 0x0, 0x0, 0x3, 0xbe, 0xff, 0xff,
    0xff, 0xfb, 0x20, 0x0, 0x0,

    /* U+6210 "成" */
    0x0, 0x0, 0x0, 0x0, 0x0, 0x0, 0x0, 0x0,
    0x0, 0x0, 0x0, 0x0, 0x0, 0x0, 0x0, 0x0,
    0x0, 0x4, 0xff, 0x14, 0xe7, 0x0, 0x0, 0x0,
    0x0, 0x0, 0x0, 0x0, 0x0, 0x4f, 0xf1, 0x8f,
    0xfd, 0x30, 0x0, 0x0, 0x0, 0x0, 0x0, 0x0,
    0x3, 0xff, 0x10, 0x3c, 0xff, 0x30, 0x0, 0x3,
    0x33, 0x33, 0x33, 0x33, 0x5f, 0xf5, 0x33, 0x4c,
    0xc3, 0x30, 0x0, 0xff, 0xff, 0xff, 0xff, 0xff,
    0xff, 0xff, 0xff, 0xff, 0xfd, 0x0, 0xf, 0xff,
    0xff, 0xff, 0xff, 0xff, 0xff, 0xff, 0xff, 0xff,
    0xc0, 0x0, 0xff, 0x50, 0x0, 0x0, 0x0, 0xff,
    0x50, 0x0, 0x0, 0x0, 0x0, 0xf, 0xf5, 0x0,
    0x0, 0x0, 0xd, 0xf7, 0x0, 0x4, 0x10, 0x0,
    0x0, 0xff, 0x51, 0x11, 0x11, 0x0, 0xbf, 0x90,
    0x2, 0xff, 0x40, 0x0, 0xf, 0xff, 0xff, 0xff,
    0xf5, 0x9, 0xfa, 0x0, 0x9f, 0xe0, 0x0, 0x0,
    0xff, 0xff, 0xff, 0xff, 0x40, 0x7f, 0xd0, 0xe,
    0xf8, 0x0, 0x0, 0xf, 0xf4, 0x0, 0xe, 0xf4,
    0x4, 0xff, 0x7, 0xff, 0x10, 0x0, 0x0, 0xff,
    0x30, 0x0, 0xef, 0x40, 0x1f, 0xf5, 0xff, 0x80,
    0x0, 0x0, 0x1f, 0xf3, 0x0, 0xf, 0xf3, 0x0,
    0xef, 0xef, 0xe0, 0x0, 0x0, 0x3, 0xff, 0x10,
    0x0, 0xff, 0x20, 0x9, 0xff, 0xf4, 0x0, 0x0,
    0x0, 0x4f, 0xf0, 0x0, 0x3f, 0xf1, 0x0, 0x7f,
    0xf9, 0x0, 0xa, 0x10, 0x7, 0xfd, 0x2d, 0xce,
    0xfe, 0x0, 0x3f, 0xff, 0x70, 0x0, 0xff, 0x0,
    0xaf, 0xa0, 0xef, 0xff, 0x60, 0x2e, 0xff, 0xfe,
    0x0, 0x1f, 0xd0, 0xf, 0xf6, 0x2, 0x33, 0x0,
    0x3e, 0xfe, 0x4f, 0xf7, 0x4, 0xfb, 0x5, 0xff,
    0x10, 0x0, 0x0, 0x7f, 0xfe, 0x20, 0x8f, 0xf7,
    0xaf, 0x80, 0xef, 0xc0, 0x0, 0x0, 0x3f, 0xfe,
    0x30, 0x0, 0xcf, 0xff, 0xf2, 0x5, 0xf4, 0x0,
    0x0, 0x0, 0x6b, 0x10, 0x0, 0x1, 0xaf, 0xe6,
    0x0, 0x2, 0x0, 0x0, 0x0, 0x0, 0x0, 0x0,
    0x0, 0x0, 0x0, 0x0,

    /* U+6211 "我" */
    0x0, 0x0, 0x0, 0x0, 0x59, 0x50, 0x6d, 0xb0,
    0x3, 0x0, 0x0, 0x0, 0x0, 0x36, 0x9d, 0xff,
    0xff, 0x37, 0xfd, 0x8, 0xfb, 0x0, 0x0, 0x2e,
    0xff, 0xff, 0xff, 0xea, 0x61, 0x7f, 0xd0, 0x3e,
    0xfb, 0x0, 0x0, 0xdf, 0xda, 0xcf, 0xb0, 0x0,
    0x6, 0xfd, 0x0, 0x3f, 0xfa, 0x0, 0x0, 0x0,
    0x8, 0xfb, 0x0, 0x0, 0x5f, 0xe0, 0x0, 0x4f,
    0xf3, 0x0, 0x0, 0x0, 0x8f, 0xb0, 0x0, 0x4,
    0xff, 0x0, 0x0, 0x63, 0x0, 0x2, 0x22, 0x29,
    0xfc, 0x22, 0x22, 0x5f, 0xf2, 0x22, 0x22, 0x22,
    0x6, 0xff, 0xff, 0xff, 0xff, 0xff, 0xff, 0xff,
    0xff, 0xff, 0xff, 0xe0, 0x5f, 0xff, 0xff, 0xff,
    0xff, 0xff, 0xff, 0xff, 0xff, 0xff, 0xfd, 0x0,
    0x0, 0x0, 0x8f, 0xb0, 0x0, 0x0, 0xef, 0x60,
    0x0, 0x0, 0x0, 0x0, 0x0, 0x8, 0xfb, 0x0,
    0x0, 0xb, 0xf8, 0x0, 0x7d, 0x60, 0x0, 0x0,
    0x0, 0x8f, 0xb0, 0x14, 0x50, 0x9f, 0xb0, 0x2f,
    0xf6, 0x0, 0x0, 0x0, 0x1a, 0xfe, 0xdf, 0xfc,
    0x7, 0xfe, 0xc, 0xfb, 0x0, 0x4, 0x8b, 0xef,
    0xff, 0xff, 0xfc, 0x80, 0x3f, 0xfa, 0xff, 0x20,
    0x0, 0x9f, 0xff, 0xff, 0xfd, 0x30, 0x0, 0x0,
    0xff, 0xff, 0x40, 0x0, 0x4, 0xc8, 0x52, 0x8f,
    0xb0, 0x0, 0x0, 0xd, 0xff, 0x60, 0x1, 0x0,
    0x0, 0x0, 0x8, 0xfb, 0x0, 0x0, 0x1c, 0xff,
    0xf0, 0x0, 0x8a, 0x10, 0x0, 0x0, 0x8f, 0xb0,
    0x0, 0x4e, 0xff, 0xff, 0x60, 0x9, 0xf5, 0x0,
    0x0, 0x8, 0xfb, 0x2, 0xbf, 0xfe, 0x4a, 0xfe,
    0x10, 0xcf, 0x20, 0x15, 0x44, 0xcf, 0xb0, 0xef,
    0xfb, 0x10, 0x2f, 0xfc, 0x6f, 0xf0, 0x0, 0xff,
    0xff, 0xf7, 0x3, 0xd5, 0x0, 0x0, 0x6f, 0xff,
    0xfa, 0x0, 0xa, 0xed, 0xc7, 0x0, 0x0, 0x0,
    0x0, 0x0, 0x6d, 0xfb, 0x10,

    /* U+626B "扫" */
    0x0, 0x0, 0x23, 0x20, 0x0, 0x0, 0x0, 0x0,
    0x0, 0x0, 0x0, 0x0, 0x0, 0x9f, 0xa0, 0x0,
    0x0, 0x0, 0x0, 0x0, 0x0, 0x0, 0x0, 0x0,
    0x9f, 0xa0, 0x0, 0x12, 0x22, 0x22, 0x22, 0x22,
    0x22, 0x0, 0x0, 0x9f, 0xa0, 0x0, 0xcf, 0xff,
    0xff, 0xff, 0xff, 0xfd, 0x0, 0x0, 0x9f, 0xa0,
    0x0, 0xbe, 0xee, 0xee, 0xee, 0xee, 0xfd, 0xb,
    0xdd, 0xef, 0xed, 0xd7, 0x0, 0x0, 0x0, 0x0,
    0x4, 0xfd, 0xe, 0xff, 0xff, 0xff, 0xf8, 0x0,
    0x0, 0x0, 0x0, 0x4, 0xfd, 0x3, 0x44, 0xaf,
    0xb4, 0x42, 0x0, 0x0, 0x0, 0x0, 0x4, 0xfd,
    0x0, 0x0, 0x9f, 0xa0, 0x0, 0x0, 0x0, 0x0,
    0x0, 0x4, 0xfd, 0x0, 0x0, 0x9f, 0xa0, 0x0,
    0x0, 0x0, 0x0, 0x0, 0x4, 0xfd, 0x0, 0x0,
    0x9f, 0xa0, 0x0, 0x3, 0x33, 0x33, 0x33, 0x37,
    0xfd, 0x0, 0x0, 0x9f, 0xa3, 0x78, 0x3f, 0xff,
    0xff, 0xff, 0xff, 0xfd, 0x0, 0x14, 0xcf, 0xff,
    0xfe, 0x3f, 0xff, 0xff, 0xff, 0xff, 0xfd, 0x1d,
    0xff, 0xff, 0xfe, 0xa6, 0x0, 0x0, 0x0, 0x0,
    0x4, 0xfd, 0xd, 0xfd, 0xdf, 0xa0, 0x0, 0x0,
    0x0, 0x0, 0x0, 0x4, 0xfd, 0x3, 0x10, 0x9f,
    0xa0, 0x0, 0x0, 0x0, 0x0, 0x0, 0x4, 0xfd,
    0x0, 0x0, 0x9f, 0xa0, 0x0, 0x0, 0x0, 0x0,
    0x0, 0x4, 0xfd, 0x0, 0x0, 0x9f, 0xa0, 0x0,
    0x0, 0x0, 0x0, 0x0, 0x4, 0xfd, 0x0, 0x0,
    0x9f, 0xa0, 0x0, 0x0, 0x0, 0x0, 0x0, 0x4,
    0xfd, 0x0, 0x0, 0x9f, 0xa0, 0x0, 0xef, 0xff,
    0xff, 0xff, 0xff, 0xfd, 0x0, 0x0, 0x9f, 0x90,
    0x0, 0xff, 0xff, 0xff, 0xff, 0xff, 0xfd, 0x2,
    0xff, 0xff, 0x70, 0x0, 0x22, 0x22, 0x22, 0x22,
    0x26, 0xfd, 0x0, 0xdf, 0xea, 0x10, 0x0, 0x0,
    0x0, 0x0, 0x0, 0x4, 0xfd,

    /* U+62CD "拍" */
    0x0, 0x0, 0xde, 0x50, 0x0, 0x0, 0x0, 0x1d,
    0xb5, 0x0, 0x0, 0x0, 0x0, 0xef, 0x50, 0x0,
    0x0, 0x0, 0x4f, 0xf4, 0x0, 0x0, 0x0, 0x0,
    0xef, 0x50, 0x0, 0x0, 0x0, 0x7f, 0xe0, 0x0,
    0x0, 0x0, 0x0, 0xef, 0x50, 0x0, 0x0, 0x0,
    0xcf, 0x90, 0x0, 0x0, 0x3, 0x33, 0xff, 0x83,
    0x30, 0xaa, 0xaa, 0xff, 0xca, 0xaa, 0xa9, 0xd,
    0xff, 0xff, 0xff, 0xf0, 0xff, 0xff, 0xff, 0xff,
    0xff, 0xfe, 0xc, 0xee, 0xff, 0xfe, 0xe0, 0xff,
    0x97, 0x77, 0x77, 0x7a, 0xfe, 0x0, 0x0, 0xef,
    0x50, 0x0, 0xff, 0x40, 0x0, 0x0, 0x6, 0xfe,
    0x0, 0x0, 0xef, 0x50, 0x0, 0xff, 0x40, 0x0,
    0x0, 0x6, 0xfe, 0x0, 0x0, 0xef, 0x50, 0x0,
    0xff, 0x40, 0x0, 0x0, 0x6, 0xfe, 0x0, 0x0,
    0xef, 0x99, 0xd0, 0xff, 0x40, 0x0, 0x0, 0x6,
    0xfe, 0x1, 0x59, 0xff, 0xff, 0xf1, 0xff, 0xff,
    0xff, 0xff, 0xff, 0xfe, 0xf, 0xff, 0xff, 0xe9,
    0x50, 0xff, 0xff, 0xff, 0xff, 0xff, 0xfe, 0xd,
    0xfc, 0xff, 0x50, 0x0, 0xff, 0x62, 0x22, 0x22,
    0x27, 0xfe, 0x2, 0x0, 0xef, 0x50, 0x0, 0xff,
    0x40, 0x0, 0x0, 0x6, 0xfe, 0x0, 0x0, 0xef,
    0x50, 0x0, 0xff, 0x40, 0x0, 0x0, 0x6, 0xfe,
    0x0, 0x0, 0xef, 0x50, 0x0, 0xff, 0x40, 0x0,
    0x0, 0x6, 0xfe, 0x0, 0x0, 0xef, 0x50, 0x0,
    0xff, 0x40, 0x0, 0x0, 0x6, 0xfe, 0x0, 0x0,
    0xef, 0x50, 0x0, 0xff, 0xdc, 0xcc, 0xcc, 0xcd,
    0xfe, 0x0, 0x12, 0xff, 0x50, 0x0, 0xff, 0xff,
    0xff, 0xff, 0xff, 0xfe, 0x5, 0xff, 0xff, 0x30,
    0x0, 0xff, 0x85, 0x55, 0x55, 0x59, 0xfe, 0x0,
    0xff, 0xd7, 0x0, 0x0, 0xde, 0x40, 0x0, 0x0,
    0x6, 0xfe,

    /* U+62D4 "拔" */
    0x0, 0x9, 0xe6, 0x0, 0x0, 0x9, 0xe6, 0x0,
    0x44, 0x0, 0x0, 0x0, 0xa, 0xf7, 0x0, 0x0,
    0xa, 0xf7, 0x1, 0xff, 0x70, 0x0, 0x0, 0xa,
    0xf7, 0x0, 0x0, 0xa, 0xf6, 0x0, 0x4e, 0xf9,
    0x0, 0x0, 0xa, 0xf7, 0x0, 0x0, 0xb, 0xf6,
    0x0, 0x2, 0xef, 0x30, 0x23, 0x3b, 0xf9, 0x33,
    0x12, 0x2b, 0xf7, 0x22, 0x22, 0x47, 0x21, 0x9f,
    0xff, 0xff, 0xfe, 0x9f, 0xff, 0xff, 0xff, 0xff,
    0xff, 0xfc, 0x7d, 0xdf, 0xfe, 0xdc, 0x8e, 0xef,
    0xfe, 0xee, 0xee, 0xee, 0xea, 0x0, 0xa, 0xf7,
    0x0, 0x0, 0xe, 0xf3, 0x0, 0x0, 0x0, 0x0,
    0x0, 0xa, 0xf7, 0x0, 0x0, 0xf, 0xf1, 0x0,
    0x0, 0x0, 0x0, 0x0, 0xa, 0xf7, 0x0, 0x0,
    0x1f, 0xfd, 0xdd, 0xdd, 0xdd, 0x70, 0x0, 0xa,
    0xfa, 0x9d, 0x10, 0x3f, 0xff, 0xff, 0xff, 0xff,
    0x90, 0x1, 0x6d, 0xff, 0xff, 0x30, 0x6f, 0xff,
    0x30, 0x0, 0xcf, 0x50, 0xaf, 0xff, 0xfe, 0x94,
    0x0, 0x9f, 0xef, 0x80, 0x1, 0xff, 0x10, 0x8f,
    0xee, 0xf7, 0x0, 0x0, 0xdf, 0x4f, 0xe0, 0x7,
    0xfb, 0x0, 0x23, 0xa, 0xf7, 0x0, 0x1, 0xff,
    0xa, 0xf7, 0xe, 0xf5, 0x0, 0x0, 0xa, 0xf7,
    0x0, 0x7, 0xfa, 0x3, 0xff, 0x9f, 0xd0, 0x0,
    0x0, 0xa, 0xf7, 0x0, 0xd, 0xf4, 0x0, 0xaf,
    0xff, 0x40, 0x0, 0x0, 0xa, 0xf7, 0x0, 0x5f,
    0xe0, 0x0, 0x3f, 0xfd, 0x0, 0x0, 0x0, 0xa,
    0xf7, 0x0, 0xef, 0x60, 0x2, 0xdf, 0xff, 0xb1,
    0x0, 0x1, 0x1b, 0xf7, 0xa, 0xfd, 0x0, 0x5e,
    0xfe, 0x7f, 0xfe, 0x60, 0xf, 0xff, 0xf5, 0x6f,
    0xf4, 0x8, 0xff, 0xd1, 0x3, 0xef, 0xfa, 0xa,
    0xfe, 0x80, 0x8, 0x60, 0x1, 0xe8, 0x0, 0x0,
    0x8, 0xe1, 0x0, 0x0, 0x0, 0x0, 0x0, 0x0,
    0x0, 0x0, 0x0, 0x0, 0x0,

    /* U+635F "损" */
    0x0, 0x1, 0xee, 0x10, 0x0, 0x0, 0x0, 0x0,
    0x0, 0x0, 0x0, 0x0, 0x0, 0x1, 0xff, 0x10,
    0x0, 0xef, 0xff, 0xff, 0xff, 0xff, 0xe0, 0x0,
    0x0, 0x1, 0xff, 0x10, 0x0, 0xef, 0xba, 0xaa,
    0xaa, 0xcf, 0xe0, 0x0, 0x0, 0x1, 0xff, 0x10,
    0x0, 0xef, 0x40, 0x0, 0x0, 0x5f, 0xe0, 0x0,
    0x6, 0x78, 0xff, 0x87, 0x50, 0xef, 0x40, 0x0,
    0x0, 0x5f, 0xe0, 0x0, 0xf, 0xff, 0xff, 0xff,
    0xb0, 0xef, 0xff, 0xff, 0xff, 0xff, 0xe0, 0x0,
    0x8, 0x99, 0xff, 0x99, 0x60, 0xab, 0xbb, 0xbb,
    0xbb, 0xbb, 0xa0, 0x0, 0x0, 0x1, 0xff, 0x10,
    0x0, 0x0, 0x0, 0x0, 0x0, 0x0, 0x0, 0x0,
    0x0, 0x1, 0xff, 0x10, 0x4, 0xbb, 0xbb, 0xbb,
    0xbb, 0xbb, 0xb7, 0x0, 0x0, 0x1, 0xff, 0x10,
    0x7, 0xff, 0xff, 0xff, 0xff, 0xff, 0xfb, 0x0,
    0x0, 0x1, 0xff, 0x24, 0x67, 0xf9, 0x0, 0x0,
    0x0, 0x8, 0xfb, 0x0, 0x0, 0x3, 0xff, 0xff,
    0xc7, 0xf9, 0x0, 0x16, 0x50, 0x8, 0xfb, 0x0,
    0x19, 0xdf, 0xff, 0xfd, 0x77, 0xf9, 0x0, 0x4f,
    0xe0, 0x8, 0xfb, 0x0, 0x1f, 0xff, 0xff, 0x30,
    0x7, 0xf9, 0x0, 0x4f, 0xe0, 0x8, 0xfb, 0x0,
    0x9, 0x52, 0xff, 0x10, 0x7, 0xf9, 0x0, 0x5f,
    0xe0, 0x8, 0xfb, 0x0, 0x0, 0x1, 0xff, 0x10,
    0x7, 0xf9, 0x0, 0x8f, 0xc0, 0x8, 0xfb, 0x0,
    0x0, 0x1, 0xff, 0x10, 0x6, 0xf9, 0x1, 0xef,
    0x70, 0x7, 0xe9, 0x0, 0x0, 0x1, 0xff, 0x10,
    0x0, 0x0, 0x1c, 0xfe, 0x19, 0xc2, 0x0, 0x0,
    0x0, 0x1, 0xff, 0x10, 0x0, 0x5, 0xef, 0xf4,
    0x2e, 0xff, 0x60, 0x0, 0x2, 0x35, 0xff, 0x10,
    0x27, 0xdf, 0xfe, 0x30, 0x1, 0xaf, 0xfc, 0x10,
    0x7, 0xff, 0xfe, 0x2, 0xff, 0xff, 0x81, 0x0,
    0x0, 0x5, 0xff, 0xf1, 0x3, 0xfe, 0xc4, 0x0,
    0x7c, 0x71, 0x0, 0x0, 0x0, 0x0, 0x2d, 0x80,
    0x0, 0x0, 0x0, 0x0, 0x0, 0x0, 0x0, 0x0,
    0x0, 0x0, 0x0, 0x0,

    /* U+6362 "换" */
    0x0, 0x0, 0x11, 0x0, 0x0, 0x0, 0x0, 0x0,
    0x0, 0x0, 0x0, 0x0, 0x0, 0x3, 0xff, 0x0,
    0x0, 0x0, 0x6f, 0xd1, 0x0, 0x0, 0x0, 0x0,
    0x0, 0x3, 0xff, 0x0, 0x0, 0x0, 0xef, 0xa0,
    0x0, 0x0, 0x0, 0x0, 0x0, 0x3, 0xff, 0x0,
    0x0, 0x9, 0xff, 0xff, 0xff, 0xfe, 0x50, 0x0,
    0x0, 0x3, 0xff, 0x0, 0x0, 0x5f, 0xfd, 0xdd,
    0xde, 0xff, 0x50, 0x0, 0x5, 0x78, 0xff, 0x77,
    0x3, 0xff, 0x90, 0x0, 0xb, 0xfa, 0x0, 0x0,
    0xd, 0xff, 0xff, 0xff, 0x5f, 0xfc, 0x10, 0x0,
    0x6f, 0xe1, 0x0, 0x0, 0x9, 0xab, 0xff, 0xaa,
    0x9f, 0xff, 0xff, 0xff, 0xff, 0xff, 0xf4, 0x0,
    0x0, 0x3, 0xff, 0x0, 0x9, 0xff, 0xbb, 0xcf,
    0xfb, 0xbf, 0xf4, 0x0, 0x0, 0x3, 0xff, 0x0,
    0x3, 0xfe, 0x0, 0x4f, 0xe0, 0xf, 0xf4, 0x0,
    0x0, 0x3, 0xff, 0x0, 0x3, 0xfe, 0x0, 0x4f,
    0xe0, 0xf, 0xf4, 0x0, 0x0, 0x3, 0xff, 0x49,
    0x23, 0xfe, 0x0, 0x4f, 0xd0, 0xf, 0xf4, 0x0,
    0x0, 0x28, 0xff, 0xff, 0x53, 0xfe, 0x0, 0x5f,
    0xd0, 0xf, 0xf4, 0x0, 0xd, 0xff, 0xff, 0xe9,
    0x33, 0xfe, 0x0, 0x8f, 0xb0, 0xf, 0xf5, 0x0,
    0xd, 0xfd, 0xff, 0x0, 0xef, 0xff, 0xff, 0xff,
    0xff, 0xff, 0xff, 0xd0, 0x3, 0x13, 0xff, 0x0,
    0xce, 0xee, 0xee, 0xff, 0xfe, 0xee, 0xee, 0xb0,
    0x0, 0x3, 0xff, 0x0, 0x0, 0x0, 0xa, 0xff,
    0xf5, 0x0, 0x0, 0x0, 0x0, 0x3, 0xff, 0x0,
    0x0, 0x0, 0x6f, 0xf7, 0xfe, 0x20, 0x0, 0x0,
    0x0, 0x3, 0xff, 0x0, 0x0, 0x5, 0xff, 0x80,
    0x9f, 0xd1, 0x0, 0x0, 0x0, 0x3, 0xff, 0x0,
    0x0, 0x7f, 0xfa, 0x0, 0xc, 0xfe, 0x30, 0x0,
    0x1, 0x26, 0xff, 0x0, 0x4c, 0xff, 0x90, 0x0,
    0x1, 0xcf, 0xf9, 0x20, 0x4, 0xff, 0xfc, 0xb,
    0xff, 0xe5, 0x0, 0x0, 0x0, 0xa, 0xff, 0xe0,
    0x0, 0xff, 0xb3, 0x4, 0xf8, 0x10, 0x0, 0x0,
    0x0, 0x0, 0x4c, 0x30, 0x0, 0x0, 0x0, 0x0,
    0x0, 0x0, 0x0, 0x0, 0x0, 0x0, 0x0, 0x0,

    /* U+6389 "掉" */
    0x0, 0x0, 0x44, 0x0, 0x0, 0x0, 0x0, 0x44,
    0x10, 0x0, 0x0, 0x0, 0x0, 0x2f, 0xf0, 0x0,
    0x0, 0x0, 0xe, 0xf4, 0x0, 0x0, 0x0, 0x0,
    0x2, 0xff, 0x0, 0x0, 0x0, 0x0, 0xef, 0x40,
    0x0, 0x0, 0x0, 0x0, 0x2f, 0xf0, 0x0, 0x0,
    0x0, 0xe, 0xff, 0xff, 0xff, 0xf6, 0x0, 0x2,
    0xff, 0x0, 0x0, 0x0, 0x0, 0xef, 0xed, 0xdd,
    0xdd, 0x50, 0x77, 0x9f, 0xf8, 0x73, 0x0, 0x0,
    0xe, 0xf4, 0x0, 0x0, 0x0, 0xe, 0xff, 0xff,
    0xff, 0x79, 0xbb, 0xbb, 0xff, 0xcb, 0xbb, 0xb3,
    0x0, 0x56, 0x7f, 0xf6, 0x63, 0xdf, 0xff, 0xff,
    0xff, 0xff, 0xff, 0x40, 0x0, 0x2, 0xff, 0x0,
    0xd, 0xf3, 0x0, 0x0, 0x0, 0xe, 0xf4, 0x0,
    0x0, 0x2f, 0xf0, 0x0, 0xdf, 0x30, 0x0, 0x0,
    0x0, 0xef, 0x40, 0x0, 0x2, 0xff, 0x0, 0xd,
    0xff, 0xff, 0xff, 0xff, 0xff, 0xf4, 0x0, 0x0,
    0x2f, 0xf6, 0xb6, 0xdf, 0xcb, 0xbb, 0xbb, 0xbb,
    0xff, 0x40, 0x1, 0x5a, 0xff, 0xff, 0x9d, 0xf3,
    0x0, 0x0, 0x0, 0xe, 0xf4, 0x0, 0xff, 0xff,
    0xf9, 0x40, 0xdf, 0xba, 0xaa, 0xaa, 0xaa, 0xff,
    0x40, 0xb, 0xd9, 0xff, 0x0, 0xd, 0xff, 0xff,
    0xff, 0xff, 0xff, 0xf4, 0x0, 0x0, 0x2f, 0xf0,
    0x0, 0x12, 0x22, 0x2e, 0xf5, 0x22, 0x22, 0x0,
    0x0, 0x2, 0xff, 0x0, 0x0, 0x0, 0x0, 0xef,
    0x40, 0x0, 0x0, 0x0, 0x0, 0x2f, 0xf0, 0x2e,
    0xee, 0xee, 0xef, 0xff, 0xee, 0xee, 0xea, 0x0,
    0x2, 0xff, 0x2, 0xff, 0xff, 0xff, 0xff, 0xff,
    0xff, 0xff, 0xb0, 0x0, 0x2f, 0xf0, 0x0, 0x0,
    0x0, 0xe, 0xf5, 0x0, 0x0, 0x0, 0x0, 0x3,
    0xff, 0x0, 0x0, 0x0, 0x0, 0xef, 0x40, 0x0,
    0x0, 0x0, 0xcf, 0xff, 0xe0, 0x0, 0x0, 0x0,
    0xe, 0xf4, 0x0, 0x0, 0x0, 0x7, 0xfe, 0xc4,
    0x0, 0x0, 0x0, 0x0, 0xef, 0x40, 0x0, 0x0,
    0x0, 0x0, 0x0, 0x0, 0x0, 0x0, 0x0, 0x1,
    0x20, 0x0, 0x0, 0x0,

    /* U+63A5 "接" */
    0x0, 0x3, 0xea, 0x0, 0x0, 0x0, 0x3, 0x87,
    0x0, 0x0, 0x0, 0x0, 0x0, 0x4f, 0xc0, 0x0,
    0x0, 0x0, 0x2f, 0xf3, 0x0, 0x0, 0x0, 0x0,
    0x4, 0xfc, 0x0, 0x7, 0x88, 0x88, 0xdf, 0xd8,
    0x88, 0x88, 0x0, 0x0, 0x4f, 0xc0, 0x0, 0xef,
    0xff, 0xff, 0xff, 0xff, 0xff, 0xf1, 0x3, 0x37,
    0xfd, 0x33, 0x4, 0x58, 0xa5, 0x55, 0x55, 0xb7,
    0x55, 0x0, 0xff, 0xff, 0xff, 0xf0, 0x0, 0xef,
    0x30, 0x0, 0x6f, 0xd0, 0x0, 0xc, 0xde, 0xff,
    0xdc, 0x0, 0x6, 0xfb, 0x0, 0xe, 0xf4, 0x0,
    0x0, 0x0, 0x4f, 0xc0, 0x0, 0x0, 0x1e, 0x90,
    0x8, 0xfb, 0x0, 0x0, 0x0, 0x4, 0xfc, 0x0,
    0x9f, 0xff, 0xff, 0xff, 0xff, 0xff, 0xff, 0xa0,
    0x0, 0x4f, 0xc0, 0x8, 0xdd, 0xdd, 0xed, 0xdd,
    0xdd, 0xdd, 0xd8, 0x0, 0x4, 0xfc, 0x46, 0x0,
    0x0, 0xc, 0xf6, 0x0, 0x0, 0x0, 0x0, 0x3,
    0x9f, 0xff, 0xe0, 0x0, 0x4, 0xfe, 0x10, 0x0,
    0x0, 0x0, 0x2f, 0xff, 0xff, 0xc7, 0xef, 0xff,
    0xff, 0xff, 0xff, 0xff, 0xff, 0xe0, 0xff, 0xcf,
    0xc0, 0xd, 0xee, 0xff, 0xfe, 0xee, 0xef, 0xfe,
    0xed, 0x3, 0x4, 0xfc, 0x0, 0x0, 0x1f, 0xf4,
    0x0, 0x5, 0xfe, 0x0, 0x0, 0x0, 0x4f, 0xc0,
    0x0, 0xb, 0xfa, 0x0, 0x0, 0xcf, 0x80, 0x0,
    0x0, 0x4, 0xfc, 0x0, 0x5, 0xff, 0xfb, 0x50,
    0x7f, 0xf2, 0x0, 0x0, 0x0, 0x4f, 0xc0, 0x0,
    0x4, 0x9f, 0xff, 0xef, 0xf6, 0x0, 0x0, 0x0,
    0x4, 0xfc, 0x0, 0x0, 0x0, 0x8, 0xff, 0xff,
    0xa2, 0x0, 0x0, 0x0, 0x5f, 0xc0, 0x0, 0x4,
    0x7c, 0xff, 0xfc, 0xff, 0xfa, 0x10, 0x7, 0xff,
    0xfa, 0x1, 0xef, 0xff, 0xfe, 0x81, 0x3, 0xbf,
    0xff, 0x10, 0x2f, 0xeb, 0x20, 0x9, 0xeb, 0x73,
    0x0, 0x0, 0x0, 0x4d, 0x70, 0x0, 0x0, 0x0,
    0x0, 0x0, 0x0, 0x0, 0x0, 0x0, 0x0, 0x0,
    0x0,

    /* U+63D2 "插" */
    0x0, 0x0, 0x22, 0x0, 0x0, 0x0, 0x0, 0x0,
    0x0, 0x0, 0x0, 0x0, 0x0, 0x4f, 0xe0, 0x0,
    0x0, 0x0, 0x0, 0x14, 0x69, 0xce, 0x0, 0x0,
    0x4, 0xfe, 0x0, 0x4, 0x9b, 0xcd, 0xff, 0xff,
    0xff, 0xf6, 0x0, 0x0, 0x4f, 0xe0, 0x0, 0x4f,
    0xff, 0xff, 0xff, 0x97, 0x40, 0x0, 0x0, 0x4,
    0xfe, 0x0, 0x0, 0x32, 0x10, 0x2f, 0xe0, 0x0,
    0x0, 0x0, 0x69, 0xbf, 0xf9, 0x90, 0x0, 0x0,
    0x2, 0xfe, 0x0, 0x0, 0x0, 0xa, 0xff, 0xff,
    0xff, 0x3c, 0xcc, 0xcc, 0xcf, 0xfc, 0xcc, 0xcc,
    0x80, 0x46, 0x8f, 0xe6, 0x64, 0xff, 0xff, 0xff,
    0xff, 0xff, 0xff, 0xfb, 0x0, 0x4, 0xfe, 0x0,
    0x13, 0x33, 0x33, 0x5f, 0xf3, 0x33, 0x33, 0x20,
    0x0, 0x4f, 0xe0, 0x0, 0x0, 0x4, 0x2, 0xfe,
    0x0, 0x0, 0x0, 0x0, 0x4, 0xfe, 0x0, 0x2,
    0x8e, 0xf7, 0x2f, 0xe4, 0xbb, 0xba, 0x0, 0x0,
    0x4f, 0xe6, 0xa1, 0xcf, 0xfc, 0x62, 0xfe, 0x6f,
    0xff, 0xf0, 0x0, 0x4a, 0xff, 0xff, 0x3c, 0xf3,
    0x0, 0x2f, 0xe1, 0x33, 0xff, 0x0, 0xff, 0xff,
    0xfd, 0x81, 0xcf, 0x30, 0x2, 0xfe, 0x0, 0xf,
    0xf0, 0xd, 0xfe, 0xfe, 0x0, 0xc, 0xf3, 0x0,
    0x2f, 0xe0, 0x0, 0xff, 0x0, 0x42, 0x4f, 0xe0,
    0x0, 0xcf, 0xff, 0xa2, 0xfe, 0x6f, 0xff, 0xf0,
    0x0, 0x4, 0xfe, 0x0, 0xc, 0xfe, 0xe9, 0x2f,
    0xe5, 0xee, 0xff, 0x0, 0x0, 0x4f, 0xe0, 0x0,
    0xcf, 0x30, 0x2, 0xfe, 0x0, 0xf, 0xf0, 0x0,
    0x4, 0xfe, 0x0, 0xc, 0xf3, 0x0, 0x2f, 0xe0,
    0x0, 0xff, 0x0, 0x0, 0x4f, 0xe0, 0x0, 0xcf,
    0x30, 0x2, 0xfe, 0x0, 0x1f, 0xf0, 0x0, 0x5,
    0xfe, 0x0, 0xc, 0xff, 0xff, 0xff, 0xff, 0xff,
    0xff, 0x0, 0x1f, 0xff, 0xc0, 0x0, 0xcf, 0xff,
    0xff, 0xff, 0xff, 0xff, 0xf0, 0x0, 0xdf, 0xb3,
    0x0, 0xc, 0xf3, 0x0, 0x0, 0x0, 0x0, 0xff,
    0x0, 0x0, 0x0, 0x0, 0x0, 0x1, 0x0, 0x0,
    0x0, 0x0, 0x2, 0x20,

    /* U+6444 "摄" */
    0x0, 0x1, 0x0, 0x0, 0x0, 0x0, 0x0, 0x0,
    0x0, 0x0, 0x0, 0x0, 0x2, 0xfe, 0x0, 0x0,
    0x0, 0x0, 0x0, 0x0, 0x0, 0x0, 0x0, 0x0,
    0x2f, 0xe0, 0xf, 0xff, 0xff, 0xff, 0xff, 0xff,
    0xff, 0xfc, 0x0, 0x2, 0xfe, 0x0, 0x9a, 0xfe,
    0x99, 0x99, 0x99, 0xaf, 0xe9, 0x70, 0x0, 0x2f,
    0xe0, 0x0, 0x3f, 0xc1, 0x11, 0x11, 0x14, 0xfc,
    0x0, 0x8, 0xdd, 0xff, 0xdc, 0x3, 0xff, 0xff,
    0xff, 0xff, 0xff, 0xc0, 0x0, 0xaf, 0xff, 0xff,
    0xf0, 0x3f, 0xc3, 0x33, 0x33, 0x35, 0xfc, 0x0,
    0x2, 0x35, 0xff, 0x33, 0x3, 0xfd, 0x66, 0x66,
    0x66, 0x7f, 0xc0, 0x0, 0x0, 0x2f, 0xe0, 0x0,
    0x3f, 0xff, 0xff, 0xff, 0xff, 0xfc, 0x0, 0x0,
    0x2, 0xfe, 0x0, 0x3, 0xfc, 0x0, 0x0, 0x0,
    0x3f, 0xc0, 0x0, 0x0, 0x2f, 0xe1, 0x34, 0x9f,
    0xe9, 0x9a, 0xab, 0xcd, 0xff, 0xff, 0x0, 0x2,
    0xff, 0xfd, 0x8f, 0xff, 0xff, 0xff, 0xed, 0xdf,
    0xea, 0x90, 0x4a, 0xff, 0xfe, 0x72, 0x43, 0x21,
    0x10, 0x0, 0x2, 0xda, 0x0, 0xc, 0xff, 0xfe,
    0x3, 0xbb, 0xbb, 0xbb, 0x7c, 0xcc, 0xcc, 0xcc,
    0x50, 0x69, 0x4f, 0xe0, 0x5f, 0xff, 0xff, 0xfa,
    0xff, 0xff, 0xff, 0xf6, 0x0, 0x2, 0xfe, 0x0,
    0x20, 0x0, 0xdf, 0x17, 0xf4, 0x0, 0xdf, 0x10,
    0x0, 0x2f, 0xe0, 0x2e, 0xc1, 0x5f, 0xb0, 0x1f,
    0xb0, 0x5f, 0xa0, 0x0, 0x2, 0xfe, 0x0, 0x9f,
    0xfe, 0xf2, 0x0, 0xaf, 0x7e, 0xf1, 0x0, 0x0,
    0x2f, 0xe0, 0x0, 0x6f, 0xfc, 0x0, 0x1, 0xff,
    0xf6, 0x0, 0x0, 0x2, 0xfe, 0x0, 0xb, 0xff,
    0xfb, 0x0, 0x3e, 0xff, 0x40, 0x0, 0x0, 0x3f,
    0xe0, 0x2c, 0xfd, 0x3c, 0xd2, 0x8f, 0xfd, 0xff,
    0x91, 0x3, 0xff, 0xfc, 0x4f, 0xfc, 0x10, 0x6,
    0xff, 0xf5, 0x8, 0xff, 0xf2, 0xf, 0xfb, 0x30,
    0xb7, 0x0, 0x0, 0xc, 0x81, 0x0, 0x3, 0xc7,
    0x0, 0x0, 0x0, 0x0, 0x0, 0x0, 0x0, 0x0,
    0x0, 0x0, 0x0, 0x0,

    /* U+65B0 "新" */
    0x0, 0x0, 0x0, 0x30, 0x0, 0x0, 0x0, 0x0,
    0x0, 0x0, 0x0, 0x0, 0x0, 0x0, 0xcf, 0x50,
    0x0, 0x0, 0x0, 0x0, 0x3, 0x9a, 0x0, 0x0,
    0x0, 0x6, 0xfd, 0x0, 0x0, 0x0, 0x36, 0xaf,
    0xff, 0xfc, 0x0, 0x6c, 0xcc, 0xdf, 0xfd, 0xcc,
    0xc0, 0xdf, 0xff, 0xfd, 0x95, 0x0, 0x8, 0xff,
    0xff, 0xff, 0xff, 0xff, 0xe, 0xf8, 0x30, 0x0,
    0x0, 0x0, 0x1, 0xab, 0x0, 0x6, 0xc7, 0x0,
    0xef, 0x20, 0x0, 0x0, 0x0, 0x0, 0xd, 0xf2,
    0x0, 0xaf, 0x70, 0xe, 0xf2, 0x0, 0x0, 0x0,
    0x0, 0x0, 0x8f, 0x60, 0xf, 0xf1, 0x0, 0xef,
    0x20, 0x0, 0x0, 0x0, 0x4, 0x48, 0xe8, 0x48,
    0xfd, 0x44, 0x1e, 0xf3, 0x11, 0x11, 0x11, 0x10,
    0xef, 0xff, 0xff, 0xff, 0xff, 0xf6, 0xef, 0xff,
    0xff, 0xff, 0xff, 0x8, 0x99, 0x9a, 0xfe, 0x99,
    0x99, 0x3e, 0xff, 0xff, 0xff, 0xff, 0xe0, 0x0,
    0x0, 0x3f, 0xd0, 0x0, 0x0, 0xef, 0x20, 0xe,
    0xf4, 0x0, 0x0, 0x11, 0x13, 0xfd, 0x11, 0x11,
    0xe, 0xf1, 0x0, 0xef, 0x40, 0x0, 0xcf, 0xff,
    0xff, 0xff, 0xff, 0xf1, 0xff, 0x10, 0xe, 0xf4,
    0x0, 0xa, 0xdd, 0xdd, 0xff, 0xdd, 0xdd, 0xf,
    0xf0, 0x0, 0xef, 0x40, 0x0, 0x0, 0x30, 0x3f,
    0xd0, 0x31, 0x0, 0xfe, 0x0, 0xe, 0xf4, 0x0,
    0x0, 0x3f, 0xa3, 0xfd, 0x3f, 0x90, 0x2f, 0xd0,
    0x0, 0xef, 0x40, 0x0, 0xa, 0xf4, 0x3f, 0xd0,
    0xdf, 0x25, 0xfa, 0x0, 0xe, 0xf4, 0x0, 0x3,
    0xfd, 0x3, 0xfd, 0x5, 0xfa, 0x8f, 0x70, 0x0,
    0xef, 0x40, 0x0, 0xdf, 0x40, 0x3f, 0xd0, 0xd,
    0xad, 0xf3, 0x0, 0xe, 0xf4, 0x0, 0x2, 0x80,
    0x3, 0xfd, 0x0, 0x13, 0xfe, 0x0, 0x0, 0xef,
    0x40, 0x0, 0x0, 0x1d, 0xef, 0xc0, 0x0, 0xbf,
    0x90, 0x0, 0xe, 0xf4, 0x0, 0x0, 0x0, 0xcf,
    0xc4, 0x0, 0x2, 0xb1, 0x0, 0x0, 0xef, 0x40,
    0x0,

    /* U+65E0 "无" */
    0x0, 0x55, 0x55, 0x55, 0x55, 0x55, 0x55, 0x55,
    0x55, 0x55, 0x30, 0x0, 0x1f, 0xff, 0xff, 0xff,
    0xff, 0xff, 0xff, 0xff, 0xff, 0xf9, 0x0, 0x1,
    0xcc, 0xcc, 0xcc, 0xce, 0xff, 0xcc, 0xcc, 0xcc,
    0xcc, 0x70, 0x0, 0x0, 0x0, 0x0, 0x0, 0x7f,
    0xc0, 0x0, 0x0, 0x0, 0x0, 0x0, 0x0, 0x0,
    0x0, 0x0, 0x8, 0xfb, 0x0, 0x0, 0x0, 0x0,
    0x0, 0x0, 0x0, 0x0, 0x0, 0x0, 0x9f, 0xa0,
    0x0, 0x0, 0x0, 0x0, 0x0, 0x0, 0x0, 0x0,
    0x0, 0xb, 0xf8, 0x0, 0x0, 0x0, 0x0, 0x0,
    0x7, 0xee, 0xee, 0xee, 0xee, 0xff, 0xfe, 0xee,
    0xee, 0xee, 0xee, 0xc0, 0x8f, 0xff, 0xff, 0xff,
    0xff, 0xff, 0xff, 0xff, 0xff, 0xff, 0xfe, 0x2,
    0x44, 0x44, 0x44, 0x48, 0xff, 0xcf, 0xb4, 0x44,
    0x44, 0x44, 0x40, 0x0, 0x0, 0x0, 0x0, 0x8f,
    0xcb, 0xfa, 0x0, 0x0, 0x0, 0x0, 0x0, 0x0,
    0x0, 0x0, 0xd, 0xf8, 0xbf, 0xa0, 0x0, 0x0,
    0x0, 0x0, 0x0, 0x0, 0x0, 0x4, 0xff, 0x2b,
    0xfa, 0x0, 0x0, 0x0, 0x0, 0x0, 0x0, 0x0,
    0x0, 0xcf, 0xc0, 0xbf, 0xa0, 0x0, 0x0, 0x0,
    0x0, 0x0, 0x0, 0x0, 0x6f, 0xf4, 0xb, 0xfa,
    0x0, 0x0, 0x0, 0x10, 0x0, 0x0, 0x0, 0x2f,
    0xfb, 0x0, 0xbf, 0xa0, 0x0, 0x0, 0xe, 0x70,
    0x0, 0x0, 0x2e, 0xfe, 0x20, 0xb, 0xfa, 0x0,
    0x0, 0x1, 0xff, 0x0, 0x0, 0x4e, 0xff, 0x40,
    0x0, 0xbf, 0xa0, 0x0, 0x0, 0x3f, 0xf0, 0x1,
    0x8f, 0xff, 0x50, 0x0, 0xa, 0xfd, 0x33, 0x33,
    0x3a, 0xfc, 0x7, 0xff, 0xfe, 0x40, 0x0, 0x0,
    0x6f, 0xff, 0xff, 0xff, 0xff, 0x60, 0x3f, 0xf9,
    0x10, 0x0, 0x0, 0x0, 0x9e, 0xff, 0xff, 0xfe,
    0x90, 0x0, 0x42, 0x0, 0x0, 0x0, 0x0, 0x0,
    0x0, 0x0, 0x0, 0x0, 0x0,

    /* U+65E5 "日" */
    0x56, 0x66, 0x66, 0x66, 0x66, 0x66, 0x66, 0x66,
    0xe, 0xff, 0xff, 0xff, 0xff, 0xff, 0xff, 0xff,
    0xf0, 0xef, 0xee, 0xee, 0xee, 0xee, 0xee, 0xee,
    0xff, 0xe, 0xf5, 0x0, 0x0, 0x0, 0x0, 0x0,
    0x5f, 0xf0, 0xef, 0x50, 0x0, 0x0, 0x0, 0x0,
    0x5, 0xff, 0xe, 0xf5, 0x0, 0x0, 0x0, 0x0,
    0x0, 0x5f, 0xf0, 0xef, 0x50, 0x0, 0x0, 0x0,
    0x0, 0x5, 0xff, 0xe, 0xf5, 0x0, 0x0, 0x0,
    0x0, 0x0, 0x5f, 0xf0, 0xef, 0x84, 0x44, 0x44,
    0x44, 0x44, 0x48, 0xff, 0xe, 0xff, 0xff, 0xff,
    0xff, 0xff, 0xff, 0xff, 0xf0, 0xef, 0xff, 0xff,
    0xff, 0xff, 0xff, 0xff, 0xff, 0xe, 0xf5, 0x0,
    0x0, 0x0, 0x0, 0x0, 0x5f, 0xf0, 0xef, 0x50,
    0x0, 0x0, 0x0, 0x0, 0x5, 0xff, 0xe, 0xf5,
    0x0, 0x0, 0x0, 0x0, 0x0, 0x5f, 0xf0, 0xef,
    0x50, 0x0, 0x0, 0x0, 0x0, 0x5, 0xff, 0xe,
    0xf5, 0x0, 0x0, 0x0, 0x0, 0x0, 0x5f, 0xf0,
    0xef, 0x73, 0x33, 0x33, 0x33, 0x33, 0x37, 0xff,
    0xe, 0xff, 0xff, 0xff, 0xff, 0xff, 0xff, 0xff,
    0xf0, 0xef, 0xff, 0xff, 0xff, 0xff, 0xff, 0xff,
    0xff, 0xe, 0xf6, 0x11, 0x11, 0x11, 0x11, 0x11,
    0x6f, 0xf0, 0xef, 0x50, 0x0, 0x0, 0x0, 0x0,
    0x5, 0xff, 0x1, 0x10, 0x0, 0x0, 0x0, 0x0,
    0x0, 0x0, 0x0,

    /* U+662F "是" */
    0x0, 0x0, 0x0, 0x0, 0x0, 0x0, 0x0, 0x0,
    0x0, 0x0, 0x0, 0x0, 0x0, 0xef, 0xff, 0xff,
    0xff, 0xff, 0xff, 0xff, 0xff, 0x10, 0x0, 0x0,
    0xe, 0xfb, 0x99, 0x99, 0x99, 0x99, 0x99, 0xaf,
    0xf1, 0x0, 0x0, 0x0, 0xef, 0x30, 0x0, 0x0,
    0x0, 0x0, 0x2, 0xff, 0x10, 0x0, 0x0, 0xe,
    0xff, 0xff, 0xff, 0xff, 0xff, 0xff, 0xff, 0xf1,
    0x0, 0x0, 0x0, 0xef, 0xa9, 0x99, 0x99, 0x99,
    0x99, 0x9a, 0xff, 0x10, 0x0, 0x0, 0xe, 0xf3,
    0x0, 0x0, 0x0, 0x0, 0x0, 0x2f, 0xf1, 0x0,
    0x0, 0x0, 0xef, 0xff, 0xff, 0xff, 0xff, 0xff,
    0xff, 0xff, 0x10, 0x0, 0x0, 0x9, 0xbb, 0xbb,
    0xbb, 0xbb, 0xbb, 0xbb, 0xbb, 0xb0, 0x0, 0x0,
    0x0, 0x0, 0x0, 0x0, 0x0, 0x0, 0x0, 0x0,
    0x0, 0x0, 0x0, 0x3e, 0xee, 0xee, 0xee, 0xee,
    0xee, 0xee, 0xee, 0xee, 0xee, 0xeb, 0x4, 0xff,
    0xff, 0xff, 0xff, 0xff, 0xff, 0xff, 0xff, 0xff,
    0xff, 0xc0, 0x0, 0x0, 0x23, 0x10, 0x0, 0xcf,
    0x70, 0x0, 0x0, 0x0, 0x0, 0x0, 0x0, 0x9,
    0xfa, 0x0, 0xc, 0xf7, 0x0, 0x0, 0x0, 0x0,
    0x0, 0x0, 0x0, 0xdf, 0x60, 0x0, 0xcf, 0xdc,
    0xcc, 0xcc, 0xcc, 0x0, 0x0, 0x0, 0x2f, 0xf5,
    0x0, 0xc, 0xff, 0xff, 0xff, 0xff, 0xf0, 0x0,
    0x0, 0x9, 0xff, 0xd0, 0x0, 0xcf, 0x83, 0x33,
    0x33, 0x32, 0x0, 0x0, 0x1, 0xef, 0xff, 0x80,
    0xc, 0xf7, 0x0, 0x0, 0x0, 0x0, 0x0, 0x0,
    0xaf, 0xe5, 0xff, 0x90, 0xcf, 0x70, 0x0, 0x0,
    0x0, 0x0, 0x0, 0x6f, 0xf5, 0x7, 0xff, 0xff,
    0xf8, 0x21, 0x11, 0x11, 0x11, 0x10, 0x7f, 0xfa,
    0x0, 0x5, 0xef, 0xff, 0xff, 0xff, 0xff, 0xff,
    0xfe, 0x4, 0xfb, 0x0, 0x0, 0x0, 0x59, 0xce,
    0xff, 0xff, 0xff, 0xff, 0xa0, 0x3, 0x0, 0x0,
    0x0, 0x0, 0x0, 0x0, 0x0, 0x0, 0x0, 0x0,
    0x0,

    /* U+66F4 "更" */
    0x2f, 0xff, 0xff, 0xff, 0xff, 0xff, 0xff, 0xff,
    0xff, 0xff, 0xf9, 0x2, 0xff, 0xff, 0xff, 0xff,
    0xff, 0xff, 0xff, 0xff, 0xff, 0xff, 0x90, 0x1,
    0x11, 0x11, 0x11, 0x11, 0xcf, 0x91, 0x11, 0x11,
    0x11, 0x10, 0x0, 0x0, 0x0, 0x0, 0x0, 0xc,
    0xf9, 0x0, 0x0, 0x0, 0x0, 0x0, 0x0, 0xf,
    0xff, 0xff, 0xff, 0xff, 0xff, 0xff, 0xff, 0xff,
    0x10, 0x0, 0x0, 0xff, 0xcc, 0xcc, 0xcf, 0xfe,
    0xcc, 0xcc, 0xcf, 0xf1, 0x0, 0x0, 0xf, 0xf1,
    0x0, 0x0, 0xcf, 0x90, 0x0, 0x1, 0xff, 0x10,
    0x0, 0x0, 0xff, 0x21, 0x11, 0x1c, 0xf9, 0x11,
    0x11, 0x3f, 0xf1, 0x0, 0x0, 0xf, 0xff, 0xff,
    0xff, 0xff, 0xff, 0xff, 0xff, 0xff, 0x10, 0x0,
    0x0, 0xff, 0xaa, 0xaa, 0xae, 0xfd, 0xaa, 0xaa,
    0xaf, 0xf1, 0x0, 0x0, 0xf, 0xf1, 0x0, 0x0,
    0xcf, 0x80, 0x0, 0x1, 0xff, 0x10, 0x0, 0x0,
    0xff, 0xcc, 0xcc, 0xcf, 0xfe, 0xcc, 0xcc, 0xcf,
    0xf1, 0x0, 0x0, 0xf, 0xff, 0xff, 0xff, 0xff,
    0xff, 0xff, 0xff, 0xff, 0x10, 0x0, 0x0, 0x17,
    0xb0, 0x0, 0x5f, 0xf2, 0x0, 0x0, 0x0, 0x0,
    0x0, 0x0, 0x2, 0xff, 0x80, 0xb, 0xfd, 0x0,
    0x0, 0x0, 0x0, 0x0, 0x0, 0x0, 0x6, 0xff,
    0x96, 0xff, 0x60, 0x0, 0x0, 0x0, 0x0, 0x0,
    0x0, 0x0, 0x8, 0xff, 0xff, 0xc0, 0x0, 0x0,
    0x0, 0x0, 0x0, 0x0, 0x0, 0x0, 0x3e, 0xff,
    0xfc, 0x61, 0x0, 0x0, 0x0, 0x0, 0x0, 0x0,
    0x37, 0xdf, 0xff, 0xef, 0xff, 0xfd, 0xa8, 0x65,
    0x43, 0x32, 0x4, 0xff, 0xff, 0xfc, 0x40, 0x39,
    0xef, 0xff, 0xff, 0xff, 0xff, 0xf1, 0xb, 0xfc,
    0x82, 0x0, 0x0, 0x0, 0x25, 0x89, 0xbd, 0xef,
    0xfb, 0x0, 0x10, 0x0, 0x0, 0x0, 0x0, 0x0,
    0x0, 0x0, 0x0, 0x0, 0x0,

    /* U+6708 "月" */
    0x0, 0x0, 0x2f, 0xff, 0xff, 0xff, 0xff, 0xff,
    0xff, 0xfe, 0x0, 0x0, 0x2f, 0xff, 0xff, 0xff,
    0xff, 0xff, 0xff, 0xfe, 0x0, 0x0, 0x2f, 0xf4,
    0x33, 0x33, 0x33, 0x33, 0x38, 0xfe, 0x0, 0x0,
    0x2f, 0xf2, 0x0, 0x0, 0x0, 0x0, 0x7, 0xfe,
    0x0, 0x0, 0x2f, 0xf2, 0x0, 0x0, 0x0, 0x0,
    0x7, 0xfe, 0x0, 0x0, 0x2f, 0xf4, 0x22, 0x22,
    0x22, 0x22, 0x28, 0xfe, 0x0, 0x0, 0x2f, 0xff,
    0xff, 0xff, 0xff, 0xff, 0xff, 0xfe, 0x0, 0x0,
    0x2f, 0xff, 0xff, 0xff, 0xff, 0xff, 0xff, 0xfe,
    0x0, 0x0, 0x2f, 0xf1, 0x0, 0x0, 0x0, 0x0,
    0x7, 0xfe, 0x0, 0x0, 0x3f, 0xf0, 0x0, 0x0,
    0x0, 0x0, 0x7, 0xfe, 0x0, 0x0, 0x4f, 0xf0,
    0x0, 0x0, 0x0, 0x0, 0x7, 0xfe, 0x0, 0x0,
    0x5f, 0xf5, 0x55, 0x55, 0x55, 0x55, 0x59, 0xfe,
    0x0, 0x0, 0x8f, 0xff, 0xff, 0xff, 0xff, 0xff,
    0xff, 0xfe, 0x0, 0x0, 0xbf, 0xed, 0xdd, 0xdd,
    0xdd, 0xdd, 0xde, 0xfe, 0x0, 0x0, 0xff, 0x50,
    0x0, 0x0, 0x0, 0x0, 0x7, 0xfe, 0x0, 0x6,
    0xff, 0x10, 0x0, 0x0, 0x0, 0x0, 0x7, 0xfe,
    0x0, 0xd, 0xfa, 0x0, 0x0, 0x0, 0x0, 0x0,
    0x7, 0xfe, 0x0, 0x7f, 0xf3, 0x0, 0x0, 0x0,
    0x0, 0x0, 0x7, 0xfe, 0x4, 0xff, 0xa0, 0x0,
    0x0, 0x0, 0x24, 0x33, 0x3b, 0xfe, 0xe, 0xfe,
    0x10, 0x0, 0x0, 0x0, 0x3f, 0xff, 0xff, 0xfa,
    0x3, 0xd2, 0x0, 0x0, 0x0, 0x0, 0xc, 0xff,
    0xfd, 0x91, 0x0, 0x0, 0x0, 0x0, 0x0, 0x0,
    0x0, 0x0, 0x0, 0x0,

    /* U+670D "服" */
    0x0, 0x12, 0x22, 0x22, 0x20, 0x0, 0x11, 0x11,
    0x11, 0x11, 0x10, 0x0, 0x0, 0xbf, 0xff, 0xff,
    0xf3, 0xe, 0xff, 0xff, 0xff, 0xff, 0xfe, 0x0,
    0x0, 0xbf, 0xff, 0xff, 0xf3, 0xe, 0xff, 0xff,
    0xff, 0xff, 0xfe, 0x0, 0x0, 0xbf, 0x50, 0xd,
    0xf3, 0xe, 0xf3, 0x0, 0x0, 0x3, 0xfe, 0x0,
    0x0, 0xbf, 0x50, 0xd, 0xf3, 0xe, 0xf3, 0x0,
    0x0, 0x3, 0xfe, 0x0, 0x0, 0xbf, 0x50, 0xd,
    0xf3, 0xe, 0xf3, 0x0, 0x56, 0x69, 0xfd, 0x0,
    0x0, 0xbf, 0xff, 0xff, 0xf3, 0xe, 0xf3, 0x0,
    0x8f, 0xff, 0xf9, 0x0, 0x0, 0xbf, 0xff, 0xff,
    0xf3, 0xe, 0xf3, 0x0, 0x27, 0x66, 0x30, 0x0,
    0x0, 0xbf, 0x62, 0x2d, 0xf3, 0xe, 0xf5, 0x22,
    0x22, 0x22, 0x22, 0x0, 0x0, 0xbf, 0x50, 0xd,
    0xf3, 0xe, 0xff, 0xff, 0xff, 0xff, 0xff, 0x70,
    0x0, 0xbf, 0x40, 0xd, 0xf3, 0xe, 0xff, 0xff,
    0xff, 0xff, 0xff, 0x40, 0x0, 0xbf, 0x62, 0x2d,
    0xf3, 0xe, 0xf5, 0xfd, 0x0, 0x0, 0xff, 0x10,
    0x0, 0xcf, 0xff, 0xff, 0xf3, 0xe, 0xf3, 0xcf,
    0x40, 0x6, 0xfc, 0x0, 0x0, 0xdf, 0xff, 0xff,
    0xf3, 0xe, 0xf3, 0x5f, 0xc0, 0xc, 0xf6, 0x0,
    0x0, 0xef, 0x10, 0xd, 0xf3, 0xe, 0xf3, 0xe,
    0xf5, 0x4f, 0xf0, 0x0, 0x0, 0xff, 0x0, 0xd,
    0xf3, 0xe, 0xf3, 0x5, 0xfe, 0xdf, 0x80, 0x0,
    0x2, 0xfd, 0x0, 0xd, 0xf3, 0xe, 0xf3, 0x0,
    0xbf, 0xfe, 0x10, 0x0, 0x5, 0xfb, 0x0, 0xd,
    0xf3, 0xe, 0xf3, 0x0, 0x6f, 0xfb, 0x0, 0x0,
    0x8, 0xf8, 0x0, 0xd, 0xf3, 0xe, 0xf3, 0x6,
    0xff, 0xff, 0xa0, 0x0, 0xe, 0xf4, 0x1, 0x2e,
    0xf3, 0xe, 0xf4, 0x9f, 0xf9, 0x6f, 0xfc, 0x30,
    0x3f, 0xf0, 0x1f, 0xff, 0xf1, 0xe, 0xfb, 0xff,
    0x80, 0x5, 0xff, 0xe1, 0x7, 0x90, 0xd, 0xfd,
    0x70, 0xe, 0xf3, 0x94, 0x0, 0x0, 0x2c, 0x40,
    0x0, 0x0, 0x0, 0x0, 0x0, 0x0, 0x0, 0x0,
    0x0, 0x0, 0x0, 0x0,

    /* U+672A "未" */
    0x0, 0x0, 0x0, 0x0, 0x0, 0x0, 0x0, 0x0,
    0x0, 0x0, 0x0, 0x0, 0x0, 0x0, 0x0, 0x0,
    0xf, 0xf5, 0x0, 0x0, 0x0, 0x0, 0x0, 0x0,
    0x0, 0x0, 0x0, 0x0, 0xff, 0x50, 0x0, 0x0,
    0x0, 0x0, 0x0, 0x0, 0x0, 0x0, 0x0, 0xf,
    0xf5, 0x0, 0x0, 0x0, 0x0, 0x0, 0x0, 0x24,
    0x44, 0x44, 0x44, 0xff, 0x84, 0x44, 0x44, 0x44,
    0x0, 0x0, 0x8, 0xff, 0xff, 0xff, 0xff, 0xff,
    0xff, 0xff, 0xff, 0xf2, 0x0, 0x0, 0x8f, 0xff,
    0xff, 0xff, 0xff, 0xff, 0xff, 0xff, 0xff, 0x10,
    0x0, 0x0, 0x0, 0x0, 0x0, 0xf, 0xf5, 0x0,
    0x0, 0x0, 0x0, 0x0, 0x0, 0x0, 0x0, 0x0,
    0x0, 0xff, 0x50, 0x0, 0x0, 0x0, 0x0, 0x0,
    0x0, 0x0, 0x0, 0x0, 0xf, 0xf5, 0x0, 0x0,
    0x0, 0x0, 0x0, 0x14, 0x44, 0x44, 0x44, 0x44,
    0xff, 0x84, 0x44, 0x44, 0x44, 0x43, 0x4, 0xff,
    0xff, 0xff, 0xff, 0xff, 0xff, 0xff, 0xff, 0xff,
    0xff, 0xc0, 0x3e, 0xee, 0xee, 0xee, 0xef, 0xff,
    0xff, 0xee, 0xee, 0xee, 0xeb, 0x0, 0x0, 0x0,
    0x0, 0xa, 0xff, 0xff, 0xe1, 0x0, 0x0, 0x0,
    0x0, 0x0, 0x0, 0x0, 0x7, 0xff, 0xff, 0xff,
    0xc0, 0x0, 0x0, 0x0, 0x0, 0x0, 0x0, 0x7,
    0xff, 0x6f, 0xf7, 0xdf, 0xc1, 0x0, 0x0, 0x0,
    0x0, 0x0, 0xa, 0xff, 0x80, 0xff, 0x52, 0xef,
    0xd2, 0x0, 0x0, 0x0, 0x0, 0x1c, 0xff, 0x80,
    0xf, 0xf5, 0x2, 0xef, 0xf5, 0x0, 0x0, 0x0,
    0x6e, 0xff, 0x70, 0x0, 0xff, 0x50, 0x2, 0xef,
    0xfa, 0x10, 0x4, 0xcf, 0xfe, 0x40, 0x0, 0xf,
    0xf5, 0x0, 0x1, 0xbf, 0xff, 0x70, 0x6f, 0xfb,
    0x10, 0x0, 0x0, 0xff, 0x50, 0x0, 0x0, 0x7f,
    0xfc, 0x0, 0x74, 0x0, 0x0, 0x0, 0xf, 0xf5,
    0x0, 0x0, 0x0, 0x29, 0x10, 0x0, 0x0, 0x0,
    0x0, 0x0, 0xff, 0x50, 0x0, 0x0, 0x0, 0x0,
    0x0,

    /* U+673A "机" */
    0x0, 0x0, 0x0, 0x0, 0x0, 0x0, 0x0, 0x0,
    0x0, 0x0, 0x0, 0x0, 0x0, 0x2, 0xff, 0x10,
    0x0, 0x0, 0x0, 0x0, 0x0, 0x0, 0x0, 0x0,
    0x0, 0x2f, 0xf1, 0x0, 0xa, 0xcc, 0xcc, 0xcc,
    0xca, 0x0, 0x0, 0x0, 0x2, 0xff, 0x10, 0x0,
    0xdf, 0xff, 0xff, 0xff, 0xd0, 0x0, 0x0, 0x0,
    0x2f, 0xf1, 0x0, 0xd, 0xf8, 0x33, 0x38, 0xfd,
    0x0, 0x0, 0xbc, 0xcd, 0xff, 0xdc, 0xc1, 0xdf,
    0x70, 0x0, 0x6f, 0xd0, 0x0, 0xe, 0xff, 0xff,
    0xff, 0xff, 0x2d, 0xf7, 0x0, 0x6, 0xfd, 0x0,
    0x0, 0x45, 0x5a, 0xff, 0x55, 0x50, 0xdf, 0x70,
    0x0, 0x6f, 0xd0, 0x0, 0x0, 0x0, 0xbf, 0xf6,
    0x0, 0xd, 0xf7, 0x0, 0x6, 0xfd, 0x0, 0x0,
    0x0, 0x1f, 0xff, 0xf3, 0x0, 0xdf, 0x60, 0x0,
    0x6f, 0xd0, 0x0, 0x0, 0x5, 0xff, 0xff, 0xe1,
    0xd, 0xf6, 0x0, 0x6, 0xfd, 0x0, 0x0, 0x0,
    0xcf, 0xff, 0xbf, 0xb0, 0xef, 0x50, 0x0, 0x6f,
    0xd0, 0x0, 0x0, 0x3f, 0xef, 0xf2, 0xff, 0x5e,
    0xf5, 0x0, 0x6, 0xfd, 0x0, 0x0, 0x9, 0xf8,
    0xff, 0x16, 0xe1, 0xff, 0x30, 0x0, 0x6f, 0xd0,
    0x0, 0x2, 0xff, 0x3f, 0xf1, 0x4, 0x2f, 0xf1,
    0x0, 0x6, 0xfd, 0x0, 0x0, 0xaf, 0x92, 0xff,
    0x10, 0x4, 0xfe, 0x0, 0x0, 0x6f, 0xd0, 0x0,
    0x2f, 0xf2, 0x2f, 0xf1, 0x0, 0x7f, 0xc0, 0x0,
    0x6, 0xfd, 0x3, 0x0, 0xc9, 0x2, 0xff, 0x10,
    0xb, 0xf8, 0x0, 0x0, 0x6f, 0xd0, 0xcb, 0x3,
    0x0, 0x2f, 0xf1, 0x1, 0xff, 0x30, 0x0, 0x6,
    0xfd, 0xc, 0xe0, 0x0, 0x2, 0xff, 0x10, 0x8f,
    0xd0, 0x0, 0x0, 0x6f, 0xd0, 0xdd, 0x0, 0x0,
    0x2f, 0xf1, 0x2f, 0xf5, 0x0, 0x0, 0x5, 0xfe,
    0x1e, 0xc0, 0x0, 0x2, 0xff, 0x1d, 0xfc, 0x0,
    0x0, 0x0, 0x4f, 0xff, 0xf9, 0x0, 0x0, 0x2f,
    0xf1, 0x3c, 0x20, 0x0, 0x0, 0x0, 0xaf, 0xfd,
    0x20, 0x0, 0x0, 0x0, 0x0, 0x0, 0x0, 0x0,
    0x0, 0x0, 0x0, 0x0,

    /* U+67E5 "查" */
    0x0, 0x0, 0x0, 0x0, 0x0, 0xee, 0x30, 0x0,
    0x0, 0x0, 0x0, 0x0, 0x0, 0x0, 0x0, 0x0,
    0xf, 0xf4, 0x0, 0x0, 0x0, 0x0, 0x0, 0x0,
    0x0, 0x0, 0x0, 0x0, 0xff, 0x40, 0x0, 0x0,
    0x0, 0x0, 0x5, 0xff, 0xff, 0xff, 0xff, 0xff,
    0xff, 0xff, 0xff, 0xff, 0xff, 0xc0, 0x4e, 0xee,
    0xee, 0xee, 0xff, 0xff, 0xff, 0xfe, 0xee, 0xee,
    0xeb, 0x0, 0x0, 0x0, 0x1, 0xcf, 0xcf, 0xfb,
    0xfe, 0x40, 0x0, 0x0, 0x0, 0x0, 0x0, 0x3,
    0xef, 0xd1, 0xff, 0x48, 0xff, 0x80, 0x0, 0x0,
    0x0, 0x0, 0x19, 0xff, 0xb0, 0xf, 0xf4, 0x6,
    0xff, 0xd4, 0x0, 0x0, 0x1, 0x7e, 0xff, 0x70,
    0x0, 0xff, 0x40, 0x2, 0xcf, 0xfc, 0x50, 0x7,
    0xff, 0xfd, 0x30, 0x0, 0x5, 0x51, 0x0, 0x0,
    0x7f, 0xff, 0xe1, 0x1e, 0xd6, 0x8f, 0xff, 0xff,
    0xff, 0xff, 0xff, 0xfd, 0x18, 0xe4, 0x0, 0x10,
    0x9, 0xfd, 0x99, 0x99, 0x99, 0x99, 0xcf, 0xe0,
    0x0, 0x0, 0x0, 0x0, 0x9f, 0xa0, 0x0, 0x0,
    0x0, 0x6, 0xfe, 0x0, 0x0, 0x0, 0x0, 0x9,
    0xff, 0xff, 0xff, 0xff, 0xff, 0xff, 0xe0, 0x0,
    0x0, 0x0, 0x0, 0x9f, 0xd8, 0x88, 0x88, 0x88,
    0x8b, 0xfe, 0x0, 0x0, 0x0, 0x0, 0x9, 0xfa,
    0x0, 0x0, 0x0, 0x0, 0x6f, 0xe0, 0x0, 0x0,
    0x0, 0x0, 0x9f, 0xd9, 0x99, 0x99, 0x99, 0x9c,
    0xfe, 0x0, 0x0, 0x0, 0x0, 0x8, 0xff, 0xff,
    0xff, 0xff, 0xff, 0xff, 0xd0, 0x0, 0x0, 0x0,
    0x0, 0x0, 0x0, 0x0, 0x0, 0x0, 0x0, 0x0,
    0x0, 0x0, 0x0, 0xff, 0xff, 0xff, 0xff, 0xff,
    0xff, 0xff, 0xff, 0xff, 0xff, 0x80, 0xf, 0xff,
    0xff, 0xff, 0xff, 0xff, 0xff, 0xff, 0xff, 0xff,
    0xf8, 0x0, 0x0, 0x0, 0x0, 0x0, 0x0, 0x0,
    0x0, 0x0, 0x0, 0x0, 0x0,

    /* U+68C0 "检" */
    0x0, 0x0, 0x0, 0x0, 0x0, 0x0, 0x0, 0x0,
    0x0, 0x0, 0x0, 0x0, 0x0, 0xe, 0xf1, 0x0,
    0x0, 0x0, 0xb, 0xe4, 0x0, 0x0, 0x0, 0x0,
    0x0, 0xef, 0x10, 0x0, 0x0, 0x5, 0xff, 0x50,
    0x0, 0x0, 0x0, 0x0, 0xe, 0xf1, 0x0, 0x0,
    0x2, 0xff, 0xfe, 0x20, 0x0, 0x0, 0x0, 0x0,
    0xef, 0x10, 0x0, 0x1, 0xdf, 0xa8, 0xfe, 0x30,
    0x0, 0x0, 0x9b, 0xbf, 0xfb, 0xb3, 0x1, 0xdf,
    0xd0, 0x9, 0xff, 0x50, 0x0, 0xe, 0xff, 0xff,
    0xff, 0x51, 0xdf, 0xe1, 0x0, 0x9, 0xff, 0x80,
    0x0, 0x45, 0x7f, 0xf6, 0x55, 0xef, 0xe2, 0x0,
    0x0, 0x7, 0xff, 0xc3, 0x0, 0x6, 0xff, 0x47,
    0xff, 0xdd, 0xdd, 0xdd, 0xdd, 0xd9, 0xff, 0xb0,
    0x0, 0xaf, 0xfd, 0x2f, 0xc1, 0xef, 0xff, 0xff,
    0xff, 0x43, 0xd3, 0x0, 0xe, 0xff, 0xf8, 0x30,
    0x0, 0x0, 0x0, 0x0, 0x0, 0x0, 0x0, 0x4,
    0xff, 0xfc, 0xf2, 0x0, 0x0, 0x3, 0x30, 0x0,
    0x12, 0x0, 0x0, 0xaf, 0xff, 0x5f, 0x74, 0xb3,
    0x0, 0xed, 0x0, 0x9, 0xf7, 0x0, 0x1f, 0xbe,
    0xf1, 0x90, 0x4f, 0x90, 0xb, 0xf1, 0x0, 0xef,
    0x10, 0x8, 0xf5, 0xef, 0x10, 0x0, 0xfd, 0x0,
    0x9f, 0x40, 0x3f, 0xb0, 0x1, 0xff, 0xe, 0xf1,
    0x0, 0xc, 0xf2, 0x6, 0xf6, 0xa, 0xf4, 0x0,
    0xc, 0x90, 0xef, 0x10, 0x0, 0x8f, 0x50, 0x4f,
    0x91, 0xfd, 0x0, 0x0, 0x41, 0xe, 0xf1, 0x0,
    0x5, 0xf8, 0x1, 0x84, 0x7f, 0x60, 0x0, 0x0,
    0x0, 0xef, 0x10, 0x0, 0x2, 0x0, 0x0, 0xe,
    0xe0, 0x0, 0x0, 0x0, 0xe, 0xf1, 0x0, 0x0,
    0x0, 0x0, 0x6, 0xf7, 0x0, 0x0, 0x0, 0x0,
    0xef, 0x10, 0xef, 0xff, 0xff, 0xff, 0xff, 0xff,
    0xff, 0x30, 0x0, 0xe, 0xf1, 0xd, 0xff, 0xff,
    0xff, 0xff, 0xff, 0xff, 0xf2, 0x0, 0x0, 0xef,
    0x10, 0x0, 0x0, 0x0, 0x0, 0x0, 0x0, 0x0,
    0x0,

    /* U+6A21 "模" */
    0x0, 0x0, 0x0, 0x0, 0x0, 0x0, 0x0, 0x0,
    0x0, 0x0, 0x0, 0x0, 0x0, 0xf, 0xf2, 0x0,
    0x0, 0xf, 0xf0, 0x0, 0xcf, 0x60, 0x0, 0x0,
    0x0, 0xff, 0x20, 0x4, 0x45, 0xff, 0x54, 0x4d,
    0xf8, 0x44, 0x10, 0x0, 0xf, 0xf2, 0x2, 0xff,
    0xff, 0xff, 0xff, 0xff, 0xff, 0xf6, 0x0, 0x0,
    0xff, 0x20, 0x17, 0x77, 0xff, 0x77, 0x7d, 0xfa,
    0x77, 0x20, 0x8b, 0xbf, 0xfc, 0xb5, 0x0, 0xf,
    0xf0, 0x0, 0xcf, 0x60, 0x0, 0xc, 0xff, 0xff,
    0xff, 0x83, 0x99, 0x99, 0x99, 0x99, 0x99, 0x92,
    0x0, 0x35, 0x5f, 0xf6, 0x42, 0x6f, 0xff, 0xff,
    0xff, 0xff, 0xff, 0x30, 0x0, 0x3, 0xff, 0x50,
    0x6, 0xfb, 0x0, 0x0, 0x0, 0xe, 0xf3, 0x0,
    0x0, 0x7f, 0xfe, 0x0, 0x6f, 0xd7, 0x77, 0x77,
    0x77, 0xff, 0x30, 0x0, 0xb, 0xff, 0xf8, 0x6,
    0xff, 0xff, 0xff, 0xff, 0xff, 0xf3, 0x0, 0x1,
    0xff, 0xfd, 0xf2, 0x6f, 0xb0, 0x0, 0x0, 0x0,
    0xef, 0x30, 0x0, 0x7f, 0xff, 0x7f, 0xa6, 0xfd,
    0x99, 0x99, 0x99, 0x9f, 0xf3, 0x0, 0xd, 0xef,
    0xf2, 0xd4, 0x6f, 0xff, 0xff, 0xff, 0xff, 0xff,
    0x30, 0x4, 0xf9, 0xff, 0x21, 0x0, 0x0, 0x0,
    0xcf, 0x60, 0x0, 0x0, 0x0, 0xcf, 0x3f, 0xf2,
    0x0, 0x0, 0x0, 0xe, 0xf4, 0x0, 0x0, 0x0,
    0x1f, 0xd0, 0xff, 0x20, 0xdf, 0xff, 0xff, 0xff,
    0xff, 0xff, 0xff, 0x60, 0x75, 0xf, 0xf2, 0xb,
    0xdd, 0xdd, 0xff, 0xff, 0xfd, 0xdd, 0xd5, 0x0,
    0x0, 0xff, 0x20, 0x0, 0x0, 0x3f, 0xf8, 0xff,
    0x30, 0x0, 0x0, 0x0, 0xf, 0xf2, 0x0, 0x0,
    0x4e, 0xfc, 0x8, 0xff, 0x50, 0x0, 0x0, 0x0,
    0xff, 0x20, 0x5, 0xbf, 0xfc, 0x10, 0xa, 0xff,
    0xb5, 0x0, 0x0, 0xf, 0xf2, 0x3f, 0xff, 0xf8,
    0x0, 0x0, 0x7, 0xff, 0xf9, 0x0, 0x0, 0xff,
    0x20, 0x9c, 0x71, 0x0, 0x0, 0x0, 0x2, 0x8c,
    0x0, 0x0, 0x0, 0x0, 0x0, 0x0, 0x0, 0x0,
    0x0, 0x0, 0x0, 0x0,

    /* U+6B21 "次" */
    0x0, 0x0, 0x0, 0x0, 0x0, 0x0, 0x0, 0x0,
    0x0, 0x0, 0x0, 0x0, 0x0, 0x0, 0x0, 0x0,
    0x5f, 0xd1, 0x0, 0x0, 0x0, 0x0, 0x0, 0x3,
    0x20, 0x0, 0x0, 0x8, 0xff, 0x0, 0x0, 0x0,
    0x0, 0x0, 0x2, 0xef, 0x80, 0x0, 0x0, 0xcf,
    0xb0, 0x0, 0x0, 0x0, 0x0, 0x0, 0x2c, 0xff,
    0xd3, 0x0, 0x1f, 0xf9, 0x33, 0x33, 0x33, 0x34,
    0x10, 0x0, 0x6, 0xff, 0xf4, 0x6, 0xff, 0xff,
    0xff, 0xff, 0xff, 0xff, 0x40, 0x0, 0x2, 0xdd,
    0x0, 0xdf, 0xff, 0xff, 0xff, 0xff, 0xff, 0xf4,
    0x0, 0x0, 0x1, 0x20, 0x3f, 0xf6, 0x0, 0x10,
    0x0, 0x6, 0xff, 0x0, 0x0, 0x0, 0x0, 0xb,
    0xfe, 0x0, 0x7f, 0xf0, 0x0, 0xbf, 0xa0, 0x0,
    0x0, 0x0, 0x4, 0xff, 0x70, 0x7, 0xff, 0x0,
    0x1f, 0xf4, 0x0, 0x0, 0x0, 0x0, 0xdf, 0xe0,
    0x0, 0x8f, 0xe0, 0x7, 0xfd, 0x0, 0x0, 0x0,
    0x0, 0x1, 0xa5, 0x0, 0x9, 0xff, 0x0, 0x5e,
    0x60, 0x0, 0x0, 0x0, 0x7c, 0x10, 0x0, 0x0,
    0xbf, 0xf4, 0x0, 0x0, 0x0, 0x0, 0x0, 0x2f,
    0xf8, 0x0, 0x0, 0xe, 0xff, 0x90, 0x0, 0x0,
    0x0, 0x0, 0xb, 0xfe, 0x10, 0x0, 0x4, 0xff,
    0xff, 0x10, 0x0, 0x0, 0x0, 0x6, 0xff, 0x60,
    0x0, 0x0, 0xbf, 0xed, 0xf7, 0x0, 0x0, 0x0,
    0x1, 0xef, 0xc0, 0x0, 0x0, 0x4f, 0xf8, 0x5f,
    0xf1, 0x0, 0x0, 0x0, 0xbf, 0xf3, 0x0, 0x0,
    0x1e, 0xfe, 0x0, 0xdf, 0xc0, 0x0, 0x0, 0x7f,
    0xf9, 0x0, 0x0, 0x1d, 0xff, 0x40, 0x3, 0xff,
    0xa0, 0x0, 0x5, 0xfd, 0x0, 0x0, 0x4e, 0xff,
    0x70, 0x0, 0x8, 0xff, 0xc1, 0x0, 0x2, 0x30,
    0x1, 0x9f, 0xff, 0x70, 0x0, 0x0, 0x8, 0xff,
    0xf9, 0x0, 0x0, 0x0, 0xaf, 0xfe, 0x40, 0x0,
    0x0, 0x0, 0x6, 0xff, 0x90, 0x0, 0x0, 0x0,
    0xb9, 0x10, 0x0, 0x0, 0x0, 0x0, 0x1, 0x80,
    0x0, 0x0, 0x0, 0x0, 0x0, 0x0, 0x0, 0x0,
    0x0, 0x0, 0x0, 0x0,

    /* U+6B63 "正" */
    0x3, 0x44, 0x44, 0x44, 0x44, 0x44, 0x44, 0x44,
    0x44, 0x44, 0x40, 0xb, 0xff, 0xff, 0xff, 0xff,
    0xff, 0xff, 0xff, 0xff, 0xff, 0xf1, 0xa, 0xee,
    0xee, 0xee, 0xee, 0xff, 0xfe, 0xee, 0xee, 0xee,
    0xe1, 0x0, 0x0, 0x0, 0x0, 0x0, 0x7f, 0xe0,
    0x0, 0x0, 0x0, 0x0, 0x0, 0x0, 0x0, 0x0,
    0x0, 0x7f, 0xe0, 0x0, 0x0, 0x0, 0x0, 0x0,
    0x0, 0x0, 0x0, 0x0, 0x7f, 0xe0, 0x0, 0x0,
    0x0, 0x0, 0x0, 0x1, 0x22, 0x0, 0x0, 0x7f,
    0xe0, 0x0, 0x0, 0x0, 0x0, 0x0, 0x7, 0xfd,
    0x0, 0x0, 0x7f, 0xe0, 0x0, 0x0, 0x0, 0x0,
    0x0, 0x7, 0xfd, 0x0, 0x0, 0x7f, 0xe3, 0x33,
    0x33, 0x33, 0x0, 0x0, 0x7, 0xfd, 0x0, 0x0,
    0x7f, 0xff, 0xff, 0xff, 0xff, 0x0, 0x0, 0x7,
    0xfd, 0x0, 0x0, 0x7f, 0xff, 0xff, 0xff, 0xff,
    0x0, 0x0, 0x7, 0xfd, 0x0, 0x0, 0x7f, 0xe0,
    0x0, 0x0, 0x0, 0x0, 0x0, 0x7, 0xfd, 0x0,
    0x0, 0x7f, 0xe0, 0x0, 0x0, 0x0, 0x0, 0x0,
    0x7, 0xfd, 0x0, 0x0, 0x7f, 0xe0, 0x0, 0x0,
    0x0, 0x0, 0x0, 0x7, 0xfd, 0x0, 0x0, 0x7f,
    0xe0, 0x0, 0x0, 0x0, 0x0, 0x0, 0x7, 0xfd,
    0x0, 0x0, 0x7f, 0xe0, 0x0, 0x0, 0x0, 0x0,
    0x0, 0x7, 0xfd, 0x0, 0x0, 0x7f, 0xe0, 0x0,
    0x0, 0x0, 0x0, 0x13, 0x39, 0xfd, 0x33, 0x33,
    0x9f, 0xe3, 0x33, 0x33, 0x33, 0x33, 0x9f, 0xff,
    0xff, 0xff, 0xff, 0xff, 0xff, 0xff, 0xff, 0xff,
    0xfe, 0x8f, 0xff, 0xff, 0xff, 0xff, 0xff, 0xff,
    0xff, 0xff, 0xff, 0xfe,

    /* U+6B65 "步" */
    0x0, 0x0, 0x0, 0x0, 0x0, 0x11, 0x0, 0x0,
    0x0, 0x0, 0x0, 0x0, 0x0, 0x0, 0x0, 0x0,
    0xef, 0x80, 0x0, 0x0, 0x0, 0x0, 0x0, 0x1,
    0x66, 0x0, 0x0, 0xef, 0x80, 0x0, 0x0, 0x0,
    0x0, 0x0, 0x4, 0xff, 0x0, 0x0, 0xef, 0xff,
    0xff, 0xff, 0xf7, 0x0, 0x0, 0x4, 0xff, 0x0,
    0x0, 0xef, 0xff, 0xff, 0xff, 0xf8, 0x0, 0x0,
    0x4, 0xff, 0x0, 0x0, 0xef, 0x92, 0x22, 0x22,
    0x21, 0x0, 0x0, 0x4, 0xff, 0x0, 0x0, 0xef,
    0x80, 0x0, 0x0, 0x0, 0x0, 0x1, 0x15, 0xff,
    0x11, 0x11, 0xef, 0x81, 0x11, 0x11, 0x11, 0x10,
    0xcf, 0xff, 0xff, 0xff, 0xff, 0xff, 0xff, 0xff,
    0xff, 0xff, 0xf4, 0xcf, 0xff, 0xff, 0xff, 0xff,
    0xff, 0xff, 0xff, 0xff, 0xff, 0xf4, 0x0, 0x0,
    0x0, 0x0, 0x2, 0xff, 0x40, 0x0, 0x0, 0x0,
    0x0, 0x0, 0x0, 0xc, 0xc5, 0x2, 0xff, 0x40,
    0x0, 0x7, 0x81, 0x0, 0x0, 0x0, 0x8f, 0xf3,
    0x2, 0xff, 0x40, 0x0, 0x2f, 0xfa, 0x0, 0x0,
    0x6, 0xff, 0x70, 0x2, 0xff, 0x40, 0x0, 0xcf,
    0xf1, 0x0, 0x0, 0x7f, 0xfa, 0x0, 0x2, 0xff,
    0x40, 0xa, 0xff, 0x50, 0x0, 0xb, 0xff, 0xb0,
    0x0, 0x2, 0xff, 0x40, 0xaf, 0xf8, 0x0, 0x0,
    0x7, 0xf9, 0x0, 0x0, 0x2, 0xff, 0x7d, 0xff,
    0x90, 0x0, 0x0, 0x0, 0x40, 0x0, 0x0, 0x0,
    0x7e, 0xff, 0xf7, 0x0, 0x0, 0x0, 0x0, 0x0,
    0x0, 0x0, 0x39, 0xff, 0xfc, 0x20, 0x0, 0x0,
    0x0, 0x0, 0x0, 0x15, 0x9e, 0xff, 0xfe, 0x70,
    0x0, 0x0, 0x0, 0x0, 0x58, 0xad, 0xff, 0xff,
    0xfc, 0x50, 0x0, 0x0, 0x0, 0x0, 0x0, 0x6f,
    0xff, 0xff, 0xb6, 0x10, 0x0, 0x0, 0x0, 0x0,
    0x0, 0x0, 0xb, 0x96, 0x30, 0x0, 0x0, 0x0,
    0x0, 0x0, 0x0, 0x0, 0x0,

    /* U+6C49 "汉" */
    0x0, 0x40, 0x0, 0x0, 0x0, 0x0, 0x0, 0x0,
    0x0, 0x0, 0x0, 0x0, 0x5f, 0xe7, 0x0, 0x13,
    0x33, 0x33, 0x33, 0x33, 0x33, 0x40, 0x0, 0x3,
    0xbf, 0xfe, 0x45, 0xff, 0xff, 0xff, 0xff, 0xff,
    0xff, 0xd0, 0x0, 0x0, 0x5e, 0xf8, 0x4e, 0xff,
    0xee, 0xee, 0xee, 0xef, 0xfb, 0x0, 0x0, 0x0,
    0x8, 0x0, 0x5f, 0xd0, 0x0, 0x0, 0x0, 0xaf,
    0x80, 0x0, 0x0, 0x0, 0x0, 0x1, 0xff, 0x10,
    0x0, 0x0, 0xd, 0xf4, 0x0, 0x0, 0x0, 0x0,
    0x0, 0xc, 0xf6, 0x0, 0x0, 0x1, 0xff, 0x10,
    0x4, 0xe7, 0x0, 0x0, 0x0, 0x7f, 0xb0, 0x0,
    0x0, 0x6f, 0xc0, 0x0, 0xaf, 0xfe, 0x60, 0x0,
    0x2, 0xff, 0x10, 0x0, 0xc, 0xf7, 0x0, 0x0,
    0x4d, 0xff, 0x70, 0x0, 0xd, 0xf6, 0x0, 0x2,
    0xff, 0x20, 0x0, 0x0, 0x6, 0xd0, 0x0, 0x0,
    0x7f, 0xd0, 0x0, 0x9f, 0xb0, 0x0, 0x0, 0x0,
    0x0, 0x0, 0x0, 0x0, 0xff, 0x50, 0x1f, 0xf4,
    0x0, 0x0, 0x0, 0x0, 0x1, 0x0, 0x0, 0x8,
    0xfd, 0xa, 0xfc, 0x0, 0x0, 0x0, 0x0, 0x4,
    0xd2, 0x0, 0x0, 0x1f, 0xfb, 0xff, 0x30, 0x0,
    0x0, 0x0, 0x0, 0xcf, 0x80, 0x0, 0x0, 0x6f,
    0xff, 0x90, 0x0, 0x0, 0x0, 0x0, 0x5f, 0xe1,
    0x0, 0x0, 0x1, 0xff, 0xf1, 0x0, 0x0, 0x0,
    0x0, 0xe, 0xf7, 0x0, 0x0, 0x1, 0xcf, 0xff,
    0xc0, 0x0, 0x0, 0x0, 0x8, 0xfe, 0x0, 0x0,
    0x3, 0xdf, 0xf8, 0xff, 0xc1, 0x0, 0x0, 0x2,
    0xff, 0x60, 0x0, 0x8, 0xff, 0xe3, 0x5, 0xff,
    0xe4, 0x0, 0x0, 0xcf, 0xd0, 0x0, 0x6e, 0xff,
    0xc1, 0x0, 0x4, 0xff, 0xfa, 0x20, 0x1e, 0xf4,
    0x0, 0xbf, 0xfe, 0x60, 0x0, 0x0, 0x2, 0xcf,
    0xfd, 0x0, 0x17, 0x0, 0x2, 0xe8, 0x10, 0x0,
    0x0, 0x0, 0x0, 0x6d, 0x20, 0x0, 0x0, 0x0,
    0x0, 0x0, 0x0, 0x0, 0x0, 0x0, 0x0, 0x0,
    0x0,

    /* U+6CD5 "法" */
    0x0, 0x0, 0x0, 0x0, 0x0, 0x0, 0x0, 0x0,
    0x0, 0x0, 0x0, 0x0, 0x0, 0x84, 0x0, 0x0,
    0x0, 0x0, 0xf, 0xf4, 0x0, 0x0, 0x0, 0x0,
    0x6f, 0xfc, 0x40, 0x0, 0x0, 0x0, 0xff, 0x40,
    0x0, 0x0, 0x0, 0x0, 0x7f, 0xff, 0xa0, 0x0,
    0x0, 0xf, 0xf4, 0x0, 0x0, 0x0, 0x0, 0x0,
    0x1a, 0xf7, 0x2, 0x22, 0x22, 0xff, 0x62, 0x22,
    0x21, 0x0, 0x0, 0x0, 0x4, 0x0, 0xef, 0xff,
    0xff, 0xff, 0xff, 0xff, 0x60, 0x0, 0x0, 0x0,
    0x0, 0xe, 0xff, 0xff, 0xff, 0xff, 0xff, 0xf6,
    0x0, 0x3, 0x0, 0x0, 0x0, 0x0, 0x0, 0xf,
    0xf4, 0x0, 0x0, 0x0, 0x8, 0xfc, 0x40, 0x0,
    0x0, 0x0, 0x0, 0xff, 0x40, 0x0, 0x0, 0x0,
    0x8f, 0xff, 0xb1, 0x0, 0x0, 0x0, 0xf, 0xf4,
    0x0, 0x0, 0x0, 0x0, 0x1a, 0xff, 0x40, 0x22,
    0x22, 0x22, 0xff, 0x62, 0x22, 0x22, 0x0, 0x0,
    0x3, 0x80, 0xe, 0xff, 0xff, 0xff, 0xff, 0xff,
    0xff, 0xf5, 0x0, 0x0, 0x0, 0x0, 0xef, 0xff,
    0xff, 0xff, 0xff, 0xff, 0xff, 0x40, 0x0, 0x0,
    0x2, 0x0, 0x0, 0x3, 0xff, 0x60, 0x0, 0x0,
    0x0, 0x0, 0x0, 0x3, 0xf4, 0x0, 0x0, 0xbf,
    0xd0, 0x0, 0x0, 0x0, 0x0, 0x0, 0x0, 0xcf,
    0xa0, 0x0, 0x3f, 0xf5, 0x0, 0x58, 0x0, 0x0,
    0x0, 0x0, 0x4f, 0xf2, 0x0, 0xb, 0xfd, 0x0,
    0x1e, 0xf6, 0x0, 0x0, 0x0, 0xd, 0xfa, 0x0,
    0x4, 0xff, 0x30, 0x0, 0x5f, 0xf2, 0x0, 0x0,
    0x8, 0xff, 0x20, 0x1, 0xef, 0x90, 0x0, 0x0,
    0xcf, 0xc0, 0x0, 0x2, 0xff, 0x80, 0x0, 0xbf,
    0xf8, 0x9b, 0xce, 0xff, 0xff, 0x50, 0x0, 0xcf,
    0xe1, 0x0, 0x4f, 0xff, 0xff, 0xff, 0xff, 0xdd,
    0xfe, 0x0, 0xc, 0xf6, 0x0, 0x0, 0xef, 0xca,
    0x75, 0x31, 0x0, 0x1f, 0xf6, 0x0, 0x7, 0x0,
    0x0, 0x2, 0x0, 0x0, 0x0, 0x0, 0x0, 0x88,
    0x10,

    /* U+6D4B "测" */
    0x0, 0x3a, 0x20, 0x0, 0x0, 0x0, 0x0, 0x0,
    0x0, 0x0, 0x9d, 0x10, 0xe, 0xff, 0x80, 0x8c,
    0xcc, 0xcc, 0xcc, 0x80, 0x0, 0xb, 0xf1, 0x0,
    0x2b, 0xff, 0xca, 0xfd, 0xdd, 0xdd, 0xfb, 0xe,
    0xd0, 0xbf, 0x10, 0x0, 0x6, 0xf4, 0xaf, 0x10,
    0x0, 0x1f, 0xb0, 0xed, 0xb, 0xf1, 0x0, 0x0,
    0x1, 0xa, 0xf1, 0x59, 0x1, 0xfb, 0xe, 0xd0,
    0xbf, 0x10, 0x0, 0x0, 0x0, 0xaf, 0x19, 0xf1,
    0x1f, 0xb0, 0xed, 0xb, 0xf1, 0x1, 0x40, 0x0,
    0xa, 0xf1, 0x9f, 0x11, 0xfb, 0xe, 0xd0, 0xbf,
    0x10, 0xbf, 0xc3, 0x0, 0xaf, 0x19, 0xf1, 0x1f,
    0xb0, 0xed, 0xb, 0xf1, 0x7, 0xff, 0xf8, 0xa,
    0xf1, 0x9f, 0x11, 0xfb, 0xe, 0xd0, 0xbf, 0x10,
    0x1, 0xbf, 0x80, 0xaf, 0x19, 0xf1, 0x1f, 0xb0,
    0xed, 0xb, 0xf1, 0x0, 0x0, 0x50, 0xa, 0xf1,
    0x9f, 0x11, 0xfb, 0xe, 0xd0, 0xbf, 0x10, 0x0,
    0x0, 0x0, 0xaf, 0x19, 0xf1, 0x1f, 0xb0, 0xed,
    0xb, 0xf1, 0x0, 0x0, 0x0, 0xa, 0xf1, 0x9f,
    0x11, 0xfb, 0xe, 0xd0, 0xbf, 0x10, 0x0, 0xc,
    0x70, 0xaf, 0x1a, 0xf0, 0x1f, 0xb0, 0xed, 0xb,
    0xf1, 0x0, 0x3, 0xff, 0x1a, 0xf1, 0xbf, 0x1,
    0xfb, 0xe, 0xd0, 0xbf, 0x10, 0x0, 0x8f, 0xb0,
    0xaf, 0x1c, 0xe0, 0x1f, 0xb0, 0xed, 0xb, 0xf1,
    0x0, 0xe, 0xf5, 0x3, 0x61, 0xfb, 0x0, 0x53,
    0x6, 0x50, 0xbf, 0x10, 0x5, 0xff, 0x0, 0x0,
    0x6f, 0x7a, 0x50, 0x0, 0x0, 0xb, 0xf1, 0x0,
    0xcf, 0x90, 0x0, 0x1e, 0xe2, 0xdf, 0x40, 0x0,
    0x0, 0xbf, 0x10, 0x3f, 0xf3, 0x0, 0x2d, 0xf5,
    0x2, 0xef, 0x20, 0x0, 0xb, 0xf1, 0x8, 0xfd,
    0x0, 0x6f, 0xf7, 0x0, 0x4, 0xfc, 0x8, 0xdd,
    0xff, 0x0, 0x5, 0x50, 0x2, 0xd4, 0x0, 0x0,
    0x7, 0x60, 0x5f, 0xfd, 0x50, 0x0, 0x0, 0x0,
    0x0, 0x0, 0x0, 0x0, 0x0, 0x0, 0x0, 0x0,
    0x0,

    /* U+6E90 "源" */
    0x0, 0x1b, 0x40, 0x0, 0x0, 0x0, 0x0, 0x0,
    0x0, 0x0, 0x0, 0x0, 0x0, 0xaf, 0xfb, 0x20,
    0xef, 0xff, 0xff, 0xff, 0xff, 0xff, 0xff, 0xb0,
    0x0, 0x8, 0xff, 0xf2, 0xff, 0xff, 0xff, 0xff,
    0xff, 0xff, 0xff, 0xc0, 0x0, 0x0, 0x3d, 0x90,
    0xff, 0x41, 0x11, 0x16, 0xb8, 0x11, 0x11, 0x0,
    0x0, 0x0, 0x0, 0x0, 0xff, 0x40, 0x0, 0xb,
    0xfb, 0x0, 0x0, 0x0, 0x0, 0x0, 0x0, 0x0,
    0xff, 0x48, 0xaa, 0xaf, 0xfc, 0xaa, 0xa9, 0x0,
    0x0, 0x70, 0x0, 0x0, 0xff, 0x4d, 0xff, 0xff,
    0xff, 0xff, 0xff, 0x0, 0xa, 0xfe, 0x50, 0x0,
    0xff, 0x3d, 0xf3, 0x0, 0x0, 0x2, 0xff, 0x0,
    0x6, 0xef, 0xfb, 0x0, 0xff, 0x3d, 0xf3, 0x0,
    0x0, 0x2, 0xff, 0x0, 0x0, 0x1a, 0xfb, 0x0,
    0xff, 0x3d, 0xff, 0xff, 0xff, 0xff, 0xff, 0x0,
    0x0, 0x0, 0x51, 0x0, 0xff, 0x2d, 0xf9, 0x88,
    0x88, 0x89, 0xff, 0x0, 0x0, 0x0, 0x0, 0x1,
    0xff, 0x1d, 0xf2, 0x0, 0x0, 0x2, 0xff, 0x0,
    0x0, 0x0, 0x0, 0x3, 0xff, 0xd, 0xfc, 0xbb,
    0xbb, 0xbc, 0xff, 0x0, 0x0, 0x0, 0x7c, 0x24,
    0xfd, 0xc, 0xff, 0xff, 0xff, 0xff, 0xfe, 0x0,
    0x0, 0x0, 0xdf, 0x67, 0xfb, 0x0, 0x0, 0x5,
    0xfc, 0x0, 0x0, 0x0, 0x0, 0x4, 0xff, 0xa,
    0xf8, 0x2, 0xb6, 0x5, 0xfc, 0x9, 0xe1, 0x0,
    0x0, 0xb, 0xf9, 0xe, 0xf5, 0xa, 0xf8, 0x5,
    0xfc, 0xc, 0xf9, 0x0, 0x0, 0x2f, 0xf3, 0x3f,
    0xf1, 0x3f, 0xe1, 0x5, 0xfc, 0x3, 0xff, 0x20,
    0x0, 0xaf, 0xc0, 0x9f, 0xb0, 0xcf, 0x70, 0x5,
    0xfc, 0x0, 0xbf, 0xb0, 0x2, 0xff, 0x61, 0xff,
    0x55, 0xfc, 0x0, 0x5, 0xfc, 0x0, 0x4f, 0xd1,
    0x6, 0xfe, 0xa, 0xfd, 0x0, 0x52, 0x3d, 0xdf,
    0xfb, 0x0, 0x4, 0x0, 0x0, 0x35, 0x1, 0x94,
    0x0, 0x0, 0xf, 0xff, 0xc3, 0x0, 0x0, 0x0,
    0x0, 0x0, 0x0, 0x0, 0x0, 0x0, 0x0, 0x0,
    0x0, 0x0, 0x0, 0x0,

    /* U+7167 "照" */
    0x0, 0x0, 0x0, 0x0, 0x0, 0x0, 0x0, 0x0,
    0x0, 0x0, 0x0, 0x0, 0xe, 0xff, 0xff, 0xff,
    0x2e, 0xff, 0xff, 0xff, 0xff, 0xff, 0xf0, 0x0,
    0xef, 0xff, 0xff, 0xf2, 0xde, 0xee, 0xff, 0xee,
    0xee, 0xff, 0x0, 0xe, 0xf2, 0x0, 0xef, 0x20,
    0x0, 0x5f, 0xe0, 0x0, 0x3f, 0xe0, 0x0, 0xef,
    0x20, 0xe, 0xf2, 0x0, 0xd, 0xf8, 0x0, 0x5,
    0xfc, 0x0, 0xe, 0xf2, 0x0, 0xef, 0x20, 0x1b,
    0xff, 0x21, 0x11, 0xaf, 0xa0, 0x0, 0xef, 0x87,
    0x7f, 0xf4, 0x8e, 0xff, 0x50, 0x6f, 0xff, 0xf5,
    0x0, 0xe, 0xff, 0xff, 0xff, 0x6f, 0xfd, 0x40,
    0x1, 0xaa, 0x95, 0x0, 0x0, 0xef, 0xcb, 0xbf,
    0xf2, 0x78, 0x22, 0x22, 0x22, 0x22, 0x20, 0x0,
    0xe, 0xf2, 0x0, 0xef, 0x22, 0xff, 0xff, 0xff,
    0xff, 0xff, 0x60, 0x0, 0xef, 0x20, 0xe, 0xf2,
    0x2f, 0xfa, 0xaa, 0xaa, 0xae, 0xf6, 0x0, 0xe,
    0xf2, 0x0, 0xef, 0x22, 0xfe, 0x0, 0x0, 0x0,
    0xcf, 0x60, 0x0, 0xef, 0x42, 0x2e, 0xf2, 0x2f,
    0xe0, 0x0, 0x0, 0xc, 0xf6, 0x0, 0xe, 0xff,
    0xff, 0xff, 0x22, 0xfe, 0x22, 0x22, 0x22, 0xdf,
    0x60, 0x0, 0xef, 0xed, 0xdd, 0xd1, 0x2f, 0xff,
    0xff, 0xff, 0xff, 0xf6, 0x0, 0xe, 0xf2, 0x0,
    0x0, 0x1, 0xaa, 0xaa, 0xaa, 0xaa, 0xaa, 0x40,
    0x0, 0x2, 0x83, 0x0, 0x1, 0x0, 0x1, 0x40,
    0x0, 0x4b, 0x10, 0x0, 0x0, 0xaf, 0xb0, 0x2f,
    0xf0, 0x0, 0xef, 0x50, 0xd, 0xfb, 0x0, 0x0,
    0x3f, 0xf3, 0x0, 0xff, 0x30, 0x9, 0xfb, 0x0,
    0x3f, 0xf5, 0x0, 0xc, 0xfb, 0x0, 0xe, 0xf5,
    0x0, 0x4f, 0xf0, 0x0, 0xaf, 0xe0, 0x7, 0xff,
    0x20, 0x0, 0xdf, 0x70, 0x0, 0xff, 0x40, 0x2,
    0xff, 0x70, 0x7e, 0x80, 0x0, 0xb, 0xc5, 0x0,
    0xb, 0xa3, 0x0, 0x9, 0xb3, 0x0, 0x0, 0x0,
    0x0, 0x0, 0x0, 0x0, 0x0, 0x0, 0x0, 0x0,
    0x0,

    /* U+7231 "爱" */
    0x0, 0x0, 0x0, 0x0, 0x0, 0x0, 0x23, 0x46,
    0x79, 0xc2, 0x0, 0x2, 0x9a, 0xab, 0xcc, 0xde,
    0xff, 0xff, 0xff, 0xff, 0xf8, 0x0, 0x1, 0xff,
    0xff, 0xff, 0xfe, 0xed, 0xba, 0x98, 0xb6, 0x20,
    0x0, 0x0, 0x22, 0x6d, 0x20, 0x2, 0xd9, 0x0,
    0x2, 0xff, 0x10, 0x0, 0x0, 0x0, 0x7f, 0x70,
    0x0, 0xfe, 0x0, 0x9, 0xf8, 0x0, 0x0, 0x0,
    0x0, 0x2f, 0xd0, 0x0, 0xbf, 0x40, 0x2f, 0xe1,
    0x0, 0x0, 0xf, 0xff, 0xff, 0xff, 0xff, 0xff,
    0xff, 0xff, 0xff, 0xff, 0xf1, 0xf, 0xfd, 0xdd,
    0xdd, 0xdd, 0xdd, 0xdd, 0xdd, 0xdd, 0xdf, 0xf1,
    0xf, 0xd0, 0x0, 0x7, 0x93, 0x0, 0x0, 0x0,
    0x0, 0xd, 0xf1, 0xf, 0xd0, 0x0, 0xd, 0xf5,
    0x0, 0x0, 0x0, 0x0, 0xd, 0xf1, 0x2, 0x5f,
    0xff, 0xff, 0xff, 0xff, 0xff, 0xff, 0xff, 0xf5,
    0x20, 0x0, 0x2c, 0xcc, 0xef, 0xec, 0xcc, 0xcc,
    0xcc, 0xcc, 0xc2, 0x0, 0x0, 0x0, 0x0, 0xcf,
    0x60, 0x0, 0x0, 0x0, 0x0, 0x0, 0x0, 0x0,
    0x0, 0x2, 0xff, 0xdd, 0xdd, 0xdd, 0xdd, 0xdc,
    0x20, 0x0, 0x0, 0x0, 0xa, 0xff, 0xff, 0xff,
    0xff, 0xff, 0xff, 0x20, 0x0, 0x0, 0x0, 0x4f,
    0xfc, 0xfc, 0x21, 0x11, 0x3e, 0xf7, 0x0, 0x0,
    0x0, 0x1, 0xdf, 0x80, 0xbf, 0xd5, 0x5, 0xef,
    0x90, 0x0, 0x0, 0x0, 0x1c, 0xfc, 0x0, 0x8,
    0xff, 0xef, 0xf7, 0x0, 0x0, 0x0, 0x2, 0xdf,
    0xe1, 0x0, 0x27, 0xef, 0xff, 0xfa, 0x62, 0x0,
    0x0, 0x7f, 0xfe, 0x26, 0xbe, 0xff, 0xfc, 0x7b,
    0xff, 0xff, 0xfc, 0xa0, 0x5f, 0xc1, 0x4, 0xff,
    0xd9, 0x30, 0x0, 0x16, 0xbe, 0xff, 0x90, 0x3,
    0x0, 0x0, 0x41, 0x0, 0x0, 0x0, 0x0, 0x0,
    0x15, 0x10,

    /* U+7247 "片" */
    0x0, 0x0, 0x0, 0x0, 0x0, 0x0, 0x1, 0x10,
    0x0, 0x0, 0x0, 0x0, 0x0, 0x89, 0x30, 0x0,
    0x0, 0x3f, 0xf2, 0x0, 0x0, 0x0, 0x0, 0x0,
    0xef, 0x60, 0x0, 0x0, 0x3f, 0xf2, 0x0, 0x0,
    0x0, 0x0, 0x0, 0xef, 0x60, 0x0, 0x0, 0x3f,
    0xf2, 0x0, 0x0, 0x0, 0x0, 0x0, 0xef, 0x60,
    0x0, 0x0, 0x3f, 0xf2, 0x0, 0x0, 0x0, 0x0,
    0x0, 0xef, 0x60, 0x0, 0x0, 0x3f, 0xf2, 0x0,
    0x0, 0x0, 0x0, 0x0, 0xef, 0x71, 0x11, 0x11,
    0x4f, 0xf3, 0x11, 0x11, 0x10, 0x0, 0x0, 0xef,
    0xff, 0xff, 0xff, 0xff, 0xff, 0xff, 0xff, 0xf6,
    0x0, 0x0, 0xef, 0xff, 0xff, 0xff, 0xff, 0xff,
    0xff, 0xff, 0xf6, 0x0, 0x0, 0xef, 0x83, 0x33,
    0x33, 0x33, 0x33, 0x33, 0x33, 0x31, 0x0, 0x0,
    0xff, 0x60, 0x0, 0x0, 0x0, 0x0, 0x0, 0x0,
    0x0, 0x0, 0x0, 0xff, 0x50, 0x0, 0x0, 0x0,
    0x0, 0x0, 0x0, 0x0, 0x0, 0x1, 0xff, 0x85,
    0x55, 0x55, 0x55, 0x55, 0x55, 0x0, 0x0, 0x0,
    0x2, 0xff, 0xff, 0xff, 0xff, 0xff, 0xff, 0xff,
    0x10, 0x0, 0x0, 0x4, 0xff, 0xff, 0xff, 0xff,
    0xff, 0xff, 0xff, 0x10, 0x0, 0x0, 0x6, 0xff,
    0x0, 0x0, 0x0, 0x0, 0x5, 0xff, 0x10, 0x0,
    0x0, 0xb, 0xfc, 0x0, 0x0, 0x0, 0x0, 0x5,
    0xff, 0x10, 0x0, 0x0, 0xf, 0xf8, 0x0, 0x0,
    0x0, 0x0, 0x5, 0xff, 0x10, 0x0, 0x0, 0x6f,
    0xf2, 0x0, 0x0, 0x0, 0x0, 0x5, 0xff, 0x10,
    0x0, 0x0, 0xef, 0xc0, 0x0, 0x0, 0x0, 0x0,
    0x5, 0xff, 0x10, 0x0, 0xa, 0xff, 0x40, 0x0,
    0x0, 0x0, 0x0, 0x5, 0xff, 0x10, 0x0, 0xd,
    0xfb, 0x0, 0x0, 0x0, 0x0, 0x0, 0x5, 0xff,
    0x10, 0x0, 0x1, 0xb1, 0x0, 0x0, 0x0, 0x0,
    0x0, 0x5, 0xff, 0x10, 0x0, 0x0, 0x0, 0x0,
    0x0, 0x0, 0x0, 0x0, 0x0, 0x0, 0x0, 0x0,

    /* U+7528 "用" */
    0x0, 0x1, 0x44, 0x44, 0x44, 0x44, 0x44, 0x44,
    0x44, 0x44, 0x41, 0x0, 0x4, 0xff, 0xff, 0xff,
    0xff, 0xff, 0xff, 0xff, 0xff, 0xf5, 0x0, 0x4,
    0xff, 0xdd, 0xdd, 0xdf, 0xfe, 0xdd, 0xdd, 0xdf,
    0xf5, 0x0, 0x4, 0xff, 0x0, 0x0, 0xe, 0xf5,
    0x0, 0x0, 0xe, 0xf5, 0x0, 0x4, 0xff, 0x0,
    0x0, 0xe, 0xf5, 0x0, 0x0, 0xe, 0xf5, 0x0,
    0x4, 0xff, 0x0, 0x0, 0xe, 0xf5, 0x0, 0x0,
    0xe, 0xf5, 0x0, 0x4, 0xff, 0xff, 0xff, 0xff,
    0xff, 0xff, 0xff, 0xff, 0xf5, 0x0, 0x4, 0xff,
    0xff, 0xff, 0xff, 0xff, 0xff, 0xff, 0xff, 0xf5,
    0x0, 0x4, 0xff, 0x11, 0x11, 0x1e, 0xf6, 0x11,
    0x11, 0x1e, 0xf5, 0x0, 0x4, 0xff, 0x0, 0x0,
    0xe, 0xf5, 0x0, 0x0, 0xe, 0xf5, 0x0, 0x4,
    0xfe, 0x0, 0x0, 0xe, 0xf5, 0x0, 0x0, 0xe,
    0xf5, 0x0, 0x5, 0xfe, 0x22, 0x22, 0x2e, 0xf6,
    0x22, 0x22, 0x2e, 0xf5, 0x0, 0x6, 0xff, 0xff,
    0xff, 0xff, 0xff, 0xff, 0xff, 0xff, 0xf5, 0x0,
    0x8, 0xff, 0xff, 0xff, 0xff, 0xff, 0xff, 0xff,
    0xff, 0xf5, 0x0, 0xa, 0xf8, 0x0, 0x0, 0xe,
    0xf5, 0x0, 0x0, 0xe, 0xf5, 0x0, 0xe, 0xf5,
    0x0, 0x0, 0xe, 0xf5, 0x0, 0x0, 0xe, 0xf5,
    0x0, 0x3f, 0xf1, 0x0, 0x0, 0xe, 0xf5, 0x0,
    0x0, 0xe, 0xf5, 0x0, 0x9f, 0xc0, 0x0, 0x0,
    0xe, 0xf5, 0x0, 0x0, 0xe, 0xf5, 0x2, 0xff,
    0x60, 0x0, 0x0, 0xe, 0xf5, 0x1, 0x11, 0x1f,
    0xf4, 0xc, 0xfe, 0x0, 0x0, 0x0, 0xe, 0xf5,
    0xd, 0xff, 0xff, 0xf2, 0x4, 0xe4, 0x0, 0x0,
    0x0, 0xd, 0xe4, 0x7, 0xff, 0xfd, 0x60, 0x0,
    0x10, 0x0, 0x0, 0x0, 0x0, 0x0, 0x0, 0x0,
    0x0, 0x0,

    /* U+7535 "电" */
    0x0, 0x0, 0x0, 0x0, 0x14, 0x40, 0x0, 0x0,
    0x0, 0x0, 0x0, 0x0, 0x0, 0x0, 0x0, 0x6f,
    0xf0, 0x0, 0x0, 0x0, 0x0, 0x0, 0x0, 0x0,
    0x0, 0x0, 0x6f, 0xf0, 0x0, 0x0, 0x0, 0x0,
    0x0, 0x0, 0x0, 0x0, 0x0, 0x6f, 0xf0, 0x0,
    0x0, 0x0, 0x0, 0x0, 0xe, 0xee, 0xee, 0xee,
    0xef, 0xfe, 0xee, 0xee, 0xee, 0xd0, 0x0, 0xf,
    0xff, 0xff, 0xff, 0xff, 0xff, 0xff, 0xff, 0xff,
    0xe0, 0x0, 0xf, 0xf7, 0x44, 0x44, 0x8f, 0xf4,
    0x44, 0x44, 0x8f, 0xe0, 0x0, 0xf, 0xf4, 0x0,
    0x0, 0x6f, 0xf0, 0x0, 0x0, 0x6f, 0xe0, 0x0,
    0xf, 0xf4, 0x0, 0x0, 0x6f, 0xf0, 0x0, 0x0,
    0x6f, 0xe0, 0x0, 0xf, 0xfd, 0xcc, 0xcc, 0xdf,
    0xfc, 0xcc, 0xcc, 0xdf, 0xe0, 0x0, 0xf, 0xff,
    0xff, 0xff, 0xff, 0xff, 0xff, 0xff, 0xff, 0xe0,
    0x0, 0xf, 0xf7, 0x44, 0x44, 0x8f, 0xf4, 0x44,
    0x44, 0x8f, 0xe0, 0x0, 0xf, 0xf4, 0x0, 0x0,
    0x6f, 0xf0, 0x0, 0x0, 0x6f, 0xe0, 0x0, 0xf,
    0xf4, 0x0, 0x0, 0x6f, 0xf0, 0x0, 0x0, 0x6f,
    0xe0, 0x0, 0xf, 0xfd, 0xdd, 0xdd, 0xef, 0xfd,
    0xdd, 0xdd, 0xef, 0xe0, 0x0, 0xf, 0xff, 0xff,
    0xff, 0xff, 0xff, 0xff, 0xff, 0xff, 0xe0, 0x0,
    0xf, 0xf8, 0x55, 0x55, 0x9f, 0xf5, 0x55, 0x55,
    0x55, 0x55, 0x0, 0xc, 0xc3, 0x0, 0x0, 0x6f,
    0xf0, 0x0, 0x0, 0x0, 0x1f, 0xe2, 0x0, 0x0,
    0x0, 0x0, 0x5f, 0xf0, 0x0, 0x0, 0x0, 0x2f,
    0xf1, 0x0, 0x0, 0x0, 0x0, 0x5f, 0xf0, 0x0,
    0x0, 0x0, 0x5f, 0xe0, 0x0, 0x0, 0x0, 0x0,
    0x3f, 0xf8, 0x33, 0x33, 0x34, 0xdf, 0xb0, 0x0,
    0x0, 0x0, 0x0, 0xe, 0xff, 0xff, 0xff, 0xff,
    0xff, 0x40, 0x0, 0x0, 0x0, 0x0, 0x3, 0xbe,
    0xff, 0xff, 0xff, 0xd6, 0x0,

    /* U+7684 "的" */
    0x0, 0x6, 0xda, 0x0, 0x0, 0x0, 0xba, 0x30,
    0x0, 0x0, 0x0, 0x0, 0x9f, 0xd0, 0x0, 0x0,
    0x1f, 0xf2, 0x0, 0x0, 0x0, 0x0, 0xd, 0xf7,
    0x0, 0x0, 0x6, 0xfe, 0x0, 0x0, 0x0, 0x1,
    0x12, 0xff, 0x21, 0x11, 0x0, 0xbf, 0xa3, 0x33,
    0x33, 0x31, 0xff, 0xff, 0xff, 0xff, 0xd0, 0x1f,
    0xff, 0xff, 0xff, 0xff, 0x4f, 0xfd, 0xdd, 0xde,
    0xfd, 0x9, 0xff, 0xdd, 0xdd, 0xdf, 0xf4, 0xff,
    0x10, 0x0, 0x3f, 0xd1, 0xff, 0x50, 0x0, 0x0,
    0xdf, 0x3f, 0xf1, 0x0, 0x3, 0xfd, 0xaf, 0xd0,
    0x0, 0x0, 0xd, 0xf3, 0xff, 0x10, 0x0, 0x3f,
    0xed, 0xf3, 0x0, 0x0, 0x0, 0xef, 0x2f, 0xf1,
    0x0, 0x3, 0xfd, 0x5, 0x3b, 0x40, 0x0, 0xf,
    0xf2, 0xff, 0xee, 0xee, 0xef, 0xd0, 0x6, 0xfe,
    0x10, 0x0, 0xff, 0x1f, 0xff, 0xff, 0xff, 0xfd,
    0x0, 0xb, 0xfb, 0x0, 0xf, 0xf0, 0xff, 0x20,
    0x0, 0x4f, 0xd0, 0x0, 0x1f, 0xf6, 0x1, 0xff,
    0xf, 0xf1, 0x0, 0x3, 0xfd, 0x0, 0x0, 0x6f,
    0xf1, 0x2f, 0xf0, 0xff, 0x10, 0x0, 0x3f, 0xd0,
    0x0, 0x0, 0xdd, 0x33, 0xfe, 0xf, 0xf1, 0x0,
    0x3, 0xfd, 0x0, 0x0, 0x2, 0x0, 0x4f, 0xd0,
    0xff, 0x10, 0x0, 0x3f, 0xd0, 0x0, 0x0, 0x0,
    0x6, 0xfb, 0xf, 0xfc, 0xcc, 0xcd, 0xfd, 0x0,
    0x0, 0x0, 0x0, 0x8f, 0x90, 0xff, 0xff, 0xff,
    0xff, 0xd0, 0x0, 0x0, 0x0, 0xb, 0xf7, 0xf,
    0xf4, 0x33, 0x33, 0x32, 0x0, 0x4, 0x51, 0x4,
    0xff, 0x40, 0xff, 0x10, 0x0, 0x0, 0x0, 0x0,
    0x2f, 0xff, 0xff, 0xd0, 0x7, 0x70, 0x0, 0x0,
    0x0, 0x0, 0x0, 0xef, 0xff, 0xb2, 0x0, 0x0,
    0x0, 0x0, 0x0, 0x0, 0x0, 0x0, 0x0, 0x0,
    0x0, 0x0,

    /* U+786E "确" */
    0x0, 0x0, 0x0, 0x0, 0x0, 0x0, 0x0, 0x0,
    0x0, 0x0, 0x0, 0x0, 0x0, 0x0, 0x0, 0x0,
    0x0, 0xad, 0x50, 0x0, 0x0, 0x0, 0xb, 0xdd,
    0xdd, 0xdd, 0xd3, 0x1, 0xff, 0x40, 0x0, 0x10,
    0x0, 0xd, 0xff, 0xff, 0xff, 0xf4, 0x8, 0xff,
    0xff, 0xff, 0xfa, 0x0, 0x2, 0x25, 0xfe, 0x22,
    0x20, 0x2f, 0xfc, 0xcc, 0xcf, 0xfb, 0x0, 0x0,
    0x6, 0xfa, 0x0, 0x0, 0xcf, 0x80, 0x0, 0x5f,
    0xe1, 0x0, 0x0, 0xa, 0xf6, 0x0, 0x8, 0xfd,
    0x10, 0x2, 0xef, 0x50, 0x0, 0x0, 0xe, 0xf2,
    0x0, 0x7f, 0xff, 0xff, 0xff, 0xff, 0xff, 0xff,
    0x0, 0x4f, 0xd0, 0x0, 0x7f, 0xff, 0xed, 0xdf,
    0xfd, 0xdd, 0xff, 0x0, 0x9f, 0xda, 0xaa, 0x65,
    0xdf, 0x30, 0xe, 0xf0, 0x1, 0xff, 0x1, 0xff,
    0xff, 0xff, 0xa0, 0xdf, 0x30, 0xe, 0xf0, 0x1,
    0xff, 0x8, 0xff, 0xb5, 0x7f, 0xa0, 0xdf, 0xff,
    0xff, 0xff, 0xff, 0xff, 0x2f, 0xff, 0x80, 0x4f,
    0xa0, 0xdf, 0xdd, 0xdf, 0xfd, 0xdd, 0xff, 0x1f,
    0xff, 0x80, 0x4f, 0xa0, 0xef, 0x30, 0xe, 0xf0,
    0x1, 0xff, 0xa, 0x7f, 0x80, 0x4f, 0xa0, 0xef,
    0x20, 0xe, 0xf0, 0x1, 0xff, 0x0, 0x5f, 0x80,
    0x4f, 0xa0, 0xff, 0xcc, 0xcf, 0xfc, 0xcc, 0xff,
    0x0, 0x5f, 0x80, 0x4f, 0xa1, 0xff, 0xff, 0xff,
    0xff, 0xff, 0xff, 0x0, 0x5f, 0x80, 0x4f, 0xa3,
    0xfd, 0x22, 0x2e, 0xf2, 0x23, 0xff, 0x0, 0x5f,
    0xff, 0xff, 0xa7, 0xfa, 0x0, 0xe, 0xf0, 0x1,
    0xff, 0x0, 0x5f, 0xff, 0xff, 0x9c, 0xf6, 0x0,
    0xe, 0xf0, 0x1, 0xff, 0x0, 0x5f, 0x80, 0x0,
    0x4f, 0xf1, 0x0, 0xe, 0xf0, 0x1, 0xff, 0x0,
    0x4c, 0x60, 0x0, 0xdf, 0xa0, 0x0, 0xe, 0xf3,
    0xde, 0xfe, 0x0, 0x0, 0x0, 0x0, 0x4e, 0x20,
    0x0, 0x0, 0x0, 0xff, 0xe6, 0x0, 0x0, 0x0,
    0x0, 0x1, 0x0, 0x0, 0x0, 0x0, 0x0, 0x0,

    /* U+79FB "移" */
    0x0, 0x0, 0x0, 0x0, 0x0, 0x0, 0x0, 0x0,
    0x0, 0x0, 0x0, 0x0, 0x0, 0x0, 0x4, 0xa6,
    0x0, 0x0, 0x5, 0xfd, 0x10, 0x0, 0x0, 0x1,
    0x47, 0xbf, 0xff, 0xf2, 0x0, 0x3, 0xff, 0x70,
    0x0, 0x0, 0x0, 0x6f, 0xff, 0xfe, 0x83, 0x0,
    0x4, 0xff, 0xfe, 0xee, 0xed, 0x50, 0x1, 0x96,
    0x9f, 0xa0, 0x0, 0x7, 0xff, 0xff, 0xff, 0xff,
    0xf5, 0x0, 0x0, 0x6, 0xfa, 0x0, 0x4c, 0xff,
    0x80, 0x0, 0xc, 0xfc, 0x0, 0x0, 0x0, 0x6f,
    0xa0, 0x8, 0xfe, 0x6a, 0x60, 0xa, 0xff, 0x20,
    0x0, 0x12, 0x27, 0xfb, 0x22, 0x7, 0x16, 0xff,
    0xab, 0xff, 0x40, 0x0, 0xe, 0xff, 0xff, 0xff,
    0xf7, 0x0, 0x4, 0xff, 0xfe, 0x40, 0x0, 0x0,
    0xdf, 0xff, 0xff, 0xff, 0x70, 0x6, 0xdf, 0xfe,
    0x20, 0x0, 0x0, 0x0, 0x2, 0xff, 0xc0, 0x5,
    0xbf, 0xff, 0xc6, 0xef, 0x60, 0x0, 0x0, 0x0,
    0x8f, 0xff, 0x90, 0x4f, 0xfa, 0x40, 0xcf, 0xe2,
    0x22, 0x20, 0x0, 0xd, 0xff, 0xff, 0x70, 0x30,
    0x0, 0xbf, 0xff, 0xff, 0xff, 0xa0, 0x5, 0xfe,
    0xfb, 0xdf, 0x40, 0x1, 0xcf, 0xfc, 0xcc, 0xcf,
    0xf8, 0x0, 0xcf, 0x8f, 0xa4, 0xf2, 0x5, 0xef,
    0xd2, 0x0, 0x6, 0xff, 0x10, 0x5f, 0xa6, 0xfa,
    0x3, 0x3c, 0xff, 0xb3, 0x20, 0x1, 0xef, 0x80,
    0xe, 0xf3, 0x6f, 0xa0, 0x1, 0xde, 0x65, 0xff,
    0x61, 0xdf, 0xc0, 0x0, 0xeb, 0x6, 0xfa, 0x0,
    0x1, 0x0, 0x8, 0xff, 0xef, 0xe2, 0x0, 0x6,
    0x20, 0x6f, 0xa0, 0x0, 0x0, 0x0, 0x9, 0xff,
    0xd2, 0x0, 0x0, 0x0, 0x6, 0xfa, 0x0, 0x0,
    0x0, 0x4b, 0xff, 0xb1, 0x0, 0x0, 0x0, 0x0,
    0x6f, 0xa0, 0x0, 0x27, 0xdf, 0xfe, 0x60, 0x0,
    0x0, 0x0, 0x0, 0x6, 0xfa, 0x1, 0xdf, 0xff,
    0xd7, 0x0, 0x0, 0x0, 0x0, 0x0, 0x0, 0x6f,
    0xa0, 0x7, 0xe9, 0x40, 0x0, 0x0, 0x0, 0x0,
    0x0, 0x0, 0x0, 0x0, 0x0, 0x0, 0x0, 0x0,
    0x0, 0x0, 0x0, 0x0,

    /* U+7A0B "程" */
    0x0, 0x0, 0x1, 0x84, 0x0, 0x22, 0x22, 0x22,
    0x22, 0x22, 0x10, 0x0, 0x4, 0x8c, 0xff, 0xe1,
    0x5f, 0xff, 0xff, 0xff, 0xff, 0xfc, 0x0, 0x1f,
    0xff, 0xff, 0xb6, 0x15, 0xfe, 0xcc, 0xcc, 0xcc,
    0xdf, 0xc0, 0x0, 0xaa, 0x9f, 0xd0, 0x0, 0x5f,
    0xb0, 0x0, 0x0, 0x6, 0xfc, 0x0, 0x0, 0x3,
    0xfd, 0x0, 0x5, 0xfb, 0x0, 0x0, 0x0, 0x6f,
    0xc0, 0x0, 0x0, 0x3f, 0xd0, 0x0, 0x5f, 0xb0,
    0x0, 0x0, 0x6, 0xfc, 0x0, 0x2, 0x24, 0xfe,
    0x22, 0x15, 0xff, 0xcc, 0xcc, 0xcc, 0xdf, 0xc0,
    0x6, 0xff, 0xff, 0xff, 0xfa, 0x5f, 0xff, 0xff,
    0xff, 0xff, 0xfc, 0x0, 0x5f, 0xff, 0xff, 0xff,
    0x90, 0x22, 0x22, 0x22, 0x22, 0x22, 0x10, 0x0,
    0x0, 0xcf, 0xe1, 0x0, 0x1, 0x11, 0x11, 0x11,
    0x11, 0x11, 0x0, 0x0, 0x2f, 0xff, 0xb0, 0xb,
    0xff, 0xff, 0xff, 0xff, 0xff, 0xf8, 0x0, 0x9,
    0xff, 0xff, 0x80, 0xae, 0xee, 0xef, 0xff, 0xee,
    0xee, 0x70, 0x2, 0xff, 0xfe, 0xdf, 0x50, 0x0,
    0x0, 0xbf, 0x80, 0x0, 0x0, 0x0, 0xaf, 0xaf,
    0xd4, 0xf7, 0x0, 0x0, 0xb, 0xf8, 0x0, 0x0,
    0x0, 0x3f, 0xe3, 0xfd, 0x6, 0x1, 0xdd, 0xdd,
    0xff, 0xed, 0xdd, 0xd0, 0xd, 0xf8, 0x3f, 0xd0,
    0x0, 0x2f, 0xff, 0xff, 0xff, 0xff, 0xff, 0x0,
    0x6e, 0x3, 0xfd, 0x0, 0x0, 0x22, 0x22, 0xcf,
    0x92, 0x22, 0x20, 0x0, 0x40, 0x3f, 0xd0, 0x0,
    0x0, 0x0, 0xb, 0xf8, 0x0, 0x0, 0x0, 0x0,
    0x3, 0xfd, 0x0, 0x0, 0x0, 0x0, 0xbf, 0x80,
    0x0, 0x0, 0x0, 0x0, 0x3f, 0xd0, 0xb, 0xff,
    0xff, 0xff, 0xff, 0xff, 0xff, 0xf1, 0x0, 0x3,
    0xfd, 0x0, 0xcf, 0xff, 0xff, 0xff, 0xff, 0xff,
    0xff, 0x10, 0x0, 0x3f, 0xd0, 0x1, 0x22, 0x22,
    0x22, 0x22, 0x22, 0x22, 0x20,

    /* U+7CCA "糊" */
    0x0, 0x0, 0xec, 0x0, 0x0, 0xa, 0xf4, 0x0,
    0x2, 0x22, 0x22, 0x10, 0x1, 0xf, 0xe0, 0x32,
    0x0, 0xaf, 0x40, 0x6, 0xff, 0xff, 0xfb, 0xb,
    0xc0, 0xfe, 0xb, 0xf2, 0xa, 0xf4, 0x0, 0x6f,
    0xdb, 0xbf, 0xb0, 0x6f, 0x1f, 0xe0, 0xec, 0x0,
    0xaf, 0x40, 0x6, 0xf5, 0x1, 0xfb, 0x3, 0xf5,
    0xfe, 0x3f, 0xbb, 0xbe, 0xfc, 0xba, 0x6f, 0x50,
    0x1f, 0xb0, 0xf, 0x9f, 0xe8, 0xf8, 0xff, 0xff,
    0xff, 0xe6, 0xf5, 0x1, 0xfb, 0x0, 0xc9, 0xfe,
    0xb9, 0x13, 0x3b, 0xf7, 0x33, 0x6f, 0xee, 0xef,
    0xb0, 0x0, 0xf, 0xe0, 0x10, 0x0, 0xaf, 0x40,
    0x6, 0xff, 0xff, 0xfb, 0xa, 0xff, 0xff, 0xff,
    0x20, 0xa, 0xf4, 0x0, 0x6f, 0x84, 0x5f, 0xb0,
    0x9e, 0xef, 0xfe, 0xe2, 0x0, 0xaf, 0x40, 0x6,
    0xf5, 0x1, 0xfb, 0x0, 0x5, 0xff, 0x10, 0x5,
    0x6c, 0xf9, 0x62, 0x6f, 0x50, 0x1f, 0xb0, 0x0,
    0xaf, 0xfc, 0x0, 0xef, 0xff, 0xff, 0x76, 0xf5,
    0x1, 0xfb, 0x0, 0x1f, 0xff, 0xf9, 0xe, 0xf6,
    0x6a, 0xf7, 0x7f, 0xed, 0xdf, 0xb0, 0x7, 0xff,
    0xec, 0xf4, 0xef, 0x0, 0x6f, 0x77, 0xff, 0xff,
    0xfb, 0x0, 0xed, 0xfe, 0x4f, 0x9e, 0xf0, 0x6,
    0xf7, 0x8f, 0x30, 0x1f, 0xb0, 0x6f, 0x7f, 0xe0,
    0x80, 0xef, 0x0, 0x6f, 0x79, 0xf2, 0x1, 0xfb,
    0x1e, 0xf1, 0xfe, 0x0, 0xe, 0xf0, 0x6, 0xf7,
    0xbf, 0x0, 0x1f, 0xb0, 0xd9, 0xf, 0xe0, 0x0,
    0xef, 0xff, 0xff, 0x7e, 0xd0, 0x1, 0xfb, 0x6,
    0x20, 0xfe, 0x0, 0xe, 0xff, 0xff, 0xf9, 0xf9,
    0x0, 0x1f, 0xb0, 0x0, 0xf, 0xe0, 0x0, 0xef,
    0x0, 0x0, 0x8f, 0x50, 0x1, 0xfb, 0x0, 0x0,
    0xfe, 0x0, 0x8, 0x80, 0x0, 0x1f, 0xf0, 0x5e,
    0xef, 0x90, 0x0, 0xf, 0xe0, 0x0, 0x0, 0x0,
    0x1, 0xc8, 0x1, 0xff, 0xc1, 0x0, 0x0, 0x0,
    0x0, 0x0, 0x0, 0x0, 0x0, 0x0, 0x0, 0x0,
    0x0,

    /* U+7CFB "系" */
    0x0, 0x0, 0x0, 0x0, 0x0, 0x0, 0x1, 0x46,
    0x9c, 0x60, 0x0, 0x0, 0x23, 0x45, 0x67, 0x9a,
    0xcd, 0xff, 0xff, 0xff, 0xf3, 0x0, 0x4, 0xff,
    0xff, 0xff, 0xff, 0xff, 0xff, 0xdb, 0x85, 0x20,
    0x0, 0x0, 0xcc, 0xba, 0x99, 0xff, 0xd4, 0x10,
    0x0, 0x0, 0x0, 0x0, 0x0, 0x0, 0x0, 0x1c,
    0xfd, 0x10, 0x0, 0x9, 0x10, 0x0, 0x0, 0x0,
    0x0, 0x2, 0xdf, 0xc1, 0x0, 0x1, 0xdf, 0xd0,
    0x0, 0x0, 0x0, 0x0, 0x4e, 0xfa, 0x0, 0x0,
    0x4e, 0xff, 0x50, 0x0, 0x0, 0x0, 0xa, 0xff,
    0xfa, 0xbc, 0xde, 0xff, 0xc2, 0x0, 0x0, 0x0,
    0x0, 0xd, 0xff, 0xff, 0xff, 0xff, 0xf7, 0x0,
    0x0, 0x0, 0x0, 0x0, 0x5, 0x54, 0x23, 0xaf,
    0xfb, 0x20, 0x1b, 0xe2, 0x0, 0x0, 0x0, 0x0,
    0x0, 0x7f, 0xfd, 0x40, 0x0, 0x9, 0xfe, 0x20,
    0x0, 0x0, 0x1, 0x7e, 0xfe, 0x72, 0x23, 0x45,
    0x78, 0xef, 0xd1, 0x0, 0x2, 0xaf, 0xff, 0xff,
    0xff, 0xff, 0xff, 0xff, 0xff, 0xfc, 0x0, 0x1,
    0xff, 0xff, 0xfe, 0xdc, 0xff, 0xa7, 0x54, 0x32,
    0xdf, 0xa0, 0x0, 0x65, 0x31, 0x0, 0x0, 0xff,
    0x50, 0x0, 0x0, 0x2f, 0x90, 0x0, 0x0, 0x1d,
    0xa3, 0x0, 0xff, 0x50, 0x3d, 0xa0, 0x1, 0x0,
    0x0, 0x0, 0xcf, 0xf3, 0x0, 0xff, 0x50, 0x6f,
    0xfd, 0x20, 0x0, 0x0, 0x1c, 0xff, 0x40, 0x0,
    0xff, 0x50, 0x3, 0xef, 0xe4, 0x0, 0x4, 0xef,
    0xf4, 0x0, 0x0, 0xff, 0x50, 0x0, 0x2d, 0xff,
    0x50, 0x2f, 0xfe, 0x30, 0x11, 0x11, 0xff, 0x50,
    0x0, 0x1, 0xcf, 0xf2, 0x2, 0xa2, 0x0, 0x4f,
    0xff, 0xff, 0x30, 0x0, 0x0, 0x1b, 0x30, 0x0,
    0x0, 0x0, 0xe, 0xff, 0xd7, 0x0, 0x0, 0x0,
    0x0, 0x0, 0x0, 0x0, 0x0, 0x0, 0x0, 0x0,
    0x0, 0x0, 0x0, 0x0, 0x0,

    /* U+7EDC "络" */
    0x0, 0x0, 0x0, 0x0, 0x0, 0x0, 0x4, 0x30,
    0x0, 0x0, 0x0, 0x0, 0x0, 0x0, 0xd9, 0x20,
    0x0, 0x0, 0xef, 0x40, 0x0, 0x0, 0x0, 0x0,
    0x0, 0x4f, 0xf3, 0x0, 0x0, 0x6f, 0xd0, 0x0,
    0x0, 0x0, 0x0, 0x0, 0xb, 0xfb, 0x0, 0x0,
    0x1e, 0xff, 0xff, 0xff, 0xff, 0x80, 0x0, 0x2,
    0xff, 0x30, 0x0, 0xa, 0xff, 0xff, 0xff, 0xff,
    0xfa, 0x0, 0x0, 0xaf, 0xb0, 0x0, 0x6, 0xff,
    0xa1, 0x11, 0x14, 0xff, 0x20, 0x0, 0x3f, 0xf2,
    0xa, 0x95, 0xff, 0xff, 0x30, 0x0, 0xdf, 0x80,
    0x0, 0xd, 0xf7, 0x3, 0xff, 0xff, 0xb6, 0xfe,
    0x20, 0xcf, 0xc0, 0x0, 0xa, 0xff, 0x89, 0xdf,
    0xb3, 0xc0, 0xa, 0xfd, 0xcf, 0xe1, 0x0, 0x0,
    0xff, 0xff, 0xff, 0xf2, 0x0, 0x0, 0xd, 0xff,
    0xf2, 0x0, 0x0, 0x9, 0xb8, 0x8f, 0xf6, 0x0,
    0x0, 0x2b, 0xff, 0xff, 0xb3, 0x0, 0x0, 0x0,
    0xc, 0xfb, 0x0, 0x5, 0xbf, 0xff, 0x87, 0xff,
    0xfb, 0x61, 0x0, 0x9, 0xfd, 0x0, 0x1e, 0xff,
    0xfb, 0x20, 0x1, 0xaf, 0xff, 0xc0, 0x7, 0xff,
    0xaa, 0xee, 0x9f, 0xb4, 0x0, 0x0, 0x0, 0x39,
    0xe6, 0x8, 0xff, 0xff, 0xff, 0xc1, 0x1f, 0xff,
    0xff, 0xff, 0xff, 0xf4, 0x0, 0xbf, 0xfe, 0xa5,
    0x10, 0x0, 0xff, 0xee, 0xee, 0xee, 0xff, 0x40,
    0x5, 0x72, 0x0, 0x0, 0x0, 0xf, 0xf0, 0x0,
    0x0, 0xe, 0xf4, 0x0, 0x0, 0x0, 0x0, 0x38,
    0x10, 0xff, 0x0, 0x0, 0x0, 0xef, 0x40, 0x0,
    0x0, 0x49, 0xef, 0xf4, 0xf, 0xf0, 0x0, 0x0,
    0xe, 0xf4, 0x0, 0x5a, 0xff, 0xff, 0xe9, 0x20,
    0xff, 0x44, 0x44, 0x44, 0xff, 0x40, 0xd, 0xff,
    0xfa, 0x40, 0x0, 0xf, 0xff, 0xff, 0xff, 0xff,
    0xf4, 0x0, 0x8a, 0x50, 0x0, 0x0, 0x0, 0xff,
    0xbb, 0xbb, 0xbb, 0xff, 0x40, 0x0, 0x0, 0x0,
    0x0, 0x0, 0xf, 0xf0, 0x0, 0x0, 0xe, 0xf4,
    0x0, 0x0, 0x0, 0x0, 0x0, 0x0, 0x0, 0x0,
    0x0, 0x0, 0x0, 0x0,

    /* U+7F51 "网" */
    0xef, 0xff, 0xff, 0xff, 0xff, 0xff, 0xff, 0xff,
    0xff, 0xfe, 0xef, 0xff, 0xff, 0xff, 0xff, 0xff,
    0xff, 0xff, 0xff, 0xfe, 0xef, 0x62, 0x22, 0x22,
    0x22, 0x22, 0x22, 0x22, 0x26, 0xfe, 0xef, 0x50,
    0x0, 0x4, 0x51, 0x0, 0x0, 0x53, 0x5, 0xfe,
    0xef, 0x50, 0x0, 0xb, 0xf4, 0x0, 0x1, 0xff,
    0x5, 0xfe, 0xef, 0x56, 0x30, 0xe, 0xf1, 0x72,
    0x3, 0xfc, 0x5, 0xfe, 0xef, 0x7f, 0xe1, 0x1f,
    0xe5, 0xfd, 0x6, 0xf9, 0x5, 0xfe, 0xef, 0x58,
    0xfc, 0x5f, 0xb0, 0xbf, 0xa9, 0xf6, 0x5, 0xfe,
    0xef, 0x50, 0xbf, 0xff, 0x70, 0x1e, 0xff, 0xf2,
    0x5, 0xfe, 0xef, 0x50, 0x1e, 0xff, 0x30, 0x3,
    0xff, 0xe0, 0x5, 0xfe, 0xef, 0x50, 0x4, 0xff,
    0x30, 0x0, 0x9f, 0xd0, 0x5, 0xfe, 0xef, 0x50,
    0x7, 0xff, 0xd0, 0x0, 0xcf, 0xf7, 0x5, 0xfe,
    0xef, 0x50, 0xd, 0xfe, 0xf8, 0x2, 0xff, 0xff,
    0x15, 0xfe, 0xef, 0x50, 0x5f, 0xc3, 0xff, 0x1a,
    0xf8, 0xaf, 0x95, 0xfe, 0xef, 0x50, 0xdf, 0x50,
    0x99, 0x3f, 0xf1, 0x2f, 0xe5, 0xfe, 0xef, 0x59,
    0xfd, 0x0, 0x0, 0xdf, 0x80, 0x8, 0x25, 0xfe,
    0xef, 0xbf, 0xf3, 0x0, 0xb, 0xfe, 0x0, 0x0,
    0x5, 0xfe, 0xef, 0x7d, 0x70, 0x0, 0xa, 0xf3,
    0x0, 0x0, 0x5, 0xfe, 0xef, 0x50, 0x0, 0x0,
    0x0, 0x20, 0x1, 0x21, 0x17, 0xfe, 0xef, 0x50,
    0x0, 0x0, 0x0, 0x0, 0x4, 0xff, 0xff, 0xfb,
    0xef, 0x50, 0x0, 0x0, 0x0, 0x0, 0x0, 0xef,
    0xff, 0xb2, 0x11, 0x0, 0x0, 0x0, 0x0, 0x0,
    0x0, 0x1, 0x0, 0x0,

    /* U+8054 "联" */
    0x0, 0x11, 0x11, 0x11, 0x11, 0x0, 0x45, 0x0,
    0x0, 0x17, 0x30, 0x0, 0xe, 0xff, 0xff, 0xff,
    0xff, 0x24, 0xff, 0x20, 0x0, 0x7f, 0xe1, 0x0,
    0xe, 0xff, 0xff, 0xff, 0xff, 0x10, 0xaf, 0xd0,
    0x0, 0xef, 0x70, 0x0, 0x0, 0xbf, 0x40, 0xb,
    0xf3, 0x0, 0x1e, 0xf6, 0x7, 0xfd, 0x0, 0x0,
    0x0, 0xbf, 0x40, 0xb, 0xf3, 0x1, 0x18, 0x92,
    0x2f, 0xf5, 0x11, 0x0, 0x0, 0xbf, 0x40, 0xb,
    0xf3, 0x2f, 0xff, 0xff, 0xff, 0xff, 0xff, 0x0,
    0x0, 0xbf, 0xff, 0xff, 0xf3, 0x2f, 0xff, 0xff,
    0xff, 0xff, 0xfe, 0x0, 0x0, 0xbf, 0xdc, 0xcf,
    0xf3, 0x0, 0x0, 0xf, 0xf4, 0x0, 0x0, 0x0,
    0x0, 0xbf, 0x40, 0xb, 0xf3, 0x0, 0x0, 0xf,
    0xf4, 0x0, 0x0, 0x0, 0x0, 0xbf, 0x40, 0xb,
    0xf3, 0x0, 0x0, 0xf, 0xf4, 0x0, 0x0, 0x0,
    0x0, 0xbf, 0x41, 0x1b, 0xf3, 0x0, 0x0, 0xf,
    0xf4, 0x0, 0x0, 0x0, 0x0, 0xbf, 0xff, 0xff,
    0xf3, 0xbf, 0xff, 0xff, 0xff, 0xff, 0xff, 0xc0,
    0x0, 0xbf, 0xdc, 0xcf, 0xf3, 0xaf, 0xff, 0xff,
    0xff, 0xff, 0xff, 0xc0, 0x0, 0xbf, 0x40, 0xb,
    0xf3, 0x0, 0x0, 0x5f, 0xf5, 0x0, 0x0, 0x0,
    0x0, 0xbf, 0x40, 0xb, 0xf3, 0x0, 0x0, 0x9f,
    0xfb, 0x0, 0x0, 0x0, 0x0, 0xbf, 0x40, 0x2c,
    0xfb, 0xc0, 0x0, 0xef, 0xff, 0x30, 0x0, 0x0,
    0x6, 0xdf, 0xef, 0xff, 0xff, 0xf0, 0x7, 0xff,
    0x9f, 0xd0, 0x0, 0x0, 0xf, 0xff, 0xff, 0xde,
    0xf7, 0x20, 0x2f, 0xf8, 0x1e, 0xf9, 0x0, 0x0,
    0x8, 0x85, 0x30, 0xb, 0xf3, 0x1, 0xdf, 0xd0,
    0x5, 0xff, 0x90, 0x0, 0x0, 0x0, 0x0, 0xb,
    0xf3, 0x2d, 0xff, 0x20, 0x0, 0x8f, 0xfc, 0x30,
    0x0, 0x0, 0x0, 0xb, 0xf8, 0xff, 0xf3, 0x0,
    0x0, 0x8, 0xff, 0xb0, 0x0, 0x0, 0x0, 0xb,
    0xf3, 0xac, 0x20, 0x0, 0x0, 0x0, 0x4b, 0x0,
    0x0, 0x0, 0x0, 0x0, 0x0, 0x0, 0x0, 0x0,
    0x0, 0x0, 0x0, 0x0,

    /* U+806A "聪" */
    0x0, 0x0, 0x0, 0x0, 0x0, 0x0, 0x0, 0x0,
    0x0, 0x0, 0x0, 0x0, 0x0, 0x0, 0x0, 0x0,
    0x0, 0x0, 0x8a, 0x0, 0x0, 0x2d, 0x70, 0x0,
    0xc, 0xff, 0xff, 0xff, 0xff, 0x10, 0xdf, 0x60,
    0x0, 0x8f, 0xc0, 0x0, 0xa, 0xff, 0xee, 0xef,
    0xfe, 0x10, 0x4f, 0xe0, 0x0, 0xef, 0x40, 0x0,
    0x0, 0xaf, 0x40, 0x2f, 0xc0, 0x0, 0xd, 0xf6,
    0x6, 0xfc, 0x0, 0x0, 0x0, 0xaf, 0x40, 0x2f,
    0xc0, 0x4, 0x4a, 0xb5, 0x4e, 0xf8, 0x44, 0x0,
    0x0, 0xaf, 0x40, 0x2f, 0xc0, 0xf, 0xff, 0xff,
    0xff, 0xff, 0xfe, 0x0, 0x0, 0xaf, 0xff, 0xff,
    0xc0, 0xf, 0xf9, 0x99, 0x99, 0x9a, 0xfe, 0x0,
    0x0, 0xaf, 0xcb, 0xcf, 0xc0, 0xf, 0xf0, 0x0,
    0x0, 0x3, 0xfe, 0x0, 0x0, 0xaf, 0x40, 0x2f,
    0xc0, 0xf, 0xf0, 0x0, 0x0, 0x3, 0xfe, 0x0,
    0x0, 0xaf, 0x40, 0x2f, 0xc0, 0xf, 0xf0, 0x0,
    0x0, 0x3, 0xfe, 0x0, 0x0, 0xaf, 0x40, 0x2f,
    0xc0, 0xf, 0xfa, 0xaa, 0xaa, 0xab, 0xfe, 0x0,
    0x0, 0xaf, 0xff, 0xff, 0xc0, 0xf, 0xff, 0xff,
    0xff, 0xff, 0xfe, 0x0, 0x0, 0xaf, 0xcb, 0xcf,
    0xc0, 0x4, 0x44, 0x46, 0x64, 0x44, 0x44, 0x0,
    0x0, 0xaf, 0x40, 0x2f, 0xc0, 0x0, 0x0, 0x2f,
    0xd0, 0x0, 0x0, 0x0, 0x0, 0xaf, 0x40, 0x2f,
    0xc0, 0x0, 0x8, 0x69, 0xf9, 0x0, 0x10, 0x0,
    0x0, 0xaf, 0x40, 0x2f, 0xea, 0x3c, 0x4f, 0xc0,
    0xdf, 0x44, 0xf7, 0x0, 0x0, 0xaf, 0xbc, 0xff,
    0xff, 0x7f, 0x5f, 0xc0, 0x4f, 0xa0, 0xee, 0x0,
    0xf, 0xff, 0xff, 0xff, 0xd3, 0xaf, 0x2f, 0xc0,
    0x5, 0x0, 0x7f, 0x60, 0xc, 0xea, 0x62, 0x2f,
    0xc0, 0xee, 0xf, 0xc0, 0x0, 0x4d, 0x5f, 0xd0,
    0x1, 0x0, 0x0, 0x2f, 0xc4, 0xf9, 0xf, 0xc0,
    0x0, 0x6f, 0x6b, 0xf2, 0x0, 0x0, 0x0, 0x2f,
    0xc4, 0xd3, 0xf, 0xfc, 0xcc, 0xef, 0x24, 0x40,
    0x0, 0x0, 0x0, 0x2f, 0xc0, 0x0, 0x7, 0xef,
    0xff, 0xf9, 0x0, 0x0,

    /* U+8BBE "设" */
    0x0, 0x1, 0x30, 0x0, 0x0, 0x1, 0x11, 0x11,
    0x11, 0x10, 0x0, 0x0, 0x1, 0xef, 0x60, 0x0,
    0x0, 0xcf, 0xff, 0xff, 0xff, 0x30, 0x0, 0x0,
    0x8, 0xff, 0x70, 0x0, 0xc, 0xff, 0xff, 0xff,
    0xf3, 0x0, 0x0, 0x0, 0x7, 0xff, 0x60, 0x0,
    0xdf, 0x40, 0x0, 0xef, 0x30, 0x0, 0x0, 0x0,
    0x8, 0xf4, 0x0, 0xf, 0xf2, 0x0, 0xe, 0xf3,
    0x0, 0x0, 0x0, 0x0, 0x2, 0x0, 0x3, 0xff,
    0x0, 0x0, 0xef, 0x30, 0x0, 0x0, 0x0, 0x0,
    0x0, 0x0, 0xcf, 0xa0, 0x0, 0xe, 0xf3, 0x0,
    0x0, 0xbb, 0xbb, 0xb2, 0x2, 0xcf, 0xf1, 0x0,
    0x0, 0xcf, 0xff, 0xf4, 0xf, 0xff, 0xff, 0x30,
    0xcf, 0xe3, 0x0, 0x0, 0x3, 0xce, 0xed, 0x40,
    0x55, 0x5f, 0xf3, 0x1, 0x81, 0x0, 0x0, 0x0,
    0x0, 0x0, 0x0, 0x0, 0x0, 0xef, 0x30, 0xf,
    0xff, 0xff, 0xff, 0xff, 0xff, 0xc1, 0x0, 0x0,
    0xe, 0xf3, 0x0, 0xff, 0xff, 0xff, 0xff, 0xff,
    0xff, 0x0, 0x0, 0x0, 0xef, 0x30, 0x3, 0xff,
    0x32, 0x22, 0x22, 0xdf, 0x90, 0x0, 0x0, 0xe,
    0xf3, 0x0, 0xa, 0xf9, 0x0, 0x0, 0x6f, 0xf1,
    0x0, 0x0, 0x0, 0xef, 0x30, 0x0, 0x1f, 0xf5,
    0x0, 0x2e, 0xf8, 0x0, 0x0, 0x0, 0xe, 0xf3,
    0x3a, 0x0, 0x6f, 0xf5, 0x2e, 0xfc, 0x0, 0x0,
    0x0, 0x0, 0xef, 0x9f, 0xf1, 0x0, 0x8f, 0xfe,
    0xfd, 0x10, 0x0, 0x0, 0x0, 0xf, 0xff, 0xf7,
    0x0, 0x1, 0xef, 0xff, 0x40, 0x0, 0x0, 0x0,
    0x5, 0xff, 0xe4, 0x0, 0x17, 0xef, 0xff, 0xff,
    0xa3, 0x0, 0x0, 0x0, 0xdf, 0xd2, 0x17, 0xcf,
    0xff, 0xd4, 0x3d, 0xff, 0xfe, 0x93, 0x0, 0x5,
    0xc1, 0x0, 0xcf, 0xfc, 0x50, 0x0, 0x5, 0xcf,
    0xff, 0x20, 0x0, 0x0, 0x0, 0x4, 0x61, 0x0,
    0x0, 0x0, 0x0, 0x27, 0x60,

    /* U+8BC6 "识" */
    0x0, 0x20, 0x0, 0x0, 0x0, 0x0, 0x0, 0x0,
    0x0, 0x0, 0x0, 0x6, 0xfa, 0x0, 0x0, 0x4,
    0x55, 0x55, 0x55, 0x55, 0x55, 0x10, 0x4, 0xff,
    0xb0, 0x0, 0xe, 0xff, 0xff, 0xff, 0xff, 0xff,
    0x40, 0x0, 0x3e, 0xfc, 0x0, 0xe, 0xfe, 0xdd,
    0xdd, 0xdd, 0xff, 0x40, 0x0, 0x3, 0xfd, 0x10,
    0xe, 0xf4, 0x0, 0x0, 0x0, 0xff, 0x40, 0x0,
    0x0, 0x31, 0x0, 0xe, 0xf4, 0x0, 0x0, 0x0,
    0xff, 0x40, 0x0, 0x0, 0x0, 0x0, 0xe, 0xf4,
    0x0, 0x0, 0x0, 0xff, 0x40, 0xbb, 0xbb, 0xb3,
    0x0, 0xe, 0xf4, 0x0, 0x0, 0x0, 0xff, 0x40,
    0xff, 0xff, 0xf4, 0x0, 0xe, 0xf4, 0x0, 0x0,
    0x0, 0xff, 0x40, 0x44, 0x4e, 0xf4, 0x0, 0xe,
    0xf4, 0x0, 0x0, 0x0, 0xff, 0x40, 0x0, 0xe,
    0xf4, 0x0, 0xe, 0xff, 0xff, 0xff, 0xff, 0xff,
    0x40, 0x0, 0xe, 0xf4, 0x0, 0xe, 0xff, 0xff,
    0xff, 0xff, 0xff, 0x40, 0x0, 0xe, 0xf4, 0x0,
    0x2, 0x22, 0x22, 0x22, 0x22, 0x22, 0x0, 0x0,
    0xe, 0xf4, 0x0, 0x0, 0x0, 0x0, 0x0, 0x0,
    0x0, 0x0, 0x0, 0xe, 0xf4, 0x1, 0x0, 0x38,
    0x40, 0x0, 0x17, 0x60, 0x0, 0x0, 0xe, 0xf4,
    0x8d, 0x0, 0xaf, 0xc0, 0x0, 0x8f, 0xf1, 0x0,
    0x0, 0xe, 0xfd, 0xff, 0x21, 0xff, 0x60, 0x0,
    0xe, 0xf9, 0x0, 0x0, 0xf, 0xff, 0xf4, 0x9,
    0xfe, 0x0, 0x0, 0x6, 0xff, 0x20, 0x0, 0x5f,
    0xfd, 0x20, 0x3f, 0xf6, 0x0, 0x0, 0x0, 0xef,
    0xa0, 0x1, 0xef, 0xc1, 0x1, 0xdf, 0xc0, 0x0,
    0x0, 0x0, 0x7f, 0xf1, 0x0, 0x7b, 0x0, 0x6,
    0xff, 0x30, 0x0, 0x0, 0x0, 0x1f, 0xf5, 0x0,
    0x0, 0x0, 0x0, 0x34, 0x0, 0x0, 0x0, 0x0,
    0x5, 0x10,

    /* U+8BCD "词" */
    0x0, 0x3, 0x0, 0x0, 0x0, 0x0, 0x0, 0x0,
    0x0, 0x0, 0x0, 0x0, 0x5f, 0xc1, 0x0, 0x5f,
    0xff, 0xff, 0xff, 0xff, 0xff, 0xfe, 0x0, 0x2e,
    0xfd, 0x10, 0x5f, 0xff, 0xff, 0xff, 0xff, 0xff,
    0xfe, 0x0, 0x2, 0xef, 0xd1, 0x1, 0x11, 0x11,
    0x11, 0x11, 0x14, 0xfe, 0x0, 0x0, 0x2e, 0xd1,
    0x0, 0x0, 0x0, 0x0, 0x0, 0x3, 0xfe, 0x0,
    0x0, 0x3, 0x10, 0xd, 0xee, 0xee, 0xee, 0xee,
    0x23, 0xfe, 0x0, 0x0, 0x0, 0x0, 0xe, 0xff,
    0xff, 0xff, 0xff, 0x23, 0xfe, 0xb, 0xbb, 0xbb,
    0x30, 0x0, 0x0, 0x0, 0x0, 0x0, 0x3, 0xfe,
    0xf, 0xff, 0xff, 0x50, 0x0, 0x0, 0x0, 0x0,
    0x0, 0x3, 0xfe, 0x6, 0x66, 0xef, 0x50, 0x1,
    0xdd, 0xdd, 0xdd, 0xd2, 0x3, 0xfe, 0x0, 0x0,
    0xcf, 0x50, 0x1, 0xff, 0xff, 0xff, 0xf2, 0x3,
    0xfe, 0x0, 0x0, 0xcf, 0x50, 0x1, 0xfe, 0x0,
    0xd, 0xf2, 0x3, 0xfe, 0x0, 0x0, 0xcf, 0x50,
    0x1, 0xfe, 0x0, 0xd, 0xf2, 0x3, 0xfe, 0x0,
    0x0, 0xcf, 0x50, 0x1, 0xfe, 0x0, 0xd, 0xf2,
    0x3, 0xfe, 0x0, 0x0, 0xcf, 0x50, 0x1, 0xfe,
    0x0, 0xd, 0xf2, 0x3, 0xfe, 0x0, 0x0, 0xcf,
    0x50, 0x51, 0xff, 0xff, 0xff, 0xf2, 0x3, 0xfe,
    0x0, 0x0, 0xcf, 0x7d, 0xe1, 0xff, 0xdd, 0xdd,
    0xd2, 0x3, 0xfe, 0x0, 0x0, 0xdf, 0xff, 0xb1,
    0xfe, 0x0, 0x0, 0x0, 0x3, 0xfe, 0x0, 0x1,
    0xff, 0xf8, 0x0, 0x65, 0x0, 0x0, 0x0, 0x3,
    0xfe, 0x0, 0xa, 0xff, 0x50, 0x0, 0x0, 0x0,
    0x0, 0x21, 0x16, 0xfe, 0x0, 0xa, 0xe3, 0x0,
    0x0, 0x0, 0x0, 0x0, 0xdf, 0xff, 0xfc, 0x0,
    0x0, 0x20, 0x0, 0x0, 0x0, 0x0, 0x0, 0x8f,
    0xff, 0xb2, 0x0, 0x0, 0x0, 0x0, 0x0, 0x0,
    0x0, 0x0, 0x0, 0x0, 0x0,

    /* U+8BD5 "试" */
    0x0, 0x22, 0x0, 0x0, 0x0, 0x0, 0x0, 0x5d,
    0xb0, 0x71, 0x0, 0x2, 0xef, 0x40, 0x0, 0x0,
    0x0, 0x0, 0x5f, 0xe5, 0xfd, 0x0, 0x0, 0xaf,
    0xf5, 0x0, 0x0, 0x0, 0x0, 0x5f, 0xe0, 0xaf,
    0xa0, 0x0, 0xa, 0xff, 0x40, 0x0, 0x0, 0x0,
    0x5f, 0xe0, 0xd, 0xf2, 0x0, 0x0, 0xbe, 0x22,
    0x33, 0x33, 0x33, 0x6f, 0xf3, 0x36, 0x51, 0x0,
    0x0, 0x2, 0xe, 0xff, 0xff, 0xff, 0xff, 0xff,
    0xff, 0xfa, 0x0, 0x0, 0x0, 0xe, 0xff, 0xff,
    0xff, 0xff, 0xff, 0xff, 0xf9, 0x89, 0x99, 0x92,
    0x0, 0x0, 0x0, 0x0, 0x2f, 0xf0, 0x0, 0x0,
    0xef, 0xff, 0xf5, 0x0, 0x0, 0x0, 0x0, 0x1f,
    0xf1, 0x0, 0x0, 0x56, 0x6e, 0xf5, 0x0, 0x11,
    0x11, 0x11, 0x1f, 0xf2, 0x0, 0x0, 0x0, 0xd,
    0xf5, 0x3, 0xff, 0xff, 0xff, 0x2f, 0xf4, 0x0,
    0x0, 0x0, 0xd, 0xf5, 0x3, 0xff, 0xff, 0xff,
    0x2e, 0xf5, 0x0, 0x0, 0x0, 0xd, 0xf5, 0x0,
    0x0, 0xef, 0x10, 0xc, 0xf7, 0x0, 0x0, 0x0,
    0xd, 0xf5, 0x0, 0x0, 0xef, 0x10, 0xa, 0xf9,
    0x0, 0x0, 0x0, 0xd, 0xf5, 0x0, 0x0, 0xef,
    0x10, 0x8, 0xfb, 0x0, 0x0, 0x0, 0xd, 0xf5,
    0x0, 0x0, 0xef, 0x10, 0x6, 0xfd, 0x0, 0x20,
    0x0, 0xd, 0xf5, 0x4a, 0x0, 0xef, 0x12, 0x53,
    0xff, 0x10, 0xf7, 0x0, 0xd, 0xfd, 0xff, 0x11,
    0xff, 0xef, 0xe0, 0xff, 0x51, 0xfc, 0x0, 0x1f,
    0xff, 0xfb, 0xcf, 0xff, 0xff, 0xa0, 0xbf, 0xc5,
    0xf9, 0x0, 0xbf, 0xfc, 0x25, 0xff, 0xd9, 0x40,
    0x0, 0x5f, 0xff, 0xf5, 0x0, 0x7f, 0x70, 0x0,
    0x72, 0x0, 0x0, 0x0, 0xd, 0xff, 0xe0, 0x0,
    0x3, 0x0, 0x0, 0x0, 0x0, 0x0, 0x0, 0x2,
    0xde, 0x40, 0x0, 0x0, 0x0, 0x0, 0x0, 0x0,
    0x0, 0x0, 0x0, 0x0, 0x0,

    /* U+8BF7 "请" */
    0x0, 0x0, 0x0, 0x0, 0x0, 0x0, 0x0, 0x45,
    0x20, 0x0, 0x0, 0x0, 0x0, 0xa2, 0x0, 0x0,
    0x0, 0x0, 0xd, 0xf6, 0x0, 0x0, 0x0, 0x0,
    0x8f, 0xf3, 0x0, 0x19, 0x99, 0x99, 0xef, 0xb9,
    0x99, 0x98, 0x0, 0x0, 0xbf, 0xf3, 0x3, 0xff,
    0xff, 0xff, 0xff, 0xff, 0xff, 0xf0, 0x0, 0x0,
    0xcf, 0xf1, 0x1, 0x11, 0x11, 0xdf, 0x61, 0x11,
    0x11, 0x0, 0x0, 0x0, 0xd9, 0x0, 0x48, 0x88,
    0x8e, 0xfb, 0x88, 0x88, 0x10, 0x0, 0x0, 0x1,
    0x0, 0x9, 0xff, 0xff, 0xff, 0xff, 0xff, 0xf3,
    0x0, 0x0, 0x0, 0x0, 0x0, 0x0, 0x0, 0xd,
    0xf6, 0x0, 0x0, 0x0, 0x1c, 0xcc, 0xcc, 0x30,
    0x88, 0x88, 0x88, 0xef, 0xb8, 0x88, 0x88, 0x52,
    0xff, 0xff, 0xf4, 0xe, 0xff, 0xff, 0xff, 0xff,
    0xff, 0xff, 0xfa, 0x6, 0x66, 0xef, 0x40, 0x12,
    0x22, 0x22, 0x22, 0x22, 0x22, 0x22, 0x10, 0x0,
    0xe, 0xf4, 0x0, 0x2a, 0xaa, 0xaa, 0xaa, 0xaa,
    0xa9, 0x0, 0x0, 0x0, 0xef, 0x40, 0x4, 0xff,
    0xff, 0xff, 0xff, 0xff, 0xd0, 0x0, 0x0, 0xe,
    0xf4, 0x0, 0x4f, 0xd0, 0x0, 0x0, 0x4, 0xfd,
    0x0, 0x0, 0x0, 0xef, 0x40, 0x4, 0xfe, 0x77,
    0x77, 0x77, 0x9f, 0xd0, 0x0, 0x0, 0xe, 0xf4,
    0x0, 0x4f, 0xff, 0xff, 0xff, 0xff, 0xfd, 0x0,
    0x0, 0x0, 0xef, 0x40, 0x34, 0xfd, 0x0, 0x0,
    0x0, 0x4f, 0xd0, 0x0, 0x0, 0xe, 0xf5, 0xcc,
    0x4f, 0xd0, 0x0, 0x0, 0x4, 0xfd, 0x0, 0x0,
    0x0, 0xef, 0xff, 0xd4, 0xff, 0xff, 0xff, 0xff,
    0xff, 0xd0, 0x0, 0x0, 0xf, 0xff, 0xb1, 0x4f,
    0xe8, 0x88, 0x88, 0x8a, 0xfd, 0x0, 0x0, 0xa,
    0xff, 0x90, 0x4, 0xfd, 0x0, 0x0, 0x0, 0x4f,
    0xd0, 0x0, 0x0, 0x9f, 0x60, 0x0, 0x4f, 0xd0,
    0x0, 0x1d, 0xde, 0xfc, 0x0, 0x0, 0x1, 0x40,
    0x0, 0x4, 0xfd, 0x0, 0x0, 0xcf, 0xfd, 0x30,
    0x0, 0x0, 0x0, 0x0, 0x0, 0x1, 0x10, 0x0,
    0x0, 0x0, 0x0, 0x0,

    /* U+8FDE "连" */
    0x0, 0x0, 0x0, 0x0, 0x0, 0x0, 0x20, 0x0,
    0x0, 0x0, 0x0, 0x0, 0x0, 0x4d, 0x30, 0x0,
    0x0, 0x0, 0xbf, 0x80, 0x0, 0x0, 0x0, 0x0,
    0x0, 0xaf, 0xe1, 0x0, 0x0, 0x1, 0xff, 0x60,
    0x0, 0x0, 0x0, 0x0, 0x0, 0xd, 0xfc, 0x0,
    0xcd, 0xde, 0xff, 0xed, 0xdd, 0xdd, 0xdd, 0x40,
    0x0, 0x2, 0xff, 0x80, 0xff, 0xff, 0xff, 0xff,
    0xff, 0xff, 0xff, 0x50, 0x0, 0x0, 0x7f, 0xb0,
    0x0, 0x3f, 0xf2, 0x0, 0x0, 0x0, 0x0, 0x0,
    0x0, 0x0, 0x6, 0x0, 0x0, 0x9f, 0xb0, 0x19,
    0x91, 0x0, 0x0, 0x0, 0x0, 0x0, 0x0, 0x0,
    0x1, 0xff, 0x40, 0x1f, 0xf2, 0x0, 0x0, 0x0,
    0x0, 0x0, 0x0, 0x0, 0x9, 0xfc, 0x0, 0x1f,
    0xf2, 0x0, 0x0, 0x0, 0xe, 0xff, 0xff, 0x30,
    0x4f, 0xff, 0xee, 0xef, 0xfe, 0xee, 0xe6, 0x0,
    0xe, 0xff, 0xff, 0x30, 0x1f, 0xff, 0xff, 0xff,
    0xff, 0xff, 0xf7, 0x0, 0x0, 0x0, 0xef, 0x30,
    0x4, 0x32, 0x22, 0x4f, 0xf4, 0x22, 0x21, 0x0,
    0x0, 0x0, 0xef, 0x30, 0x0, 0x0, 0x0, 0x1f,
    0xf2, 0x0, 0x0, 0x0, 0x0, 0x0, 0xef, 0x30,
    0x11, 0x11, 0x11, 0x3f, 0xf3, 0x11, 0x11, 0x10,
    0x0, 0x0, 0xef, 0x32, 0xff, 0xff, 0xff, 0xff,
    0xff, 0xff, 0xff, 0xb0, 0x0, 0x0, 0xef, 0x32,
    0xff, 0xff, 0xff, 0xff, 0xff, 0xff, 0xff, 0xb0,
    0x0, 0x0, 0xef, 0x30, 0x0, 0x0, 0x0, 0x1f,
    0xf2, 0x0, 0x0, 0x0, 0x0, 0x0, 0xef, 0x30,
    0x0, 0x0, 0x0, 0x1f, 0xf2, 0x0, 0x0, 0x0,
    0x0, 0x9, 0xff, 0x80, 0x0, 0x0, 0x0, 0x1f,
    0xf2, 0x0, 0x0, 0x0, 0x0, 0xbf, 0xff, 0xfb,
    0x10, 0x0, 0x0, 0x1f, 0xf2, 0x0, 0x0, 0x0,
    0xa, 0xff, 0x42, 0xdf, 0xfa, 0x64, 0x21, 0x11,
    0x22, 0x35, 0x69, 0xb5, 0x2f, 0xf7, 0x0, 0x9,
    0xff, 0xff, 0xff, 0xff, 0xff, 0xff, 0xff, 0xf2,
    0x6, 0xd0, 0x0, 0x0, 0x28, 0xcf, 0xff, 0xff,
    0xff, 0xff, 0xfe, 0xc0, 0x0, 0x20, 0x0, 0x0,
    0x0, 0x0, 0x1, 0x11, 0x11, 0x0, 0x0, 0x0,

    /* U+91CD "重" */
    0x0, 0x0, 0x0, 0x0, 0x0, 0x0, 0x0, 0x0,
    0x0, 0x0, 0x0, 0x0, 0x0, 0x0, 0x0, 0x12,
    0x34, 0x57, 0x8a, 0xce, 0xb0, 0x0, 0x0, 0x6d,
    0xef, 0xff, 0xff, 0xff, 0xff, 0xff, 0xff, 0xd3,
    0x0, 0x0, 0x3e, 0xed, 0xdc, 0xbb, 0xff, 0x86,
    0x43, 0x10, 0x0, 0x0, 0x0, 0x0, 0x0, 0x0,
    0x1, 0xff, 0x20, 0x0, 0x0, 0x0, 0x0, 0x6f,
    0xff, 0xff, 0xff, 0xff, 0xff, 0xff, 0xff, 0xff,
    0xff, 0xfb, 0x5d, 0xdd, 0xdd, 0xdd, 0xdd, 0xff,
    0xdd, 0xdd, 0xdd, 0xdd, 0xd9, 0x0, 0x0, 0x0,
    0x0, 0x1, 0xff, 0x20, 0x0, 0x0, 0x0, 0x0,
    0x0, 0xf, 0xff, 0xff, 0xff, 0xff, 0xff, 0xff,
    0xff, 0xf7, 0x0, 0x0, 0xf, 0xfa, 0x99, 0x99,
    0xff, 0xa9, 0x99, 0x9e, 0xf8, 0x0, 0x0, 0xf,
    0xf3, 0x0, 0x1, 0xff, 0x20, 0x0, 0xc, 0xf8,
    0x0, 0x0, 0xf, 0xff, 0xff, 0xff, 0xff, 0xff,
    0xff, 0xff, 0xf8, 0x0, 0x0, 0xf, 0xf9, 0x77,
    0x78, 0xff, 0x87, 0x77, 0x7e, 0xf8, 0x0, 0x0,
    0xf, 0xf3, 0x0, 0x1, 0xff, 0x20, 0x0, 0xc,
    0xf8, 0x0, 0x0, 0xf, 0xff, 0xff, 0xff, 0xff,
    0xff, 0xff, 0xff, 0xf8, 0x0, 0x0, 0x8, 0x88,
    0x88, 0x89, 0xff, 0x98, 0x88, 0x88, 0x84, 0x0,
    0x0, 0x0, 0x0, 0x0, 0x1, 0xff, 0x30, 0x0,
    0x0, 0x0, 0x0, 0x0, 0xcf, 0xff, 0xff, 0xff,
    0xff, 0xff, 0xff, 0xff, 0xff, 0x60, 0x0, 0x8b,
    0xbb, 0xbb, 0xbb, 0xff, 0xcb, 0xbb, 0xbb, 0xbb,
    0x40, 0x0, 0x0, 0x0, 0x0, 0x1, 0xff, 0x20,
    0x0, 0x0, 0x0, 0x0, 0x6c, 0xcc, 0xcc, 0xcc,
    0xcc, 0xff, 0xcc, 0xcc, 0xcc, 0xcc, 0xcb, 0x8f,
    0xff, 0xff, 0xff, 0xff, 0xff, 0xff, 0xff, 0xff,
    0xff, 0xfe, 0x0, 0x0, 0x0, 0x0, 0x0, 0x0,
    0x0, 0x0, 0x0, 0x0, 0x0,

    /* U+91CF "量" */
    0x0, 0x2, 0x44, 0x44, 0x44, 0x44, 0x44, 0x44,
    0x44, 0x30, 0x0, 0x0, 0x0, 0x8f, 0xff, 0xff,
    0xff, 0xff, 0xff, 0xff, 0xfd, 0x0, 0x0, 0x0,
    0x8, 0xfa, 0x11, 0x11, 0x11, 0x11, 0x11, 0x7f,
    0xd0, 0x0, 0x0, 0x0, 0x8f, 0xff, 0xff, 0xff,
    0xff, 0xff, 0xff, 0xfd, 0x0, 0x0, 0x0, 0x8,
    0xfa, 0x11, 0x11, 0x11, 0x11, 0x11, 0x7f, 0xd0,
    0x0, 0x0, 0x0, 0x8f, 0xed, 0xdd, 0xdd, 0xdd,
    0xdd, 0xde, 0xfd, 0x0, 0x0, 0x0, 0x3, 0x66,
    0x66, 0x66, 0x66, 0x66, 0x66, 0x66, 0x50, 0x0,
    0x5, 0xaa, 0xaa, 0xaa, 0xaa, 0xaa, 0xaa, 0xaa,
    0xaa, 0xaa, 0xaa, 0x90, 0x7f, 0xff, 0xff, 0xff,
    0xff, 0xff, 0xff, 0xff, 0xff, 0xff, 0xfe, 0x0,
    0x0, 0x23, 0x33, 0x33, 0x33, 0x33, 0x33, 0x33,
    0x33, 0x10, 0x0, 0x0, 0xf, 0xff, 0xff, 0xff,
    0xff, 0xff, 0xff, 0xff, 0xf8, 0x0, 0x0, 0x0,
    0xff, 0x20, 0x0, 0xf, 0xf3, 0x0, 0x0, 0xbf,
    0x80, 0x0, 0x0, 0xf, 0xff, 0xff, 0xff, 0xff,
    0xff, 0xff, 0xff, 0xf8, 0x0, 0x0, 0x0, 0xff,
    0x64, 0x44, 0x4f, 0xf7, 0x44, 0x44, 0xcf, 0x80,
    0x0, 0x0, 0xf, 0xf6, 0x55, 0x55, 0xff, 0x75,
    0x55, 0x5c, 0xf8, 0x0, 0x0, 0x0, 0xef, 0xff,
    0xff, 0xff, 0xff, 0xff, 0xff, 0xff, 0x70, 0x0,
    0x0, 0x0, 0x0, 0x0, 0x0, 0xff, 0x40, 0x0,
    0x0, 0x0, 0x0, 0x0, 0x9, 0xff, 0xff, 0xff,
    0xff, 0xff, 0xff, 0xff, 0xff, 0xf0, 0x0, 0x0,
    0x47, 0x77, 0x77, 0x77, 0xff, 0x97, 0x77, 0x77,
    0x77, 0x0, 0x0, 0x0, 0x0, 0x0, 0x0, 0xf,
    0xf3, 0x0, 0x0, 0x0, 0x0, 0x0, 0x7b, 0xbb,
    0xbb, 0xbb, 0xbb, 0xff, 0xcb, 0xbb, 0xbb, 0xbb,
    0xbb, 0xa, 0xff, 0xff, 0xff, 0xff, 0xff, 0xff,
    0xff, 0xff, 0xff, 0xff, 0xf0,

    /* U+FF08 "（" */
    0x0, 0x0, 0x25, 0x0, 0x0, 0x1e, 0xf8, 0x0,
    0xb, 0xfc, 0x0, 0x6, 0xfe, 0x10, 0x0, 0xef,
    0x70, 0x0, 0x7f, 0xd0, 0x0, 0xd, 0xf6, 0x0,
    0x2, 0xff, 0x0, 0x0, 0x6f, 0xc0, 0x0, 0x9,
    0xf9, 0x0, 0x0, 0xaf, 0x70, 0x0, 0xb, 0xf6,
    0x0, 0x0, 0xbf, 0x60, 0x0, 0xa, 0xf7, 0x0,
    0x0, 0x8f, 0x90, 0x0, 0x5, 0xfd, 0x0, 0x0,
    0x1f, 0xf1, 0x0, 0x0, 0xcf, 0x70, 0x0, 0x5,
    0xfe, 0x10, 0x0, 0xd, 0xf9, 0x0, 0x0, 0x4f,
    0xf3, 0x0, 0x0, 0x9f, 0xe1, 0x0, 0x0, 0xbf,
    0x70, 0x0, 0x1, 0x20,

    /* U+FF09 "）" */
    0x5, 0x20, 0x0, 0x8, 0xfe, 0x10, 0x0, 0xc,
    0xfb, 0x0, 0x0, 0x1f, 0xf6, 0x0, 0x0, 0x7f,
    0xe0, 0x0, 0x0, 0xdf, 0x70, 0x0, 0x6, 0xfd,
    0x0, 0x0, 0xf, 0xf2, 0x0, 0x0, 0xcf, 0x60,
    0x0, 0x9, 0xf9, 0x0, 0x0, 0x7f, 0xa0, 0x0,
    0x6, 0xfb, 0x0, 0x0, 0x6f, 0xb0, 0x0, 0x7,
    0xfa, 0x0, 0x0, 0x9f, 0x80, 0x0, 0xd, 0xf5,
    0x0, 0x1, 0xff, 0x10, 0x0, 0x8f, 0xb0, 0x0,
    0x1e, 0xf5, 0x0, 0x9, 0xfd, 0x0, 0x3, 0xff,
    0x40, 0x1, 0xef, 0x90, 0x0, 0x7f, 0xb0, 0x0,
    0x0, 0x20, 0x0, 0x0,

    /* U+FF0C "，" */
    0x0, 0x8a, 0x40, 0x9, 0xff, 0xf2, 0xb, 0xff,
    0xf7, 0x4, 0xef, 0xf8, 0x0, 0x9, 0xf6, 0x0,
    0x1e, 0xf1, 0x2, 0xcf, 0x80, 0x4f, 0xf8, 0x0,
    0xb, 0x40, 0x0
};


/*---------------------
 *  GLYPH DESCRIPTION
 *--------------------*/

static const lv_font_fmt_txt_glyph_dsc_t glyph_dsc[] = {
    {.bitmap_index = 0, .adv_w = 0, .box_w = 0, .box_h = 0, .ofs_x = 0, .ofs_y = 0} /* id = 0 reserved */,
    {.bitmap_index = 0, .adv_w = 86, .box_w = 0, .box_h = 0, .ofs_x = 0, .ofs_y = 0},
    {.bitmap_index = 0, .adv_w = 132, .box_w = 4, .box_h = 18, .ofs_x = 2, .ofs_y = 0},
    {.bitmap_index = 36, .adv_w = 199, .box_w = 9, .box_h = 8, .ofs_x = 2, .ofs_y = 12},
    {.bitmap_index = 72, .adv_w = 219, .box_w = 13, .box_h = 18, .ofs_x = 0, .ofs_y = 0},
    {.bitmap_index = 189, .adv_w = 219, .box_w = 12, .box_h = 24, .ofs_x = 1, .ofs_y = -3},
    {.bitmap_index = 333, .adv_w = 361, .box_w = 22, .box_h = 18, .ofs_x = 0, .ofs_y = 0},
    {.bitmap_index = 531, .adv_w = 271, .box_w = 17, .box_h = 18, .ofs_x = 0, .ofs_y = 0},
    {.bitmap_index = 684, .adv_w = 114, .box_w = 3, .box_h = 8, .ofs_x = 2, .ofs_y = 12},
    {.bitmap_index = 696, .adv_w = 136, .box_w = 6, .box_h = 26, .ofs_x = 2, .ofs_y = -5},
    {.bitmap_index = 774, .adv_w = 136, .box_w = 6, .box_h = 26, .ofs_x = 1, .ofs_y = -5},
    {.bitmap_index = 852, .adv_w = 186, .box_w = 10, .box_h = 9, .ofs_x = 1, .ofs_y = 11},
    {.bitmap_index = 897, .adv_w = 219, .box_w = 13, .box_h = 13, .ofs_x = 0, .ofs_y = 3},
    {.bitmap_index = 982, .adv_w = 114, .box_w = 5, .box_h = 9, .ofs_x = 1, .ofs_y = -5},
    {.bitmap_index = 1005, .adv_w = 137, .box_w = 7, .box_h = 3, .ofs_x = 1, .ofs_y = 6},
    {.bitmap_index = 1016, .adv_w = 114, .box_w = 5, .box_h = 5, .ofs_x = 1, .ofs_y = 0},
    {.bitmap_index = 1029, .adv_w = 150, .box_w = 9, .box_h = 25, .ofs_x = 0, .ofs_y = -5},
    {.bitmap_index = 1142, .adv_w = 219, .box_w = 12, .box_h = 18, .ofs_x = 1, .ofs_y = 0},
    {.bitmap_index = 1250, .adv_w = 219, .box_w = 11, .box_h = 18, .ofs_x = 2, .ofs_y = 0},
    {.bitmap_index = 1349, .adv_w = 219, .box_w = 13, .box_h = 18, .ofs_x = 0, .ofs_y = 0},
    {.bitmap_index = 1466, .adv_w = 219, .box_w = 13, .box_h = 18, .ofs_x = 0, .ofs_y = 0},
    {.bitmap_index = 1583, .adv_w = 219, .box_w = 13, .box_h = 18, .ofs_x = 0, .ofs_y = 0},
    {.bitmap_index = 1700, .adv_w = 219, .box_w = 13, .box_h = 18, .ofs_x = 0, .ofs_y = 0},
    {.bitmap_index = 1817, .adv_w = 219, .box_w = 12, .box_h = 18, .ofs_x = 1, .ofs_y = 0},
    {.bitmap_index = 1925, .adv_w = 219, .box_w = 12, .box_h = 18, .ofs_x = 1, .ofs_y = 0},
    {.bitmap_index = 2033, .adv_w = 219, .box_w = 12, .box_h = 18, .ofs_x = 1, .ofs_y = 0},
    {.bitmap_index = 2141, .adv_w = 219, .box_w = 12, .box_h = 18, .ofs_x = 1, .ofs_y = 0},
    {.bitmap_index = 2249, .adv_w = 114, .box_w = 5, .box_h = 14, .ofs_x = 1, .ofs_y = 0},
    {.bitmap_index = 2284, .adv_w = 114, .box_w = 5, .box_h = 19, .ofs_x = 1, .ofs_y = -5},
    {.bitmap_index = 2332, .adv_w = 219, .box_w = 13, .box_h = 13, .ofs_x = 0, .ofs_y = 3},
    {.bitmap_index = 2417, .adv_w = 219, .box_w = 13, .box_h = 9, .ofs_x = 0, .ofs_y = 5},
    {.bitmap_index = 2476, .adv_w = 219, .box_w = 13, .box_h = 13, .ofs_x = 0, .ofs_y = 3},
    {.bitmap_index = 2561, .adv_w = 189, .box_w = 10, .box_h = 18, .ofs_x = 1, .ofs_y = 0},
    {.bitmap_index = 2651, .adv_w = 373, .box_w = 21, .box_h = 23, .ofs_x = 1, .ofs_y = -5},
    {.bitmap_index = 2893, .adv_w = 239, .box_w = 15, .box_h = 18, .ofs_x = 0, .ofs_y = 0},
    {.bitmap_index = 3028, .adv_w = 256, .box_w = 13, .box_h = 18, .ofs_x = 2, .ofs_y = 0},
    {.bitmap_index = 3145, .adv_w = 248, .box_w = 14, .box_h = 18, .ofs_x = 1, .ofs_y = 0},
    {.bitmap_index = 3271, .adv_w = 269, .box_w = 14, .box_h = 18, .ofs_x = 2, .ofs_y = 0},
    {.bitmap_index = 3397, .adv_w = 230, .box_w = 12, .box_h = 18, .ofs_x = 2, .ofs_y = 0},
    {.bitmap_index = 3505, .adv_w = 217, .box_w = 11, .box_h = 18, .ofs_x = 2, .ofs_y = 0},
    {.bitmap_index = 3604, .adv_w = 269, .box_w = 15, .box_h = 18, .ofs_x = 1, .ofs_y = 0},
    {.bitmap_index = 3739, .adv_w = 284, .box_w = 14, .box_h = 18, .ofs_x = 2, .ofs_y = 0},
    {.bitmap_index = 3865, .adv_w = 119, .box_w = 4, .box_h = 18, .ofs_x = 2, .ofs_y = 0},
    {.bitmap_index = 3901, .adv_w = 211, .box_w = 11, .box_h = 18, .ofs_x = 0, .ofs_y = 0},
    {.bitmap_index = 4000, .adv_w = 255, .box_w = 14, .box_h = 18, .ofs_x = 2, .ofs_y = 0},
    {.bitmap_index = 4126, .adv_w = 214, .box_w = 11, .box_h = 18, .ofs_x = 2, .ofs_y = 0},
    {.bitmap_index = 4225, .adv_w = 319, .box_w = 16, .box_h = 18, .ofs_x = 2, .ofs_y = 0},
    {.bitmap_index = 4369, .adv_w = 282, .box_w = 14, .box_h = 18, .ofs_x = 2, .ofs_y = 0},
    {.bitmap_index = 4495, .adv_w = 290, .box_w = 16, .box_h = 18, .ofs_x = 1, .ofs_y = 0},
    {.bitmap_index = 4639, .adv_w = 248, .box_w = 13, .box_h = 18, .ofs_x = 2, .ofs_y = 0},
    {.bitmap_index = 4756, .adv_w = 290, .box_w = 17, .box_h = 24, .ofs_x = 1, .ofs_y = -6},
    {.bitmap_index = 4960, .adv_w = 251, .box_w = 14, .box_h = 18, .ofs_x = 2, .ofs_y = 0},
    {.bitmap_index = 5086, .adv_w = 233, .box_w = 13, .box_h = 18, .ofs_x = 1, .ofs_y = 0},
    {.bitmap_index = 5203, .adv_w = 234, .box_w = 14, .box_h = 18, .ofs_x = 0, .ofs_y = 0},
    {.bitmap_index = 5329, .adv_w = 281, .box_w = 14, .box_h = 18, .ofs_x = 2, .ofs_y = 0},
    {.bitmap_index = 5455, .adv_w = 228, .box_w = 16, .box_h = 18, .ofs_x = -1, .ofs_y = 0},
    {.bitmap_index = 5599, .adv_w = 343, .box_w = 21, .box_h = 18, .ofs_x = 0, .ofs_y = 0},
    {.bitmap_index = 5788, .adv_w = 229, .box_w = 14, .box_h = 18, .ofs_x = 0, .ofs_y = 0},
    {.bitmap_index = 5914, .adv_w = 212, .box_w = 15, .box_h = 18, .ofs_x = -1, .ofs_y = 0},
    {.bitmap_index = 6049, .adv_w = 233, .box_w = 13, .box_h = 18, .ofs_x = 1, .ofs_y = 0},
    {.bitmap_index = 6166, .adv_w = 136, .box_w = 6, .box_h = 24, .ofs_x = 2, .ofs_y = -4},
    {.bitmap_index = 6238, .adv_w = 150, .box_w = 10, .box_h = 25, .ofs_x = 0, .ofs_y = -5},
    {.bitmap_index = 6363, .adv_w = 136, .box_w = 7, .box_h = 24, .ofs_x = 0, .ofs_y = -4},
    {.bitmap_index = 6447, .adv_w = 219, .box_w = 12, .box_h = 11, .ofs_x = 1, .ofs_y = 8},
    {.bitmap_index = 6513, .adv_w = 216, .box_w = 14, .box_h = 2, .ofs_x = 0, .ofs_y = -4},
    {.bitmap_index = 6527, .adv_w = 236, .box_w = 6, .box_h = 7, .ofs_x = 3, .ofs_y = 16},
    {.bitmap_index = 6548, .adv_w = 221, .box_w = 11, .box_h = 14, .ofs_x = 1, .ofs_y = 0},
    {.bitmap_index = 6625, .adv_w = 242, .box_w = 12, .box_h = 20, .ofs_x = 2, .ofs_y = 0},
    {.bitmap_index = 6745, .adv_w = 199, .box_w = 11, .box_h = 14, .ofs_x = 1, .ofs_y = 0},
    {.bitmap_index = 6822, .adv_w = 242, .box_w = 13, .box_h = 20, .ofs_x = 1, .ofs_y = 0},
    {.bitmap_index = 6952, .adv_w = 217, .box_w = 12, .box_h = 14, .ofs_x = 1, .ofs_y = 0},
    {.bitmap_index = 7036, .adv_w = 133, .box_w = 10, .box_h = 20, .ofs_x = 0, .ofs_y = 0},
    {.bitmap_index = 7136, .adv_w = 222, .box_w = 13, .box_h = 20, .ofs_x = 1, .ofs_y = -6},
    {.bitmap_index = 7266, .adv_w = 239, .box_w = 12, .box_h = 20, .ofs_x = 2, .ofs_y = 0},
    {.bitmap_index = 7386, .adv_w = 110, .box_w = 5, .box_h = 20, .ofs_x = 1, .ofs_y = 0},
    {.bitmap_index = 7436, .adv_w = 111, .box_w = 8, .box_h = 26, .ofs_x = -2, .ofs_y = -6},
    {.bitmap_index = 7540, .adv_w = 221, .box_w = 12, .box_h = 20, .ofs_x = 2, .ofs_y = 0},
    {.bitmap_index = 7660, .adv_w = 114, .box_w = 5, .box_h = 20, .ofs_x = 2, .ofs_y = 0},
    {.bitmap_index = 7710, .adv_w = 362, .box_w = 19, .box_h = 14, .ofs_x = 2, .ofs_y = 0},
    {.bitmap_index = 7843, .adv_w = 240, .box_w = 12, .box_h = 14, .ofs_x = 2, .ofs_y = 0},
    {.bitmap_index = 7927, .adv_w = 236, .box_w = 13, .box_h = 14, .ofs_x = 1, .ofs_y = 0},
    {.bitmap_index = 8018, .adv_w = 242, .box_w = 12, .box_h = 20, .ofs_x = 2, .ofs_y = -6},
    {.bitmap_index = 8138, .adv_w = 242, .box_w = 13, .box_h = 20, .ofs_x = 1, .ofs_y = -6},
    {.bitmap_index = 8268, .adv_w = 157, .box_w = 8, .box_h = 14, .ofs_x = 2, .ofs_y = 0},
    {.bitmap_index = 8324, .adv_w = 184, .box_w = 11, .box_h = 14, .ofs_x = 0, .ofs_y = 0},
    {.bitmap_index = 8401, .adv_w = 152, .box_w = 10, .box_h = 18, .ofs_x = 0, .ofs_y = 0},
    {.bitmap_index = 8491, .adv_w = 238, .box_w = 12, .box_h = 14, .ofs_x = 1, .ofs_y = 0},
    {.bitmap_index = 8575, .adv_w = 209, .box_w = 13, .box_h = 14, .ofs_x = 0, .ofs_y = 0},
    {.bitmap_index = 8666, .adv_w = 318, .box_w = 20, .box_h = 14, .ofs_x = 0, .ofs_y = 0},
    {.bitmap_index = 8806, .adv_w = 202, .box_w = 13, .box_h = 14, .ofs_x = 0, .ofs_y = 0},
    {.bitmap_index = 8897, .adv_w = 209, .box_w = 13, .box_h = 20, .ofs_x = 0, .ofs_y = -6},
    {.bitmap_index = 9027, .adv_w = 188, .box_w = 12, .box_h = 14, .ofs_x = 0, .ofs_y = 0},
    {.bitmap_index = 9111, .adv_w = 136, .box_w = 8, .box_h = 24, .ofs_x = 0, .ofs_y = -4},
    {.bitmap_index = 9207, .adv_w = 108, .box_w = 3, .box_h = 28, .ofs_x = 2, .ofs_y = -7},
    {.bitmap_index = 9249, .adv_w = 136, .box_w = 8, .box_h = 24, .ofs_x = 0, .ofs_y = -4},
    {.bitmap_index = 9345, .adv_w = 219, .box_w = 13, .box_h = 5, .ofs_x = 0, .ofs_y = 7},
    {.bitmap_index = 9378, .adv_w = 384, .box_w = 8, .box_h = 8, .ofs_x = 1, .ofs_y = -2},
    {.bitmap_index = 9410, .adv_w = 384, .box_w = 9, .box_h = 8, .ofs_x = 0, .ofs_y = -2},
    {.bitmap_index = 9446, .adv_w = 384, .box_w = 22, .box_h = 3, .ofs_x = 1, .ofs_y = 8},
    {.bitmap_index = 9479, .adv_w = 384, .box_w = 22, .box_h = 21, .ofs_x = 1, .ofs_y = -2},
    {.bitmap_index = 9710, .adv_w = 384, .box_w = 20, .box_h = 22, .ofs_x = 2, .ofs_y = -2},
    {.bitmap_index = 9930, .adv_w = 384, .box_w = 24, .box_h = 23, .ofs_x = 0, .ofs_y = -2},
    {.bitmap_index = 10206, .adv_w = 384, .box_w = 24, .box_h = 24, .ofs_x = 0, .ofs_y = -3},
    {.bitmap_index = 10494, .adv_w = 384, .box_w = 24, .box_h = 23, .ofs_x = 0, .ofs_y = -2},
    {.bitmap_index = 10770, .adv_w = 384, .box_w = 23, .box_h = 22, .ofs_x = 0, .ofs_y = -2},
    {.bitmap_index = 11023, .adv_w = 384, .box_w = 23, .box_h = 23, .ofs_x = 0, .ofs_y = -2},
    {.bitmap_index = 11288, .adv_w = 384, .box_w = 23, .box_h = 24, .ofs_x = 1, .ofs_y = -3},
    {.bitmap_index = 11564, .adv_w = 384, .box_w = 23, .box_h = 22, .ofs_x = 1, .ofs_y = -2},
    {.bitmap_index = 11817, .adv_w = 384, .box_w = 22, .box_h = 22, .ofs_x = 1, .ofs_y = -2},
    {.bitmap_index = 12059, .adv_w = 384, .box_w = 22, .box_h = 23, .ofs_x = 1, .ofs_y = -3},
    {.bitmap_index = 12312, .adv_w = 384, .box_w = 22, .box_h = 23, .ofs_x = 0, .ofs_y = -3},
    {.bitmap_index = 12565, .adv_w = 384, .box_w = 22, .box_h = 22, .ofs_x = 1, .ofs_y = -2},
    {.bitmap_index = 12807, .adv_w = 384, .box_w = 22, .box_h = 24, .ofs_x = 1, .ofs_y = -3},
    {.bitmap_index = 13071, .adv_w = 384, .box_w = 21, .box_h = 24, .ofs_x = 1, .ofs_y = -3},
    {.bitmap_index = 13323, .adv_w = 384, .box_w = 22, .box_h = 23, .ofs_x = 1, .ofs_y = -3},
    {.bitmap_index = 13576, .adv_w = 384, .box_w = 24, .box_h = 24, .ofs_x = 0, .ofs_y = -3},
    {.bitmap_index = 13864, .adv_w = 384, .box_w = 22, .box_h = 23, .ofs_x = 1, .ofs_y = -2},
    {.bitmap_index = 14117, .adv_w = 384, .box_w = 22, .box_h = 22, .ofs_x = 1, .ofs_y = -2},
    {.bitmap_index = 14359, .adv_w = 384, .box_w = 22, .box_h = 22, .ofs_x = 1, .ofs_y = -3},
    {.bitmap_index = 14601, .adv_w = 384, .box_w = 23, .box_h = 23, .ofs_x = 0, .ofs_y = -3},
    {.bitmap_index = 14866, .adv_w = 384, .box_w = 23, .box_h = 22, .ofs_x = 1, .ofs_y = -3},
    {.bitmap_index = 15119, .adv_w = 384, .box_w = 22, .box_h = 24, .ofs_x = 0, .ofs_y = -3},
    {.bitmap_index = 15383, .adv_w = 384, .box_w = 22, .box_h = 23, .ofs_x = 1, .ofs_y = -2},
    {.bitmap_index = 15636, .adv_w = 384, .box_w = 23, .box_h = 23, .ofs_x = 0, .ofs_y = -2},
    {.bitmap_index = 15901, .adv_w = 384, .box_w = 24, .box_h = 24, .ofs_x = 0, .ofs_y = -3},
    {.bitmap_index = 16189, .adv_w = 384, .box_w = 22, .box_h = 23, .ofs_x = 1, .ofs_y = -2},
    {.bitmap_index = 16442, .adv_w = 384, .box_w = 22, .box_h = 22, .ofs_x = 1, .ofs_y = -2},
    {.bitmap_index = 16684, .adv_w = 384, .box_w = 22, .box_h = 24, .ofs_x = 1, .ofs_y = -3},
    {.bitmap_index = 16948, .adv_w = 384, .box_w = 24, .box_h = 24, .ofs_x = 0, .ofs_y = -3},
    {.bitmap_index = 17236, .adv_w = 384, .box_w = 23, .box_h = 24, .ofs_x = 0, .ofs_y = -3},
    {.bitmap_index = 17512, .adv_w = 384, .box_w = 24, .box_h = 24, .ofs_x = 0, .ofs_y = -3},
    {.bitmap_index = 17800, .adv_w = 384, .box_w = 23, .box_h = 24, .ofs_x = 1, .ofs_y = -3},
    {.bitmap_index = 18076, .adv_w = 384, .box_w = 24, .box_h = 23, .ofs_x = 0, .ofs_y = -3},
    {.bitmap_index = 18352, .adv_w = 384, .box_w = 22, .box_h = 23, .ofs_x = 1, .ofs_y = -2},
    {.bitmap_index = 18605, .adv_w = 384, .box_w = 22, .box_h = 21, .ofs_x = 2, .ofs_y = -2},
    {.bitmap_index = 18836, .adv_w = 384, .box_w = 23, .box_h = 24, .ofs_x = 0, .ofs_y = -3},
    {.bitmap_index = 19112, .adv_w = 384, .box_w = 22, .box_h = 22, .ofs_x = 1, .ofs_y = -3},
    {.bitmap_index = 19354, .adv_w = 384, .box_w = 23, .box_h = 23, .ofs_x = 0, .ofs_y = -2},
    {.bitmap_index = 19619, .adv_w = 384, .box_w = 24, .box_h = 24, .ofs_x = 0, .ofs_y = -3},
    {.bitmap_index = 19907, .adv_w = 384, .box_w = 23, .box_h = 22, .ofs_x = 1, .ofs_y = -2},
    {.bitmap_index = 20160, .adv_w = 384, .box_w = 23, .box_h = 24, .ofs_x = 0, .ofs_y = -3},
    {.bitmap_index = 20436, .adv_w = 384, .box_w = 23, .box_h = 22, .ofs_x = 1, .ofs_y = -2},
    {.bitmap_index = 20689, .adv_w = 384, .box_w = 22, .box_h = 23, .ofs_x = 0, .ofs_y = -2},
    {.bitmap_index = 20942, .adv_w = 384, .box_w = 22, .box_h = 22, .ofs_x = 0, .ofs_y = -2},
    {.bitmap_index = 21184, .adv_w = 384, .box_w = 22, .box_h = 23, .ofs_x = 1, .ofs_y = -3},
    {.bitmap_index = 21437, .adv_w = 384, .box_w = 24, .box_h = 23, .ofs_x = 0, .ofs_y = -3},
    {.bitmap_index = 21713, .adv_w = 384, .box_w = 24, .box_h = 24, .ofs_x = 0, .ofs_y = -3},
    {.bitmap_index = 22001, .adv_w = 384, .box_w = 23, .box_h = 24, .ofs_x = 0, .ofs_y = -3},
    {.bitmap_index = 22277, .adv_w = 384, .box_w = 23, .box_h = 23, .ofs_x = 0, .ofs_y = -3},
    {.bitmap_index = 22542, .adv_w = 384, .box_w = 23, .box_h = 24, .ofs_x = 0, .ofs_y = -3},
    {.bitmap_index = 22818, .adv_w = 384, .box_w = 23, .box_h = 24, .ofs_x = 1, .ofs_y = -3},
    {.bitmap_index = 23094, .adv_w = 384, .box_w = 23, .box_h = 23, .ofs_x = 0, .ofs_y = -2},
    {.bitmap_index = 23359, .adv_w = 384, .box_w = 23, .box_h = 22, .ofs_x = 1, .ofs_y = -3},
    {.bitmap_index = 23612, .adv_w = 384, .box_w = 17, .box_h = 22, .ofs_x = 4, .ofs_y = -3},
    {.bitmap_index = 23799, .adv_w = 384, .box_w = 23, .box_h = 23, .ofs_x = 1, .ofs_y = -3},
    {.bitmap_index = 24064, .adv_w = 384, .box_w = 23, .box_h = 22, .ofs_x = 1, .ofs_y = -3},
    {.bitmap_index = 24317, .adv_w = 384, .box_w = 20, .box_h = 22, .ofs_x = 0, .ofs_y = -3},
    {.bitmap_index = 24537, .adv_w = 384, .box_w = 24, .box_h = 23, .ofs_x = 0, .ofs_y = -3},
    {.bitmap_index = 24813, .adv_w = 384, .box_w = 23, .box_h = 23, .ofs_x = 1, .ofs_y = -2},
    {.bitmap_index = 25078, .adv_w = 384, .box_w = 23, .box_h = 24, .ofs_x = 0, .ofs_y = -3},
    {.bitmap_index = 25354, .adv_w = 384, .box_w = 23, .box_h = 22, .ofs_x = 1, .ofs_y = -2},
    {.bitmap_index = 25607, .adv_w = 384, .box_w = 23, .box_h = 23, .ofs_x = 0, .ofs_y = -2},
    {.bitmap_index = 25872, .adv_w = 384, .box_w = 23, .box_h = 24, .ofs_x = 0, .ofs_y = -3},
    {.bitmap_index = 26148, .adv_w = 384, .box_w = 23, .box_h = 24, .ofs_x = 1, .ofs_y = -3},
    {.bitmap_index = 26424, .adv_w = 384, .box_w = 22, .box_h = 20, .ofs_x = 1, .ofs_y = -1},
    {.bitmap_index = 26644, .adv_w = 384, .box_w = 22, .box_h = 23, .ofs_x = 1, .ofs_y = -2},
    {.bitmap_index = 26897, .adv_w = 384, .box_w = 23, .box_h = 23, .ofs_x = 1, .ofs_y = -3},
    {.bitmap_index = 27162, .adv_w = 384, .box_w = 23, .box_h = 23, .ofs_x = 0, .ofs_y = -2},
    {.bitmap_index = 27427, .adv_w = 384, .box_w = 23, .box_h = 23, .ofs_x = 0, .ofs_y = -3},
    {.bitmap_index = 27692, .adv_w = 384, .box_w = 24, .box_h = 23, .ofs_x = 0, .ofs_y = -3},
    {.bitmap_index = 27968, .adv_w = 384, .box_w = 23, .box_h = 23, .ofs_x = 0, .ofs_y = -3},
    {.bitmap_index = 28233, .adv_w = 384, .box_w = 22, .box_h = 22, .ofs_x = 1, .ofs_y = -2},
    {.bitmap_index = 28475, .adv_w = 384, .box_w = 22, .box_h = 24, .ofs_x = 0, .ofs_y = -3},
    {.bitmap_index = 28739, .adv_w = 384, .box_w = 22, .box_h = 22, .ofs_x = 0, .ofs_y = -3},
    {.bitmap_index = 28981, .adv_w = 384, .box_w = 22, .box_h = 23, .ofs_x = 2, .ofs_y = -2},
    {.bitmap_index = 29234, .adv_w = 384, .box_w = 21, .box_h = 23, .ofs_x = 2, .ofs_y = -3},
    {.bitmap_index = 29476, .adv_w = 384, .box_w = 22, .box_h = 24, .ofs_x = 0, .ofs_y = -3},
    {.bitmap_index = 29740, .adv_w = 384, .box_w = 23, .box_h = 24, .ofs_x = 0, .ofs_y = -3},
    {.bitmap_index = 30016, .adv_w = 384, .box_w = 23, .box_h = 22, .ofs_x = 1, .ofs_y = -2},
    {.bitmap_index = 30269, .adv_w = 384, .box_w = 23, .box_h = 23, .ofs_x = 0, .ofs_y = -3},
    {.bitmap_index = 30534, .adv_w = 384, .box_w = 22, .box_h = 23, .ofs_x = 1, .ofs_y = -3},
    {.bitmap_index = 30787, .adv_w = 384, .box_w = 23, .box_h = 24, .ofs_x = 0, .ofs_y = -3},
    {.bitmap_index = 31063, .adv_w = 384, .box_w = 20, .box_h = 22, .ofs_x = 2, .ofs_y = -3},
    {.bitmap_index = 31283, .adv_w = 384, .box_w = 24, .box_h = 23, .ofs_x = 0, .ofs_y = -3},
    {.bitmap_index = 31559, .adv_w = 384, .box_w = 24, .box_h = 23, .ofs_x = 0, .ofs_y = -2},
    {.bitmap_index = 31835, .adv_w = 384, .box_w = 23, .box_h = 22, .ofs_x = 0, .ofs_y = -2},
    {.bitmap_index = 32088, .adv_w = 384, .box_w = 22, .box_h = 22, .ofs_x = 1, .ofs_y = -2},
    {.bitmap_index = 32330, .adv_w = 384, .box_w = 22, .box_h = 23, .ofs_x = 0, .ofs_y = -3},
    {.bitmap_index = 32583, .adv_w = 384, .box_w = 22, .box_h = 23, .ofs_x = 1, .ofs_y = -3},
    {.bitmap_index = 32836, .adv_w = 384, .box_w = 23, .box_h = 24, .ofs_x = 0, .ofs_y = -3},
    {.bitmap_index = 33112, .adv_w = 384, .box_w = 24, .box_h = 24, .ofs_x = 0, .ofs_y = -3},
    {.bitmap_index = 33400, .adv_w = 384, .box_w = 22, .box_h = 23, .ofs_x = 1, .ofs_y = -2},
    {.bitmap_index = 33653, .adv_w = 384, .box_w = 23, .box_h = 22, .ofs_x = 1, .ofs_y = -2},
    {.bitmap_index = 33906, .adv_w = 384, .box_w = 7, .box_h = 24, .ofs_x = 16, .ofs_y = -3},
    {.bitmap_index = 33990, .adv_w = 384, .box_w = 7, .box_h = 24, .ofs_x = 1, .ofs_y = -3},
    {.bitmap_index = 34074, .adv_w = 384, .box_w = 6, .box_h = 9, .ofs_x = 3, .ofs_y = -3}
};

/*---------------------
 *  CHARACTER MAPPING
 *--------------------*/

static const uint16_t unicode_list_1[] = {
    0x0, 0x1, 0x1dff, 0x1e0a, 0x1e2c, 0x1ed5, 0x1f4d, 0x1f7e,
    0x1fe0, 0x20a7, 0x2144, 0x2164, 0x2170, 0x2175, 0x222a, 0x222f,
    0x224c, 0x229a, 0x22a7, 0x22a9, 0x2354, 0x2360, 0x23ee, 0x240d,
    0x2425, 0x242e, 0x2727, 0x274e, 0x2906, 0x2919, 0x2981, 0x2b56,
    0x2b57, 0x2b8b, 0x2ba1, 0x2bb5, 0x2c0e, 0x2c1c, 0x2df1, 0x2e8e,
    0x2eff, 0x2f7f, 0x2fad, 0x303a, 0x320f, 0x3210, 0x326a, 0x32cc,
    0x32d3, 0x335e, 0x3361, 0x3388, 0x33a4, 0x33d1, 0x3443, 0x35af,
    0x35df, 0x35e4, 0x362e, 0x36f3, 0x3707, 0x370c, 0x3729, 0x3739,
    0x37e4, 0x38bf, 0x3a20, 0x3b20, 0x3b62, 0x3b64, 0x3c48, 0x3cd4,
    0x3d4a, 0x3e8f, 0x4166, 0x4230, 0x4246, 0x4527, 0x4534, 0x4683,
    0x486d, 0x49fa, 0x4a0a, 0x4cc9, 0x4cfa, 0x4edb, 0x4f50, 0x5053,
    0x5069, 0x5bbd, 0x5bc5, 0x5bcc, 0x5bd4, 0x5bf6, 0x5fdd, 0x61cc,
    0x61ce, 0xcf07, 0xcf08, 0xcf0b
};

/*Collect the unicode lists and glyph_id offsets*/
static const lv_font_fmt_txt_cmap_t cmaps[] =
{
    {
        .range_start = 32, .range_length = 95, .glyph_id_start = 1,
        .unicode_list = NULL, .glyph_id_ofs_list = NULL, .list_length = 0, .type = LV_FONT_FMT_TXT_CMAP_FORMAT0_TINY
    },
    {
        .range_start = 12289, .range_length = 53004, .glyph_id_start = 96,
        .unicode_list = unicode_list_1, .glyph_id_ofs_list = NULL, .list_length = 100, .type = LV_FONT_FMT_TXT_CMAP_SPARSE_TINY
    }
};

/*-----------------
 *    KERNING
 *----------------*/


/*Map glyph_ids to kern left classes*/
static const uint8_t kern_left_class_mapping[] =
{
    0, 0, 0, 1, 0, 0, 0, 0,
    1, 2, 0, 0, 0, 3, 4, 3,
    5, 0, 0, 0, 0, 0, 0, 0,
    0, 0, 0, 6, 6, 0, 0, 0,
    0, 0, 7, 8, 9, 10, 11, 12,
    13, 0, 0, 14, 15, 16, 0, 0,
    10, 17, 10, 18, 19, 20, 21, 22,
    23, 24, 25, 26, 2, 27, 0, 0,
    0, 0, 28, 29, 30, 0, 31, 32,
    33, 34, 0, 0, 35, 36, 34, 34,
    29, 29, 37, 38, 39, 40, 37, 41,
    42, 43, 44, 45, 2, 0, 0, 0,
    0, 0, 0, 0, 0, 0, 0, 0,
    0, 0, 0, 0, 0, 0, 0, 0,
    0, 0, 0, 0, 0, 0, 0, 0,
    0, 0, 0, 0, 0, 0, 0, 0,
    0, 0, 0, 0, 0, 0, 0, 0,
    0, 0, 0, 0, 0, 0, 0, 0,
    0, 0, 0, 0, 0, 0, 0, 0,
    0, 0, 0, 0, 0, 0, 0, 0,
    0, 0, 0, 0, 0, 0, 0, 0,
    0, 0, 0, 0, 0, 0, 0, 0,
    0, 0, 0, 0, 0, 0, 0, 0,
    0, 0, 0, 0, 0, 0, 0, 0,
    0, 0, 0, 0
};

/*Map glyph_ids to kern right classes*/
static const uint8_t kern_right_class_mapping[] =
{
    0, 0, 1, 2, 0, 0, 0, 0,
    2, 0, 3, 4, 0, 5, 6, 7,
    8, 0, 0, 0, 0, 0, 0, 0,
    0, 0, 0, 9, 10, 0, 0, 0,
    11, 0, 12, 0, 13, 0, 0, 0,
    13, 0, 0, 14, 0, 0, 0, 0,
    13, 0, 13, 0, 15, 16, 17, 18,
    19, 20, 21, 22, 0, 23, 3, 0,
    0, 0, 24, 0, 25, 25, 25, 26,
    27, 0, 28, 29, 0, 0, 30, 30,
    25, 30, 25, 30, 31, 32, 33, 34,
    35, 36, 37, 38, 0, 0, 3, 0,
    0, 0, 0, 0, 0, 0, 0, 0,
    0, 0, 0, 0, 0, 0, 0, 0,
    0, 0, 0, 0, 0, 0, 0, 0,
    0, 0, 0, 0, 0, 0, 0, 0,
    0, 0, 0, 0, 0, 0, 0, 0,
    0, 0, 0, 0, 0, 0, 0, 0,
    0, 0, 0, 0, 0, 0, 0, 0,
    0, 0, 0, 0, 0, 0, 0, 0,
    0, 0, 0, 0, 0, 0, 0, 0,
    0, 0, 0, 0, 0, 0, 0, 0,
    0, 0, 0, 0, 0, 0, 0, 0,
    0, 0, 0, 0, 0, 0, 0, 0,
    0, 0, 0, 0
};

/*Kern values between classes*/
static const int8_t kern_class_values[] =
{
    0, 0, 0, 0, -52, 0, -52, 0,
    0, 0, 0, -26, 0, -43, -4, 0,
    0, 0, 0, -4, 0, 0, 0, 0,
    -11, 0, 0, 0, 0, 0, -8, 0,
    0, 0, 0, 0, 0, 0, 0, 0,
    0, 0, 0, 0, 0, 0, 0, 0,
    0, 0, 0, -8, 0, 0, 0, 0,
    0, 0, 0, 0, 0, 0, 0, 0,
    0, 0, 35, 0, 0, 0, 0, 0,
    0, 0, 0, 0, 0, -46, 0, -64,
    0, 0, 0, 0, 0, 0, 0, 0,
    0, 0, 0, -43, -10, -30, -15, 0,
    -43, 0, 0, 0, -5, 0, 0, 0,
    13, 0, 0, -22, 0, -18, -11, 0,
    -8, 0, 0, 0, 0, 0, 0, 0,
    0, 0, 0, 0, 0, 0, 0, -8,
    -9, -22, 0, -8, -4, -13, -30, -8,
    0, 0, 0, 0, 0, 0, 0, 0,
    0, -11, 0, -4, 0, -7, 0, 0,
    0, 0, 0, 0, 0, 0, 0, 0,
    0, 0, 0, -17, -4, -34, 0, 0,
    0, 0, 0, 0, 0, 0, 0, -11,
    -11, 0, -4, 8, 8, 0, 0, 2,
    -8, 0, 0, 0, 0, 0, 0, 0,
    0, -18, 0, 0, 0, 0, 0, 0,
    0, 0, 0, 0, 0, 0, 0, 0,
    0, 0, -13, 0, 0, 0, 0, 0,
    0, 0, 2, 0, 0, 0, 0, 0,
    0, 0, 0, 0, 0, -26, 0, -39,
    0, 0, 0, 0, 0, 0, -13, -2,
    -4, 0, 0, -26, -6, -7, 0, 0,
    -7, -3, -17, 9, 0, -4, 0, 0,
    0, 0, 9, -7, -2, -4, -2, -2,
    -4, 0, 0, 0, 0, -13, 0, 0,
    0, 0, 0, 0, 0, 0, 0, -7,
    -7, -11, 0, -3, -2, -2, -7, -2,
    0, 0, 0, 0, 0, 0, 0, 0,
    0, -4, 0, -7, -4, -4, -7, 0,
    0, 0, 0, 0, 0, -13, 0, 0,
    0, 0, 0, 0, -13, -4, -11, -7,
    -7, -2, -2, -2, -4, -4, 0, 0,
    0, 0, -8, 0, 0, 0, 0, -13,
    -4, -7, -4, 0, -7, 0, 0, 0,
    0, -13, 0, 0, 0, -7, 0, 0,
    0, -4, 0, -19, 0, -11, 0, -4,
    -2, -9, -8, -8, 0, 0, 0, 0,
    0, 0, 0, 0, 0, 0, 0, 0,
    0, -7, 0, -4, 0, 0, 0, 0,
    0, 0, 0, 0, 0, 0, 0, 0,
    0, 0, 0, 0, 0, 0, 0, 0,
    0, 0, 0, 0, -4, 0, 0, 0,
    0, 0, 0, -11, 0, -4, 0, -15,
    -4, 0, 0, 0, 0, 0, -34, 0,
    -34, -27, 0, 0, 0, -16, -4, -59,
    -10, 0, 0, 0, 0, -11, -1, -13,
    0, -15, -7, 0, -11, 0, 0, -8,
    -10, -4, -7, -10, -8, -13, -8, -16,
    0, 0, 0, -11, 0, 0, 0, 0,
    0, 0, 0, -2, 0, 0, 0, -8,
    0, -7, -2, 0, 0, 0, 0, 0,
    0, 0, 0, 0, 0, 0, 0, 0,
    0, 0, 0, 0, 0, 0, 0, 0,
    0, 0, -11, 0, -11, 0, 0, 0,
    0, 0, 0, -17, 0, 0, 0, 0,
    0, 0, 0, 0, 0, 0, 0, 0,
    0, 0, 0, 0, 0, 0, 0, 0,
    0, 0, 0, 0, 0, -11, 0, -17,
    0, -16, 0, 0, 0, 0, -4, -4,
    -10, 0, -5, -9, -7, -6, -4, 0,
    -8, 0, 0, 0, -4, 0, 0, 0,
    -4, 0, 0, -17, -6, -10, -8, -8,
    -10, -7, 0, -45, 0, -68, 0, -22,
    0, 0, 0, 0, -16, 0, -13, 0,
    -10, -52, -13, -33, -25, 0, -34, 0,
    -34, 0, -5, -7, -2, 0, 0, 0,
    0, -10, -4, -18, -15, 0, -18, 0,
    0, 0, 0, 0, -51, -13, -51, -29,
    0, 0, 0, -22, 0, -63, -4, -9,
    0, 0, 0, -11, -4, -30, 0, -17,
    -10, 0, -11, 0, 0, 0, -4, 0,
    0, 0, 0, -7, 0, -8, 0, 0,
    0, -4, 0, -13, 0, 0, 0, 0,
    0, -2, 0, -7, -6, -7, 0, 0,
    2, -2, -2, -4, 0, -2, -4, 0,
    -2, 0, 0, 0, 0, 0, 0, 0,
    0, -4, 0, -4, 0, 0, 0, -7,
    0, 7, 0, 0, 0, 0, 0, 0,
    0, -7, -7, -8, 0, 0, 0, 0,
    -7, 0, 0, 0, 0, 0, 0, 0,
    0, 0, 0, -11, 0, 0, 0, 0,
    0, -2, 0, 0, 0, 0, -47, -30,
    -47, -36, -8, -8, 0, -17, -11, -54,
    -15, 0, 0, 0, 0, -8, -7, -22,
    0, -30, -30, -7, -30, 0, 0, -19,
    -25, -7, -19, -13, -13, -15, -13, -31,
    0, 0, 0, 0, -8, 0, -8, -11,
    0, 0, 0, -7, 0, -22, -4, 0,
    0, -2, 0, -4, -7, 0, 0, -2,
    0, 0, -4, 0, 0, 0, -2, 0,
    0, 0, 0, -4, 0, 0, 0, 0,
    0, 0, -30, -8, -30, -18, 0, 0,
    0, -7, -4, -30, -4, 0, -4, 4,
    0, 0, 0, -8, 0, -11, -7, 0,
    -9, 0, 0, -8, -6, 0, -13, -4,
    -4, -7, -4, -10, 0, 0, 0, 0,
    -15, -4, -15, -10, 0, 0, 0, 0,
    -2, -26, -2, 0, 0, 0, 0, 0,
    0, -2, 0, -7, 0, 0, -4, 0,
    0, 0, 0, 0, 0, 0, 0, 0,
    0, -4, 0, -4, 0, -4, 0, -13,
    0, 0, 0, 0, 0, 0, -9, -2,
    -7, -8, -4, 0, 0, 0, 0, 0,
    0, -4, -4, -8, 0, 0, 0, 0,
    0, -8, -4, -8, -7, -4, -8, -7,
    0, 0, 0, 0, -42, -30, -42, -26,
    -12, -12, -4, -7, -7, -43, -7, -7,
    -4, 0, 0, 0, 0, -11, 0, -30,
    -19, 0, -26, 0, 0, -17, -19, -15,
    -15, -7, -11, -15, -7, -22, 0, 0,
    0, 0, 0, -13, 0, 0, 0, 0,
    0, -2, -8, -13, -13, 0, -4, -2,
    -2, 0, -7, -7, 0, -7, -8, -8,
    -6, 0, 0, 0, 0, -7, -9, -7,
    -7, -11, -7, 0, 0, 0, 0, 0,
    0, 0, 0, 0, 0, 0, 0, 0,
    0, 0, 0, -34, -11, -22, -11, 0,
    -30, 0, 0, 0, 0, 0, 13, 0,
    30, 0, 0, 0, 0, -8, -4, 0,
    4, 0, 0, 0, 0, -22, 0, 0,
    0, 0, 0, 0, -8, 0, 0, 0,
    0, -11, 0, -8, -2, 0, -11, 0,
    0, 0, 0, 0, 0, 0, 0, 0,
    0, -7, 0, 0, 0, 0, 0, 0,
    0, -11, 0, -8, -4, 2, -4, 0,
    0, 0, -8, 0, 0, 0, 0, -25,
    0, -8, 0, -2, -21, 0, -13, -6,
    0, -1, 0, 0, 0, 0, -1, -9,
    0, -2, -2, -9, -2, -3, 0, 0,
    0, 0, 0, -10, 0, 0, 0, 0,
    0, 0, 0, 0, 0, -8, 0, -7,
    0, 0, -11, 0, 0, -4, -10, 0,
    -4, 0, 0, 0, 0, -4, 0, 2,
    2, 2, 2, 0, 0, 0, 0, -13,
    0, 4, 0, 0, 0, 0, -4, 0,
    0, -8, -8, -11, 0, -8, -4, 0,
    -13, 0, -10, -6, 0, -1, -4, 0,
    0, 0, 0, -4, 0, 0, 0, -4,
    0, 0, 5, 17, 20, 0, -23, -7,
    -23, -5, 0, 0, 11, 0, 0, 0,
    0, 20, 0, 28, 20, 13, 24, 0,
    23, -8, -4, 0, -6, 0, -4, 0,
    -2, 0, 0, 4, 0, -2, 0, -7,
    0, 0, 5, -13, 0, 0, 0, 18,
    0, 0, -17, 0, 0, 0, 0, -13,
    0, 0, 0, 0, -7, 0, 0, -7,
    -7, 0, 0, 0, 17, 0, 0, 0,
    0, -2, -2, 0, 5, -7, 0, 0,
    0, -13, 0, 0, 0, 0, 0, 0,
    -4, 0, 0, 0, 0, -11, 0, -4,
    0, 0, -8, 0, 0, 0, 0, 0,
    0, 0, 0, 0, 0, 0, 0, 0,
    0, 0, 0, 0, 0, 0, 0, -9,
    4, -25, 4, 0, 4, 4, -8, 0,
    0, 0, 0, -17, 0, 0, 0, 0,
    -6, 0, 0, -4, -9, 0, -4, 0,
    -4, 0, 0, -11, -7, 0, 0, -4,
    0, -4, 0, 0, 0, 0, 0, 0,
    0, 0, 0, 0, 0, 0, 0, 0,
    0, 0, 0, 0, 0, 0, 0, 0,
    0, 0, 0, 0, 0, 0, 4, 0,
    0, 0, 0, 0, 0, 0, 0, 0,
    0, 0, 0, -9, 0, 0, 0, 0,
    0, 0, 0, 0, 0, 0, 0, -8,
    0, -7, 0, 0, -13, 0, 0, 0,
    0, 0, 0, 0, 0, 0, 0, 0,
    0, 0, 0, 0, 0, 0, 0, 0,
    0, 0, -29, -11, -29, -13, 8, 8,
    0, -7, 0, -26, 0, 0, 0, 0,
    0, 0, 0, -4, 4, -11, -4, 0,
    -4, 0, 0, 0, -2, 0, 0, 8,
    7, 0, 8, -2, 0, 0, 0, -18,
    0, 4, 0, 0, 0, 0, -7, 0,
    0, 0, 0, -11, 0, -4, 0, 0,
    -8, 0, 0, 0, 0, 0, 0, 0,
    0, 0, 0, -8, 0, 0, 0, 0,
    0, 0, 0, 0, 0, 0, 0, -13,
    0, 2, 5, 5, -13, 0, 0, 0,
    0, -7, 0, 0, 0, 0, -2, 0,
    0, -9, -7, 0, -4, 0, 0, 0,
    -4, -8, 0, 0, 0, -7, 0, 0,
    0, 0, 0, -5, -18, -4, -18, -8,
    0, 0, 0, -5, 0, -17, 0, -8,
    0, -4, 0, 0, -7, -4, 0, -8,
    -2, 0, 0, 0, -4, 0, 0, 0,
    0, 0, 0, 0, 0, -11, 0, 0,
    0, -5, -23, 0, -23, -3, 0, 0,
    0, -2, 0, -13, 0, -11, 0, -4,
    0, -7, -11, 0, 0, -4, -2, 0,
    0, 0, -4, 0, 0, 0, 0, 0,
    0, 0, 0, -9, -7, 0, 0, -10,
    4, -7, -4, 0, 0, 4, 0, 0,
    -4, 0, -2, -13, 0, -7, 0, -4,
    -15, 0, 0, -4, -9, 0, 0, 0,
    0, 0, 0, -11, 0, 0, 0, 0,
    -2, 0, 0, 0, 0, 0, -18, 0,
    -18, -5, 0, 0, 0, 0, 0, -17,
    0, -8, 0, -2, 0, -2, -4, 0,
    0, -8, -2, 0, 0, 0, -4, 0,
    0, 0, 0, 0, 0, -7, 0, -11,
    0, 0, 0, 0, 0, -8, 0, 0,
    0, 0, 0, 0, 0, 0, 0, -11,
    0, 0, 0, 0, -11, 0, 0, -9,
    -4, 0, -2, 0, 0, 0, 0, 0,
    -4, -2, 0, 0, -2, 0
};


/*Collect the kern class' data in one place*/
static const lv_font_fmt_txt_kern_classes_t kern_classes =
{
    .class_pair_values   = kern_class_values,
    .left_class_mapping  = kern_left_class_mapping,
    .right_class_mapping = kern_right_class_mapping,
    .left_class_cnt      = 45,
    .right_class_cnt     = 38,
};

/*--------------------
 *  ALL CUSTOM DATA
 *--------------------*/

#if LVGL_VERSION_MAJOR == 8
/*Store all the custom data of the font*/
static  lv_font_fmt_txt_glyph_cache_t cache;
#endif

#if LVGL_VERSION_MAJOR >= 8
static const lv_font_fmt_txt_dsc_t font_dsc = {
#else
static lv_font_fmt_txt_dsc_t font_dsc = {
#endif
    .glyph_bitmap = glyph_bitmap,
    .glyph_dsc = glyph_dsc,
    .cmaps = cmaps,
    .kern_dsc = &kern_classes,
    .kern_scale = 16,
    .cmap_num = 2,
    .bpp = 4,
    .kern_classes = 1,
    .bitmap_format = 0,
#if LVGL_VERSION_MAJOR == 8
    .cache = &cache
#endif
};



/*-----------------
 *  PUBLIC FONT
 *----------------*/

/*Initialize a public general font descriptor*/
#if LVGL_VERSION_MAJOR >= 8
const lv_font_t SourceHanSansCN_Medium_24px_4bpp = {
#else
lv_font_t SourceHanSansCN_Medium_24px_4bpp = {
#endif
    .get_glyph_dsc = lv_font_get_glyph_dsc_fmt_txt,    /*Function pointer to get glyph's data*/
    .get_glyph_bitmap = lv_font_get_bitmap_fmt_txt,    /*Function pointer to get glyph's bitmap*/
    .line_height = 30,          /*The maximum line height required by the font*/
    .base_line = 7,             /*Baseline measured from the bottom of the line*/
#if !(LVGL_VERSION_MAJOR == 6 && LVGL_VERSION_MINOR == 0)
    .subpx = LV_FONT_SUBPX_NONE,
#endif
#if LV_VERSION_CHECK(7, 4, 0) || LVGL_VERSION_MAJOR >= 8
    .underline_position = -4,
    .underline_thickness = 1,
#endif
    .dsc = &font_dsc,          /*The custom font data. Will be accessed by `get_glyph_bitmap/dsc` */
#if LV_VERSION_CHECK(8, 2, 0) || LVGL_VERSION_MAJOR >= 9
    .fallback = NULL,
#endif
    .user_data = NULL,
};



#endif /*#if SOURCEHANSANSCN_MEDIUM_24PX_4BPP*/

